DIAGNOSIS,count
NEWBORN,7931
PNEUMONIA,1663
SEPSIS,1291
CONGESTIVE HEART FAILURE,1026
CORONARY ARTERY DISEASE,898
CHEST PAIN,818
ALTERED MENTAL STATUS,766
INTRACRANIAL HEMORRHAGE,754
GASTROINTESTINAL BLEED,734
ABDOMINAL PAIN,615
UPPER GI BLEED,609
CORONARY ARTERY DISEASE\CORONARY ARTERY BYPASS GRAFT /SDA,591
FEVER,556
S/P FALL,479
CORONARY ARTERY DISEASE\CORONARY ARTERY BYPASS GRAFT/SDA,468
DIABETIC KETOACIDOSIS,466
LOWER GI BLEED,465
SUBARACHNOID HEMORRHAGE,454
HYPOTENSION,453
STROKE;TELEMETRY;TRANSIENT ISCHEMIC ATTACK,358
SEIZURE,311
ACUTE RENAL FAILURE,291
SUBDURAL HEMATOMA,286
PANCREATITIS,282
RESPIRATORY FAILURE,267
S/P MOTOR VEHICLE ACCIDENT,250
DYSPNEA,249
UPPER GASTROINTESTINAL BLEED,241
SHORTNESS OF BREATH,241
ACUTE CORONARY SYNDROME,240
LIVER FAILURE,238
CORONARY ARTERY DISEASE\CATH,234
BLUNT TRAUMA,230
ACUTE SUBDURAL HEMATOMA,216
OVERDOSE,209
ASTHMA;COPD EXACERBATION,202
ANEMIA,183
MYOCARDIAL INFARCTION,183
CELLULITIS,181
RESPIRATORY DISTRESS,179
LOWER GASTROINTESTINAL BLEED,177
CHEST PAIN\CATH,176
AORTIC STENOSIS\AORTIC VALVE REPLACEMENT /SDA,169
UNSTABLE ANGINA,162
ACUTE MYOCARDIAL INFARCTION,160
HEAD BLEED,156
GI BLEED,153
URINARY TRACT INFECTION;PYELONEPHRITIS,149
CARDIAC ARREST,149
AORTIC DISSECTION,141
HYPOXIA,140
SMALL BOWEL OBSTRUCTION,137
BRAIN MASS,137
BRAIN TUMOR/SDA,135
WEAKNESS,135
CHOLANGITIS,130
HYPONATREMIA,128
HEMOPTYSIS,122
STEMI,115
PULMONARY EMBOLIS,115
MYOCARDIAL INFARCTION\CATH,115
UROSEPSIS,115
STROKE/TIA,115
BRADYCARDIA,114
CHOLECYSTITIS,111
BOWEL OBSTRUCTION,111
ABDOMINAL AORTIC ANEURYSM/SDA,111
CHEST PAIN;TELEMETRY,109
ST ELEVATED MYOCARDIAL INFARCTION,108
DEHYDRATION,107
ETOH WITHDRAWAL,103
PERICARDIAL EFFUSION,102
SYNCOPE;TELEMETRY,101
PREMATURITY,97
HYPERBILIRUBINEMIA,96
ACUTE MYOCARDIAL INFARCTION\CATH,95
ABDOMINAL AORTIC ANEURYSM,94
SUBDURAL HEMORRHAGE,94
ESOPHAGEAL CA/SDA,92
INTRAPARENCHYMAL HEMORRHAGE,91
HYPERKALEMIA,90
CEREBROVASCULAR ACCIDENT,90
PLEURAL EFFUSION,88
UNSTABLE ANGINA\CATH,86
RENAL FAILURE,84
STATUS POST MOTOR VEHICLE ACCIDENT WITH INJURIES,82
TRAUMA,82
AORTIC STENOSIS,81
ASTHMA/COPD EXACERBATION,80
SEIZURES,80
STROKE;TELEMETRY,79
ENDOCARDITIS,78
UNRESPONSIVE,77
+ETT\CATH,77
PULMONARY EMBOLISM,76
ASTHMA;CHRONIC OBST PULM DISEASE,76
FAILURE TO THRIVE,72
NON-ST SEGMENT ELEVATION MYOCARDIAL INFARCTION,72
STROKE,71
HYPOGLYCEMIA,71
HIP FRACTURE,70
CORONARY ARTERY DISEASE\CORONARY ARTERY BYPASS GRAFT WITH AVR /SDA,70
CEREBRAL ANEURYSM/SDA,69
INTRACRANIAL BLEED,69
SYNCOPE,67
HEADACHE,66
AORTIC STENOSIS\AORTIC VALVE REPLACEMENT/SDA,65
S/P CARDIAC ARREST,64
COPD EXACERBATION,64
ANGIOEDEMA,64
ESOPHAGEAL CANCER/SDA,63
HYPERGLYCEMIA,62
MORBID OBESITY/SDA,60
COMPLETE HEART BLOCK,60
ANEURYSM/SDA,59
PULMONARY EDEMA,57
ATRIAL FIBRILLATION,57
MENTAL STATUS CHANGES,56
HYPERTENSIVE EMERGENCY,55
RULE-OUT MYOCARDIAL INFARCTION;TELEMETRY,53
WOUND INFECTION,53
HEPATIC ENCEPHALOPATHY,53
VENTRICULAR TACHYCARDIA,51
PNEUMONIA;TELEMETRY,50
LUNG CA/SDA,50
PANCREATIC MASS/SDA,50
AIRWAY OBSTRUCTION,49
CHEST PAIN\CARDIAC CATH,49
TYLENOL OVERDOSE,48
COLITIS,48
ALCOHOL WITHDRAWAL,47
POLYTRAUMA,47
PULMONARY EMBOLUS,47
PEDESTRIAN STRUCK,47
HEAD INJURY,46
SEPSIS;TELEMETRY,45
HYPERTENSION,45
URINARY TRACT INFECTION,44
HYPERTENSIVE URGENCY,43
END STAGE LIVER DISEASE,43
CHRONIC OBST PULM DISEASE,42
CIRRHOSIS,42
LYMPHOMA,42
STATUS EPILEPTICUS,42
TRACHEAL STENOSIS,41
LEUKEMIA,41
SCOLIOSIS/SDA,41
BACK PAIN,40
SAH,40
LIVER LACERATION,39
VARICEAL BLEED,39
PELVIC FRACTURE,38
AORTIC STENOSIS\AORTIC VALVE REPLACEMENT ,38
AORTIC STENOSIS\CORONARY ARTERY BYPASS GRAFT WITH AVR /SDA,38
CORONARY ARTERY DISEASE\CARDIAC CATH,38
LUNG CANCER/SDA,38
CAROTID STENOSIS/SDA,37
SPLENIC LACERATION,37
BRAIN TUMOR,37
GUN SHOT WOUND,37
RULE-OUT MYOCARDIAL INFARCTION,36
MOTOR VEHICLE ACCIDENT,36
SEPTIC SHOCK,36
ASPIRATION PNEUMONIA,36
S/P PEDESTRIAN STRUCK,36
STROKE-TRANSIENT ISCHEMIC ATTACK,36
STERNAL WOUND INFECTION,36
ORGAN DONOR ACCOUNT,35
INTRACRANIAL HEMORRHAGE;TELEMETRY,35
TACHYCARDIA,34
LUMBAR STENOSIS/SDA,34
ASTHMA,34
CHRONIC RENAL FAILURE/SDA,34
BRAIN MASS/SDA,33
UTI/PYELONEPHRITIS,33
BRAIN ANEURYSM/SDA,33
ENCEPHALOPATHY,33
HEART FAILURE,32
MOTOR VEHICLE ACCIDENT WITH UNSPECIFIED INJURIES,32
CONGESTIVE HEART FAILURE\CATH,32
CORONARY ARTERY DISEASE\CORONARY ARTERY BYPASS GRAFT ,31
PELVIC MASS/SDA,31
BACTEREMIA,31
GASTROINTESTINAL BLEED;TELEMETRY,31
FEMUR FRACTURE,31
ANGINA\CATH,30
NON Q MI\CATH,30
SUBARACHNOID HEMATOMA,30
AORTIC STENOSIS\CATH,29
LUNG CANCER,29
CHRONIC RENAL FAILURE,29
MOTOR VEHICLE ACCIDENT\INJURIES,29
ANEURYSM,29
CORONARY ARTERY DISEASE\CORONARY ARTERY BYPASS GRAFT,29
HEMATURIA,29
ETOH INTOXICATION,28
PNEUMOTHORAX,28
DIVERTICULITIS,28
ASTHMA EXACERBATION,28
CAD,28
MULTIPLE TRAUMA,28
VENTRAL HERNIA/SDA,28
CORONARY ARTERY DISEASE\ANGIOPLASTY,28
ICH,28
MITRAL REGURGITATION,27
MENINGITIS,27
HEAD TRAUMA,27
CAROTID STENOSIS\CAROTID ANGIOGRAM,27
CONGESTIVE HEART FAILURE;TELEMETRY,27
EPIDURAL ABSCESS,27
R/O MI,27
S/P ARREST,27
CARDIOGENIC SHOCK,26
S/P ASSAULT,26
ACUTE LEUKEMIA,26
BLADDER CANCER/SDA,26
ASCITES,26
BRIGHT RED BLOOD PER RECTUM,26
ACUTE MI,26
INCISIONAL HERNIA/SDA,25
S/P FALL;TELEMETRY,25
CHF EXACERBATION,25
,25
HEMOTHORAX,25
HYPOTHERMIA,25
MR\MITRAL VALVE REPLACEMENT MINIMALLY INVASIVE APPROACH/SDA,25
CLAUDICATION/SDA,25
HYDROCEPHALUS,24
RETROPERITONEAL BLEED,24
EPIDURAL HEMATOMA,24
DRUG REFRACTORY ATRIAL FIBRILLATION\PULMONARY VEIN ISOLATION  **REMOTE WEST**/SDA,24
CORONARY ARTERY DISEASE\CORONARY ARTERY BYPASS GRAFT WITH MVR /SDA,24
FALL,24
JAUNDICE,24
BLADDER CA/SDA,24
UPPER GI BLEED;TELEMETRY,24
STAB WOUND,23
UNSTABLE ANGINA\LEFT HEART CATHETERIZATION,23
RESPIRATORY ARREST,23
CHANGE IN MENTAL STATUS,23
HEART BLOCK,23
ACUTE MYOCARDIAL INFARCTION\CARDIAC CATH,23
END STAGE RENAL DISEASE,23
DEEP VEIN THROMBOSIS,23
MYOCARDIAL INFARCTION\CARDIAC CATH,22
TRACHEOBRONCHOMALACIA/SDA,22
ANGINA,22
CVA,22
HEAD MASS,22
S/P MVA,22
LIVER MASS/SDA,22
CHEST PAIN;+ETT\CATH,22
LIVER TRANSPLANT,21
MENINGIOMA/SDA,21
DIARRHEA,21
ST ELEVATION MI,21
CORONARY ARTERY DISEASE\CORONARY ARTERY BYPASS GRAFT; WITH AVR/SDA,20
CONGESTIVE HEART FAILURE;PNEUMONIA,20
INTRACEREBRAL HEMORRHAGE,20
ISCHEMIC BOWEL,20
COPD FLARE,20
APPENDICITIS,20
CEREBRAL VASCULAR ACCIDENT,20
STROKE;TIA,20
TRANSIENT ISCHEMIC ATTACK,20
CAROTID STENOSIS,20
NECROTIZING PANCREATITIS,20
INTERCRANIAL HEMORRHAGE,20
"STROKE,TRANSIENT ISCHEMIC ATTACK",20
HEPATIC FAILURE,20
MITRAL STENOSIS\MITRAL VALVE REPLACEMENT /SDA,20
ACUTE PANCREATITIS,20
PERFORATED BOWEL,20
MESENTERIC ISCHEMIA,20
S/P MI\CATH,20
DIVERTICULITIS/SDA,19
GALLSTONE PANCREATITIS,19
FEBRILE NEUTROPENIA,19
ALTERED MENTAL STATUS;TELEMETRY,19
AORTIC ANEURYSM,19
ABSCESS,19
HEPATITIS,19
THORACIC ANEURYSM/SDA,19
PNEUMONIA;SEPSIS,19
S/P MOTORCYCLE ACCIDENT,18
THROMBOCYTOPENIA,18
ISCHEMIC FOOT,18
PERIPHERAL VASCULAR DISEASE,17
C2 FRACTURE,17
DKA,17
ACUTE CORONARY SYNDROME\CATH,17
SUBDURAL BLEED,17
MR\MITRAL VALVE REPLACEMENT/SDA,17
NON-ST SEGMENT ELEVATION MYOCARDIAL INFARCTION\CATH,17
SOB,17
INTRACRANIAL MASS,17
CEREBRAL ANEURYSM,17
SUB ARACHNOID HEMORRHAGE,17
ABDOMINAL ABSCESS,17
FEVER;HYPOTENSION,17
BOWEL PERFORATION,17
PULMONARY EMBOLI,17
"ASTHMA,COPD EXACERBATION",17
ACUTE LIVER FAILURE,17
TYLENOL OD,17
VOMITING,17
SUBARACHNOID HEMORRHAGE;TELEMETRY,17
(AML) ACUTE MYELOGENOUS LEUKEMIA,17
HEMATEMESIS,17
LEFT HIP FRACTURE,17
NON ST ELEVATION MI,16
STROKE;TRANSIENT ISCHEMIC ATTACK,16
IMI,16
BREAST CANCER/SDA,16
ANAPHYLAXIS,16
DIABETIC KETOACIDOSIS;TELEMETRY,16
HEMATOMA,16
COLON CA/SDA,16
UNSTABLE ANGINA;TELEMETRY\CATH,16
CORD COMPRESSION,16
CORONARY ARTERY DISEASE/SDA,16
INCARCERATED HERNIA,16
STROKE;TELEMETRY;TELEMETRY,16
FEVER OF UNKNOWN ORIGIN,16
MENTAL STATUS CHANGE,16
ALLERGIC REACTION,16
"MITRAL REGURGITATION\MITRAL VALVE REPLACEMENT,HEART PORT MINIMALLY INVASIVE /SDA",16
UNSTABLE ANGINA\CARDIAC CATH,16
TRACHEAL STENOSIS/SDA,16
SUBDURAL HEMATOMA/SDA,16
PANCREATIC PSEUDOCYST,15
MVA,15
CHIARI MALFORMATION/SDA,15
ABD PAIN,15
MULTIPLE MYELOMA\BONE MARROW TRANSPLANT,15
SHOCK,15
MI,15
R/O MYOCARDIAL INFARCTION,15
ACUTE CHOLECYSTITIS,15
RENAL CA/SDA,15
STEMI\CARDIAC CATH,15
COLON CANCER/SDA,15
CARDIAC TAMPONADE,15
RIGHT HIP FRACTURE,15
ACUTE RENAL FAILURE;TELEMETRY,15
ETOH WITHDRAWL,15
PNEUMONIA;CONGESTIVE HEART FAILURE,15
CORONARY ARTERY DISEASE;AORTIC STENOSIS,15
EPISTAXIS,15
ST-SEGMENT ELEVATION MYOCARDIAL INFARCTION\CATH,15
METASTATIC MELANOMA,14
AORTIC DISECTION,14
CARDIOMYOPATHY,14
EMPYEMA,14
PERICARDIAL TAMPONADE,14
ASTHMA-COPD EXACERBATION,14
UGIB,14
EPILEPSY/SDA,14
HEMORRHAGIC STROKE,14
MEDIASTINAL MASS,14
CEREBROVASCULAR ACCIDENT;TELEMETRY,14
PANCREATIC MASS,14
PULMONARY EDEMA\CATH,14
SKULL FRACTURE,14
MYASTHENIA GRAVIS,14
RECTAL BLEEDING,14
DRUG OVERDOSE,14
CEREBELLAR HEMORRHAGE,14
RIGHT UPPER LOBE NODULE/SDA,13
NECK MASS,13
CONGESTIVE HEART FAILURE EXACERBATION,13
AORTIC STENOSIS;CORONARY ARTERY DISEASE,13
STRIDOR,13
S/P TRAUMA,13
SPINAL CORD INJURY,13
NAUSEA;VOMITING,13
HYPOTENSION;TELEMETRY,13
OSTEOMYELITIS,13
RENAL CANCER/SDA,13
MYOCARDIAL INFARCT,13
RIGHT BREAST CANCER/SDA,13
LOWER GI BLEED;TELEMETRY,13
CORONARY ARTERY DISEASE\LEFT HEART CATHETERIZATION,13
GASTROPARESIS,12
HYPERNATREMIA,12
NEUTROPENIA,12
KIDNEY TRANSPLANT,12
S/P MI,12
CORONARY ARTERY DISEASE;+ETT\CATH,12
SPONTANEOUS BACTERIAL PERITONITIS,12
CONGESTIVE HEART FAILURE\Transcatheter Aortic Valve Implant (TAVI) with Pump Stand-by (CoreValve) ,12
R/O SEPSIS,12
GANGRENE,12
CHEST PAIN\LEFT HEART CATHETERIZATION,12
NEUTROPENIC FEVER,12
MITRAL REGURGITATION\MITRAL VALVE REPLACEMENT /SDA,12
BILE LEAK,12
SHORTNESS OF BREATH;TELEMETRY,12
RECTAL CANCER/SDA,12
ABDOMINAL PAIN;TELEMETRY,12
V TACH,12
PYELONEPHRITIS,12
CORONARY ARTERY DISEASE\CORONARY ARTERY BYPASS GRAFT;AORTIC VALVE REPLACEMENT/SDA,12
ARDS,12
CEREBELLAR BLEED,11
CRF/SDA,11
CROHN'S DISEASE/SDA,11
CHRONIC OBSTRUCTIVE PULMONARY DISEASE,11
CHEST PAIN/CATH,11
VTACH,11
TRACHEOBRONCHIOMALACIA/SDA,11
LUNG CA,11
ST ELEVATION MYOCARDIAL INFARCTION,11
ULCERATIVE COLITIS,11
CONGESTIVE HEART FAILURE;AORTIC STENOSIS,11
CLOSED HEAD INJURY,11
ISCHEMIC COLITIS,11
AIRWAY OBSTRUCTION/SDA,11
RIGHT HIP OA/SDA,11
DYSPNEA;TELEMETRY,11
MITRAL VALVE DISORDER\MITRAL VALVE REPLACEMENT /SDA,11
SEVERE HYPERTROPHIC CARDIOMYOPATHY\SEPTAL ETHANOL ABLATION,11
PANCYTOPENIA,11
RASH,11
LUNG MASS,11
GASTROINTESTINAL BLEEDING,11
CHEST PAIN;CORONARY ARTERY DISEASE\CATH,11
SUBARACHNOID BLEED,11
CORONARY ARTERY DISEASE;TELEMETRY,11
C1 FRACTURE,11
THORACIC AORTIC ANEURYSM,11
RIGHT RENAL MASS/SDA,11
PERITONITIS,11
SUPRAVENTRICULAR TACHYCARDIA,11
ST-SEGMENT ELEVATION MYOCARDIAL INFARCTION\CARDIAC CATH,11
HEPATOCELLULAR CARCINOMA/SDA,11
ESOPHAGEAL FOREIGN BODY,11
RAPID AFIB,11
AORTIC VALVE INSUFFICIENCY\AORTIC VALVE REPLACEMENT /SDA,11
MELENA,11
PANCREAS TRANSPLANT,11
CONGESTIVE HEART FAILURE;HYPOTENSION,11
NON-ST SEGMENT ELEVATION MYOCARDIAL INFARCTION\CARDIAC CATH,11
CHOLEDOCHOLITHIASIS,11
TAMPONADE,11
CORONARY ARTERY DISEASE\LEFT HEART CATH,10
AICD FIRING,10
ACUTE STROKE,10
PANCREATIC CA/SDA,10
RAPID A-FIB,10
ENTEROCUTANEOUS FISTULA,10
POLYSUBSTANCE OVERDOSE,10
CARDIAC CATH,10
"FEVER,ETIOLOGY UNKNOWN",10
ACUTE SUBDURAL HEMATOMA;TELEMETRY,10
PROSTATE CANCER/SDA,10
TRACHEOBRONCHIAL MALACIA,10
ISCHEMIC LEFT FOOT,10
STABBING,10
CERVICAL SPINE FRACTURE,10
CAROTID STENOSIS\CAROTID ANGIOGRAM AND STENT,10
NORMAL PREGNANCY,10
HYPOKALEMIA,10
ADULT RESPIRATORY DISTRESS SYNDROME,10
ANGINA;+ETT\CATH,10
PROSTATE CA/SDA,10
ESOPHAGEAL PERFORATION,10
INTOXICATION,10
RUPTURED AAA,10
CORONARY ARTERY DISEASE\CORONARY ARTERY BYPASS GRAFT WITH AVR ,10
LEG PAIN,10
SUBARACHNOID HEMORRHAGE;ACUTE SUBDURAL HEMATOMA,10
INTRAPARENCHYMAL BLEED,10
AORTIC STENOSIS\AORTIC VALVE REPLACEMENT,10
NEW BRAIN MASS,10
RHABDOMYOLYSIS,10
DYSPHAGIA,10
FEVER;NEUTROPENIA,10
MULTI TRAUMA,10
ABDOMINAL ABCESS,9
LUNG MASS/SDA,9
PERFORATED DIVERTICULITIS,9
AMS,9
ANKLE FRACTURE,9
MR\MITRAL VALVE REPLACEMENT; HEART PORT MINIMALLY INVASIVE/SDA,9
CORONARY ARTERY DISEASE;CHEST PAIN,9
HEPATORENAL SYNDROME,9
PULMONARY EMBOLIS;TELEMETRY,9
CENTRAL AIRWAY OBSTRUCTION,9
TYPE A DISSECTION,9
HIP PAIN,9
HYPERCALCEMIA,9
PULMONARY HYPERTENSION,9
CHEST PAIN\CARDIAC CATHETERIZATION,9
HYPOXIA;TELEMETRY,9
FEVERS,9
AORTIC STENOSIS\CORONARY ARTERY BYPASS GRAFT WITH AVR ,9
LITHIUM TOXICITY,9
LIVER FAILURE;RENAL FAILURE,9
AAA,9
AORTIC INSUFFICIENCY\AORTIC VALVE REPLACEMENT /SDA,9
ISCHEMIC RIGHT FOOT,9
INTRAVENTRICULAR HEMORRHAGE,9
ACUTE RESPIRATORY DISTRESS SYNDROME,9
ATRIAL FIBRILLATION;TELEMETRY,9
THORACIC ANEURYSM,9
OVARIAN CANCER/SDA,9
ASCENDING CHOLANGITIS,9
SPINAL STENOSIS/SDA,9
S/P HANGING,9
CEREBELLAR MASS,9
PAIN CONTROL,9
ATRIAL FIBRILLATION\PHARMACOLOGICAL / NON PHARM MGMT AFIB ABLATION  **REMOTE WEST**/SDA,9
TRACHEAL OBSTRUCTION,9
CORONARY ARTERY DISEASE\STENT PLACEMENT,9
SUBDURAL HEMATOMA;TELEMETRY,9
PNEUMONIA;CHRONIC OBST PULM DISEASE,9
AMPULLARY MASS/SDA,9
S/P STABBING,9
KYPHOSIS/SDA,9
CEREBRAL HEMORRHAGE,9
AORTIC VALVE DISORDER\AORTIC VALVE REPLACEMENT /SDA,9
INFERIOR MYOCARDIAL INFARCTION,9
ARRHYTHMIA,9
CHEST PAIN;RULE-OUT MYOCARDIAL INFARCTION;TELEMETRY,9
PLEURAL EFFUSION/SDA,9
LEFT LUNG CA/SDA,9
ANEMIA;TELEMETRY,9
LETHARGY,9
CHF,9
NEAR DROWNING,9
CAROTID ARTERY STENOSIS\CAROTID ANGIOGRAM,9
ORGAN DONOR,9
WITHDRAWAL,9
LEFT CAROTID STENOSIS/SDA,9
S/P MVC,9
SEPSIS;PNEUMONIA,9
VT,8
SUBGLOTTIC STENOSIS,8
INTERSTITIAL LUNG DISEASE,8
UNSTABLE ANGINA;TELEMETRY,8
LEFT RENAL MASS/SDA,8
INFECTED GRAFT,8
PANCREATIC CANCER/SDA,8
V-TACH,8
CERVICAL STENOSIS/SDA,8
CHEST PAIN;RULE-OUT MYOCARDIAL INFARCTION,8
MYOCARDIAL INFARCTION/CATH,8
HEMOPERITONEUM,8
3RD DEGREE HEART BLOCK,8
VENTRICULAR TACHYCARDIA\VENTRICULAR TACHYCARDIA ABLATION,8
MITRAL VALVE DISEASE,8
LIVER TX,8
NON-Q-WAVE MYOCARDIAL INFARCTION\CARDIAC CATH,8
PELVIC FX,8
CORONARY ARTERY DISEASE\AORTIC VALVE REPLACEMENT /SDA,8
ACUTE MYELOGENOUS LEUKEMIA,8
ENDOMETRIAL CANCER/SDA,8
CHOLANGIOCARCINOMA/SDA,8
RETROPERITONEAL HEMATOMA,8
PANCREATIC CANCER,8
HYPERCARBIC RESPIRATORY FAILURE,8
THYROID NEOPLASM UNCERTAIN TYPE/SDA,8
LEFT HIP OA/SDA,8
NON HEALING ULCER,8
UTI;PYELONEPHRITIS,8
ALCOHOL INTOXICATION,8
CERVICAL MYELOPATHY/SDA,8
V-FIB ARREST,8
R/O STROKE,8
CORONARY ARTERY DISEASE;MITRAL REGURGITATION,8
PERFORATED DUODENUM,8
SEIZURE;TELEMETRY,8
ST ELEVATED MYOCARDIAL INFARCTION\CARDIAC CATH,8
HERNIA,8
EPIGLOTTITIS,8
ULCERATIVE COLITIS CHRONIC/SDA,8
CONGESTIVE HEART FAILURE;CHRONIC OBST PULM DISEASE,8
FOREIGN BODY IN ESOPHAGUS,8
VOLVULUS,8
CONFUSION,8
RECTAL PROLAPSE,8
OBSTRUCTION,8
GASTRIC CANCER/SDA,8
OVARIAN CANCER,8
CARDIOMYOPATHY\CATH,8
OBSTRUCTIVE JAUNDICE,8
S/P MOTOR VEHICLE ACCIDEMT,8
POST ARREST,8
PERICARDIAL EFFUSION\PERICARDIAL TAP,8
HIP FX,8
"MR\MITRAL VALVE REPLACEMENT,HEART PORT MINIMALLY INVASIVE /SDA",8
INTRA CRANIAL HEMORRHAGE,8
ESOPHAGEAL VARICES,8
"URINARY TRACT INFECTION,PYELONEPHRITIS",8
ARRYTHMIA,8
POLY TRAUMA,8
CORONARY ARTERY DISEASE;CHEST PAIN\CATH,8
SDH,8
+ETT;CORONARY ARTERY DISEASE\CATH,8
BILE DUCT INJURY,8
MENINGIOMA,8
LGIB,7
RIGHT KNEE OA/SDA,7
PERICARDIAL EFFUSION\CATH,7
G.I. BLEED,7
GALLSTONES,7
ACIDOSIS,7
RIB FRACTURES,7
EKG CHANGES,7
COLON CANCER,7
S/P VFIB ARREST,7
UNRESPONSIVENESS,7
PED STRUCK,7
NON ST ELEVATION MYOCARDIAL INFARCTION\CARDIAC CATHETERIZATION,7
STE MYOCARDIAL INFARCTION,7
PEA ARREST,7
RESP DISTRESS,7
SUBDURAL,7
OVERDOSE;TELEMETRY,7
BREAST CA/SDA,7
ALCOHOL WITHDRAWL,7
NAUSEA-VOMITING,7
HEAD BLEED;TELEMETRY,7
NON ST ELEVATION MYOCARDIAL INFARCTION,7
GANGRENE RIGHT FOOT,7
CORONARY ARTERY DISEASE\CORONARY ARTERY BYPASS GRAFT REDO /SDA,7
STAB WOUNDS,7
ISCHEMIC LEG,7
STROKE;TRANSIENT ISCHEMIC ATTACK (TIA),7
RIGHT LUNG CA/SDA,7
THORACIC DISSECTION,7
AORTIC STENOSIS\AORTIC VALVE REPLACEMENT REDO /SDA,7
MULTIPLE STAB WOUNDS,7
LEFT FEMUR FRACTURE,7
ARTERIAL OCCLUSION,7
LUMBAR SPINAL STENOSIS/SDA,7
NAUSEA,7
C SPINE FRACTURE,7
LEFT UPPER LOBE NODULE/SDA,7
AORTIC VALVE DISEASE\CATH,7
MITRAL STENOSIS\MITRAL VALVE REPLACEMENT ,7
CORONARY ARTERY DISEASE;CP,7
POST PROCEDURE ENDOSCOPIC RETROGRADE CHOLANGIOPANCREATOGRAPHY,7
LUMBAR SPONDYLOSIS/SDA,7
AORTIC STENOSIS\AORTIC AND MITRAL VALVE REPLACEMENT /SDA,7
CONSTIPATION,7
PITUITARY TUMOR/SDA,7
CHEST PAIN/ CATH,7
INTRAVENTRICULAR BLEED,7
ESOPHAGEAL OBSTRUCTION,7
SYNCOPE;TELEMETRY;TELEMETRY,7
SPLENIC RUPTURE,7
INTRACRANIAL HEMMORHAGE,7
PANCREATIC FISTULA,7
ACUTE MYOCARDIAL INFARCTION;TELEMETRY,7
ST ELEVATION MI\CATH,7
FOUND DOWN,7
AORTIC STENOSIS\CARDIAC CATH,7
CHEST TRAUMA,7
BLADDER CANCER,7
PNEUMONIA;URINARY TRACT INFECTION,7
ASPIRATION,7
TRACHEOBRONCHOMALACIA,7
PNEUMONIA;HYPOTENSION,7
ESOPHAGEAL CANCER,7
ETOH CIRRHOSIS,7
STATUS ASTHMATICUS,7
AORTIC VALVE DISEASE,7
COMMON BILE DUCT STONE,7
CHRONIC OBST PULM DISEASE;CONGESTIVE HEART FAILURE,7
"CORONARY ARTERY DISEASE\CORONARY ARTERY BYPASS GRAFT, RE-DO/SDA",7
THALAMIC BLEED,7
AORTIC STENOSIS\BENTALL PROCEDURE/SDA,7
OVARIAN CA/SDA,7
CHEST PAIN;CORONARY ARTERY DISEASE,7
SPINAL MASS,7
TIA,7
FACIAL TRAUMA,7
BRAIN METS,6
ASTHMA; COPD EXACERBATION,6
AORTIC STENOSIS\RIGHT AND LEFT HEART CATH,6
PARTIAL SMALL BOWEL OBSTRUCTION,6
LEFT KNEE OSTEOARTHRITIS/SDA,6
FEMUR FX,6
AORTIC STENOSIS\Transcatheter Aortic Valve Implant (TAVI) with Pump Stand-by (CoreValve) ,6
INTERCRANIAL BLEED,6
RIGHT LOWER LOBE NODULE/SDA,6
SIGMOID VOLVULUS,6
VAGINAL BLEEDING,6
LEFT PLEURAL EFFUSION/SDA,6
ABDOMINAL WALL HEMATOMA,6
CORONARY ARTERY DISEASE;,6
RIGHT HIP OSTEOARTHRITIS/SDA,6
AFIB,6
FAILED LEFT TOTAL HIP REPLACEMENT/SDA,6
INGESTION,6
ANTERIOR MI,6
CAROTID STENOSIS RIGHT/SDA,6
SPINAL CORD COMPRESSION,6
INFECTION,6
CHEST PAIN\LEFT HEART CATH,6
PERFORATED DIVERTICULUM,6
BILE DUCT STRICTURE/SDA,6
CEREBRAL EDEMA,6
ACUTE CHOLANGITIS,6
CONGESTIVE HEART FAILURE\TRANSCATHETER AORTIC VALVE IMPLANT (TAVI) PERCUTANEOUS APPROACH  ,6
RESPIRATORY FAILURE;TELEMETRY,6
URINARY TRACT INFECTION;PYLONEPHRITIS,6
PULMONARY EDEMA\CARDIAC CATH,6
RIGHT CAROTID STENOSIS/SDA,6
PNEUMONIA;HYPOXIA,6
URINARY TRACT INFECTION;ALTERED MENTAL STATUS,6
WOUND DEHISCENCE,6
GASTRIC OUTLET OBSTRUCTION,6
TRIGEMINAL NEURALGIA/SDA,6
PNEUMONIA;ACUTE RENAL FAILURE,6
PRIMARY SCLEROSING CHOLANGITIS/SDA,6
RESP FAILURE,6
MVC,6
ENDOSCOPIC RETROGRADE CHOLANGIOPANCREATOGRAPHY,6
NECK PAIN,6
TYPE B AORTIC DISSECTION,6
S/P GUN SHOT WOUND,6
ABDOMINAL AORTIC ANEURYSM;TELEMETRY,6
LEFT KNEE OA/SDA,6
SYMPTOMATIC FIBROID UTERUS/SDA,6
SEPTIC,6
SUICIDAL IDEATION,6
BENIGN PROSTATIC HYPERTROPHY/SDA,6
ASPIRIN OVERDOSE,6
RECTAL CA/SDA,6
FOOD IMPACTION,6
INTRAPARENCHYMAL HEMORRHAGE;TELEMETRY,6
BOWEL ISCHEMIA,6
DELERIUM,6
PARAESOPHAGEAL HERNIA/SDA,6
URINARY TRACT INFECTION/PYELONEPHRITIS,6
BLADDER CA,6
EXTREME PREMATURITY,6
S/P MOTORCYCLE CRASH,6
KIDNEY FAILURE,6
SPINE FRACTURE,6
ACUTE ABDOMEN,6
INTER CRANIAL HEMORRHAGE,6
SEZIURE,6
RIGHT LUNG CANCER/SDA,6
POLYSUBSTANCE OD,6
AORTIC STENOSIS\AORTIC VALVE / ASCENDING AORTA REPLACEMENT /SDA,6
CORONARY ARTERY DISEASE\RIGHT AND LEFT HEART CATH,6
ISCHEMIC RIGHT LEG,6
APNEA,6
EPILEPSY,6
MYOCARDIAL INFARCTION;TELEMETRY,6
STATUS POST MOTORVEHICLE ACCIDENT,6
LEUKOCYTOSIS,6
RIGHT PLEURAL EFFUSION/SDA,6
PORTAL VEIN THROMBOSIS,6
CORONARY ARTERY DISEASE\CARDIAC CATHETERIZATION,6
LINE INFECTION,6
PE,6
STROKE;TELEMETRY; TIA,6
NON Q WAVE MI\CATH,6
RESPIRATORY FAILURE;PNEUMONIA,6
ESOPHAGEAL STRICTURE/SDA,6
MITRAL VALVE INSUFFICENCY\MITRAL VALVE REPLACEMENT /SDA,6
INTRAPARANCHYMAL HEMORRHAGE,6
BILIARY COLIC,6
CHRONIC OBSTRUCTIVE PULMONARY DISEASE EXACERBATION,6
ACUTE RENAL FAILURE;HYPERKALEMIA,6
S/P STAB WOUND,6
LIVER MASS,6
CHRONIC PANCREATITIS/SDA,6
TRACHEOMALACIA,6
HYPERKALEMIA;RENAL FAILURE,6
THROMBOTIC THROMBOCYTOPENIC PUPURA,6
VFIB ARREST,6
ALTERED MENTAL STATUS CHANGES,6
DISSECTION,6
FINGER AMPUTATION,6
LOWER EXTREMITY WEAKNESS,6
CORONARY ARTERY DISEASE\OFF PUMP CORONARY ARTERY BYPASS /SDA,6
RECTAL BLEED,6
LEFT HIP INFECTION,6
ASSAULT,6
SVC SYNDROME,6
HYPERBILIRUBIN,6
PANCREATIC ABSCESS,6
POST OP INFECTION,6
CORONARY ARTERY DISEASE\CATH WITH INTERVENTION,6
PNEMONIA,6
PERICARDITIS,6
CHEST PAIN;CORONARY ARTERY DISEASE\CARDIAC CATH,6
CERVICAL CA/SDA,6
GASTRIC CA/SDA,6
PULMONARY FIBROSIS,6
RIGHT UPPER QUADRANT PAIN,5
LUNG NODULE/SDA,5
VF ARREST,5
ATRIAL FIBRILLATION\BILATERAL THORACOSCOPIC MINI MAZE PROCEDURE WITH LEFT ATRIAL APPENDAGE RESECTION ,5
AORTIC STENOSIS\AORTIC VALVE REPLACEMENT; MINIMALLY INVASIVE/SDA,5
LINE SEPSIS,5
ST MYOCARDIAL INFARCTION,5
C-SPINE FRACTURE,5
PEDISTRIAN STRUCK,5
CONGESTIVE HEART FAILURE;NON-ST SEGMENT ELEVATION MYOCARDIAL INFARCTION,5
ABDOMINAL PERFORATION,5
ASCENDING AORTIC ANEURYSM,5
CLAUDICATION,5
KIDNEY TX,5
PULMONARY NODULE/SDA,5
PSEUDOANEURYSM,5
LEFT RENAL TUMOR/SDA,5
URINARY TRACT INFECTION;PNEUMONIA,5
ILEUS,5
AORTIC STENOSIS\BENTAL PROCEDURE /SDA,5
CENTRAL NERVOUS SYSTEM LYMPHOMA,5
CHEST PAIN-R/O MYOCARDIAL INFARCTION,5
MITRAL VALVE INSUFFICIENCY\MITRAL VALVE REPLACEMENT /SDA,5
UPPPER GI BLEED,5
PULMONARY HEMORRHAGE,5
THORACOABDOMINAL ANEURYSM/SDA,5
FEVER;MENTAL STATUS CHANGES,5
HYPERTHERMIA,5
GUN SHOT WOUND TO HEAD,5
SPONDYLOSIS/SDA,5
DISSECTING AORTIC ANEURYSM,5
MULTIPLE MYELOMA,5
STOKE;TRANSIENT ISCHEMIC ATTACK,5
HUMERUS FRACTURE,5
MR\MITRAL VALVE REPLACEMENT,5
LIVER DISEASE,5
PNEUMONIA;DIABETIC KETOACIDOSIS,5
LEFT PLEURAL EFFUSION,5
UNSTABLE ANGINA/CATH,5
DUODENAL TUMOR/SDA,5
RIGHT KNEE OSTEOARTHRITIS/SDA,5
BILATERAL PNEUMONIA,5
ST SEGMENT ELEVATION MYOCARDIAL INFARCTION\CATH,5
LOW BACK PAIN,5
BRAIN BLEED,5
HEPATACELLULAR CARCINOMA/SDA,5
RESPIRATORY FAILURE;CONGESTIVE HEART FAILURE,5
HYPOTENSION;SEPSIS,5
ATRIAL FIBRILLATION\ATRIAL FIBRILLATION ABLATION,5
S/P V-FIB ARREST,5
NECK ABSCESS,5
CONGESTIVE HEART FAILURE;RULE-OUT MYOCARDIAL INFARCTION;TELEMETRY,5
GERD/SDA,5
THYROID CANCER/SDA,5
CONGESTIVE HEART FAILURE;SEPSIS,5
CHOLELITHIASIS,5
SHORTNESS OF BREATH;HYPOXIA,5
ICH;TELEMETRY,5
AORTIC VALVE INSUFFIENCY\AORTIC VALVE REPLACEMENT /SDA,5
GANGRENE LEFT FOOT,5
CONGESTIVE HEART FAILURE;CORONARY ARTERY DISEASE,5
RECTUS SHEATH HEMATOMA,5
BASILAR ANEURYSM,5
SEPTIC EMBOLI,5
PNEUMONIA;HEMOPTYSIS,5
NECROTIZING FASCIITIS,5
LEFT LOWER LOBE NODULE/SDA,5
HYPOTENSIVE,5
RETROPERITONEAL HEMORRHAGE,5
BRAIN ANEURYSM,5
INTRACTABLE EPILEPSY/SDA,5
FEVER;TELEMETRY,5
CERVICAL FRACTURE,5
CHOLANGIO CARCINOMA/SDA,5
MOTORCYCLE CRASH,5
STATUS POST FALL,5
CORONARY ARTERY DISEASE\CORONARY ARTERY BYPASS GRAFT WITH MVR ,5
C6 FRACTURE,5
S/P NON Q MI\CATH,5
NECROTIZING FASCITIS,5
HYPOXEMIA,5
DELIRIUM TREMENS,5
INFECTED LEFT FOOT,5
LEFT LUNG NODULE/SDA,5
FEVER UNKNOWN ORIGIN,5
CHEMO,5
CONGESTIVE HEART FAILURE;RESPIRATORY FAILURE,5
MITRAL REGURGITATION\CATH,5
SPLENIC HEMATOMA,5
ISCHEMIC CARDIOMYOPATHY,5
POSITIVE STRESS TEST,5
PERIPHERAL VASCULAR DISEASE/SDA,5
ULCERATIVE COLITIS/SDA,5
AORTIC THROMBUS,5
EPIGLOTITIS,5
STE MI,5
NAUSEA;VOMITING;DIARRHEA,5
GASTROINTESTINAL BLEED;ANEMIA,5
SEPTIC ARTHRITIS,5
PREMATURE,5
"NAUSEA,VOMITING",5
URINARY TRACT INFECTION-PYELONEPHRITIS,5
S/P GUNSHOT WOUND,5
RUPTURED SPLEEN,5
CORONARY ARTERY DISEASE\CORONARY ARTERY BYPASS GRAFT;MITRAL VALVE REPLACEMENT/SDA,5
AIRWAY MASS,5
SIGMOID DIVERTICULITIS/SDA,5
SICKLE CELL CRISIS,5
CONGESTIVE HEART FAILURE;EXACERBATION,5
ACUTE MYOCARDIAL INFARCTION\CATHERIZATION,5
SPINAL FRACTURE,5
UMBILICAL HERNIA/SDA,5
EPIDURAL HEMORRHAGE,5
MR\MITRAL VALVE REPLACEMENT /SDA,5
LITHIUM OVERDOSE,5
ACUTE CORONARY SYNDROME;TELEMETRY,5
C7 FRACTURE,5
HTN EMERGENCY,5
CEREBRAL BLEED,5
ELEVATED WHITE BLOOD COUNT,5
LIVER ABSCESS,5
RIGHT UPPER LOBE MASS,5
"MITRAL STENOSIS\MITRAL VALVE REPLACEMENT,HEART PORT MINIMALLY INVASIVE /SDA",5
LOWER GIB,5
ST SEGMENT MYOCARDIAL INFARCTION\CATH,5
POST OP BLEEDING,5
GOITER/SDA,5
CERVICAL MYELOPATHY,5
CHOLELITHIASIS/SDA,5
TONGUE SWELLING,5
PANCREATIC CYST/SDA,5
BILIARY SEPSIS,5
NON Q WAVE MI,5
VTACH;TELEMETRY,5
HEPATORENAL FAILURE,5
RENAL CELL CARCINOMA/SDA,5
VENTRICULAR TACHYCARDIA\VENTRICULAR TACHYCARDIA ABLATION  **REMOTE WEST**/SDA,5
CHRONIC OBSTRUCTIVE PULMONARY DISEASE-EXACERBATION,5
CORONARY ARTERY DISEASE\CORONARY ARTERY BYPASS GRAFT; OFF PUMP/SDA,5
COMGESTIVE HEART FAILURE,5
LOWER BACK PAIN,5
INTRACEREBRAL BLEED,5
ALCOHOLIC HEPATITIS,5
PERICARDIAL EFFUSION\PERICARDIOCENTESIS,5
GI BLEED SCHLEROSING CHOLANGITIS,5
CORONARY ARTERY BYPASS GRAFT,5
POST ERCP,5
HYPOTENSION;RENAL FAILURE,5
ACUTE MYOCARDIAL INFARCTION/CATH,5
PNEUMONIA;RESPIRATORY FAILURE,5
CHRONIC OBST PULM DISEASE;PNEUMONIA,5
ESOPHAGEAL FOOD IMPACTION,5
INCISIONAL HERNIA,4
RECURRENT VENTRICULAR TACHYCARDIA,4
AORTIC VALVE STENOSIS\AORTIC VALVE REPLACEMENT /SDA,4
ACUTE MENTAL STATUS CHANGES,4
ACUTE MI\LEFT HEART CATHETERIZATION,4
LUNG CANCER;SHORTNESS OF BREATH,4
ELEVATED LFTS,4
S/P MOTOR VEHICLE CRASH,4
URINARY RETENTION,4
LEFT HIP OSTEOARTHRITIS/SDA,4
CARDIAC ARREST;TELEMETRY,4
MOTORCYCLE ACCIDENT,4
CHOLECYSTITIS/SDA,4
LIVER FAILURE;ASCITES,4
BOWEL RESECTION;CDIFFCOLITIS;LIVE TRANSPLANT LIST,4
MYASTHENIA EXACERBATION,4
HYPOXIA;HYPOTENSION,4
DEPRESSED SKULL FRACTURE,4
NEUROLEPTIC MALIGNANT SYNDROME,4
HYPOTENSION;ACUTE RENAL FAILURE,4
TRACHEOBRONCHIOMALACIA,4
FEVER-NEUTROPENIA,4
ANGIO EDEMA,4
AFIB WITH RVR,4
S/P CATH,4
GUNSHOT WOUND,4
SHOULDER PAIN,4
METASTATIC COLON CANCER TO LIVER/SDA,4
PNEUMONIA;RENAL FAILURE,4
NECK SWELLING,4
CONGESTIVE HEART FAILURE;RULE-OUT MYOCARDIAL INFARCTION,4
MULTIPLE MYELOMA;STATUS POST BONE MARROW TRANSPLANT,4
KIDNEY STONE,4
METASTATIC COLON CA TO LIVER/SDA,4
S/P EXPLORATORY LAPAROTOMY,4
BRAIN LESION,4
VOLUME OVERLOAD,4
SUB ARACHNOID BLEED,4
PNEUMONIA;CEREBELLUM LESION,4
PELVIC MASS,4
PEDESTRIAL STRUCK,4
RESPIRATORY FAILURE;RENAL FAILURE,4
DYSPNEA ON EXERTION,4
SEPSIS;HYPOTENSION,4
ATRIAL FIBRILLATION\ATRIAL FIBRILLATION ABLATION(PULMONARY VEIN ISOLATION),4
MESENTERIC ISCHEMIA/SDA,4
HEPATO RENAL SYNDROME,4
EPIDURAL BLEED,4
FUNGEMIA;BREAST CANCER;STATUS POST KIDNEY TRANSPLANT,4
THROAT SWELLING,4
DUODENAL PERFORATION,4
CONGESTIVE HEART FAILURE\CARDIAC CATH,4
NON Q MI;CONGESTIVE HEART FAILURE\CATH,4
CROHN'S DISEASE,4
ANTERIOR MI\CATH,4
ANGINA\CARDIAC CATH,4
ASD\REPAIR ATRIAL-SEPTAL DEFECT/SDA,4
INTRAPERITONEAL BLEED,4
LEFT BREAST CANCER/SDA,4
R/O CEREBROVASCULAR ACCIDENT,4
"CHEST PAIN,R/O MI",4
INFERIOR MYOCARDIAL INFARCTION\CATH,4
SUBARACHNOID HEMMORHAGE,4
ATRIAL FIBRILLATIOM,4
TRACHEO-BRONCHO MALACEA/SDA,4
CHEST PAIN;ACUTE CORONARY SYNDROME\CATH,4
ARREST,4
NARCOTIC OVERDOSE,4
AORTIC ANEURYSM/SDA,4
INTESTINAL PERFORATION,4
STEVENS JOHNSON SYNDROME,4
PANCREATIC TUMOR/SDA,4
HEPATIC ENCEPHALOPATHY WITH HYPERBILIRUBENEMIA,4
MALARIA,4
NSTEMI,4
PRESYNCOPE,4
MITRAL STENOSIS,4
STRANGULATED HERNIA,4
DIC,4
? BOWEL PERFORATION,4
NON HODGKINS LYMPHOMA,4
ASTHMA FLARE,4
RIGHT LUNG MASS/SDA,4
LEFT LEG CELLULITIS,4
METASTATIC BREAST CANCER,4
MS CHANGES,4
RIGHT LOWER LOBE CANCER/SDA,4
PRE-OP LIVER,4
HYPERTENSIVE,4
COLON CA,4
S/P BICYCLE ACCIDENT,4
RIB FRACTURE,4
EPIDURAL,4
ENCEPHALITIS,4
"CAD, AORTIC STENOSIS\CORONARY ARTERY BYPASS GRAFT; W/ AVR/SDA",4
MALIGNANT HYPERTENSION,4
HYPERCALCEMIA: LUNG CANCER,4
LUMBAR FRACTURE,4
SYMPTOMATIC BRADYCARDIA,4
MOTOR VEHICLE CRASH,4
DIABETIC KETO ACIDOSIS,4
LARGE BOWEL OBSTRUCTION,4
PERFORATED VISCUS,4
DIZZINESS,4
SMALL BOWEL FISTULA,4
CORONARY ARTERY DISEASE\CORONARY ARTERY BYPASS GRAFT; WITH RADIAL ARTERY LEFT/SDA,4
CELLULITIS;TELEMETRY,4
HYPOTENSION-HEPATORENAL FAILURE,4
CABG,4
AORTIC STENOSIS\AORTIC VALVULOPLASTY,4
EDEMA,4
CONGESTIVE HEART FAILURE;RULE OUT CORONARY ARTERY DISEASE;ATRIAL FIBRILLATION\CATH,4
AORTIC STENOSIS;CORONARY ARTERY DISEASE\CARDIAC CATH,4
C1-C2 FRACTURE,4
PMEUMONIA,4
PRE-OP LIVER TRANSPLANT,4
END STAGE RENAL FAILURE,4
FACIAL FRACTURE,4
R/O CANCER OF SPINE,4
RIGHT PARIETAL HEMORRHAGE,4
ATRIAL SEPTAL DEFECT\ REPAIR ATRIAL SEPTAL DEFECT LIMITED ACCESS/SDA,4
MYASTHENIA GRAVIS CRISIS,4
TRACHEAL MALACIA/SDA,4
PAIN,4
MEGACOLON,4
AIRWAY EDEMA,4
ACUTE CVA,4
CERVICAL SPONDYLOSIS/SDA,4
CIRRHOSIS;ETOH WITHDRAWAL,4
AF,4
MULTI-TRAUMA,4
GASTRIC VOLVULUS,4
INTRA CRANIAL BLEED,4
+ETT,4
ABDOMINAL DISTENSION,4
SUBDURAL HEMATOMA;SUBARACHNOID HEMORRHAGE,4
LEFT MAIN DISEASE,4
NON-HODGKIN'S LYMPHOMA\BONE MARROW TRANSPLANT,4
BRAIN METASTASIS/SDA,4
UGI BLEED,4
FOREIGN BODY ESOPHAGUS,4
CIRRHOSIS;ASCITES,4
HEPATOMA/SDA,4
"CONGESTIVE HEART FAILURE,RENAL FAILURE,ACIDOSIS",4
HIATAL HERNIA,4
ASPIRATION; FAILURE TO THRIVE,4
WOUND INFECTION R/O SEPSIS,4
DRUG REFRACTORY ATRIAL FIBRILLATION\PULMONARY VEIN ISOLATION  **REMOTE WEST**,4
METABOLIC ACIDOSIS,4
HIATAL HERNIA/SDA,4
TRACHEAL BRONCHEAL MALACIA/SDA,4
ACUTE SUBDURAL HEMATOMA;SUBARACHNOID HEMORRHAGE,4
CORONARY ARTERY DISEASE\ OFF PUMP CORONARY ARTERY BYPASS/SDA,4
UPPER GI BLEED ,4
BRAIN LESION/SDA,4
STAB WOUND TO CHEST,4
CONGESTIVE HEART FAILURE;ATRIAL FIBRILLATION,4
ATRIAL FIBRILLATION\CARDIOVERSION,4
CAROTID DISSECTION,4
TRACHEAL BRONCHIAL MALACIA/SDA,4
LUDWIG'S ANGINA,4
FOREIGN BODY IN THROAT,4
ANASARCA,4
ACETABULAR FRACTURE,4
RENAL FAILURE;HYPOTENSION,4
RENAL MASS/SDA,4
INTRACTABLE PAIN,4
BLUNT TRAUMA;TELEMETRY,4
TRACHEAL MALACIA,4
LEFT MAIN STEM OBSTRUCTION,4
CONGESTIVE HEART FAILURE\CARDIAC CATHETERIZATION,4
CLAUDICATION\LEFT LOWER EXTREMITY ANGIOGRAM,4
PLEURAL EFFUSION;LEFT LOWER LOBE MASS,4
CONGESTIVE HEART FAILURE\RIGHT HEART CATH,4
RENAL CELL CANCER,4
TYPE A AORTIC DISSECTION,4
RIGHT UPPER LOBE CA/SDA,4
TRANSPLANT,4
STENOSIS/SDA,4
PNEUMOPERITONEUM,4
HEPATICOCELLULAR CARCINOMA/SDA,4
RECTAL SHEATH HEMATOMA,4
FEVER;COUGH,4
STROKE;TELEMETRY;TRANSIENT ISCHEMIC ATTACK;TELEMETRY,4
STATUS POST CARDIAC ARREST,4
CORONARY ARTERY DISEASE\CABG,4
PNEUMONIA;PLEURAL EFFUSION,4
THORACIC AORTIC ANEURYSM/SDA,4
"SEPSIS,PNEUMONIA",4
HYPERPARATHYROIDISM/SDA,4
CONGESTIVE HEART FAILURE;VENTRICULAR TACHYCARDIA,4
HEAD BLEED;OPEN SKULL FRACTURE,4
PRE-MATURITY,4
ISCHEMIC RIGHT LEG/SDA,4
RAPID ATRIAL FIBRILLATION,4
ADENAL CARCINOMA OF LIVER/SDA,4
UNSTABLE ANGINA\LEFT HEART CATH,4
CAROTID STENOSIS LEFT/SDA,4
LEFT MAIN CORONARY ARTERY DISEASE,4
3 VESSEL DISEASE,4
TACHYPNEA,4
ACUTE RESPIRATORY FAILURE,4
AORTIC ENTERIC FISTULA,4
PERFORATED COLON,4
CORONARY ARTERY DISEASE\OFF PUMP CORONARY ARTERY BYPASS ENDOSCOPIC LEFT CHEST /SDA,4
STEMYOCARDIAL INFARCTION,4
COMMON BILE DUCT STONES,4
PNEUMOSEPSIS,4
MITRAL REGURGITATION\MITRAL VALVE REPLACEMENT ,4
BILIARY OBSTRUCTION,4
AORTIC VALVE DISEASE;CORONARY ARTERY DISEASE,4
BLADDER TUMOR/SDA,4
OA RIGHT KNEE/SDA,4
ESOPHAGEAL RUPTURE,4
AORTIC STENOSIS;CONGESTIVE HEART FAILURE,4
FLAIL CHEST,4
CHEST PAIN;MYOCARDIAL INFARCTION,4
LUDWIGS ANGINA,4
ATRIAL FLUTTER,4
BILATERAL PULMONARY EMBOLISM,4
CHEST PAIN;RULE OUT CORONARY ARTERY DISEASE\CARDIAC CATH,4
IVH,4
PORTAL VEIN THROMBUS,4
CSF LEAK,4
MYELOFIBROSIS\BONE MARROW TRANSPLANT,4
HYPOGLYCEMIA;DELTA MS;TELEMETRY,4
SEPSIS;ICD LEAD INFECTION,4
ABDOMINAL FISTULA,4
"GANGRENE,RIGHT FOOT",4
HYPOTENSION;FEVER,4
VERTEBRAL ARTERY STENOSIS,4
CORONARY ARTERY DISEASE\CORONARY ARTERY BYPASS GRAFT WITH ? MVR /SDA,4
N STEMI,4
PULMONARY EMBOLISM;TELEMETRY,4
RP BLEED/ HEMATOMA,4
AORTIC STENOSIS\ AORTIC AND MITRAL VALVE REPLACEMENT/SDA,4
UREMIA,4
RECURRENT LEUKEMIA,4
NON-ST SEGMENT ELEVATION MYOCARDIAL INFARCTION;CONGESTIVE HEART FAILURE,4
CERVICAL SPINAL STENOSIS/SDA,4
ACUTE CORONARY SYNDROME\CARDIAC CATH,4
ATAXIA,4
LEFT LUNG CANCER/SDA,4
NON-SURGICAL BOWEL OBSTRUCTION,4
PLEURAL EFFUSIONS,4
FEVER;TACHYCARDIA,4
ACUTE MYOCARDIAL INFRACTION,4
MULTITRAUMA,4
FEVER;HYPOXIA,4
MITRAL REGURGITATION;CORONARY ARTERY DISEASE,4
BRAIN METASTASIS,4
"CHF, A-FIB",4
END STAGE LIVER FAILURE,4
SQUAMOUS CELL CARCINOMA/SDA,4
PONTINE BLEED,4
ELEVATED INR,4
SEPSIS;CHANGE IN MENTAL STATUS,3
R/O PNEUMONIA,3
FALL;HYPOXIA;DEHYDRATION;N/V/D,3
FIBROID UTERUS/SDA,3
"LEG EDEMA,CELLULITIS",3
PNEUMONIA-RENAL FAILURE,3
BRAIN METASTASES,3
OBSTRUCTED RIGHT MIDDLE LOBE/SDA,3
LEFT FOOT CELLULITIS,3
CORONARY ARTERY DISEASE;LEFT MAIN DISEASE,3
CORONARY ARTERY DISEASE\STENT,3
COUGH;FEVER,3
DELTA MS,3
TRICUSPID REGURGITATION\REDO-REDO TRICUSPID VALVE REPAIR/REPLACEMENT,3
CORONARY ARTERY DISEASE\CORONARY ARTERY BYPASS GRAFT; W/AVR/SDA,3
FOURNIER'S GANGRENE,3
CEREBELLER HEMORRHAGE,3
S/P KIDNEY TRANSPLANT,3
"FEVER,HYPOTENSION",3
INFECTED PIC LINE/FEVER,3
CARDIAC DZ.,3
LT HIP FRACTURE,3
ILIAC ARTERY ANEURYSM/SDA,3
SCROTAL ABSCESS,3
THORACO-ABDOMINAL ANEURYSM/SDA,3
CORONARY ARTERY DISEASE;3 VESSEL DISEASE,3
MYOCARDIAL INFARCTION;GI BLEED,3
PANCREATIC NECROSIS,3
VAGINAL BLEED,3
ANEURSYM/SDA,3
ASTHMA EXACERBATION;COPD EXACERBATION,3
COLONIC PERFORATION,3
T1 FRACTURE,3
SEVERE ISCHEMIA/SDA,3
FLANK PAIN,3
GROIN BLEED;CP;TELEMETRY,3
FAILURE OF FIXATION/SDA,3
ATRIAL FIBRILATION,3
CONGESTIVE HEART FAILURE;CARDIOMYOPATHY\CATH,3
AVR,3
CORONARY ARTERY DISEASE\CORONARY ARTERY BYPASS GRAFT; ? MVR/SDA,3
HYPERTENSION EMERGENCY,3
+ETT;CHEST PAIN\CATH,3
RENAL LACERATION,3
TOXIC INGESTION,3
UROSEPSIS;TELEMETRY,3
CONGESTIVE HEART FAILURE;MYOCARDIAL INFARCTION,3
CONGESTIVE HEART FAILURE;AORTIC STENOSIS\CARDIAC CATH,3
DEHYDRATION;TELEMETRY,3
DIAPHRAGMATIC HERNIA/SDA,3
CROHN'S COLITIS,3
A FIB,3
FLUID OVERLOAD,3
BOWEL OBSTRUCTION/SDA,3
"FEVER,ORIGIN UNKNOWN",3
BILATERAL BREAST CA/SDA,3
MYOCARDIAL INFARCTION\LEFT HEART CATHETERIZATION,3
ACUTE RENAL FAILURE;BRADYCARDIA,3
LEFT LEG ULCER;PERIPHERAL VASCULAR DISEASE,3
FOREIGN BODY INGESTION,3
RUQ PAIN,3
JAUNDICE;S/P ERCP,3
LEFT SUBDURAL HEMATOMA,3
MULTIPLE GUNSHOT WOUNDS,3
THYMOMA/SDA,3
CAD/SDA,3
HYPONATREMIA;TELEMETRY,3
BLADDER RUPTURE,3
"CAROTID STENOSIS, LEFT/SDA",3
CORONARY ARTERY DISEASE;ANGINA\CATH,3
CORONARY ARTERY DISEASE;MYOCARDIAL INFARCTION,3
ANEMIA;CONGESTIVE HEART FAILURE,3
FACTOR VIII INHIBITOR,3
HEPATIC BLEED,3
CONGESTIVE HEART FAILURE; AORTIC STENOSIS,3
ACUTE RENAL FAILURE;HYPOTENSION,3
HYPOTENSION;R/O REJECTION;ELEVATED LFTS,3
HEPATOMA,3
PANCREATITS,3
TYLENOL OVERDOSE;LIVER FAILURE,3
ST ELEVATED MYOCARDIAL INFARCT,3
ESOPHAGEAL CA,3
RIGHT SIDED WEAKNESS,3
SYMPTOMATIC AAA,3
CIRRHOSIS;MENTAL STATUS CHANGES;ETOH WITHDRAWAL,3
WEAKNESS;TELEMETRY,3
HANGING,3
ALCOHOLIC CIRRHOSIS,3
CHOLANGITIS;PANCREATITIS,3
"CAROTID STENOSIS,R/SDA",3
RIGHT LUNG NODULE/SDA,3
"CAROTID STENOSIS,L/SDA",3
DECUBITUS ULCER,3
RIGHT UPPER LOBE LUNG CA/SDA,3
BILE DUCT OBSTRUCTION,3
"PNEUMONIA,RESPIRATORY FAILURE",3
ENDOCARDITIS; S/P KIDNEY TRANSPLANT,3
CLOT,3
ATRIAL FIBRILLATION\THORACOSCOPIC MAZE PROCEDURE BILATERAL,3
CHESST PAIN,3
UPPER AIRWAY OBSTRUCTION,3
CIRRHOSIS W/ ASCITES\REDO TIPS /SDA,3
SQUAMOUS CELL CANCER,3
PNEUMONIA;CHEST PAIN,3
AORTIC ANEURYSM\RESECTION ANEURYSM THORACIC/SDA,3
CHEST PAIN;MYOCARDIAL INFARCTION\CATH,3
BLADDER CANCER;FEVER;NEUTROPENIA,3
PERIPHERAL VASCULAR DISEASE\PERIPHERAL ANGIOGRAM,3
"CHEST PAIN, R/O MI",3
ACETAMINOPHEN OVERDOSE,3
NAUSEA W\VOMITING,3
AORTIC INSUFFICIENCY\AORTIC AND MITRAL VALVE REPLACEMENT /SDA,3
ILIAC ARTERY STENOSIS/SDA,3
MITRAL REGURGITATION\CORONARY ARTERY BYPASS GRAFT WITH MVR ,3
SUBGLOTTIC STENOSIS/SDA,3
CONGESTIVE HEART FAILURE;CHEST PAIN,3
NEPHROLITHIASIS,3
CORONARY ARTERY DISEASE; AORTIC STENOSIS\CORONARY ARTERY BYPASS GRAFT WITH AVR /SDA,3
"PEDESRTRIAN STRUCK, LEG FRACTURES",3
PREVERTEBRAL ABSCESS,3
MIDDLE CEREBRAL ARTERY ANEURYSM/SDA,3
NEW LEUKEMIA,3
HYPERKALEMIA;TELEMETRY,3
STROKE;TELEMETRY;TELEMETRY;TELEMETRY,3
LEFT TEMPORAL LESION/SDA,3
RENAL FAILURE;PNEUMONIA,3
"PNEUMONIA,SEPSIS",3
CHRONIC MESENTERIC ISCHEMIA,3
SHORTNESS OF BREATH;WEAKNESS,3
URINARY TRACT INFECTION;ACUTE RENAL FAILURE,3
RIGHT FOOT ISCHEMIA,3
PARKINSON'S DISEASE/SDA,3
CHRONIC LYMPHOCYTIC LEUKEMIA;PNEUMONIA,3
GASTRIC ADENOCARCINOMA/SDA,3
BARRETT'S ESOPHAGUS/SDA,3
LUMBAR DISC HERNIATION/SDA,3
CENTRAL CORD SYNDROME,3
TBM,3
ST ELEVATION MYOCARDIAL INFARCTION\LEFT HEART CATHETERIZATION,3
RESPIRATORY DISTRESS;TELEMETRY,3
AORTIC INSUFFICIENCY\CORONARY ARTERY BYPASS GRAFT WITH AVR /SDA,3
ICB,3
SEVERE AORTIC STENOSIS\CATH,3
DECOMPENSATED LIVER FAILURE,3
CLOTTED AV GRAFT,3
FLASH PULMONARY EDEMA,3
MENTAL STATUS CHANGES;TELEMETRY,3
BACTERIAL MENINGITIS,3
CHRONIC PANCREATITIS,3
LEFT UPPER LOBE CA/SDA,3
FACIAL FRACTURES,3
RECTAL CA,3
SEPTIC SHOCK;PNEUMONIA,3
CORONARY ARTERY DISEASE;CAROTID STENOSIS,3
CONGESTIVE HEART FAILURE;SHORTNESS OF BREATH,3
RIGHT BRAIN TUMOR/SDA,3
BOWEL OBSTRUCTION;TELEMETRY,3
LEFT FOOT INFECTION,3
"CAD,S/P FALL,SYNCOPAL EPISODE",3
FALL;CONFUSION,3
SMALL CELL LUNG CANCER,3
LEFT OCCIPITAL TUMOR/SDA,3
DEHISCENT AVR,3
"C SECTION,REPEAT",3
RECTAL PROLAPSE/SDA,3
S/P LIVER TX-NAUSEA-VOMITING,3
LEFT BREAST CA/SDA,3
CORONARY ARTERY DISEASE;CONGESTIVE HEART FAILURE,3
KYPHOSCOLIOSIS/SDA,3
AORTIC STENOSIS\AVR; ? CORONARY ARTERY BYPASS GRAFT /SDA,3
TIB FIB FRACTURE,3
ASTHMA;COPD EXACERBATION;TELEMETRY,3
ASPIRATION PNEUMONIA;SEPSIS,3
OBSTRUCTIVE JAUNDICE\ERCP,3
CHOLANGITIS\ERCP ,3
THYROID STORM,3
PANCREATITIS;ACUTE RENAL FAILURE,3
ATRIAL SEPTAL DEFECT\REPAIR ATRIAL SEPTAL DEFECT /SDA,3
ENDOMETRITIS,3
UNSTABLE ANGINA\CARDIAC CATHETERIZATION,3
HYPERTENSIVE CRISIS,3
LEFT FOOT ULCER,3
ASCENDING AORTA\BENTAL PROCEDURE /SDA,3
CP,3
PALPITATIONS,3
CORONARY ARTERY DISEASE\ CORONARY ARTERY BYPASS GRAFT/SDA,3
STRIDOR;SHORTNESS OF BREATH,3
BRIAN TUMOR/SDA,3
MITRAL STENOSIS\MITRAL VALVE REPLACEMENT MINIMALLY INVASIVE APPROACH/SDA,3
AORTIC STENOSIS\CORONARY ARTERY BYPASS GRAFT;AORTIC VALVE REPLACEMENT/SDA,3
CHOLANGIOLIOLITIS,3
CORONARY ARTERY DISEASE\CATH WITH BRACHY S/B,3
MENINGOENCEPHALITIS,3
PNEUMONIA-HYPOXIA,3
CONGESTIVE HEART FAILURE;TELEMETRY\Transcatheter Aortic Valve Implant (TAVI) with Pump Stand-by (CoreValve) ,3
HEMORRHAGIC SHOCK,3
CORONARY ARTERY DISEASE;UNSTABLE ANGINA,3
ANGIOEDEMA;TELEMETRY,3
RIGHT EMPYEMA,3
ACUTE RENAL FAILURE;URINARY TRACT INFECTION,3
BILATERAL PE,3
ABDOMINAL SEPSIS,3
TYPE B DISSECTION,3
CAROTID STENOSIS\LEFT CAROTID ANGIOGRAM,3
DYSPNEA;HYPOXIA,3
LEFT RENAL STONE,3
STERNAL FRACTURE,3
OSTEOARTHRITIS RIGHT KNEE/SDA,3
GASTRIC MASS/SDA,3
CEREBELLAR MASS VERSUS STROKE,3
MEDIASTINAL MASS/SDA,3
LIVER FAILURE;GASTROINTESTINAL BLEED,3
FTT;ABDOMINAL DISTENSION,3
PERFORATED GASTRIC ULCER,3
AORTIC STENOSIS\AVR; ? CORONARY ARTERY BYPASS GRAFT/SDA,3
CHEST PAIN;UNSTABLE ANGINA,3
CATH,3
LIVER FAILURE AND SIRS,3
S/P FALL;SUBDURAL HEMATOMA,3
RESPITORY DISTRESS,3
C5 FRACTURE,3
AORTIC STENOSIS\? CORONARY ARTERY BYPASS GRAFT WITH AVR /SDA,3
SPLENIC HEMORRHAGE,3
THYROID GOITER/SDA,3
PULMONARY EDEMA;PERIPHERAL VASCULAR DISEASE\CATH,3
"TRACHEAL BRONCHIAL MALACIA\BRONCHOSCOPY RIGID; W/ STENT REMOVAL, BILATERAL/SDA",3
APHASIA,3
NECK LACERATION,3
CHF/COPD,3
CEREBRAL MASS,3
ICD FIRING,3
AML,3
LUNG CA LEFT/SDA,3
S/P MVA WITH INJURIES,3
AORTIC STENOSIS;CONGESTIVE HEART FAILURE\CATH,3
CORONARY ARTERY DISEASE;CHF,3
ETOH LIVER DISEASE,3
C-DIFF COLITIS,3
LYMPHOMA;MENTAL STATUS CHANGES,3
VENTRICULAR FIBRILLATION ARREST,3
"MITRAL VALVE DISORDER\MITRAL VALVE REPLACEMENT,HEART PORT MINIMALLY INVASIVE /SDA",3
SORE THROAT,3
GASTROENTERITIS,3
VENTRICULAR FIBRILLATION,3
LEFT VENTRICULAR LEAD MALFUNCTION\LEFT VENTRICULAR LEAD REVISION/SDA,3
PARAPLEGIA,3
R HIP FRACTURE,3
LOWER EXTREMITY CELLULITIS;HYPERKALEMIA;RENAL FAILURE,3
EPIDURAL ABCESS,3
MITRAL STENOSIS\CATH,3
PNEUMONIA;DEEP VEIN THROMBOSIS;PULMONARY EMBOLIS,3
RESPIRATORY ACIDOSIS,3
URINARY TRACT INFECTION;DEHYDRATION,3
CONGESTIVE HEART FAILURE;RENAL FAILURE;ATRIAL FIBRILLATION,3
RIGHT KIDNEY STONE,3
CIRRHOSIS;LIVER FAILURE,3
POLYCYSTIC KIDNEY DISEASE/SDA,3
LIVER LESION/SDA,3
PNA;CHANGE IN MENTAL STATUS,3
SUBARACHNOID HEMORRHAGE/SDA,3
LYMPHOMA;FEVER,3
MULTIPLE FRACTURES,3
THALAMIC HEMORRHAGE,3
POLYCYTHEMIA,3
ILEO-ABDOMINAL COLECTOMY,3
CONGESTIVE HEART FAILURE;ACUTE RENAL FAILURE,3
AORTO ILIAC DISEASE/SDA,3
ECTOPIC PREGNANCY,3
CAROTID STENOSIS\CAROTID STENT,3
ENDOVASCULAR AORTIC ANEURYSM,3
ASCITES; HEPATITIS C,3
BRAIN METS/SDA,3
PRE-OP LIVER TX,3
SACRAL METASTASIS/SDA,3
FRONTAL MASS,3
OSTEOARTHRITIS BILATERAL KNEES/SDA,3
MESINTERIC ISCHEMIA,3
FALLS,3
EXERTIONAL ANGINA\CATH,3
DIARRHEA;DEHYDRATION,3
S/P RESPIRATORY ARREST,3
BLEEDING,3
RESPIRATORY FAILURE;PELVIC FRACTURE,3
ISCHEMIC LEFT LEG,3
MR\MITRAL VALVE REPLACEMENT MINIMALLY INVASIVE APPROACH; HEART PORT/SDA,3
VENTRICULAR TACHYCARDIA\VT ABLATION,3
ST ELEVATION MI;TELEMETRY,3
MULTISYSTEM TRAUMA,3
S/P V FIB ARREST,3
"HYPOXIA,ACUTE CORONARY SYNDROME,HYPOTENSION,ACUTE RENAL FAILURE",3
HEMORRHAGE,3
NEW ONSET DIABETES,3
LYMPH ADEMA,3
HYPOXIA; TRACHEALMALACEA\BRONCHOSCOPY RIGID;STENT REMOVAL,3
ST-SEGMENT ELEVATION MYOCARDIAL INFARCTION\CARDIAC CATHETERIZATION,3
PANCREATIC FAILURE,3
N/V,3
R/O ENDOCARDITIS,3
BRADYCARDIA;TELEMETRY,3
DIABETIC KETOACIDOSIS;PANCREATITIS,3
FEVER-MANTLE CELL LYMPHOMA,3
VENTRICULAR TACHYCARDIA;TELEMETRY,3
CEREBELLAR INFARCT,3
CHOLANGIO CARCINOMA,3
LEFT LOWER EXTREMITY GANGRENE,3
ASCITIES,3
CORONARY ARTERY DISEASE;PULMONARY EDEMA,3
BILE DUCT TUMOR/SDA,3
INFECTED RIGHT FOOT,3
SPONTANEOUS BACTERIAL PERTONITIS,3
CORONARY ARTERY DISEASE\AORTIC VALVE REPLACEMENT/SDA,3
CONGESTIVE HEART FAILURE; RENAL FAILURE,3
CORONARY ARTERY DISEASE;CHEST PAIN;+ETT\CATH,3
FOREIGN BODY,3
CONGESTIVE HEART FAILURE\TRANSCATHETER AORTIC VALVE IMPLANT (TAVI) DIRECT ACCESS ,3
RENAL HEMORRHAGE,3
COCAINE OVERDOSE,3
FEVER/SEPSIS,3
HYPOTENSION; BRADYCARDIA,3
OA LEFT KNEE/SDA,3
ASD\REPAIR ATRIAL SEPTAL DEFECT /SDA,3
LUPUS ERYTHMATOSIS,3
BRONCHITIS,3
GASTRO INTESTINAL BLEED,3
LEFT LOWER LOBE COLLAPSE,3
POST OBSTRUCTIVE PNEUMONIA,3
PLEURAL EFFUSION;HYPOXIA,3
CORONARY ARTERY DISEASE\BENTAL PROCEDURE  CORONARY ARTERY BYPASS GRAFT /SDA,3
MITRAL VALVE INSUFFIENCY\MITRAL VALVE REPLACEMENT W/ MAZE /SDA,3
VIRAL MENINGITIS,3
ELEVATED WHITE COUNT,3
NON Q WAVE MYOCARDIAL INFARCTION\CATH,3
URINARY TRACT INFECTION; PYELONEPHRITIS,3
ABDOMINAL MASS,3
FEVER-MENTAL STATUS CHANGES,3
MELANOMA\CHEMOTHERAPY (HD-IL2),3
SEVERE MITRAL REGURGITATION,3
HYPOXIC RESPIRATORY FAILURE,3
CHOLYCYSTITIS,3
BRONCHOPLEURAL FISTULA,3
ESOPHAGEAL VARICIES,3
AORTIC STENOSIS\AORTIC VALVE REPLACEMENT; ? CABG/SDA,3
A-FIB,3
PELVIC HEMATOMA,3
GALLSTONE;PANCREATITIS,3
ABDOMINAL PAIN;FEVER,3
INFERIOR MYOCARDIAL INFARCTION;CORONARY ARTERY DISEASE\CATH,3
CHOLEDOCHOLITHIASIS\ERCP ,3
CONGESTIVE HEART FAILURE\BIVENTRICULAR ICD IMPLANTATION,3
MYOCARDIAL INFARCTION;CORONARY ARTERY DISEASE,3
ESOPHAGEAL MASS\EUS,3
SCROTAL EDEMA,3
RHABDOMYOLISIS,3
PARTIAL SBO,3
FACIAL SWELLING,3
CERVICAL STENOSIS;FAILED FUSION,3
CHOLANGIO CANCER,3
PELVIC ABSCESS,3
INFERIOR MYOCARDIAL INFARCTION\CARDIAC CATH,3
LUNG MASS LEFT/SDA,3
ACUTE CORONARY SYNDROME;CHEST PAIN,3
HEMOPYTSIS,3
HYPERTENSIVE URGENCY;TELEMETRY,3
R/O SUB ARACHNOID HEMORRHAGE,3
CORONARY ARTERY DISEASE;SHORTNESS OF BREATH,3
HEMOPTYSIS;RENAL CELL CANCER,3
METASTATIC RENAL CELL CARCINOMA\CHEMOTHERAPY INTERLEUKIN (HD-IL2),3
CONGESTIVE HEART FAILURE;ACUTE CORONARY SYNDROME\CATH,3
TRAUMATIC SUBARACHNOID HEMORRHAGE,3
ENTERIC FISTULA;DEHYDRATION,3
ETOH WITHDRAWAL SEIZURES,3
LYMPHOMA;DEHYDRATION;PAIN CONTROL,3
C3 FRACTURE,3
PERITONSILLAR ABSCESS,3
TRACHEAL ESOPHAGEAL FISTULA,3
ELECTROLYTE ABNORMALATIES,3
METASTATIC CANCER,3
MYOCARDIAL INFARCTION\ANGIOPLASTY,3
SEPSIS/HYPOTENSION,3
BILATERAL SUBARACHNOID HEMORRHAGE,3
RIGHT PLEURAL EFFUSION,3
AORTIC HEMATOMA,3
SHORTNESS OF BREATH\CATH,3
CONGESTIVE HEART FAILURE;HYPOXIA,3
RIGHT FEMUR FRACTURE,3
PNEUMONIA; CELLULITIS; DVT,3
BASAL GANGLIA HEMORRHAGE,3
PNEUMONIA;ATRIAL FIBRILLATION;TELEMETRY;RVR,3
AORTIC STENOSIS\AORTIC VALVE REPLACEMENT  BENTAL PROCEDURE /SDA,3
INFERIOR STEMI,3
MITRAL VALVE REPLACEMENT,3
HYPONATREMIA;URINARY TRACT INFECTION,3
CORONARY ARTERY DISEASE; CHEST PAIN\LEFT HEART CATHETERIZATION,3
BIKE ACCIDENT,3
HYDRONEPHROSIS,3
LIVER TRANSPLANT REJECTION,3
ACUTE MYELOID LEUKEMIA\BONE MARROW TRANSPLANT,3
CORONARY ARTERY DISEASE\HEART CATH,3
SEPTIC KNEE,3
SUBDURAL HEMORRHAGE;SUBARACHNOID HEMATOMA,3
AORTIC DISSECTION;TELEMETRY,3
HYPERKALEMIA;ACUTE RENAL FAILURE,3
RUPTURED ANEURYSM,3
ATRIAL SEPTAL DEFECT\ REPAIR ATRIAL SEPTAL DEFECT/SDA,3
MVR\MITRAL VALVE REPLACEMENT/SDA,3
ATRIAL FIBRILLATION\PHARMACOLOGICAL / NON PHARM MGMT AFIB ABLATION /SDA,3
AORTIC INSUFFICIENCY,3
INFECTED ULCER,3
GSW,3
PAINLESS JAUNDICE,3
OPIATE OVERDOSE,3
HYPONATREMIA;ALTERED MENTAL STATUS,3
CLOSED HEAD INJURY;LEFT FOOT FRACTURE,3
LEFT RENAL CA/SDA,3
INFECTED FOOT,3
AAA REPAIR,3
SPINAL TUMOR/SDA,3
COMMON BILE DUCT STONE\ERCP ,3
CROHN'S FLARE,3
R/O AORTIC DISSECTION,3
CHRONIC OBSTRUCTIVE PULMONARY DISEASE;PNEUMONIA,3
CARDIAC ARREST\CARDIAC CATH,3
STROKE; TIA,3
PITUITARY ADENOMA/SDA,3
S/P POSTERIOR LAMINECTOMY,3
AORTIC VALVE STENOSIS\AORTIC VALVE REPLACEMENT/SDA,3
CORONARY ARTERY DISEASE\CORONARY ARTERY BYPASS GRAFT; ? AVR/SDA,3
LEFT HUMERUS FRACTURE,3
METASTATIC COLON CANCER,3
CONGESTIVE HEART FAILURE;ATRIAL FIBRILLATION;+ TROPONIN\CARDIAC CATH,3
SIGMOID COLON CA/SDA,3
RENAL FAILURE;ANEMIA,3
L 1 FRACTURE,3
CARDIOMYOPATHY;CONGESTIVE HEART FAILURE,3
S/P MI\LEFT HEART CATHETERIZATION,3
? OVERDOSE,3
CORONARY ARTERY DISEASE\ CORONARY ARTERY BYPASS GRAFT WITH AVR/SDA,3
PCP PNEUMONIA,3
RENAL CELL CARCINOMA,3
"PNEUMONIA,CHF",3
NECK HEMATOMA,3
DEEP VEIN THROMBOSIS;PULMONARY EMBOLIS,3
LEG WEAKNESS,3
LUNG CANCER;AIRWAY OBSTRUCTION,3
SEVERE AORTIC STENOSIS\RIGHT AND LEFT HEART CATH,3
SEPSIS;PNEUMONIA;TELEMETRY,3
PERFORATED ESOPHAGUS,3
RENAL CA,3
OSTEOMYELITIS/SDA,3
MYASTHENIA CRISIS,3
EPIDURAL HEMATOMA;S/P FALL,3
R/O MI PNEUMONIA,3
BLEED,3
MCA STROKE,3
RETRO PERITONEAL BLEED,3
METASTATIC LUNG CANCER,3
RIGHT FOOT OSTEOMYELITIS,3
INFECTED RIGHT HIP,3
CORONARY ARTERY DISEASE;CHEST PAIN\CARDIAC CATH,3
ACUTE RENAL FAILURE;SEPSIS,3
"CHF,ARF,STROKE",3
TRAUMATIC BRAIN INJURY,3
PARAESOPHAGEAL HERNIA\LAPARSCOPIC REPAIR PARAESOPHAGEAL HERNIA W/ FUNDOPLICATION; ? OPEN/SDA,3
RIGHT HIP HARDWARE DISLOCATION,3
NON SMALL CELL LUNG CANCER,3
SPINAL STENOSIS,3
TESTICULAR CANCER/SDA,3
WIDE COMPLEX TACHYCARDIA,3
STEVENS-JOHNSON SYNDROME,3
HIGH GRADE DYSPLASIA/SDA,3
ALLERGIC RXN,3
MULTIPLE SCLEROSIS,3
CORONARY ARTERY DISEASE;CONGESTIVE HEART FAILURE;ANGINA\CARDIAC CATH,3
AORTIC INTRAMURAL HEMATOMA,3
LEFT KIDNEY CA/SDA,3
AORTIC INSUFFICIENCY\BENTAL PROCEDURE /SDA,3
CORONARY ARTERY DISEASE;AORTIC STENOSIS\CORONARY ARTERY BYPASS GRAFT;AORTIC VALVE REPLACEMENT/SDA,3
CHRONIC ULCERATIVE COLITIS/SDA,3
METASTATIC ADENOCARCINOMA COLON TO LIVER/SDA,3
MITRAL STENOSIS\MITRAL VALVE REPLACEMENT REDO ,3
C5 BURST FRACTURE,3
CARDIOMYOPATHY;SEVERE MITRAL REGURGITATION;CORONARY ARTERY DISEASE,3
BILATERAL PULMONARY EMBOLI,3
HAIRY CELL LEUKEMIA,3
AORTIC VALVE REPLACEMENT,3
"PULMONARY EDEMA,AORTIC STENOSIS",3
R PLEURAL EFFUSION,3
CORONARY ARTERY DISEASE\CORONARY ARTERY BYPASS GRAFT WITH AVR; ? ENDARTERECTOMY /SDA,3
NECROTISING PANCREATITIS,3
BRADYCARDIA-ACUTE RENAL FAILURE,3
"CHF,R/O MI",3
RENAL BLEEDING,3
CHOLANGEAL CARCINOMA/SDA,3
CHEST PAIN;ANGINA\CATH,3
FEVERS;HYPOXIA,3
PRE-OP KIDNEY,3
CLOSTRIDIUM DIFFICILE,3
TCA OVERDOSE,3
"PNA,SEPSIS",3
ANTIFREEZE INGESTION,3
R/O MENINGITIS,3
MANDIBULAR FRACTURE,3
AMC;FEVER,3
CERVICAL CORD COMPRESSION,3
LIVER FAILURE;HEPATITIS C,3
FEVER/SYNCOPE,3
MITRAL VALVE DISORDER\MITRAL VALVE REPLACEMENT ,3
ACUTE CORONARY SYNDROME\LEFT HEART CATHETERIZATION,3
RIGHT HEEL INFECTION;,3
CELLULITIS;SEPSIS,3
ESOPHAGEAL LEAK,3
MYOCARDIAL INFARCTION;CONGESTIVE HEART FAILURE,3
COUGH,3
UNRESPONSIVE-OVERDOSE,3
HYPOGLYCEMIA;SEIZURE,3
METASTATIC THYROID CANCER,3
S/P CARDIAC ARREST\CATH,3
BABESIOSIS,3
UPPER GIB,3
COLON MASS,3
COMPARTMENT SYNDROME,3
COLON TUMOR BENIGN/SDA,3
PNEUMONIA/CONGESTIVE HEART FAILURE,3
AORTIC INJURY,3
MYOCARDITIS,3
METASTATIC MELANOMA\INTERLEUKIN (HD-IL2),3
MR\CORONARY ARTERY BYPASS GRAFT;MITRAL VALVE REPLACEMENT/SDA,3
CHRONIC LYMPHOCYTIC LEUKEMIA,3
AORTIC STENOSIS\AORTIC VALVE REPLACEMENT REDO ,3
COPD EXACERBATION; PNEUMONIA,3
AORTIC STENOSIS\AORTIC AND ? MITRAL VALVE REPLACEMENT /SDA,3
"ASCITES,CIRRHOSIS,RENAL FAILURE",3
TRACHEOMALACIA/SDA,3
SEVERE SPINAL STENOSIS,2
DYSPHASIA,2
CORONARY ARTERY DISEASE;VENTRICULAR ARREST\CATH,2
GANGRENE LEFT LEG,2
VENTRICULAR FIBRILLATION\ICD,2
RIGHT MIDDLE LOBE NODULE/SDA,2
SUBARACHNOID BLEEDING,2
RESPIRATORY FAILURE-TRACHEA MALASIA,2
"CAROTID STENOSIS, RIGHT/SDA",2
PNEUMONIA/DEHYDRATION,2
TRANSFUSION REACTION,2
COMPRESSION FRACTURE,2
PICA ANEURYSM,2
STATUS POST HANGING,2
IPH,2
CORONARY ARTERY DISEASE;CONGESTIVE HEART FAILURE\ANGIOPLASTY,2
CORONARY ARTERY DISEASE;AORTIC VALVE INSUFFICIENCY,2
BACTREMIA,2
LIVER FAILURE;?PNEUMONIA;ENCEPHALOPATHY,2
RAPID AFIB; FLUTTER,2
CORONARY ARTERY DISEASE; CARDIOMYOPATHY,2
DOG BITE,2
CORONARY ARTERY DISEASE\BENTALL PROCEDURE/SDA,2
BILATERAL LEG FRACTURES,2
S/P MCC,2
ARTERIAL INSUFFICIENCY,2
RIGHT RENAL CALCULI;DIABETIC KETOACIDOSIS,2
DEEP VEIN THROMBOSIS/ S/P AVR\ REDO HEMI STRENOTOMY ARCH TO DESCENDING STENT,2
?PELVIC ABSCESS;TELEMETRY,2
TRICUSPID REGURGITATION\TRICUSPID VALVE REPLACEMENT,2
SEPTIC ENDOCARDITIS,2
CRITITCAL AORTIC STENOSIS,2
BILATERAL BREAST CANCER/SDA,2
SHINGLES,2
METASTASTIC BREAST CANCER TO LIVER/SDA,2
POST CARDIAC ARREST,2
RIGHT PARACOSTASL TUMOR/SDA,2
INTRA-ABDOMINAL HEMORRHAGE,2
SHORT GUT SYNDROME/SDA,2
LT HIP PAIN,2
AORTIC STENOSIS\AORTIC VALVE REPLACEMENT; LIMITED ACCESS/SDA,2
CIRRHOSIS-ASCITES,2
INTERCRANIAL HEMMORHAGE,2
LYMPHADENOPATHY;FEVER,2
CONGESTIVE HEART FAILURE;AORTICSTENOSIS,2
VENTRICULAR TACCHYCARDIA,2
VOCAL CORD EDEMA,2
CERVICAL CANCER,2
"AORTIC STENOSIS\AORTIC VALVE REPLACEMENT, RE-DO/SDA",2
LOWER GATROINTESTINAL BLEED,2
CHEST PVD,2
RESPIRATORY FAILURE;AIRWAY OBSTRUCTION,2
SEPTIC THROMBOPHLEBITIS,2
CHOLEYCYSTITIS,2
S/P SEIZURE,2
LIVER FAILURE-CHRONIC RENAL FAILURE,2
RENAL FAILURE/SDA,2
RIGHT CAROTID STENOSIS\RIGHT CAROTID ANGIOGRAM,2
ACITIC STENOSIS,2
TRAUMATIC INTRACRANIAL BLEED,2
ADNEXAL MASS,2
RIGHT PATELLA FX-LEFT FEMORAL NECK FX,2
TOE INFECTION,2
T12 FRACTURE,2
PROSTHETIC VALVE ENDOCARDITIS,2
SYMTOMATIC CAROTID STENOSIS,2
RENAL FAILURE;STATUS POST KIDNEY TRANSPLANT,2
CHEST PAIN; CARDIAC ISCHEMIA\LEFT HEART CATHETERIZATION,2
CHEST PAIN/SHORTNESS OF BREATH,2
URINARY TRACT INFECTION;RENAL FAILURE,2
AFIB\ PHARMACOLOGICAL/NONPHARMACOLOGICAL MANAGEMENT AFIB,2
MOTOR VEHICLE ACCIDENT\INJURIES;TELEMETRY,2
AORTIC ANEURYSM\ENDOVASCULAR THORACIC ANEURYSM REPAIR  ,2
PROSTATE CANCER,2
INFECTED LEFT FOOT;DIABETES,2
ASYSTOLE,2
DIABETIC FOOT ULCER;FEVER;TELEMETRY;METHICILLIN RESISTANT STAPH AUREUS,2
"26WKS,PIH,PREECLAMPSIA",2
PERIPHERAL VASCULAR DISEASE;SHORTNESS OF BREATH;CHEST HEAVINESS;ISCHEMIA;HYPERTENSION;DIABETES\CATH,2
BREAST CANCER RIGHT/SDA,2
PARATRACHEAL MASS/SDA,2
RESPRTORY DISTRESS,2
GUNSHOT WOUNDS,2
INTRAABDOMINAL BLEED,2
SEPSIS;LIVER FAILURE;SHORT GUT SYNDROME,2
ADENOCARCINOMA OF COLON/SDA,2
ACHALASIA,2
AV FISTULA/SDA,2
RIGHT PAROTID MASS/SDA,2
MYOCARDIAL INFARCTION;CHRONIC RENAL INSUFFICIENCY,2
R/O MYOCARDIAL INFARCTION-CHEST PAIN,2
RT FRONTAL CONTUSION,2
COAGULOPATHIC,2
MITRAL VALVE PROLAPSE\MITRAL VALVE REPLACEMENT; HEART PORT MINIMALLY INVASIVE/SDA,2
BLEEDING TRACHEOSTOMY,2
CHRONS,2
MYASTHENIA,2
RIGHT FRONTAL MASS/SDA,2
GUN SHOT WOUND TO FACE,2
"SHOCK,GI BLEED",2
CORONARY ARTERY DISEASE\CATH/STENT PLACEMENT,2
CORD INJURY,2
CHRONIC DIVERTICULITIS/SDA,2
HEMOLYTIC ANEMIA,2
CONGESTIVE HEART FAILURE;PNEUMONIA;RULE-OUT MYOCARDIAL INFARCTION,2
HYPOTENSION;URINARY TRACT INFECTION,2
FOREIGN BODY IN STOMACH,2
RIGHT ELBOW PAIN/SDA,2
"CONGESTIVE HEART FAILURE,CHRONIC OBSTRUCTIVE PULMONARY DISEASE",2
MEDIASTINAL ADENOPATHY\FLEXIBLE BRONCHOSCOPY; LINEAR ENDOBRONCHIAL ULTRASOUND (EBUS); FLUOROSCOPY; TRANSBRONCHIAL BIOPSY; TRANSBRONCHIAL NEEDLE ASPIRATION; BRONCHIAL ALVEOLAR LAVARGE ,2
"CELLULITIS,MENTAL STATUS CHANGE",2
S/P FALL;ALTERED MENTAL STATUS,2
S/P CATH;FOR SURGICAL REVASCULARIZATION\CATH,2
BILATERAL SUBDURAL HEMATOMA,2
R/O MYCOARDIAL INFARCTION,2
LEUKEMIA;SEPSIS;PNEUMONIA,2
LARYNGEAL MASS,2
MULTIFOCAL MOTOR NEUROPATHY,2
PERFORATION,2
PNEUMONIA VS. INFLUENZA,2
INTREPARENCHYMAL HEMORRHAGE,2
CELLULITIS;HYPOTENSION,2
THYROID NODULE/SDA,2
ELEVATED CREATININE-DEHYDRATION,2
ASYSTOLIC ARREST,2
MITRAL REGURGITATION\MITRAL VALVE REPLACEMENT MINIMALLY INVASIVE APPROACH/SDA,2
SYPHILIS,2
CAD/AS,2
ELEVATED LIVER FUNCTION TEST,2
PERI-RECTAL ABSCESS,2
LEFT HIP AVASCULAR NECROSIS/SDA,2
RENAL FAILURE; ALCOHOLIC HEPATITIS,2
RIGHT FRONTAL MASS,2
NON ST MYOCARDIAL INFARCTION,2
PERFORATED APPENDIX,2
CORONARY ARTERY DISEASE\CORONARY ARTERY BYPASS GRAFT; WITH MVR;MAZE/SDA,2
CORD COMPRESSION;ATRIAL FIBRILLATION;TELEMETRY,2
CEREBRAL ANUERYSM/SDA,2
STATUS POST MOTOR VEHICLE ACCIDENT WITH INJURIES;TELEMETRY,2
BLEEDING AV FISTULA,2
DIABETES MELLITUS;END STAGE RENAL DISEASE;ENDOCARDITIS,2
S/P VTACH,2
CONGESTIVE HEART FAILURE;MYOCARDIAL INFARCTION\CATH,2
NAUSEA W/VOMITING,2
MEDIASTINITIS,2
INTRACEREBRAL HEMORRHAGE;TELEMETRY,2
ENDOCARDITIS; BACTEREMIA,2
BLADDER BLEED;ANEMIA,2
COLON CARCINOMA/SDA,2
TRACHEOBRONCHEAL MALACIA,2
URINARY TRACT INFECTION; CHRONIC RENAL FAILURE,2
"BREAST CANCER, RIGHT/SDA",2
HYPOGLYCEMIC SEIZURE,2
DYSPNEA;PULMONARY EDEMA,2
SPLEENIC LACERATION,2
RIGHT FOOT CELLULITIS,2
S/P KIDNEY TRANSPLANT;FEVERS,2
PERICOLOSTOMY HERNIA,2
NAUSEA W\VOMITING;HYPERGLYCEMIA,2
TOOTH ABSCESS,2
"HYPERNATREMIA,HYPOTHERMIA",2
RIGHT FOOT GANGRENE,2
DYSPNEA;LIVER CANCER,2
LUDWIG ANGINA,2
MORBID OBESTIY/SDA,2
LEFT FRONTAL TUMOR/SDA,2
PERICARDIAL EFFUSION;TAMPONADE,2
RECTAL MALIGNANT NEOPLASM/SDA,2
SPLENOMEGALY/SDA,2
CORONARY ARTERY DISEASE;AORTIC STENOSIS;CONGESTIVE HEART FAILURE;PULMONARY EDEMA,2
ST ELEVATION\CATH,2
END STAGE LIVER & KIDNEY DISEASE,2
FRACTURED PLEVIS,2
DIPLOPIA,2
SYMPTOMATIC CAROTID STENOSIS,2
FAILED TRANSPLANT,2
CONGESTIVE HEART FAILURE;AORTIC STENOSIS\COREVALVE; AORTIC VALVE REPLACEMENT ,2
DIABETIC KETOACIDOSIS;,2
FEVER;ABDOMINAL PAIN,2
INTRACRANIAL HEMORRHAGE/HEMOTHORAX/SPINAL FX/S/P FALL,2
CORONARY ARTERY DISEASE\CORONARY ARTERY BYPASS GRAFTWITH MVR /SDA,2
INTRACRAINIAL BLEED,2
RIGHT LEG SARCOMA/SDA,2
BILIARY OBSTRUCTION\ERCP ,2
CHEST PAIN;CORONARY ARTERY DISEASE;RENAL INSUFFICIENCY\CATH,2
OA RIGHT HIP/SDA,2
ORAL SWELLING,2
S/P MOTOR VEHICLE ACCIDENT;DIAPHRAGMATIC RUPTURE,2
TRACHEO-BRONCHEO MALACEA\BRONCHOSCOPY RIGID;STENT REMOVAL,2
SPONDYLOLITHESIS/SDA,2
CA OF LARYNX/SDA,2
CONGESTIVE HEART FAILURE-R/O MYOCARDIAL INFARCTION,2
STAB WOUND TO NECK,2
CLAUDICATION RIGHT LOWER EXTREMITY/SDA,2
"STROKE,CEREBRAL EDEMA",2
FALL/PELVIC FRACTURE,2
HYPOVOLEMIA,2
LEFT KIDNEY STONE/SDA,2
SUBARCHNOID HEMORRHAGE,2
GANGRENE FOOT;CELLULITIS,2
STATUS POST COLECTOMY;ANASTOMOSIS LEAK,2
C2 FX,2
HPOGLYCEMIA,2
HYDROCEPHALUS/SDA,2
INFLUENZA,2
"FEVER, JAUNDICE",2
INFECTED RIGHT HIP/SDA,2
PANCREATIC CYST,2
CEREBELLAR HEMATOMA,2
BICYCLIST STRUCK,2
"S/P KIDNEY TX,PRE OP PANCREAS TX",2
CHEST ABSCESS,2
ENDOCARDITIS;OSTEOMYELITIS;DISCITIS,2
PNEUMONIA;ALTERED MENTAL STATUS; AFIB;RVR,2
MYELODYSPLASTIC SYNDROME\BONE MARROW TRANSPLANT ,2
LUNG DISEASE/SDA,2
PNEUMONIA;TRACHEOMALACIA,2
R.LEG ABCESS,2
FEVER-HYPOTENSION,2
MITRAL VALVE ENDOCARDITIS,2
CERVICAL INSTABILITY;FAILED HARDWARE,2
CORONARY ARTERY DISEASE\ANGIOPLASTY AND STENT,2
T4 COMPRESSION FX/SDA,2
MI/DKA,2
"MI, CHF",2
BLEEDING FROM TRACH,2
FB ESOPHAGUS,2
BLEEDING HEPATOMA,2
HEART FAILURE;PNEUMONIA,2
CA,2
ASCENDING AORTIC ANEURYSM\BENTALL PROCEDURE/SDA,2
FRONTAL ICH,2
FEVER;CHEST PAIN;TELEMETRY,2
PNA,2
S/P GUN SHOT WOUND TO HEAD,2
OVERDOSE;S/P FALL,2
OVARIAN CANCER;BOWEL OBSTRUCTION,2
CRONIC OBSRUCTIVE PULMONARY DISEASE;LUNG ABCESS,2
INTRA ABDOMINAL ABSCESS,2
SAH;SDH,2
CORONARY ARTERY DISEASE\CORONARY ARTERY BYPASS GRAFT; W/MVR/SDA,2
AORTIC STENOSIS;ATRIAL FIBRILLATION;CONGESTIVE HEART FAILURE\CATH,2
CADS/P CABG\CX ANGIOPLASTY AND STENT,2
MANDIBLE FRACTURE,2
AORTIC STENOSIS\AORTIC VALVE REPLACEMENT; W/ ATRIACURE MAZE,2
CORONARY ARTERY DISEASE\CORONARY ANGIOGRAM,2
CA OF ESOPHAGUS/SDA,2
PERICARDIAL EFFUSION\PERICARDIAL CENTESIS,2
"FEVER, ABDOMINAL PAIN",2
HEMORRHAGIC CEREBRAL VASCULAR ACCIDENT,2
METASTATIC LUNG CA/SDA,2
CONGESTIVE HEART FAILURE;RESPIRATORY FAILURE;SEVERE AS,2
LEFT TEMPORAL MASS,2
ALTERED MENTAL STATUS;R/O MENINGITIS,2
SOFT TISSUE MASS,2
AORTIC STENOSIS\AORTIC AND MITRAL VALVE REPLACEMENT ,2
PNA/SEPSIS,2
"ASTHMA, COPD EXACERBATION",2
CHRONIC RENAL FAILURE ;KIDNEY PANCREAS TRANSPLANT,2
CARDIOMYOPATHY; HEART BLOCK\BIVENTRICULAR PACEMAKER IMPLANTATION,2
CHEST PAIN R/O MI,2
ASTHMA EXACERBATION;CHRONIC OBST PULM DISEASE,2
AORTIC VALVE INSUFFIENCY\CORONARY ARTERY BYPASS GRAFT WITH AVR /SDA,2
ANGINA\LEFT HEART CATH,2
ATRIAL FIBRILLATION\PHARMACOLOGICAL / NON PHARM MGMT AFIB ABLATION **REMOTE WEST** /SDA,2
TIBIA FRACTURE,2
PNEUMONIA;RESPIRATORY DISTRESS,2
AORTIC STENOSIS\AORTIC VALVE ? ASCENDING AORTA REPLACEMENT /SDA,2
HEPATORENAL SYNDROME HEMETEMSIS,2
COLON PERF,2
R PTX,2
METASTATIC RENAL CELL CARCINOMA\INTERLEUKIN HIGH DOSE,2
PNEUMONIA-R/O TB,2
C-SPINE INJURY,2
PRE TERM CONTRACTIONS;31 WEEKS,2
ACUTE RENAL FAILURE;LLL PNEUMONIA,2
BOOP SYNDROME,2
HYPOTENSION;ANEMIA,2
ACUTE CVA;TELEMETRY,2
ABDOMINAL WOUND INFECTION,2
SEVERE AS\AORTIC VALVE REPLACEMENT,2
SEPSIS;CHOLANGITIS,2
ABDOMINAL ABSCESS;TELEMETRY,2
"S/P FALL, S/P R/O MI",2
"SEPSIS, PNEUMONIA",2
NEAR SYNCOPE,2
SEVERE MITRAL REGURGITOTION:MITRAL VALVE REPLACEMENT\MITRAL VALVE REPLACEMENT,2
DRUG REFRACTORY ATRIAL FIBRILLATION\PULMONARY VEIN ISOLATION **REMOTE WEST** /SDA,2
LEUKEMIA VS LYMPHOMA;ANEMIA,2
THORACIC ABDOMINAL ANEURYSM,2
KLATSKIN TUMOR,2
ATRIAL FIBRILLATION\BILATERAL THORACOSCOPIC MINI MAZE PROCEDURE WITH LEFT ATRIAL APPENDAGE RESECTION BILATERAL/SDA,2
AORTIC STENOSIS\AORTIC VALVE REPLACEMENT MINIMALLY INVASIVE /SDA,2
S/P CVA;FEVER OF UNKNOWN ORIGEN,2
TACHYCARDIA;TELEMETRY,2
RIGHT FRONTAL BLEED,2
AORTIC ANEURYSM\CATH,2
CEREBELLAR ICH,2
GI BLEED;ANEMIA,2
HYPONATREMIA;GENERAL WEAKNESS,2
CHOLANGIOCARCINOMA,2
RECTAL ABSCESS,2
INDUCTION,2
SAH;TELEMETRY,2
GASTROINTESTINAL BLEED-ADVANCED LIVER FAILURE,2
ATRIAL FIBRILLATION\THORACOSCOPIC MAZE PROCEDURE BILATERAL/SDA,2
PLEURAL EFFUSION;ELEV INR,2
AORTIC ABDOMINAL ANEURYSM/SDA,2
HEMOPTYSIS;PNEUMONIA,2
TRACHEAL CANCER,2
T12 SPINAL CORD COMPRESSION/SDA,2
ANASTOMATIC LEAK,2
BACTERIAL ENDOCARDITIS;TELEMETRY,2
LIVER CANCER;SEVERE MUCUSITIS,2
LEG FRACTURE,2
RESPIRATORY FAILURE;SEPSIS,2
SUBDURAL HEMORRHAGE;SUBARACHNOID HEMATOMA;FALL,2
CLOSED LOOP OBSTRUCTION,2
LUNG CANCER;HEMOPTYSIS,2
MYOCARDIAL INFARCTION;UNSTABLE ANGINA,2
METASTATIC COLON CA/SDA,2
CHOLECYSITIS,2
RIGHT LUNG CA,2
ALTERED MENTAL STATUS;POST PROCEDURE ENDOSCOPIC RETROGRADE CHOLANGIOPANCREATOGRAPHY,2
ST ELEVATION MYOCARDIAL INFARCTION\CARDIAC CATH,2
"AS,\  REDO STERNOTOMY AVR; ASCENDING AORTIC ARCH REPLACEMENT",2
PSYCHOSIS,2
"CHEST PAIN,SHORTNESS OF BREATH",2
PERICARDIAL EFFUSION\PERICARDIAL TAP/SDA,2
DEPRESSION,2
GANGRENOUS CHOLECYSTITIS,2
ASTHMA;EXACERBATION,2
ALTERED MENTAL STATUS;ACUTE RENAL FAILURE,2
"DIARRHEA,DEHYDRATION",2
"PNEUMONIA,HOSPITAL VS COMMUNITY ACQUIRED",2
"ACUTE,MI\CATH",2
OVARIAN MASS;PULMONARY EMBOLISM,2
BRBPR/BLOOD LOSS ANEMIA,2
INFECTED BIVENTRICULAR IMPLANTABLE CARDIOVERTER DEFIBRILLATOR,2
MI\CATH,2
CERVICAL SPINE INJURY,2
FEVER;LINE SEPSIS,2
BILATERAL HIP FRACTURE,2
LYMPHOMA/SPINAL CORD COMPRESSION,2
HODGKINS DISEASE\BONE MARROW TRANSPLANT,2
TRAUMATIC ARREST,2
MYOCARDIAL ISCHEMIA,2
FACIAL CELLULITIS,2
MITRAL REGURGITATION\MINIMALLY INVASIVE MITRAL VALVE REPAIR VS REPLACEMENT/SDA,2
AMPULARY ADENOMA/SDA,2
+\INITIATE DIALYSIS,2
HYPOTENSION; UNSTABLE ANGINA,2
ANTERIOR COMMUNICATING ANEURYSM/SDA,2
NEUROSAICOIODOSIS,2
CARDIAC ISCHEMIA\CARDIAC CATH,2
AMPULLARY CANCER/SDA,2
"UROSEPSIS,PNEUMONIA,COLITIS",2
ABDOMINAL PAIN;CHOLANGITIS,2
BASAL STEM STROKE,2
"FEVER,S/P CHEMO",2
ATHEROSCLEROSIS WITH CLAUDICATION/SDA,2
SUBARACHNOID HEMMORRHAGE,2
METASTATIC MELANOMA\CHEMOTHERAPY (HD-IL2),2
CAROTID ARTERY STENOSIS\CAROTID STENT,2
OBSTRUCTIVE PNEUMONIA,2
MYOCARDIAL INFRACTION,2
CHF VS;MULTIFOCAL PNA,2
MENTAL STATUS CHANGES/ FEVER,2
ACUTE RENAL FAILURE;VOMITING;DIARRHEA;TELEMETRY,2
ATRIAL FIBRILLATION;CONGESTIVE HEART FAILURE,2
RESPIRATORY FAILURE;LUNG CANCER,2
DIABETIC FOOT,2
LERYAGEAL CA/CAROTID INJURY,2
 CHEST PAIN,2
AR\AORTIC VALVE REPLACEMENT/SDA,2
DEHYDRATION;JAUNDICE,2
DYSTONIA\REPLACEMENT GJ-TUBE ** REMOTE WEST INR SUITE **        ,2
CO2 NARCOSIS,2
"ANEMIA, PNEUMONIA",2
CORONARY ARTERY DISEASE;TELEMETRY\BALOON PUMP,2
CHEST PAIN;CONGESTIVE HEART FAILURE\CATH,2
TRANSPLANT REJECTION,2
HYPERTROPHIC CARDIOMYOPATHY\ETHANOL SEPTAL ABLATION/SDA,2
AGITATION,2
FTT,2
PHARYNGEAL ABSCESS,2
SEPSIS;RESPIRATORY FAILURE;TELEMETRY,2
RULE-OUT MYOCARDIAL INFRACTION,2
ANEURYSM /SDA,2
RULE-OUT MYOCARDIAL INFARCTION;TELEMETRY;HYPERTENSION,2
"ASCITES, HYPOGLYCEMIA",2
INFECTED PANCREATIC PSEUDOCYST,2
ABDOMINAL PAIN.,2
ADENOPATHY,2
BRAIN MASS;S/P FALL,2
VENOUS THROMBOSIS,2
PERIPHERAL EDEMA,2
ESLD;ANEMIA;RENAL FAILURE,2
"MI,CHF,CRI\LEFT HEART CATHETERIZATION",2
PNEUMONIA;S/P CARDIAC ARREST,2
ST ELELEVATION MI,2
SMALL BOWEL OBSTRUCTION;ACUTE CHOLEYCYSITIS,2
TRACHEO-BRONCHEAL MALACEA/SDA,2
ATRIAL FIBRILLATION\PULMONARY VEIN ISOLATION  **REMOTE WEST**,2
BRBPR,2
CORONARY ARTERY DISEASE;MYOCARDIAL INFARCTION\CATH;STENT PLACEMENT,2
NEW CVA,2
SUBDURAL HEMORRHAGE;CLAVICLE FRACTURE,2
MITRAL REGURGITATION;CHF,2
BREAST CANCER;PNEUMONIA,2
SYNCOPY C2 FRACTURE,2
FOCAL NODULAR HYPERPLASIA/SDA,2
RELL CELL METASTASIS/SDA,2
HEMATURIA;ANEMIA;ST ELEVATED MYOCARDIAL INFARCTION,2
SEPSIS;UNRESPONSIVE,2
SEVERE MITRAL REGURGITATION\CARDIAC CATHETERIZATION,2
SEVERE SEPSIS,2
L. HIP FRACTURE; RF; ANEMIA,2
ATRIAL FIBRILLATION;RVR,2
"FEVER,VOMITING",2
LIVER LESION\RADIO FREQUENCY ABLATION OF LIVER **REMOTE WEST**,2
LOW HEMATOCRIT,2
LIVER HEMATOMA,2
PULMONARY NODULES,2
ANGINA PECTORIS\LEFT HEART CATHETERIZATION,2
SEPSIS; RENAL FAILURE,2
BILATERAL PULMONARY EMBOLIS,2
COLD FOOT,2
GI BLEED;TELEMETRY,2
"RT PLEURAL EFFUSION,R/O CA",2
THUMB AMPUTATION,2
SUBDURAL HAMATOMA,2
SEVERE ISCHEMIA,2
PNA AND HEAD BLEED,2
TIBIAL PLATEAU FRACTURE,2
AORTIC VALVE INSUFFICIENCY\AORTIC VALVE / ASCENDING AORTA REPLACEMENT /SDA,2
TTP ,2
GRAFT INFECTION,2
LIVER FAILURE;LIVER TRANSPLANT,2
ACUTE LYMPHOCYTIC LEUKEMIA,2
LEFT CEREBRAL ANEURYSM/SDA,2
RULE-OUT MYOCARDIAL INFARCTION;TELEMETRY;PNEUMONIA,2
INTRACRANIAL HEMORRAGE,2
"CAD, RENAL FAILURE",2
PANCREATIC CANCER;EDEMA,2
INTRCRANIUM BLEED,2
URINARY TRACT INFECTION;SEIZURE,2
HAND INJURY,2
"S/P TRAUMA,BASILAR SKULL FRACTURE",2
ALCOHOLIC KETOACIDOSIS,2
RT LEG ISCHEMIA,2
FEMUR FRACTURE;ELBOW FRACTURE,2
BILATERAL PNEUMONIA;SHORTNESS OF BREATH,2
S/P BOWEL PERFORATION/SDA,2
PNEUMONIA;EFFUSION,2
ROMI,2
SPINAL METASTASIS/SDA,2
SEPSIS-S/P ARREST,2
NON HEALING LEFT LEG ULCER,2
LIVER AND RENAL FAILURE,2
"ACUTE RENAL FAILURE, CIRRHOSIS",2
LEFT FOOT GANGRENE,2
CHOLECYSITITS,2
THORACIC MYELOPATHY/SDA,2
WET GANGRENE,2
CIRRHOSIS;PANCREATITIS,2
HYPOXIA;PNEUMONIA,2
ISCHEMIC ULCER R GREAT TOE;DIABETES,2
AORTIC STENOSIS\AVR; ? CORONARY ARTERY BYPASS GRAFT ,2
ADENEXAL MASS,2
"FEVER,PNEUMONIA",2
S/P FALL;ICH,2
ASCENDING THORACIC AORTIC ANEURYSM\BENTALL PROCEDURE/SDA,2
HYPOTENSION; GI BLEED,2
FOOT INFECTION,2
RIGHT LUNG LESION\RADIO FREQUENCY ABLATION RIGHT LUNG W/BIOPSY/SDA,2
CORONARY ARTERY DISEASE\AORTIC VALVE REPLACEMENT; ? CORONARY ARTERY BYPASS GRAFT/SDA,2
NON-ST SEGMENT ELEVATION MYOCARDIAL INFARCTION;PEUMONIA\CATH,2
? SMALL BOWEL OBSTRUCTION,2
BRAIN CONTUSION,2
LEFT CAROTID STENOSIS,2
"CHRONIC AORTIC DISSECTION\RESECTION AORTIC ASCENDING ANEURYSM, CIRCULATORY ARREST",2
LEFT CEREBRAL VASCULAR ACCIDENT,2
LUNG TUMOR/SDA,2
R/O HYDROCEPHALUS,2
RESPIRATORY FAILURE; HYPOTENSION,2
MASTOCYTOSIS FLARE,2
UNSTABLE ANGINA;+ETT\CATH,2
"CHF,PNEUMONIA",2
PNEUMONIA-COPD,2
T9-T10 VERTEBRAL OSTEOMYELITIS,2
CEREBRAL INFARCT,2
ATRIAL FIBRILLATION\ AFIB ABLATION,2
IDDM,2
C1 FX,2
ACUTE RENAL FAILURE;HYPERNATREMIA;MENTAL STATUS CHANGES,2
PELVIS FRACTURE,2
ELECTROLYTE IMBALANCE,2
ASTHMA/COPD FLARE,2
SPINE FRACTURES; CP; SAH,2
POSSIBLE GASTRINTESTINAL BLEED,2
FLUID OVERLOAD;?INFECTION;SHORTNESS OF BREATH,2
ISCHEMIC LEFT FOOT/SDA,2
AORTIC STENOSIS\BENTAL PROCEDURE ,2
DIABETES KETOACIDOSIS,2
CAROTID STENOSIS\CAROTID ANGIOGRAM/STENT PLACEMENT,2
MITRAL VALVE RUPTURE,2
R/O VIRAL HEPATITIS,2
S-T ELEVATION MYOCARDIAL INFARCTION\CATH,2
BRAIN ANEURYSM /SDA,2
DIABETIC KETOACIDOSIS;ACUTE RENAL FAILURE,2
FEVER;NRUTROPENIA,2
CONGESTIVE HEART FAILURE;MYOCARDIAL INFARCTION;TELEMETRY,2
S/P RIGHT SIDE CRANIOTOMY,2
MULTIPLE FRACTURE;S/P PED. STRUCK,2
CONGESTIVE HEART FAILURE;CORONARY ARTERY DISEASE\CATH,2
CERVICAL SPINAL CORD COMPRESSION,2
MULTIPLE FALLS,2
BILATERAL LUNG INFILTRATES,2
R/O MYOCARDIAL INFARCTION-CONGESTIVE HEART FAILURE,2
ACUTE LYMPHOBLASTIC LEUKEMIA,2
ACUTE MI\CATH,2
ANAPHYLAXIS;TELEMETRY,2
HEROIN OVERDOSE,2
HEPATITIS;ASCITES,2
CLAUDICATION LEFT LEG/SDA,2
ZENKER'S DIVERTICULUM/SDA,2
ABDOMINAL PAIN;SHORTNESS OF BREATH;ELEVATED LIVER FUNCTION TEST,2
CHEST PAIN/UNSTABLE ANGINA,2
RIGHT FOOT ULCER-CELLULITIS-DIABETES,2
CORONARY ARTERY DISEASE;MITRAL VALVE DISEASE,2
RIGHT LUNG CANCER,2
RECURRENT BRAIN TUMOR/SDA,2
PAPILLARY RUPTURE,2
RIGHT PARIETAL BRAIN TUMOR/SDA,2
RIGHT HIND FOOT ARTHRITIS/SDA,2
ETOH WITHDRAWAL;PNEUMONIA,2
FEVER; NEUTROPENIA,2
CORONARY ARTERY DISEASE\MITRAL VALVE REPLACEMENT/SDA,2
RIGHT LEG PAIN,2
NECROTIC TOE,2
CONGESTIVE HEART FAILURE-PNEUMONIA,2
BLEEDING AT TRACH SITE,2
FEBRILE SYNDROME;DIALYSIS,2
DYSNEA,2
HERNIATED DISK,2
METASTATIC CA TO SPINE; T SPINE FX,2
S/P MOTOR VEHICLE ACCIDENT;TELEMETRY,2
COPD EXACERBATION;TELEMETRY,2
PANCREAS TX,2
CONGESTIVE HEART FAILURE;S/P AVR,2
RIGHT MCA STROKE,2
IDIOPATHIC CARDIOMYOPATHY;VENTRICULAR TACHYCARDIA;CONGESTIVE HEART FAILURE,2
SEIZURES;TELEMETRY,2
ULCER;IV ANTIBIOTICS,2
TRAUMATIC BRAIN INJURY/SDA,2
HYPOTENSION;PRE-SYNCOPE,2
FALL;SUBARACHNOID HEMATOMA,2
ARTERIOVEOUS MALFORMATION,2
S/P KIDNEY TRANSPLANT;FEVER,2
LEFT SIDED WEAKNESS,2
"PNEUMOTHORAX,INTRACRANIAL HEMORRHAGE",2
INFLUENZA LIKE ILLNESS,2
PNEUMONIA;HEART FAILURE,2
RIGHT LEG WEAKNESS,2
DESCENDING THORACIC AORTIC ANEURYSM,2
DEHYDRATION-NAUSEA-VOMITING,2
PNEUMONIA;RULE-OUT INFLUENZA,2
LEFT BRAIN TUMOR/SDA,2
SUBARACHNOID HEMORRHAGE;SUBDURAL HEMATOMA,2
MYOCARDIAL INFARCTION;CHEST PAIN\CARDIAC CATH,2
AORTIC STENOSIS\AORTIC VALVE / ? ASCENDING AORTA REPLACEMENT /SDA,2
GOITER MULTINODULAR/SDA,2
CORONARY ARTERY DISEASE;MITRAL REGURGITATION\CATH,2
S/P NECK EXPLORATION,2
NEC PANCREATITIS,2
SYNCOPY,2
UNSTABLE ANGINA-ACUTE PULMONARY EDEMA,2
MITRAL INSUFFICIENCY\MITRAL VALVE REPLACEMENT /SDA,2
"S/P MVA,R/O MI",2
BILATERAL SAH,2
"SHORTNESS OF BREATH, HYPOTENSION",2
HERNIATED DISC,2
GALSTONE PANCREATITIS,2
"OSTEOARTHRITIS, RIGHT KNEE/SDA",2
INFLUENZA;PNEUMONIA,2
MIDDLE CEREBRAL ARTERY ANEURYSM,2
CORONARY ARTERY DISEASE;MYOCARDIAL INFARCTION\CARDIAC CATH,2
KIDNEY BLEED,2
HYPOTENSION;CHEST PAIN,2
FEVER;URINARY TRACT INFECTION,2
? THYROID STORM,2
"MS CHANGES,HX LUNG CANCER",2
PULMONARY EMBOLISM;SUBDURAL HEMATOMA,2
RO MI;PNEUMONIA,2
FRACTURE,2
SDH/SAH,2
AORTIC STENOSIS;CARDIAC ARREST,2
AORTIC STENOSIS\AVR ? CORONARY ARTERY BYPASS GRAFT /SDA,2
SCROTAL INFECTION,2
SEPTIC RIGHT KNEE;CHRONIC OBST PULM DISEASE;CORONARY ARTERY DISEASE,2
SYNCOPE;TELEMETRY;HIP FRACTURE,2
GI BLEED/ CHEST PAIN,2
HIP FRACTURE;TELEMETRY,2
AORTIC STENOSIS;PRESYNCOPE,2
CONCUSSION,2
DELIRIUM TREMORS,2
LOWER EXTREMITY EDEMA,2
ST SEGMENT ELEVATION MYOCARDIAL INFARCTION\CARDIAC CATH,2
ABDOMINAL ANEURYSM/SDA,2
RENAL FAILURE;HYPERKALEMIA,2
TRACHAEL STENOSIS,2
ATRIAL SEPTAL DEFECT,2
PERFORATED GASTRIC ULCER; HYPOTENSION,2
"HYPOXIA, RESPIRATORY FAILURE",2
EXPLORATORY LAPORATOMY,2
ATRIAL FIBRILLATION;TELEMETRY;RVR,2
?STERNAL ISSUES\STERNUM REVISION ? PLATING/SDA,2
RESP. FAILURE,2
SUPRAVENTRICULAR TACHYCARDIA\CATH,2
RIGHT UPPER LOBE MASS/SDA,2
CORONARY ARTERY DISEASE\AORTIC VALVE REPLACEMENT ,2
ARF/ABD PAIN,2
SUBDURAL HEMATOMA;INTRAPARENCHYMAL HEMORRHAGE,2
"CHEST PAIN,HYPOTENSION",2
SUPRAGLOTTITIS,2
GASTRINOMA/SDA,2
SMALL BOWEL TUMOR/SDA,2
"PNA, RECTAL BLEEDING",2
THROMBOTIC THROMBOCYTOPENIC PURPURA,2
FEVER;DEHYDRATION,2
AORTIC VALVE ENDOCARDITIS,2
CONGESTIVE HEART FAILURE;ANGINA\CATH,2
RUE PAIN;SWELLING,2
VEIN GRAFT STENOSIS,2
MOTOR VEHICLE COLLISION,2
REPSIRATORY DISTRESS\BRONCHOSCOPY FLEXIBLE ,2
VASCULITIS,2
CORONARY ARTERY DISEASE\CORONARY ARTERY BYPASS GRAFT ? MVR /SDA,2
CHEST PAIN;+STRESS TEST\CATH,2
PNEUMONIA; SEPSIS,2
DEFIB FIRING,2
CEREBRAL ANEURYSM\ CEREBRAL ANGIOGRAM; COILING/SDA,2
HEPATIC ARTERY STENOSIS/SDA,2
INTRACRANIAL TUMOR,2
ABDOMINAL WALL BLEEDING,2
HEMANGIOMA,2
JOINT EFFUSION,2
S/P FALL-INTRACRANIAL HEMORRHAGE,2
N/V/D,2
UNSTABLE ANGINA;CONGESTIVE HEART FAILURE,2
CORONARY ARTERY DISEASE\CORONARY ARTERY BYPASS GRAFT  ** NO ASSESSMENT NEEDED **,2
RULE OUT GUILLAIN BARRE SYNDROME;TELEMETRY,2
POST OPERATIVE BLEEDING,2
RETROPERITONEAL ABSCESS,2
S/P HEAD INJURY,2
RESPIRATORY FAILURE;METHICILLIN RESISTANT STAPH AUREUS,2
LEFT LOWER EXTREMITY GANGRENE/SDA,2
PNEUMONIA;? CHF,2
OBSTRUCTIVE SLEEP APNEA /SDA,2
RIGHT ARM LACERATION,2
UPPER GASTRO INTESTINAL BLEED,2
TRACHEAL MALACEA,2
PNEUMONIA-HYPERGLYCENIA,2
SARCOMA/SDA,2
CORONARY ARTERY DISEASE\CORONARY ARTERY BYPASS GRAFT WITH AVR; LEFT ATRIAL APPENDAGE LIGATION,2
ABDOMINAL FLUID COLLECTION,2
METATASTIC LEFT NECK MELANOMA; THYROID CA/SDA,2
GI BLEED;JAUNDICE,2
NORMAL PRESSURE HYDROCEPHALUS/SDA,2
"MORBID OBESITY, CHOLELITHIASIS/SDA",2
FEVER-CELLULITIS,2
ENCEPHALOPATHY;TELEMETRY,2
RULE OUT MYOCARDIAL INFARCTION,2
CNS MASS,2
"PNEUMONIA,CHEST PAIN,RENAL FAILURE",2
ATRIAL FIBRILLATION\PHARMACOLOGICAL / NON PHARM MGMT AFIB ABLATION  **REMOTE WEST**,2
3 VESSEL CORONARY ARTERY DISEASE,2
AAA/SDA,2
GANGRENE/SDA,2
CORONARY ARTERY DISEASE\CORONARY ARTERY BYPASS GRAFT AND RF MAZE /SDA,2
PANCREAS FAILURE,2
CONGESTIVE HEART FAILURE; ATRIAL FLUTTER/FIBRILLATION; LEFT BUNDLE BRANCH BLOCK\ATRIAL FLUTTER ABLATION + BIVENTRICULAR ICD IMPLANTATION,2
SUBARACHNOID HEMORRHAGE;ANEURYSM,2
FEVER;PANCYTOPENIA,2
DRUG REFRACTORY ATRIAL FIBRILLATION\PULMONARY VEIN ISOLATION  **REMOTE WEST** **JET VENTILATION**/SDA,2
SEPSIS;CHRONIC OBST PULM DISEASE,2
CHOLANGITIS\ERCP,2
T12 BURST FRACTURE,2
DEHYDRATION-RULE OUT SEPSIS,2
OBSTRUCTIVE JAUNDICE;CHOLANGIOCARCINOMA,2
HYPERK,2
LEG INFECTION,2
"A-FIB,R/O MI",2
"CELLULITIS,SEPSIS",2
"HYPONATREMIA,PNEUMONIA,DEHYDRATION",2
SDH;SAH,2
HEAD INJURY;S/P FALL,2
CHRONIC IMMUNE DEMYELINATING POLYNEUROPATHY,2
METASTATIC RECTAL CANCER TO LIVER/SDA,2
AORTIC STENOSIS\ AORTIC VALVE REPLACEMENT/SDA,2
UTI;PYLONEPHRITIS,2
GOITER,2
MULTIPLE TRAUMA;S/P MOTOR VEHICLE ACCIDENT,2
ULCER,2
CLAUDICATION /SDA,2
SDH;TELEMETRY,2
LEAKING ANEURYSM,2
VISION LOSS,2
FB IN ESOPHAGUS,2
LEFT MCA ANEURYSM/SDA,2
"NUTRITIONAL DEFICIT,WEIGHT LOSS",2
BRAIN CANCER,2
PYLONEPHRITIS,2
SYNCOPE/HEAD INJURY,2
SUBMANDIBULAR ABSCESS,2
DESCENDING THORACIC AORTA\ AORTIC VALVE REPLACEMENT W/ ASCENDING AORTIC GRAFT BYPASS TO THORACIC DESCENDING AORTA/SDA,2
AORTIC STENOSIS\AORTIC VALVE REPLACEMENT;MITRAL VALVE REPLACEMENT;TRICUSPID VALVE REPLACEMENT; ?/SDA,2
BILATERAL SUBDURAL HEMATOMAS,2
METASTATIC MELANOMA;BOWEL OBSTRUCTION,2
BLADDER TUMOR,2
LEFT LEG INFECTION,2
HYPOTHERMIA;TELEMETRY,2
"ARF,HYPERKALEMIA",2
INTRACRANIAL HEMORRHAGE;FACIAL FRACTURES,2
L2 FRACTURE,2
SVT,2
END STAGE LIVER DISEASE;LIVER TRANSPLANT,2
PARAPHARYNGEAL ABSCESS,2
PCOM ANEURYSM/SDA,2
GI BLEEDING,2
HEPATIC HYDROTHORAX,2
CERVICAL SPONDYLOTIC MYELOPATHY/SDA,2
METASTATIC BRAIN LESIONS,2
CONGESTIVE HEART FAILURE;RESPIRATORY DISTRESS,2
CONGESTIVE HEART FAILURE;S/P CABG,2
CAD;,2
THORACO AAA/SDA,2
LUNG MASS;HEMOPTYSIS,2
URINARY TRACT INFECTION;SEPSIS,2
LIVER HEMORRHAGE,2
CORONARY ARTERY DISEASE\ANGIOPLASTY WITH BRACHY THERAPY,2
INTERSTITIAL PULMONARY FIBROSIS,2
RESPITORY FAILURE,2
S/P LIVER TX; FEVER; MALAISE,2
HYPOXIA;SHORTNESS OF BREATH,2
RIGHT FIB & TIB FRACTURE,2
DRUG REFRACTORY ATRIAL FIBRILLATION\PULMONARY VEIN ISOLATION **REMOTE WEST**/SDA,2
PERFORATED VISCOUS,2
LACTIC ACIDOSIS,2
"ELEVATED LFTS, PANCREATITIS",2
INTRAPARENCHYMAL HEMORRHAGE;S/P MOTOR VEHICLE ACCIDENT;?BRAIN MASS,2
ABDOMINAL PAIN;NEUTROPENIA,2
SHORTNESS OF BREATH;RULE-OUT MYOCARDIAL INFARCTION;TELEMETRY,2
CORONARY ARTERY DISEASE;MR\CORONARY ARTERY BYPASS GRAFT; WITH MVR/SDA,2
? SEPSIS,2
NON Q WAVE MYOCARDIAL INFARCTION,2
INTRAPARYNCHMAL BLEED,2
FISTULA,2
GASTROINTESTINAL BLEED;RULE-OUT MYOCARDIAL INFARCTION;TELEMETRY,2
CONFUSION-HYPOGLYCEMIA,2
VF ARREST\CATH,2
HYPEERKALEMIA,2
GI BLEEDING\COLONOSCOPY,2
URINARY TRACT INFECTION;HYPOTENSION,2
MITRAL VALVE INSUFFICIENCY\MITRAL VALVE REPLACEMENT REDO; ? AORTIC VALVE REPLACEMENT ,2
GASTROINTESTINAL BLEED;ISCHEMIC BOWEL,2
ACUTE CEREBRAL VASCULAR ACCIDENT,2
"CHF, PNEUMONIA",2
"MS CHANGE, DEHYDRATION",2
UTERINE MALIGNANCY/SDA,2
UNABLE TO WALK/WEAKNESS,2
STEMI\CARDIAC CATHERIZATION,2
LEFT ANKLE FRACTURE,2
"CORONARY ARTERY DISEASE\CORONARY ARTERY BYPASS GRAFT, ? MVR /SDA",2
"NEW BRAIN MASS, CONFUSION, SEIZURES",2
ASA OVERDOSE,2
APML,2
AORTIC INSUFFIENCY\CATH,2
CORONARY ARTERY DISEASE\CORONARY ARTERY BYPASS GRAFTWITH AVR /SDA,2
PNEUMONIA-R/O MYOCARDIAL INFARCTION,2
ANGIEDEMA,2
DUODENAL ULCER,2
DECOMPENSATED CIRRHOSIS,2
LIVER FAILURE;CIRRHOSIS,2
ETOH ABUSE,2
ELEVATED LIVER FUNCTION TESTS,2
COMPLICATED LABOR,2
PNEUMONIA;RHABDOMYLOSIS,2
PANCREATITIS\ERCP,2
"SPINAL FRACTURE,S/P FALL",2
ANTERIOR CERVICAL COLLECTION,2
S/P MULTIPLE STAB WOUNDS,2
PEDISTRIAN STRUCK;SUBARACHNOID HEMATOMA,2
ESOPHAGEAL TEAR,2
CHOLEDOCO CYST\ERCP **EAST REMOTE - G.I. ST4**,2
ACUTE RESPIRATORY DISTRESS,2
MENTAL STATUS CHANGES;HYPOTENSION,2
HYPERCABRIC RESPIRATORY FAILURE,2
? ENDOCARDITIS,2
PELVIS AND BILATERAL WRIST FRACTURES,2
HEPATIC ENCEPHALOPAHTY,2
INTRACRANIAL BLEED;ETOH ABUSE,2
ELEVATED WBC,2
LIVER AND KIDNEY FAILURE,2
RIGHT PLEURAL EFFUSION;MULTIPLE PULMONARY EMBOLI,2
"AIRWAY OBSTRUCTION, LUNG CANCER\ RIGID BRONCHOSCOPY W/ STENT REMOVAL",2
SEPSIS-PNEUMONIA,2
PENETRATING TRAUMA,2
AORTIC & MITRAL INSUFFICENCY\AORTIC AND MITRAL VALVE REPLACEMENT REDO ,2
LEFT RENAL STONE/SDA,2
RIGHT UPPER LOBE PNEUMONIA,2
ARTERIAL THROMBOSIS,2
FAILED LEFT TOTAL KNEE REPLACEMENT /SDA,2
INFECTED LEFT LEG WOUND,2
? CVA,2
INTERIOR MYOCARDIAL INFARCTION,2
LIVER FAILURE;JAUNDICE,2
PNEUMOTHORAX;HIATAL HERNIA,2
RIGHT SIDED PNEUMONIA,2
DIABETES MELLITUS;HYPERTENSION,2
CORONARY ARTERY DISEASE;HYPERTENSION;PERIPHERAL VASCULAR DISEASE\CATH,2
POSTERIOR MYOCARDIAL INFARCTION\CATH,2
ATRIAL SEPTAL DEFECT\ REPAIR ATRIAL SEPTAL DEFECT; LIMITED ACCESS/SDA,2
UROSEPSIS;PNEUMOTHORAX,2
SMALL BOWEL OBSTRUCTION                                                                                                                                                                                 ,2
MEDIASTINAL ADENOPATHY,2
HYPOTENSION;UNRESPONSIVE,2
CORONARY ARTERY DISEASE;CARDIAC ISCHEMIA\CARDIAC CATH,2
RENAL ARTERY STENOSIS\RENAL ANGIOGRAM,2
RIGHT BREAST CA/SDA,2
CORONARY ARTERY DISEASE;HYPERTENSION\CATH,2
CHEST PAIN;SHORTNESS OF BREATH,2
TONGUE CA/SDA,2
CEREBELLAR CVA,2
CHOLEDOCHOLITHIASIS/SDA,2
CONGESTIVE HEART FAILURE\TRANSCATHETER AORTIC VALVE IMPLANT (TAVI) PERCUTANEOUS APPROACH; TRANSFEMORAL APPROACH  ,2
APLASTIC ANEMIA;PANCYTOPENIA,2
RESPORTORY FAILURE,2
BENZODIAZEPINE OVERDOSE,2
INTERVENTRICULAR HEMORRHAGE,2
MITRAL REGURGITATION\AORTIC VALVE REPLACEMENT  ? MITRAL VALVE REPLACEMENT  ASCENDING AORTA  ? CORONARY ARTERY BYPASS GRAFT ,2
HYPOTENSION;RENAL FAILURE;CIRHOSIS,2
S/P KIDNEY TRANSPLANT;RESPIRATORY FAILURE,2
FEVER-SEPSIS,2
HEPATITIS C;CIRRHOSIS,2
CORONARY ARTERY DISEASE\BENTALL PROCEDURE;CORONARY ARTERY BYPASS GRAFT; ?MAZE,2
COLONIC MASS/SDA,2
MI/CATH,2
GASTRIC OBSTRUCTION,2
HYPOTENSION;BRADYCARDIA,2
TRAUMATIC SUBDURAL HEMATOMA,2
UGIB;ABDOMINAL PAIN,2
NON-HODGKIN LYMPHOMA,2
AORTIC STENOSIS;CORONARY ARTERY DISEASE\COMPLETE HEART CATH,2
MR\ MITRAL VALVE REPLACEMENT; HEART PORT MINIMALLY INVASIVE/SDA,2
R/O METASTASIS,2
RIGHT COLON CA/SDA,2
KIDNEY STONES,2
AORTIC STENOSIS\REDO STERNOTOMY ACCENDING AORTA REPLACEMENT ?BENTAL PROCEDURE ? AVR ? CORONARY ARTERY BYPASS GRAFT,2
ABDOMINAL AORTIC ANEURYSM\CATH,2
ELEVATED CREATNINE,2
BLUNT CHEST TRAUMA,2
"FEVER, ALTERED MENTAL STATUS",2
ACUTE CORONARY SYNDROME;ALTERED MENTAL STATUS;HYPERGLYCEMIA,2
VT ARREST,2
LIVER FAILURE;TYLENOL OVERDOSE,2
RLE THROMBOSIS,2
PATENT FORAMEN OVALE\PATENT FORAMEN OVALE MINIMALLY INVASIVE ,2
RECTAL CARCINOMA/SDA,2
"ESOPHAGEAL MASS, NECK PAIN",2
CARDIAC ARREST;GASTROINTESTINAL BLEED,2
TRACHEO BRONCHIAL MALACIA,2
COPD EXCERBATION,2
BARRETT'S W/ HIGH GRADE DYSPLSIA/SDA,2
PNEUMONIA;MENTAL STATUS CHANGES,2
"FEVER, RECTAL BLEED, OVARIAN CANCER",2
CARCINOID TUMOR\BRONCHOSCOPY RIGID; W/ TUMOR REMOVAL ,2
DEHYDRATION;MALNUTRITION,2
DYSPNEA;ACUTE RENAL FAILURE,2
FEMUR FRACTURE;TACHYCARDIA,2
PANCOAST TUMOR/SDA,2
SEVERE AORTIC STENOSIS\CARDIAC CATH,2
CHRONIC SUBDURAL HEMATOMA/SDA,2
PULMONARY EMBOLUS;PNEUMONIA,2
VER AETNA PER NEHEN 020807 PTB\CHEMO HIGH DOSE INTERLEUKIN-2),2
BRAIN EDEMA,2
DIABETIC KETOACIDOSIS;RULE-OUT MYOCARDIAL INFARCTION;TELEMETRY,2
METASTATIC BRAIN TUMOR,2
CA STOMACH/SDA,2
ABDOMINAL METS,2
ATRIAL FIBRILLATION\HEPARIN THERAPY 9/21 - CV/TEE 9/22,2
ETOH HEPATITIS,2
MAST CELL DEGRANULATION,2
MR\ AORTIC AND MITRAL VALVE REPLACEMENT/SDA,2
BENZO WITHDRAWAL,2
S/P CRANIOTOMY,2
CHEST PAIN;RULE-OUT MYOCARDIAL INFARCTION;TELEMETRY\CATH,2
RIGHT FOOT ULCER/SDA,2
CORONARY ARTERY DISEASE;HEART FAILURE,2
MITRAL STENOSIS\CORONARY ARTERY BYPASS GRAFT WITH MVR /SDA,2
AORTIC STENOSIS/SDA,2
FEVER; TACHYCARDIA; JP DRAIN OUT,2
SEVERE HEADACHE;R/O MENINGITIS;R/O SAH;,2
PELVIC ORGAN PROLAPSE/SDA,2
CHOLANGITIS;GASTROINTESTINAL BLEED,2
PSEUDOCYST PANCREATIC,2
HODGKINS DISEASE; FEVER,2
AORTIC STENOSIS;ATRIAL FIBRILLATION\ATRIOVENTRICULAR RECIPROCATING TACHYCARDIA;MITRAL VALVE REPLACEMENT,2
RESPIRATORY FAILURE;ESOPHAGEAL TEAR,2
BLADDER MASS/SDA,2
TRACHEAL ESOPHAGEAL FISTULA/SDA,2
GASTROINTESTINAL HEMORRHAGE,2
CRANIAL DEFECT/SDA,2
SEPSIS;ALTERED MENTAL STATUS,2
C\CORONARY ARTERY BYPASS GRAFT;MITRAL VALVE REPLACEMENT; W/ MAZE PROCEDURE/SDA,2
CHRONIC OBST PULM DISEASE;HEMOPTYSIS,2
CHEST PAIN;HYPERTENSION;CORONARY ARTERY DISEASE\CATH,2
CHRONIC OBSTRUCTIVE PULMONARY DISEASE FLARE,2
ANEMIA;RENAL FAILURE;ASCITES,2
ENDOCARDITIS;PULMONARY EMBOLUS,2
HYPOTENSION;SEPSIS;TELEMETRY,2
CONGESTIVE HEART FAILURE;PNA,2
CEREBELLAR TUMOR/SDA,2
CONGESTIVE HEART FAILURE;RENAL FAILURE,2
NON ST MI,2
PERICARDIAL DISEASE\PERICARDIAL STRIPPING/SDA,2
DIABETES,2
VENTRICULAR TACHYCARDIA\VENTRICULAR TACHYCARDIA ABLATION  **REMOTE WEST**,2
HYDROTHORAX,2
CONGESTIVE HEART FAILURE;ARF,2
ISCHEMIA,2
LUNG CANCER;DYSPNEA,2
CEREBELLAR INFARCTION,2
ASPIRATION/RESPIRATORY FAILURE,2
MITRAL REGURG,2
PNEUMONIA-NSTEMI,2
STAGE III RECTAL CANCER;PLEURAL EFFUSION,2
DECUBITUS ULCERS,2
GASTRIC TUMOR/SDA,2
LLL PNEUMONIA,2
? PE,2
HYPOTENSION;TACHYCARDIA,2
ABDOMINAL PAIN;EXPLORATORY LAPAROSCOPY;BILE DUCT OBSTRUCTION,2
HYPERBILIRUBENEMIA,2
CHF/PNEUMONIA,2
RIGHT LEG ARTERIAL THROMBOSIS,2
STE MYOCARDIAL INFARCTION\CARDIAC CATH,2
HYPERSTIMULATION SYNDROME,2
SUBGLOTIC STENOSIS,2
HYPERCARBIA,2
SADDLE PULMONARY EMBOLUS,2
RIGHT LOWER EXTREMITY ISCHEMIA,2
FOOT ULCERS,2
MASSIVE WEIGHT LOSS/SDA,2
"PAIN CONTROL,S/P VIDEO ASSISTED THORACOSCOPY",2
CELLULITIS/ABSCESS,2
AORTIC STENOSIS\BENTAL PROCEDURE REDO ,2
ACUTE LEUKEMIA;INTRACRANIAL BLEED,2
VENTRAL HERNIA & CHOLECYSTITIS/SDA,2
AORTIC VALVE ABSCESS,2
CHOLAGIOCARCINOMA/SDA,2
DEGLOVING INJURY,2
SEVERE GERD/SDA,2
POST PROCEDURE PAIN AND FEVER,2
DIABETIC KETOACIDOSIS;BRAIN MASS,2
ST ELEVATION,2
LARYNGEAL EDEMA,2
CIRRHOSIS;ENCEPHALOPATHY,2
ATRIAL DEFECT\REPAIR ATRIAL-SEPTAL DEFECT; LIMITED ACCESS/SDA,2
MITRAL STENOSIS;MITRAL REGURGITATION;AORTIC STENOSIS,2
CLAUDICATION RIGHT/SDA,2
RECURRENT BREAST CANCER;RIGHT AXILLA CHEST /SDA,2
FAILING GRAFT/SDA,2
ASPIRATION PNEUMONIA/SDA,2
A-FIB;CONGESTIVE HEART FAILURE\TEE;CARDIOVERSION,2
RENAL FAILURE; ABD PAIN,2
RIGHT CAROTID STENOSIS\RIGHT CAROTID ANGIOGRAM;POSSIBLE STENT PLACEMENT,2
FLUID COLLECTION,2
GUNSHOT WOUND TO FACE,2
SEPSIS;RENAL FAILURE,2
RIGHT NECK MASS,2
COPD EXACERBATION-ASPIRATION,2
FULMINANT C-DIFF;LIVER FAILURE;CIRRHOSIS,2
LIVER FAILURE;CELLULITIS;ACUTE RENAL FAILURE,2
LE WEAKNESS,2
? UROSEPSIS,2
VALPROATE OVERDOSE,2
S/P STAB WOUNDS,2
BILIARY COLIC;OBSTRUCTIVE JAUNDICE,2
CAROTID STENOSIS\CAROTID ANGIOPLASTY/SDA,2
TRACHEOBROCHOMALACIA/SDA,2
RIGHT ANKLE INFECTION,2
VERAPAMIL OVERDOSE,2
ACUTE RENAL FAILURE; A FIB,2
CORONARY ARTERY DISEASE;CARDIOMYOPATHY\CATH,2
METHADONE OVERDOSE,2
FEVER;S/P LIVER TRANSPLANT,2
UTL/PYLELONEPHRITIS,2
GUILLAIN-BARRE SYNDROME,2
TRACHEAL MASS,2
CHOKING,2
SEIZURE/ CHEST PAIN,2
BRONCHIAL TUMOR,2
UNCONTROLLED DIABETES MELLITUS,2
BILE DUCT OBSTRUCTION/SDA,2
LEFT HIP PAIN,2
CONGESTIVE HEART FAILURE\BIVENTRICULAR ICD,2
CORONARY ARTERY DISEASE\CORONARY ARTERY BYPASS GRAFT;AORTIC VALVE REPLACEMENT,2
T5 RENAL CELL METASTASIS/SDA,2
STATUS POST LEFT ILIAC ARTERY SURGERY; ? PANCREATIC MASS,2
CEREBRAL MENINGIOMA/SDA,2
RIGHT RENAL MASS,2
LEFT LOWER EXTREMITY OCCLUSION,2
EPIGLOTTIS,2
RECURRENT ANGINA;CORONARY ARTERY DISEASE\CARDIAC CATH,2
NEW ONSET SEIZURES,2
POSTERIOR COMMUNICATING ANEURYSM/SDA,2
NON SUSTAINED VENTRICULAR TACHYCARDIA;CONGESTIVE HEART FAILURE,2
FAILURE TO WEAN,2
A-FIB;CONGESTIVE HEART FAILURE,2
LEFT LOWER EXTREMITY ULCER/SDA,2
THORACIC ANEURYSM\RESECTION ANEURYSM THORACIC /SDA,2
ACUTE RENAL FAILURE;CONGESTIVE HEART FAILURE,2
ADVANCED HEART FAILURE,2
S/P COLON RESECTION; ?ISCHEMIA,2
CEREBRO VASCULAR ACCIDENT,2
CRITICAL AORTIC STENOSIS;PULMONARY EDEMA,2
FACIAL INFECTION,2
AIRWAY STENOSIS,2
CEREBELLUM MASS,2
CVA\ PATENT FORAMEN OVALE,2
RHC,2
ANGINA; CORONARY ARTERY DISEASE\LEFT HEART CATHETERIZATION,2
THROMBOCYTOPENIA; ANEMIA,2
GASTROINTESTIONAL BLEED,2
"PEDAL EDEMA,HYPOKALEMIA",2
ST ELEVATION MYOCARDIAL INFARCTION\CATH,2
SPINAL TUMOR,2
RENAL FAILURE;CIRRHOSIS,2
CBD STONE,2
HYPONATREMIA;SEIZURE,2
WORSEING RENAL FAILURE,2
FAILED TOTAL HIP REPLACEMENT/SDA,2
CONGESTIVE HEART FAILURE;EXACERBATION;HYPOGLYEMIA,2
QUESTION OF SEPSIS,2
"BRONCHITIS,UTI,CHANGE IN MENTAL STATUS",2
OSTOMY/SDA,2
SEROQUEL OVERDOSE,2
INTRAPERITONEAL HEMORRHAGE,2
"A-FIB,CAD,CRF",2
SEVERE HYPERTROPHIC CARDIOMYOPATHY\SEPTEL ETHANOL ABLATION,2
ARTERIAL VENOUS MALFORMATION,2
BRAIN HERNIATION,2
LGI BLEED,2
PROSTATE CANCER;PNEUMONIA,2
PNEUMONIA;METHICILLIN RESISTANT STAPH AUREUS,2
D.M. ACUTE RENAL FAILURE; RHABDOMYOLYSIS,2
SUPRATHERAPEUTIC INR,2
HYPERPARATHYROIDISM,2
ORAL BLEEDING,2
CRYPTOGENIC CIRRHOSIS,2
ACUTE MYOCARDIAL INFARCTION;,2
POSITIVE BLOOD CULTURES,2
FACIAL FRACTURES;RADIUS FRACTURE,2
ENLARGED PNEUMOTHORAX,2
DIABETIC FOOT ULCER,2
SUBARACHNOID HEMORRHAGE-INTRAPARENCHYMAL HEMORRHAGE,2
HEPATORENAL SYNDROME; CIRRHOSIS,2
MALNUTRITION,2
SUBDURAL HEMORRHAGE;TRAUMA,2
CHEST PAIN; CATH,2
FEVER;DIARRHEA;DEHYDRATION,2
OPEN WOUND ON SKULL,2
ATHEROSCLEROSIS W/ CLAUDICATION/SDA,2
BRAIN STEM STROKE,2
POSSIBLE SVC SYNDROME,2
ADRENAL INSUFFICIENCY,2
?ANEURYSM/SDA,2
CSF RHINORRHEA,2
MYOCARDIAL INFARCTION;SEVERE AORTIC STENOSIS;ALCOHOL ABUSE,2
SEIZURES/HEMOPTITIS,2
PANCREATITIS/SDA,2
SEVERE AORTIC STENOSIS;CONGESTIVE HEART FAILURE;SEVERE BILATERAL LEG PAIN\CATH,2
SQUAMOUS CELL CA FLOOR OF MOUTH/SDA,2
RULE OUT CORONARY ARTERY DISEASE\CATH,2
U/A,2
NON ST ELEVATED MYOCARDIAL INFARCTION,2
ABDOMINAL INFECTION,2
TRAUMATIC HEAD BLEED,2
RIGHT FEMUR FX;ACUTE ANEMIA,2
INFERIOR MI,2
DISECTING AORTIC ANEURYSM,2
COLONIC MASS,2
POLYTRAUMA S/P FALL,2
ACUTE STROKE;TELEMETRY,2
CARDIOMYOPATHY;CORONARY ARTERY DISEASE\CATH,2
CONGESTIVE HEART FAILURE\RIGHT AND LEFT HEART CATH,2
HYPERBILIRUBIMIA,2
PITUITARY TUMOR,2
THORACO-ABD ANEURYSM,2
GLIOBLASTOMA,2
LOWER GASTROINTESTINAL BLEED;ANEMIA,2
ATRIAL DEFECT\REPAIR PATENT FORAMEN OVALE/SDA,2
"CIRRHOSIS,FEVER",2
LEFT TRUE VOCAL CORD PARALYSIS/SDA,2
ST ELEVATED MYOCARDIAL INFARCTION\CATH,2
REMOVAL SOFT TISSUE MASS POSTERIOR TO ODONTOID PROCESS/SDA,2
CELLULITIS OF UPPER EXTREMITY,2
CONGESTIVE HEART FAILURE;HIP FRACTURE,2
HYPOTENSION;R/O SEPSIS,2
HYPERGLYCEMIA;HYPONATREMIA,2
THREE VESSEL CORONARY ARTERY DISEASE,2
DIABETIC KETOACIDOSIS;RENAL FAILURE,2
DISTAL FEMUR FRACTURE,2
THORACIC CORD COMPRESSION/SDA,2
VY36PH\CORONARY ARTERY BYPASS GRAFT/SDA,2
ATRIAL TACHYCARDIA;\CARDIOVERSION,2
S/P FALL-RIGHT HIP PAIN,2
ESRD,2
VENTRICULAR ARREST,2
AORTIC STENOSIS;CORONARY ARTERY DISEASE\CORONARY ARTERY BYPASS GRAFT;AORTIC VALVE REPLACEMENT/SDA,2
COPD EXACERBATION;RIB FRACTURE,2
AC CHOLECYSTITIS,2
DYSPNEA;RULE-OUT MYOCARDIAL INFARCTION;TELEMETRY,2
AORTIC STENOSIS\AORTIC VALVE / ASCENDING AORTA REPLACEMENT ,2
PNEUMONIA;CHEST PAIN;TELEMETRY,2
CHEST PAIN-LEUKEMIA,2
CORONARY ARTERY BYPASS,2
INFECTED LEG,2
CHOLECYSTITIS; CHEST PAIN,2
WORSENING LOWER BACK /LEG PAIN,2
PNEUMONIA;(AML) ACUTE MYELOGENOUS LEUKEMIA,2
MALAISE,2
HTN URGENCY,2
GASTROINTESTINAL BLEED;HEPATITIS C,2
FLASH PULMONARY EDEMA;RENAL FAILURE,2
HYPERTENSION;CORONARY ARTERY DISEASE;PERIPHERAL VASCULAR DISEASE;CHRONIC RENAL INSUFFICIENCY\CARDIAC CATH/SDA,2
MELANOMA/SDA,2
FALL HEADBLEED.HIPFRACTURE,2
MYOCARDIAL INFARCTION;ATRIAL FLUTTER\CATH,2
CHI;FACIAL LACERATION;RIGHT ARM DEGLOVING,2
PNEUMOTHORAX/CLAVICLE & PELVIC FRACTURE,2
FUNGEMIA,2
HYPERGLYCEMIA;TELEMETRY,2
SYMPTOMATIC CHOLELITHIASIS,2
HYPERTENSION;SEPSIS,2
ACUTE RENAL FAILURE;METHICILLIN RESISTANT STAPH AUREUS,2
CHOLELITHIASIS;S/P ERCP;S/P SPHINCETEROTOMY,2
SUBDURAL HEMATOMA;MRSA,2
GASTROINTESTINAL BLEED-ANEMIA,2
ESOPHAGIAL CA/SDA,2
RIGHT HIP FX,2
ACUTE MYELOGENOUS LEUKEMIA;CHEMOTHERAPY,2
HYPOGLYCEMIA;TELEMETRY,2
MITRAL DISORDER\MITRAL VALVE REPLACEMENT / TVR ? CORONARY ARTERY BYPASS GRAFT ,2
BRAIN MASS/SDH,2
RIGHT PAROTID TUMOR/SDA,2
LEFT KNEE OSTEOARTHRITIS /SDA,2
SVT;PNEUMONIA;TELEMETRY,2
ETT\CATH,2
CEREBELLAR INFACTS,2
RIGHT HIP PAIN,2
OVERDOSE;HYPOTENSION,2
STEMI;TELEMETRY,2
COAGULOPATHY,2
L THIGH FLUID COLLECTION,2
ABDOMINAL TRAUMA,2
ALTERED MENTAL STATUS;URINARY TRACT INFECTION,2
R/O CVA,2
BILLIARY OBSTRUCTION,2
? BOWEL OBSTRUCTION,2
CONJESTIVE HEART FAILURE,2
INFECTED RIGHT HEEL;ULCER;DM,2
MULTIPLE MYELOMA;FEVER;NEUTROPENIA,2
MCC,2
ACUTE EPIGLOTITIS,2
ARF AND RESPIRATORY DISTRESS,2
NOSE BLEED,2
"CAD,MR\CORONARY ARTERY BYPASS GRAFT;MITRAL VALVE REPLACEMENT/SDA",2
DISCITIS,2
FREE ABDOMINAL AIR,2
ACUTE RENAL ,2
SPINAL SURGERY SITE INFECTION,2
ACHALASIA/SDA,2
LEFT HEMOTHORAX,2
ANEMIA-RENAL FAILURE,2
NON SMALL CELL CARCINOMA/SDA,2
NON-ST SEGMENT ELEVATION MYOCARDIAL INFARCTION;ATRIAL FIBRILLATION;HYPOTENSION\CARDIAC CATH,2
SAH;FEMUR FRACTURE,2
SYNCOPE\CATH,2
"ALTERED MENTAL STATUS,FEVER,HYPOTENSION",2
INFECTED RIGHT FOOT',2
PELVIC ABSCESS WITH PERFORATED VISCUS;FISTULA,2
PSEUDOCYST;ABDOMINAL PAIN,2
ATRIAL FIBRILATION\THORACOSCOPIC MAZE PROCEDURE ,2
RENAL MASS LEFT/SDA,2
CORONARY ARTERY DISEASE;RENAL FAILURE,2
SEPSIS;CELLULITIS;TELEMETRY,2
ACIDOSIS-ACUTE RENAL FAILURE,2
BRONCHOSPASM,2
T10 LYTIC LESION,2
SEPSIS;FEVER,2
INFECTED PACER SITE/SEPSIS,2
PULSELESS ELECTRICAL ACTIVITY ARREST,2
TRAUMATIC SUBDURAL HEMORRHAGE,2
CORONARY ARTERY DISEASE\CORONARY ARTERY BYPASS GRAFT;MITRAL VALVE REPLACEMENT; MAZE PROCEDURE/SDA,2
ACUTE MI; AORTIC VALVE DISEASE,2
PERIRECTAL ABSCESS,2
END STAGE RENAL DISEASE;HYPOGLYCEMIA;HYPERTENSION,2
MYOCARDIAL INFARCTION-ATRIAL FLUTTER,2
ACUTE RENAL FAILURE;S/P KIDNEY TRANSPLANT,2
RIGHT SHOULDER DISLOCATION;ULNAR NERVE INVOLVEMENT,2
BILATERAL INFECTED HEEL ULCERS,2
INFECTED THIGH WOUND,2
OA LEFT HIP/SDA,2
VENTRICULAR TACHYCARDIA\CATH,2
R/O BACTEREMIA,2
TRACHEO-BRONCHIO MALACEA,2
CHOLECYSTIS,2
NON Q MI,2
OVARIAN CANCER\CHEMO/CYCLE OF CARBOPLATIN AND PACLITAXEL,2
VTAC,2
ATRIAL FIBRILLATION;TELEMETRY;HYPOTENSION,2
MYXEDEMA,2
NON ST ELEVATION MYOCARDIAL INFARCTION\LEFT HEART CATHETERIZATION,2
ALCAHOL WITHDRAWAL,2
RIGHT-SIDED WEAKNESS,2
"ULCERATIVE COLITIS, POLYPS",2
T7 FX,2
PANCOLITIS,2
"CANCER,WEAKNESS",2
CIRRHOSIS;GASTROINTESTINAL BLEED,2
EPIGASTRIC PAIN,2
TRAUMATIC HEAD INJURY,2
"COPD EXACERBATION,PNEUMONIA",2
SPLENIC ABSCESS,2
CORONARY ARTERY DISEASE\CORONARY ARTERY BYPASS GRAFT WITH MVR & TVR; ? AVR/SDA,2
EXPANDING LUNG LESION,2
AORTIC STENOSIS\ AVR ASCENDING AORTIC REPAIR/SDA,2
GUILLAIN BARRE SYNDROME,2
UIT;PYELONEPHRITIS,2
FEVER;DIARRHEA,2
GALLSTONE;FAILED ERCP,2
HCAP;RIGHT SIDED PLEURAL EFFUSION,2
ACUTE APPENDICITIS,2
TRIPLE AAA,2
HYPERTENSIVE EMERGENCY;TELEMETRY,2
RESPIRATORY DISTRESS;FEVER,2
LARGE ABDOMINAL MASS,2
STATUS POST MOTOR VEHICLE ACCIDENT,2
ANTERIOR MI\CARDIAC CATH,2
FALL;MULTITRAUMA,2
IDIOPATHIC THROMBOCYTOPENIC PURPURA,2
KNEE INFECTION,2
FX ANKLE,2
SPLENONEGALY/SDA,2
ESSENTIAL TREMOR/SDA,2
SPINAL LESION,2
CELLULITIS;LEFT LOWER EXTREMITY ULCER,2
VFIB-CARDIAC ARREST,2
THROMBOCYTOPENIA; BIPOLAR;DEPRESSED;LEUKOCYTOSIS,2
SALT,2
LEFT LUNG MASS/SDA,2
RULE OUT BOWEL PERFORATION,2
CERVICAL MYLEOPATHY/SDA,2
ENTEROCUTAEOUS FISTULA,2
ATRIAL FIBRILLATION\PULMONARY VEIN ISOLATION **REMOTE WEST**/SDA,2
RULE OUT TUBERCULOSIS,2
COLD LEG,2
TRICYCLIC ANTIDEPRESSANT,2
METASTIC MELANOMA;ANEMIA,2
"HYPOTENSION,BRADYCARDIA",2
KIDNEY LACERATION,2
BILE DUCT STONE,2
BLADDER RUPTURE;SEPSIS,2
GASROINTESTINAL BLEED;ACUTE RENAL FAILURE;ALTERED MENTAL STATUS,2
NECROTIZING FASCITITIS,2
PANCREATITIS;TELEMETRY,2
ACUTE LYMPHOCYTIC LEUKEMIA;NEUTROPENIA,2
BILAT SUBDURAL HEMATOMA,2
CARDIOMYOPATHY;CORONARY ARTERY DISEASE\RIGHT AND LEFT CATH,2
ISCHEMIC REST PAIN FOR IV ANTIBIOTICS,2
ST ELEVATION MYOCARDIAL INFARCTION\CORONARY INTERVENTION,2
ISCHEMIC COLILTIS;WRIST FRACTURE,2
RIGHT LEG ISCHEMIA/SDA,2
SARCOMA LEFT FEMUR/SDA,2
PERITONEAL BLEED,2
REACTIVE AIRWAY DISEASE,2
RENAL FAILURE;SEIZURES,2
METASTATIC ADENOCARCINOMA,2
CORONARY ARTERY DISEASE;ANGINA,2
AORTIC STENOSIS\RIGHT AND LEFT CATH,2
RESPIRATORY FAILIRE;TELEMETRY,2
LEFT URETERAL STONE,2
METASTATIC RENAL CARCINOMA',2
FEMUR FRACTURE;S/P FALL,2
CORONARY ARTERY DISEASE\CORONARY ARTERY BYPASS GRAFT WITH AVR REDO ,2
HYPERKALEMIA;BRADYCARDIA,2
GRAM +SEPSIS,2
SEVERE HYPERTROPHIC CARDIOMYOPATHY\SEPTAL ETHANOL ABLETION,2
RIGHT FLANK ( VENTRAL ) HERNIA/SDA,2
ICP,2
ANEURYSM\ CEREBRAL EMBOLIZATION/SDA,2
SICKLE CELL ANEMIA,2
"AFIB, AORTIC STENOSIS",2
KNEE PAIN,2
MASSIVE HEMOPTYSIS,2
"FEVER,ETIOLOGY UNKNOWN;INABILITY TO EAT",2
34 WEEKS;PREGNANCY INDUCED HYPERTENSION,2
AORTIC STENOSIS\AORTIC VALVE REPLACEMENT;MITRAL VALVE REPLACEMENT/SDA,2
EXERTIONAL DYSPNEA; BIVENTRICULAR HEART FAILURE\LEFT HEART CATHETERIZATION,2
SHOCK;TELEMETRY,2
UROSEPSIS;PANCREATITIS,2
HISTOPLASMOSIS,2
HYPOTENSION;CONGESTIVE HEART FAILURE,2
TRACHEALBRONCHOMALACIA/SDA,2
HEMORRHAGIC CVA,2
CRITCAL AS;CONGESTIVE HEART FAILURE,2
AMPUTATION,2
ELEVATED BILIRUBIN,2
DIVERTICULAR STRICTURE/SDA,2
PULMONARY EMBOLIS; PERICARD; PLEURAL EFFUSIONS,2
CHEST PAIN;ANGINA\LEFT HEART CATHETERIZATION,2
RULE-OUT MYOCARDIAL INFARCTION;TELEMETRY;CONGESTIVE HEART FAILURE,2
POST-CARDIAC ARREST,2
DVT,2
CHEST PAIN;UNSTABLE ANGINA\CATH,2
SUBDURAL HEMORRHAGE;HIP FRACTURE,2
CAD AND MITRAL REGURGITATION\CORONARY ARTERY BYPASS GRAFT WITH MVR /SDA,2
CONGESTIVE HEART FAILURE/PNEUMONIA,2
CORONARY ARTERY DISEASE;PVD\CARDIAC CATH,2
PNEUMONIA-RESPIRATORY FAILURE,2
SUBDURAL BLEEDING,2
CORONARY ARTERY DISEASE;CAROTID STENOSIS\CAROTID ANGIOGRAM,2
LEFT NECK MASS/SDA,2
THORACIC MASS,2
INTRACRANIAL HEAD BLEED,2
BASILAR TIP ANEURYSM/SDA,2
RIGHT SUBDURAL HEMATOMA,2
HYPOPHARYNGEAL TUMOR,2
ALTERED MENTAL STATUS CHANGES;TELEMETRY,2
? AORTIC FILLING DEFECT,2
SEPSIS-CONGESTIVE HEART FAILURE,2
"PNEUMONIA, R/O MI",2
CHEST PAIN;POSITIVE STRESS TEST\CARDIAC CATH,2
PNEUMONIA; RESPIRATORY FAILURE,2
MVR\MITRAL VALVE REPLACEMENT /SDA,2
CHEST PAIN;+MYOVIEW\CATH,2
LUNG MASS RIGHT/SDA,2
COLON POLYP/SDA,2
DILATED ASCENDING AORTA\BENTAL PROCEDURE; REDO STERNOTOMY;ASCENDING AORTA REPLACEMENT? AVR,2
PARAGANGLIONOMA OF ABDOMEN/SDA,2
OBESE;DIABETES MELLITUS;CORONARY ARTERY DISEASE;CHRONIC OBST PULM DISEASE,2
UNSPECIFIED INJUIRIES FROM TRAUMA,2
TEGRETOL OVERDOSE,2
OVERDOSE;ACUTE RENAL FAILURE,2
SUBURAL HEMORRHAGE,2
"SEPSIS,RESPIRATORY FAILURE",2
INTRANCRANIAL HEMORRHAGE,2
FALL WITH SDH,2
BILARY STONES/SDA,2
RAPID AFIB;PLEURAL EFFUSION;TELEMETRY,2
ADENOMA RIGHT COLON/SDA,2
"THORACIC AORTIC ANEURYSM\RESECTION; THORACO-ABDOMINAL AN EURYSM, VIA LEFT CHEST/SDA",2
"MITRAL VALVE DISORDER\MITRAL VALVE REPLACEMENT, ? TRICUSPID VALVE REPLACEMENT",2
HYPOXIA-MULTIPLE SCLEROSIS,2
CORONARY ARTERY DISEASE;AORTIC STENOSIS\CATH,2
VERTEBRAL FRACTURE,2
RT MCA STROKE,2
ABDOMINAL PAIN;HYPOTENSION,2
CENTER AIRWAY OBSTRUCTION,2
SMA CLOT,2
HEPATORENAL SYNDROME;ENCEPHALOPATHY,2
RESPIRATORY FAILURE;AORTIC STENOSIS;CONGESTIVE HEART FAILURE,2
STROKE-TRANSIENT ISCHEMMIC ATTACK,2
ATRIAL FLUTTER\ATRIAL FLUTTER ABLATION,2
FIBROIDS/SDA,2
ST ELEVATED MYOCARDIAL INFARCTION\CARDIAC CATHETERIZATION,2
INTRACRANIAL BLEED;TELEMETRY,2
S/P MOTOR VEHICLE ACCIDENT;LEFT PNEUMOTHORAX;LEFT HIP FX;LEFT ANKLE FX,2
CHEST PAIN;SHORTNESS OF BREATH\CATH,2
HYPERNATREMIA;TACHYCARDIA,2
END STEMI,2
CARDIOMYOPATHY\RIGHT HEART CATH,2
URINARY TRACT INFECTION;HYPOTENSION;TELEMETRY,2
DUODENAL ADENOMA/SDA,2
MALIGNANT MESOTHELIOMA;RETROPERTONEAL,2
ESOPHAGEAL EXCLUSION S/P REPAIR OF TRANSESOPHAGEAL FISTULA/SDA,2
PACER LEAD INFECTION,2
COLON POLYP,2
ATRIAL FRIBILLATION\BILATERAL THORACOSCOPIC MINI MAZE PROCEDURE WITH LEFT ATRIAL APPENDAGE RESECTION ,2
TRACHEAL MALASIA,2
LYMPHADENOPATHY;NECK MASS,2
CONGESTIVE HEART FAILURE-RENAL FAILURE,2
R/O PULMONARY EMBOLIS;FEMUR FX,2
CHRON'S FLARE-ABDOMINAL ABSCESS,2
HEMPOTYSIS,2
LIVER DONOR/SDA,2
CORONARY ARTERY DISEASE\MITRAL VALVE REPLACEMENT;CORONARY ARTERY BYPASS GRAFT/SDA,2
FEVER;JAUNDICE,2
CHRONIC ASPIRATION/SDA,2
LEFT MAIN CORONARY DISEASE,2
SUBDURAL HEMORRHAGE;TELEMETRY,2
TRACHEOSTOMY,2
ASCENDING AORTIC ANEURYSM\ RESECTION AORTIC ASCENDING ANEURYSM,2
ETOH WITHDRAWAL;SEIZURE,2
HUMAN IMMUNODEFIENCY VIRUS;MULTIPLE BRAIN LESIONS,2
PANCREATITIS-GALL STONES,2
CHRONIC OBST PULM DISEASE;RESPIRATORY FAILURE,2
CORONARY ARTERY DISEASE/CATH,2
CHOLANGIA CARCINOMA OF BILE DUCT/SDA,2
CORONARY ARTERY DISEASE/ CONGESTIVE HEART FAILURE,2
THREE VESSELL DISEASE,2
HEMOPERITENEUM,2
PULSELESS LEFT LEG,2
SEVERE AORTIC STENOSIS\PACEMAKER,2
BLEEDING ANEURYSM,2
CROHN'S DISEASE;ABDOMINAL FISTULA,2
"D.K.A. MALAISE, ELEVATED WBC",2
UNCONTROLLED HYPERTENSION,2
S/P CATH\CATH,2
NEW DEPRESSED EJECTION FRACTION; CONGESTIVE HEART FAILURE\CARDIAC CATHETERIZATION,2
MITRAL VALVE REGURGITATION\ MITRAL VALVE REPLACEMENT REDO; ?AORTIC VALVE REPLACEMENT; TRICUSPID VALVE REPAIR OR REPLACEMENT,2
CERBRAL ANEURYSM/SDA,2
ASCENDING AORTIC DISSECTION,2
ANOXIC BRAIN INJURY,2
CHF\CORONARY ARTERY BYPASS GRAFT WITH MVR /SDA,2
RENAL FAILURE;SEPSIS,2
AMPULLARY CA/SDA,2
"ATHEROSCLEROSIS W/CLAUDICATION & INFECTED ARTERIAL GRAFT, RIGHT LOWER EXTREMITY/SDA",2
CORONARY ARTERY DISEASE\CORONARY ARTERY BYPASS GRAFT REDO ,2
BILATERAL ANKLE FX; NEW AFLUTTER,2
CRITICAL AORTIC STENOSIS,2
SIGMOID CANCER,2
ASCITES;LIVER FAILURE,2
V FIB ARREST,2
INGESTION OF FOREIGN BODY,2
ACUTE MYELOGENOUS LUKEMIA\BONE MARROW TRANSPLANT,2
HYPERTENSIVE HEMORRHAGE,2
"DEHYDRATION,HYPOTENSION",2
ANOREXIA,2
INFECTED STENT,2
CONGESTIVE HEART FAILURE;ELEVATED INR,2
S/P BOATING ACCIDENT,2
PITUITARY ADENOMA; HYPONATREMIA,2
CHEST PAIN;TIA,2
EPIDURAL ABSCESS;ASCITES;SEPSIS,2
MORBID OBESITY; CHOLECYSTITIS/SDA,2
ACUTE PULMONARY EDEMA/MI\CATH,2
LEFT MAIN DISEASE; CORONARY ARTERY DISEASE,2
RIGHT URETERAL STONE,2
FAILURE TO THRIVE;TELEMETRY,2
CERVICAL FRACTURE/SDA,2
R/O MEDIASTINITIS,2
CORONARY ARTERY DISEASE\CORONARY ARTERY BYPASS GRAFT WITH ? AVR /SDA,2
S/P NON Q WAVE MI,2
CIRRHOSIS;LIVER TRANSPLANT EVALUATION,2
CORONARY ARTERY DISEASE;CHEST PAIN\LEFT HEART CATHETERIZATION,2
CORONARY ARTERY DISEASE\CATH/SUBCLAVIAN INTERVATION,2
LARGE LIVER HEMATOMA,2
LEFT FRONTAL MENINGIOMA/SDA,2
MR\ MITRAL VALVE REPLACEMENT HEART PORT MINIMALLY INVASIVE/SDA,2
CONGESTIVE HEART FAILURE;PNEUMONIA;TELEMETRY,2
SLEEP APNEA,2
ADRENAL MASS/SDA,2
AIRWAY OBSTRUCTION;RELAPSING POLYCHONDRITIS\BRONCHOSCOPY FLEXIBLE; AND RIGID; ? STENT/SDA,2
UGIB;PANCREATIC MASS,2
ACUTE PULMONARY EDEMA\CATH,2
MITRAL VALVE INSUFFIENCY\MITRAL VALVE REPLACEMENT /SDA,2
UNSTABLE ANGINA;CHEST PAIN\CATH,2
AORTIC ARCH ANEURYSM,2
C SPINE FX,2
SEPTIC SHOULDER,2
VENTRAL HERNIA,2
AORTIC VALVE DISORDER\RESECTION OF AORTIC MASS VS AORTIC VALVE REPLACMENT,2
AORTIC STENOSIS\AORTIC AND MITRAL VALVE REPLACEMENT;  ? CORONARY ARTERY BYPASS GRAFT ,2
CONFUSION;WEAKNESS,2
LEFT CAROTID PSEUDOANEURYSM,2
LIVER LACERATION;PNEUMOTHORAX,2
ACUTE LYMPHOCYTIC LEUKEMIA;DECREASED PULMONARY FUNCTION TEST,2
NON ST SEGMENT ELEVATION MYOCARDIAL INFARCTION,2
ASCITES MALNUTRITION,2
S/P PEA ARREST,2
CONGESTIVE HEART FAILURE;SEVERE MITRAL REGURGITATION;COPD\CATH,2
CHEST DISCOMFORT,2
VENTRAL HERNIA / ABDOMINAL PANNUS/SDA,2
SACRAL FRACTURE,2
VOMITING;DEHYDRATION,2
HYPOXIA;CONGESTIVE HEART FAILURE,2
AORTIC STENOSIS\CORONARY ARTERY BYPASS GRAFT WITH AVR; ? MAZE /SDA,2
PITUITARY MASS/SDA,2
OVARIAN MASS,2
MET CA,2
HL;R/O SEPSIS; MENTAL STATUS CHANGES,2
S/P ABDOMAL SURGER,2
STOMACH CA/SDA,2
SHORTNESS OF BREATH-HYPOTENSION,2
BRADYCARDIA;RENAL FAILURE;TELEMETRY,2
"HEPATIC ENCEPHALOPATHY,LEG WEAKNESS",2
TRACHEOBRONCHO MALACIA/SDA,2
HYPERCAPNIA,2
ETOH WITHDRAWAL;GASTROINTESTINAL BLEED;TELEMETRY,2
PEDESTRIAN STRUCK BY CAR,2
INCARCERATED VENTRAL HERNIA,2
"S/P FALL, SUBDURAL",2
CHEST PAIN;RULE OUT CORONARY ARTERY DISEASE\LEFT HEART CATHETERIZATION,2
ST ELEVATIONS,2
RULE-OUT MYOCARDIAL INFARCTION;TELEMETRY; CATH,2
HYPERTENSIVE URGENCY;ACUTE CORONARY SYNDROME,2
ABDOMINAL PAIN;NAUSEA;VOMITING,2
CELLULITIS/SEPSIS,2
ASCENDING AORTIC ANEURYSM\BENTAL PROCEDURE /SDA,2
BLEEDING GROIN ABSCESS,2
CORONARY DISEASE\CORONARY ARTERY BYPASS GRAFT /SDA,2
CEREBRAL CONTUSION,2
RENAL ARTERY STENOSIS,2
MYELODYSPLASTIC SYNDROME\BONE MARROW TRANSPLANT,2
ST ELEVATION MYOCARDIAL INFRACTION,2
"PULMONARY EDEMA,DM",2
BACK PAIN-ACUTE PAIN,2
CORONARY ARTERY DISEASE\CARDIAC CATHERIZATION,2
ENDOCARDITIS\TRANSESOPHAGEAL ECHOCARDIOGRAM,2
BASAL CELL CANCER RIGHT CHEEK/SDA,2
FEVER OF AN UNKNOWN ORIGIN,2
"SACRAL DECUBITUS,SHORTNESS OF BREATH,HYPOTENSION",2
DIABETIC KETOACIDOSIS;CHEST PAIN;TELEMETRY,2
SEVERE AORTIC STENOSIS,2
RENAL FAILURE; VASCULITIS,2
OVARIAN CANCER;SOB;ASCITES,2
ATRIAL FLUTTER;HEART FAILURE\BIVENTRICULAR ICD IMPLANT;AFLUTTER ABLATION;PACEMAKER REMOVAL,2
S/P ASYSTOLIC ARREST,2
PELVIC FRACTURE;TELEMETRY,2
S/P MOTOR VEHICLE ACCIDENT;EPIDURAL HEMATOMA;LEFT FEMUR FRACTURE,2
BRAIN MASS;TELEMETRY,2
CORONARY ARTERY DISEASE\CORONARY ARTERY BYPASS GRAFT & MAZE PROCEDURE,2
HAND AND FINGERS INFECTION,2
LEFT MAIN DISEASE;CORONARY ARTERY DISEASE,2
FUNGAL MENINGITIS,2
CHOLELITHIASIS; DILATED BILE DUCT,2
CHEST PAIN\ANGIOPLASTY,2
S/P NQW MI\LEFT HEART CATHETERIZATION,2
VTACH;CONGESTIVE HEART FAILURE;ACUTE RENAL FAILURE;COLITIS,2
BRAIN ABSCESS,2
HEAD INJURY;TELEMETRY,2
PNEUMONIA;EMPYEMA,2
"SOB, PLEURAL EFFUSION,",2
RECURRENT SQUAMOUS CELL CA ORAL CAVITY/SDA,2
LARYNGEAL CANCER,2
GALLBLADDER CANCER; FEVER,2
IDIOPATHIC SCOLIOSIS/SDA,2
ACUTE PANCREATITIS /SDA,2
S/P LIVER TRANSPLANT,2
PANCREATIC TAIL MASS,2
ETOH WITHDRAWAL/DETOX,2
SEIZURE;LEFT PARIETAL LESION,2
RIGHT SUBCLAVIAN ARTERY PSEUDOANEURYSM,2
DEEP VEIN THROMBOSIS;HEMOCULT POSITIVE,2
PELVIC FRACTURES,2
BENADRYL OVERDOSE,2
ABDOMINAL PAIN',2
ETOH INTOX,2
SHORTNESS OF BREATH;CHEST PAIN,2
AORTIC STENOSIS;AORTIC INSUFFICIENCY\AORTIC VALVE REPLACEMENT; BENTAL PROCEDURE; ? ROOT REPLACEMENT/SDA,2
CONGESTIVE HEART FAILURE;CHRONIC OBST PULM DISEASE;PNEUMONIA,2
MYOCARDIAL INFARCTION;DYSPNEA\CATH,2
S/P MOTOR VEHICLE ACCIDENT-FACIAL TRAUMA,2
RIGHT PNEUMOTHORAX,2
CODE SEPISI,2
KIDNEY FAILURE; ENCEPHALOPATHY,2
HYPONATREMIA;LE EDEMA,2
FZ2NMS\CORONARY ARTERY BYPASS GRAFT,2
SUPERIOR VENA CAVA SYNDROME,2
CHEST PAIN; R/O MI,2
CHEST PAIN/MI,2
SEPSIS;RESPIRATORY FAILURE,2
HEPATIC ENCEPHALOPATHY;LIVER TRANSPLANT,2
T10 MASS,2
VOCAL CORD LESION,2
INTERCRANIAL HEMORRHAGE;TELEMETRY,2
BILFRONTAL TLANUM SPHENOIDEL MENEGIOMA/SDA,2
MR\MITRAL VALVE REPLACEMENT; MINIMALLY INVASIVE/SDA,2
LOWER GI BLEEN,2
"HIP FRACTURE,CELLULITIS",2
MULTIPLE TRAUMA; S/P MOTORCYLE ACCIDENT,2
CONGESTIVE HEART FAILURE;CELLULITIS,2
"CHF,HYPOTENSION",2
BILATERAL PULMONARY EMBOLUS,2
WITHDRAWL,2
RULE-OUT MYOCARDIAL INFARCTION;TELEMETRY; CP,2
INFECTED FEMORAL CATHETER,2
"MR\MITRAL VALVE REPLACEMENT; HEART PORT, MINIMALLY INVASIVE/SDA",2
CORONARY ARTERY DISEASE\COMPLETE HEART CATH,2
RECURRENT INTRA-ABDOMINAL SARCOMA/SDA,2
SUPERIOR MESENTERIC VEIN THROMBOSIS,2
KIDNEY ABSCESS,2
HYPOTENSION;ALTERED MENTAL STATUS,2
NECROTIZING FASCEITIS,2
UPPER GATROINTESTINAL BLEEDING,2
METASTATIC BREAST CANCER TO BRAIN,2
RIGHT BRAIN STEM LESION/SDA,2
GI BLEED;RENAL FAILURE,2
HYPOENSIA;SEPSIS,2
GASTROINTESTINAL BLEED;ALTERED MENTAL STATUS,2
ISCHEMIC STROKE,2
SIGMOID PERFORATION,2
ACETAMINOPHEN TOXICITY,2
CYCLIST STRUCK,2
DEGLOVING LEG INJURY,2
AORTIC INSUFFICIENCY\AORTIC VALVE / ASCENDING AORTA REPLACEMENT /SDA,2
PNEUMONIA;VANCOMYCIN RESISTANT ENTEROCOCCUS;RULE OUT TUBERCULOSIS,2
ACUTE MYOCARDIAL INFARCTION;TELEMETRY\ANGIOPLASTY,2
DYSPHAGIA\EUS,2
CEREBELLAR LESIONS,2
RECTAL CANCER,2
PERIORBITAL CELLULITIS,2
BICYCLE ACCIDENT,2
"COPD FLARE,PNEUMONIA",2
ASPIRATION PNA,2
CHF\AORTIC VALVE REPLACEMENT/SDA,2
FEVER;RASH,2
DENS FRACTURE,2
HEPATIC ABSCESS,2
LIVING ADULT LIVER DONOR/SDA,2
RENAL FAILURE;HEPATITIS;COAGULOPATHY,2
RELAPSING POLYCHONDRITIS;AIRWAY OBSTRUCTION\ BRONCHOSCOPY WITH STENT,2
CONGESTIVE HEART FAILURE;TELEMETRY\EPICARDIAL LEFT VENTRICULAR LEAD PLACEMENT /SDA,2
"CONGESTIVE HEART FAILUE, PNEUMONIA",2
LYMPHOMA\CHEMO,2
UNSTABLE ANGINA;CORONARY ARTERY DISEASE\CATH,2
NAUSEA/VOMITING,2
"PNEUMONIA,HYPOTENSION",2
BLAST CRISIS,2
PNEUMONIA;?PULMONARY EMOBULIS,2
HYPOKALEMIA;DIARRHEA,2
"C SECTION,PRIMARY",2
S/P BILATERAL HERNIA REPAIR,2
BIVENTRICULAR HEART FAILURE,2
BILIARY STRICTURE/SDA,2
ISCHEMIC RIGHT FOOT;RENAL INSUFFIENCY,2
PNEUMOTHORAX; HYDROTHORAX,2
URINARY TRACT INFECTION;AMA;PERIDURAL ABSCESS,2
PULMONARY FIBROSIS;RESPIRATORY FAILURE,2
CAROTID ARTERY DISEASE\CAROTID ANGIOGRAM,2
"MITRAL INSUFFICENCY\MITRAL VALVE REPLACEMENT, COMCOMITANT MAZE PROCEDURE/SDA",2
ANAL CARCINOMA/SDA,2
NEUTROPENIA;HYPOTENSION,2
+ETT;ANGINA\CATH,2
POPLITEAL ARTERY ANEURY SM,2
CONGESTIVE HEART FAILURE EXACERBATION-R/O MI,2
ST ELEEVATION MI,2
ESOPHAGE CA/SDA,2
INTERMITTENT HEMORRHAGE,2
CIRRHOSIS;HEPATITIS;HEPATIC ENCEPHALOPATHY,2
SPLENIC LAC,2
PARASPINAL ABSCESS,2
VARICELLA ZOSTER ENCEPHALITIS,2
RIGHT STUMP GANGRENE;N/V,2
THORACIC ANEURYSM\THORACO-ABDOMINAL ANEURYSM REPAIR/SDA,2
POSTITIVE STRESS TEST\CARDIAC CATH,2
CORONARY ARTERY DISEASE;S/P CORONARY ARTERY BYPASS GRAFT,2
ATRIAL FIBRILLATION;CONGESTIVE HEART FAILURE;TELEMETRY,2
ATRIAL SEPTAL DEFECT\ REPAIR LIMITED ACCESS ATRIAL SEPTAL DEFECT,2
S/P CARDIAC CATH,2
TRACHEO BRONCHO MALACIA,2
HEPATITIS B,2
SPLENIC INJURY,2
MET LESION,2
"ELEVATED WEIGHT BEARING WITH CRUTCHES,HYPOTENSION",2
FEVER;WOUND DRAINAGE,2
ASD\REPAIR ATRIAL-SEPTAL DEFECT; LIMITED ACCESS/SDA,2
CONGESTIVE HEART FAILURE;AORTIC REGURGITATION,2
LIVER ABSCESSES,2
T-CELL LYMPHOMA,2
FEVER;CHANGE IN MENTAL STATUS,2
MALLORY-WEISS TEAR,2
SUBURAL HEMATOMA,2
ISCHEMIA\CATH,2
ATYPICAL CHEST PAIN,2
LEFT ACETABULAR FRACTURE,2
TRACHEAL;BRONCHIAL MALACIA,2
MITRAL STENOSIS\REDO MVR ? CORONARY ARTERY BYPASS GRAFT /SDA,2
TRICUSPID REGURGITATION\ REDO TVR; MAZE PROCEDURE/SDA,2
SYNCOPE-RENAL FAILURE,2
ETOH WITHDRAWEL,2
RUPTURED AORTA,2
EXERTIONAL DYSPNEA,2
PANCREAS KIDNEY TRANSPLANT,2
CHRONIC RENAL FAILURE;HYPERTENSION,2
?OBSTRUCTION,2
BRONCHIECTASIS,2
ACUTE RENAL FAILURE;JAUNDICE,2
LEFT THIGH WOUND INFECTION,1
PATIENT FORAMEN OVALE\ PATIENT FORAMEN OVALE/SDA,1
DRUG REFRACTORY  FOR ATRIAL FIBRILLATION\PULMONARY VEIN ISOLATION **REMOTE WEST**/SDA,1
RESPIRATORY DISTRESS-ALS,1
CELLULITIS LEFT LOWER EXTREMITY,1
ACALCULUS CHOLECYSTITIS,1
MITRAL STENOSIS\MITRAL VALVE RPAIR VS REPLACEMENT /SDA,1
S/P ATV ACCIDENT,1
CONGESTIVE HEART FAILURE;ATRIAL TACHYCARDIA,1
VALSALVA ANEURYSM,1
EFFUSION/SDA,1
INTRAPARENCHYMAL BRAIN HEMORRHAGE,1
"NEW A-FIB,CHF",1
AORTIC STENOSIS\AORTIC VALVE REPLACEMENT;  STERNAL PLATING W/ TALON SYSTEM; BILATERAL PEC FLAP ADVANCEMENT/SDA,1
GI BLEED;UNRESPONSIVE;HYPOTENTION,1
S/P RESECTION AND GRAFTING OF ASCENDING AORTA,1
TRAUMA;CLOSED HEAD INJURY;ORBITAL FX,1
"PNA, ACUTE RENAL FAILURE",1
ISCHEMIC L FOOT,1
S/P NQWMI\LEFT HEART CATHETERIZATION,1
SEPSIS-HYPERGLYCEMIA,1
HIV;JAUNDICE,1
SOFT TISSUE LOSS,1
SYNCOPE-HYPERGLYCEMIA-EKG CHANGES,1
V-TACH ARREST,1
CONGESTIVE HEART FAILURE;AORTIC STENOSIS;COMPLETE HEART BLOCK\CARDIAC CATH,1
CORONARY ARTERY DISEASE;ANGINA\LEFT ANTERIOR DESCENDING CORONARY ARTERY INTERVENTION,1
LEFT HEEL ULCER,1
PARTISL SMALL BOWELL OBSTRUCTION;DEHYDRATION,1
DEHYDRATION; A FIB,1
MITRAL & AORTIC STENOSIS\ AORTIC VALVE REPLACEMENT; CABG W/MITRAL VALVE REPLACEMENT & MAZE/SDA,1
REDO STERNOTOMY-MVR,1
AORTIC VALVE STENOSIS\AORTIC VALVE REPLACEMENT; MINIMILLAY INVASIVE/SDA,1
"HEAD BLEED,FALL",1
INSULIN DENSENTIZATION,1
FAOLED GRAFT RIGHT LEG,1
PNEUMONIA;ATRIAL FIBRILLATION;TELEMETRY,1
"T5 TO CONUS,MEDULLARIS VENOUS CONGESTION",1
MITRAL VALVE DISORDER\MITRAL VALVE REPLACEMENT; TVR; POSSIBLE LEAD PLACEMENT VIA RIGHT THORACOTOMY VS STERNOTOMY  ,1
ABDOMINAL PAIN\ERCP ,1
AORTIC VALVE INSUFFIENCY\AORTIC VALVE REPLACEMENT ,1
MOTOR VEHICLE COLLISION;RIGHT ANKLE FRACTURE,1
"HYPERTENSIVE URGENCY,NAUSEA,VOMITING",1
RUPTURED DIAPHRAM,1
FACIAL FRACTURE;ORBITAL FRACTURE,1
OPEN WOUND;S/P MOH'S SURGERY,1
CORONARY ARTERY DISEASE;S/P CABG,1
AFIB-CONGESTIVE HEART FAILURE,1
DYSPNEA ON EXERTION;CHEST PAIN;CARDIOMYOPATHY\CATH,1
ACUTE RENAL FAILURE;ARDS,1
ATHEROSCLEROSIS BILATERAL LOWER EXTREMITY,1
BUTTOCK HEMATOMA,1
PV THROMBOSIS; RAF; PNA,1
S/P LIVER ABSCESS,1
UPPER GI BLLEED,1
HYPOTENSION;INFECTION,1
SVS,1
SIGMOID CA/SDA,1
POSTOPERATIVE BILE LEAK,1
PAROXYSMAL ATRIAL AFRIBILLATION\MITRAL VALVE REPLACEMENT (FULL MAZE) /SDA,1
FEVER/HYPOTENSION,1
FEBRILE;HYPOTENSIVE,1
AFLUTTER;PULMONARY EDEMA;HYPERGLYCEMIA,1
"GI BLEED,R/O MI",1
TRACHEOSTOMY EVALUATION,1
AORTIC ASCENTING ANEURYSM\ RESECTION AORTIC ASCENDING ANEURYSM/SDA,1
ATHEROSCLEROSIS OF LEFT LOWER EXTREMITY,1
"NAUSEA, VOMITTING",1
MELENA;TELEMETRY,1
"PAN,ARF",1
ACUTE PNEUMONITIS,1
"ACOUSTIC NEUROMA, LEFT EAR/SDA",1
URINARY TRACT INFECTION;FEVER;SEPSIS,1
ETOH LIVER FAILURE,1
"32 WEEKS,TWINS,PRECLAMPSIA",1
ENDOCARDITIS;AORTIC VALVE DISEASE\CATH,1
TRACH BLEEDING,1
EPISTAXIS; ELEVATED INR; ANEMIA,1
"SCALP WOUND, EXPOSED HARDWARE/SDA",1
"CHEST PAIN, ALCOHOL WITHDRAWAL",1
PRIMARY SCLEROSING CHOLANGITS;LIVING UNRELATED LIVER TRANSPLANT/SDA,1
"AORTIC STENOSIS\ AORTIC VALVE REPLACEMENT,MINIMALLY INVASIVE/SDA",1
MITRAL REGURGETATION\MITRAL VALVE REPLACEMENT; HEART PORT MINMALLY INVASIVE/SDA,1
ATRIAL FIBRILLATION\FULL MAZE PROCEDURE ,1
AORTIC VEGATATION,1
TIZANIDINE OVERDOSE,1
ESOPHOGEAL CANCER/SDA,1
MENINGITIS; INTRACRANIAL ABCESS,1
SEIZURE-R/O CEREBROVASCULAR ACCIDENT,1
ESOPHAGEAL RESECTION,1
MENINGITIS;DRUG ALLERGY,1
CEREBRAL VASCULAR ACCIDENT-R/O MYOCARDIAL INFARCTION,1
CHEST PAIN; FEVER,1
SEPSIS;S/P CORONARY ARTERY BYPASS GRAFT,1
ETOH WITHDRAWAL;LIKELY SEIZURES,1
TTP-MULT MYELOMA-INTRACRANIAL BLEED,1
RECURRENT ESOPHAGEAL CANCER/SDA,1
FEVER;IJ ANF LUE DVT,1
PERITONSILLAR ABSESS,1
INFERIOR MYOCARDIAL INFARCTION;ST SEGMENT ELEVATION MYOCARDIAL INFARCTION\CATH,1
BARRETS' ESOPHAGUS AND HIGH GRADE DYSPLASIA/SDA,1
"MITRAL REGURGITATION\MITRAL VALVE REPLACEMENT,HEART PORT MINIMALLY INVASIVE w/ MAZE",1
SEPTIC SHOCK;CHRONIC OBST PULM DISEASE,1
S/P FALL;LIVER LACERATION;SUBARACHNOID HEMATOMA,1
NEOPLASM OF UNCERTAIN BEHAVIOR OF OTHER LYMPHATIC AND HEMATOPOIETIC TISSUES\BONE MARROW TRANSPLANT,1
FINGER AMPUTATIONS,1
AORTO ILIAC ANEURYSM/SDA,1
"CORONARY ARTERY DISEASE\AORTIC VALVE REPLACEMENT, R.F. MAZE PROCEDURE /SDA",1
NECRATIZING PANCREATITIS,1
MITRAL STENOSIS\MITRAL VALVE REPLACEMENT; W/MAZE/SDA,1
A - FIB,1
SUBCLAVIAN THROMBOSIS;CHANGE OF PICC LINE FOUND LARGE DVT VS LYSIS OF DOT,1
"ASTHMA,INTUBATED",1
"ATRIAL FIBRILLATION,PNEUMONIA",1
ATRIAL FIBRILLATION\THORACOSCOPIC MAZE PROCEDURE /SDA,1
AORTIC VALVE DISORDER\AORTIC VALVE; ? ASCENDING AORTA REPLACEMENT /SDA,1
STROKE;HEAD MASS,1
PNEUMOCEPHALUS,1
BACTERMIA;R/O ENDOCARDITIS,1
AORTIC STENOSIS;CORONARY ARTERY DISEASE\CATH,1
PNEUMONIA;DEEP VEIN THROMBOSIS;ACUTE RENAL FAILURE,1
LEFT ADNEXAL MASS,1
BILARY OBSTRUCTION/PANCREATITIS,1
INTRACRANIAL HEMORRHAGE;SEIZURE,1
"C4,C5 FRACTURE",1
RESPIRATORY FAILURE;LEFT LOWER LOBE COLLAPSE,1
LEAD FRACTURE\LEAD EXTRACTION W/ REIMPLANTATION/SDA,1
ACUTE ON CHRONIC SDH,1
CORONARY ARTERY DISEASE;CHEST PAIN;+ETT,1
CORONARY ARTERY DISEASE\CORONARY ARTERY BYPASS GRAFT; WITH MVR/SDA,1
THORACIC ABDOMINAL ANEURYSM\CATH,1
L3-L4 NONUNION AND STENOSIS/SDA,1
TRAUMA W\INJURIES,1
ACUT RENAL FAILURE,1
HYPERGLYCEMIA;CONGESTIVE HEART FAILURE;TELEMETRY,1
DUODENAL MASS/SDA,1
ARTERAL OCCLUSION,1
OVERDOSE;SUICIDAL IDEATION,1
GALLSTONES-PANCREATITIS,1
LEAD FAILURE\LEAD & DEVICE EXTRACTION LEFT SIDED SYSTEM ? PACEMAKER REIMPLANT ON RIGHT/SDA,1
ANTERIOR SKULL BASE TUMOR/SDA,1
SVT\EP STUDY,1
VARICEAL BLEED;HEMATEMESIS,1
HYPONATREMIA-HYPOKALEMIA-DIABETIC KETOACIDOSIS,1
"CAD, MR\CORONARY ARTERY BYPASS GRAFT; W/ MVR/SDA",1
ASD\REPAIR ATRIAL-SEPTAL DEFECT; MAZE PROCEDURE,1
VOMITING AND DIARRHEA,1
TIA;SPLENIC LACERATION,1
CONGESTIVE HEART FAILURE;MYOCARDIAL INFARCTION\CARDIAC CATH,1
PULMONARY HTN\CATH,1
S/P MOTORCYCLE ACCIDENT;?RUPTURED AIRWAY,1
ASTHMA;COPD EXCERBATION,1
MITRAL VALVE DISORDER\MITRAL VALVE REPLACEMENT REDO /SDA,1
ACUTE CEREBRAL INFARCTION,1
AORTIC ANEURYSM\ ASCENDING AORTIC ARCH; DESCENDING THORACIC AORTIC REPLACEMENT/SDA,1
PNEUMOHYDROTHORAX,1
GI BLEED;URINARY TRACT INFECTION,1
ATRIAL FIBRILLATION\BILATERAL THORACOSCOPIC MINI MAZE PROCEDURE WITH LEFT ATRIAL APPENDAGE RESECTION /SDA,1
SPLENIC ACUATION,1
NON ST ELEVATED MYOCARDIAL INFARCT,1
AORTIC STENOSIS\AORTIC VALVE REPLACEMENT; ASCENDING AORTA REPAIR/REPLACEMENT/SDA,1
PERFORATION; S/P ERCP,1
EPIGASTRIC PAIN\ERCP,1
"ABD PAIN, LIKELY LGIB",1
RIGHT HIP FRACTURE/SDA,1
ANEURYSM\REPAIR THORACOABDOMINAL AORTA W/ PARTIAL RIGHT HEART BYPASS/SDA,1
"HYPERKALEMIA,? DIABETIC KETOACIDOSIS",1
SUB STERNAL GOITER; RIGHT UPPER LOBE MASS/SDA,1
"PANCREATITIS, ETOH WITHDRAWAL",1
TIB/FIB FRX,1
MITRAL VALVE REGURGITATION; HYPOXIC PULMONARY HYPERTENSION\RIGHT AND LEFT HEART CATHETERIZATION,1
URINARY TRACT INFECTION;HYPOXIA,1
S/P FALL;SUBARACHNOID HEMATOMA,1
RECTAL MASS/SDA,1
AORTIC STENOSIS\AORTIC VALVE REPLACEMENT; ? CORONARY ARTERY BYPASS GRAFT ,1
ALCOHOL WITHDRAWAL-UPPER GASTROINTESTINAL BLEED,1
ACETAMINOPHEN  OVERDOSE,1
"BILIARY OBSTRUCTION, PNEMONIA, FEVER",1
S/P MI;POST INFARCT ANGINA\CARDIAC CATH,1
RIGHT VENTRICULAR MASS\RIGHT VENTRICULAR MASS EXCISION,1
CORONARY ARTERY DISEASE;CONGESTIVE HEART FAILURE\CATH,1
LEFT TOTAL KNEE LOOSENING TIBIAL PLATE/SDA,1
ENDOCARDITIS;RECURRENT FEVER,1
OPEN CHEST WOUK\DEBRIDEMENT STERNUM WITH FLAP/SDA,1
"TRACHEOBRONCHOMALACIA\BRONCHOSCOPY RIGID, MICRODEBRIDEMENT, CRYO-THERAPY, TRACHEAL CANNULA CHANGE ",1
ETOH WITHDRAWAL;FAILURE TO THRIVE,1
PACEMAKER INFECTION\PACEMAKER & LEAD EXTRACTION,1
INTESTINAL OBSTRUCTION;TELEMETRY,1
"HYPOXIA,ESOPHAGEAL CANCER",1
CORONARY ARTERY DISEASE\LEFT MAIN CORONARY ARTERY STENT PLACEMENT,1
STROMAL CELL TUMOR/SDA,1
CARDIAC ARREST;COLON CA,1
SEVERE AORTIC STENOSIS;S/P CABG\CATH,1
R/O PANCREATITIS-SPONTANEOUS BACTERIAL PERITONITIS,1
LUMBAR SPINE COMPRESSION,1
CLOSURE OF OPENED WOUND/SDA,1
PNEUOSEPSIS;HEART FAILURE,1
STEM I\CARDIAC CATH,1
SEPTIC SHOCK;CELLULITIS,1
URETERAL STRICTURE/SDA,1
RENAL CELL CA; RESPIRATORY FAILURE,1
METASTATIC BREAST CANCER;MALIGNANT PLEURAL EFFUSION,1
CROHNS DISEASE;COLITIS;ABDOMINAL PAIN,1
NECK PAIN;METS TO C-SPINE,1
UPPER GI BLED,1
OVERDOSE-S/P FALL,1
ALTERED MENTAL STATUS;ALCOHOL INTOXICATION'INTUBATE,1
ACUTE MYOCARDIAL INFARCTION\CATH LAB,1
CHEST PAIN/POSITIVE EXERCISE TOLERANCE TEST\CATH,1
CANCER OF THYROID/SDA,1
CONGESTIVE HEART FAILURE\MITRAL VALVULOPLASTY ,1
"FEVER,SHAKING CHILLS OF UNKNOWN ETIOLOGY",1
MR\ MITRAL VALVE PLACEMENT HEART PORT MINIMALLY INVASIVE/SDA,1
THORACIC ANEURYSM\DISTAL ARCH; DECENDING THORACIC VIA LEFT AORTIC REPLACEMENT; CIRC ARREST VIA LEFT THORACTOMY/SDA,1
STE MYOCARDIAL INFARCTIN,1
ANEMIA;MDS,1
NOM HODGKIN'S LYMPHOMA\BONE MARROW TRANSPLANT,1
RIGHT LEG WEAKNESS;DEMENTIA,1
LEAKING TRIPLE A,1
"METASTATIC LUNG CANCER, DIARRHEA, NEUTRUPENIA",1
RT SUBDURAL BLEED,1
AORTIC STENOSIS\REDO AORTIC VALVE / ASCENDING AORTA REPLACEMENT ,1
ANGIO ADEMIA,1
INTRAVENTRICULAR  HEMORRHAGE,1
R/O HEMORRHAGIC STROKE,1
CHEST,1
ANEMIA;HYPERCALCEMIA,1
"ILEUS,ABDOMINAL PAIN",1
PULMONARY EDEMA\CARDIAC CATHETERIZATION,1
FEMUR FRX,1
"PNEUMONIA, RESPIRATORY FAILURE",1
CEREBRAL CYST/SDA,1
HEPATIC FAILURE;RENAL FAILURE,1
"C-SPINE FRACTURE,FEMORAL FRACTURE",1
FEVER;? ENDOCARDITIS,1
RENAL HEMATURIA,1
"GASTROINTESTINAL BLEED,SPONTANEOUS BACTERIAL PERITONITIS",1
MASS,1
TRAUMA ;INTRACRANIAL HEMORRHAGE,1
ETOH WITHDRAWAL;SUICIDAL IDEATION,1
SPLENOMEGALY/HYPERTENSION/SDA,1
CONGESTIVE HEARTFAILURE,1
ANAPHYLAKIS,1
LUMBAR SPINAL STENOSIS; SCOLIOSIS/SDA,1
ALLERGIC REACTION/LABILE HTN,1
AORTIC STENOSIS\AORTIC VALVE REPLACEMENT; POSSIBLE   CORONARY ARTERY BYPASS GRAFT; POSSIBLE ASCENDING AORTA REPLACEMENT; POSSIBLE DEEP HYPOTHERMIC CIRCOTORY ARREST/SDA,1
SQUAMOUS CELL ESOPHAGEAL CANCER/SDA,1
LEFT TEMPORAL HEMATOMA,1
CERVICAL SPONDYLOTIC MYELOPATHY; CERVICAL STENOSIS/SDA,1
RIGHT FRONTAL MENINGIOMA/SDA,1
CHRONIC OBST PULM DISEASE; BILAT PNEUMONIA,1
RIGHT RENAL STONE/SDA,1
NSTEMI AND SAH,1
"DVT, SZ. , RENAL FAILURE",1
RT CEREBELLAR BLEED,1
RECURRENT REFLUX & HIATAL HERNIA/SDA,1
ILIAC THROMBOSIS,1
SUBDURAL HEMAOTOMA/SDA,1
CORONARY ARTERY DISEASE\RIGHT CORONARY ARTERY ANGIOPLASTY;STENT PLACEMENT,1
"GASTROINTESTINAL BLEED, S/P CARDIAC ARREST",1
NON ST SEGMENT MYOCARDIAL INFARCTION,1
HYPONATREMIA WITH SEIZURE-ALTERED MENTAL STATUS,1
PULMONARY EDEMA; ANEMIA,1
BILATERAL PNEUMONIA;PLEURAL EFFUSION;TONGUE MASS,1
PHEOCHROMOCYTIOMA/SDA,1
MALIGNANT MELANOMA FACE,1
RIGHT ARM CELLULITIS,1
SEPSIS; S/P RENAL TX,1
SIGMOID MASS/SDA,1
"S/P FETAL DEMISE,BLEEDING",1
HYPONATREMIA;DEHYDRATION,1
CLOSTRIDUM DIFFICILE COLITIS;FEVER,1
"FEVER,ETIOLOGY",1
ANEMIA/BLEEDING FROM SURG SITE,1
"DYSPNEA,FEVER",1
ATRIAL SEPTAL DEFECT\REPAIR ATRIAL SEPTAL DEFECT;MINIMALLY INVASIVE,1
"HYPOXIA, LEFT UPPER QUATDRANT TUMOR",1
METASTATIC COLON CANCER\INTERNALIZATION OF BILIARY DRAIN,1
TACHYBRADY SYNDROME\DUAL CHAMBER PACEMAKER IMPLANT/SDA,1
COMPARTMENT SYNDROME OF THE ABDOMEN;INCARCERATED PARASTOMAL HERNIA,1
ATRIAL SEPTAL DEFECT; MR\MITRAL VALVE REPLACEMENT MINIMALLY INVASIVE APPROACH; HEARTPORT; REPAIR ATRIAL SEPTAL DEFECT LIMITED ACCESS/SDA,1
S/P ERCP ,1
S/P ANTERIOR MI,1
MIGRAINE HEADACHE,1
HEAD OF PANCREAS CANCER,1
SEVERE RIGHT SUPERFICIAL FEMORAL ARTERY STENOSIS\RIGHT LOWER EXTREMITY ANGIOGRAM,1
TACHYCARDIA;HYPERGLYCEMIA;ACUTE RENAL FAILURE,1
HYPOTENSION; JAUNDICE,1
R/O EPIDURAL ABSCESS,1
STATUS POST CABG\SAPHENOUS VEING GRAFT - RIGHT CORONARY ARTERY PSUEDOANEURYSM/SDA,1
SMALL CELL LUNG CANCER;SHORTNESS OF BREATH,1
MITRAL INSUFFICIENCY\MITRAL VALVE REPAIR VS REPLACEMENT /SDA,1
TRACHEL STENOSIS,1
ISCHEMIC FOOT;ELEVETED CREATININE,1
RIGHT TEMPORAL MASS,1
CHEST PAIN;S/P SEIZURE\CATH,1
S/P 25 FT FALL,1
FEVER;FAILURE TO THRIVE,1
BARRET'S ESOPHAGUS/SDA,1
"FAILURE TO THRIVE,R/O MI",1
CONSTIPATION;HYPONATREMIA,1
CHEST PAIN/HYPOTENSION,1
MENTAL STATUS CHANGES-HYPOXIA,1
HYDROCEPHALOUS,1
S/P G-TUBE PLACEMENT,1
HYPOTENSION AND ARF,1
S/P ASSAULT-CEREBRAL CONTUSION,1
"S/P R. LOBECTOMY,FEVER OF UNKNOWN ORIGIN",1
URINARY TRACT INFECTION;BRADYCARDIA;ALTERED MENTAL STATUS,1
UNRESPONSIVE;MENTAL STATUS CHANGES,1
DISSECTING ANEURYSIM,1
RENAL INSUFFICIENCY,1
INVADING LUNG CA,1
CARDIOMELOPATHY;CONGESTIVE HEART FAILURE,1
DELIRIUM;TREMORS,1
CONGESTIVE HEART FAILURE\BIVENTRICULAR LEAD PLACEMENT VIA LEFT THORACOTOMY /SDA,1
ALLERGY,1
HYPONATREMIA;COPD FLARE,1
HEART FAILURE;MITRAL REGURGITATION;TRICUSPID REGURGITATION,1
SEPSIS;PNEUMONIA;URINE,1
WEAKNESS/BRAIN BIOPSY,1
AORTIC STENOSIS\AORTIC VALVE REPLACEMENT  ? CORONARY ARTERY BYPASS GRAFT WITH MVR /SDA,1
RLE CELLULITIS,1
DYSPNEA;HEMOPTYSIS,1
MALIGNANT NEOPLASM COLON/SDA,1
ST ELEVATION\CORONARY ANGIOGRAM,1
S/P GASTRIC BYPASS;?GASTRIC PERFORATION,1
"ETOH WITHDRAWAL, ARF, RHABDOMYOLYSIS",1
TRAUMA;CSPINE FRACTURE,1
NON ST ELEVATED MI; SUBARACHNOID HEMORRHAGE,1
MITRAL STENOSIS\MITRAL VALVE VS REPLACEMENT ,1
SUBDURAL HEMORRAGE,1
S/P EXP. LAP;SPLEENECTOMY,1
URINARY TRACT INFECTION;ACIDOSIS;RENAL FAILURE;?INFLUENZA,1
"MITRAL REGURGITATION\MITRAL VALVE REPLACEMENT, HEART PORT MINIMALLY INVASIVE VS STERNOTOMY/SDA",1
ABDOMINAL PAIN DIARRHEA,1
ASTHMA;COPD,1
COMPLETE HEART BLOCK;TEMPORARY PACER WIRE\PACEMAKER IMPLANT,1
L.HIP FRACTURE,1
IPH;CLAVICLE FX,1
S/P CEREBRAL CONTUSION,1
T-SPINE HARDWARE EXPOSED,1
FAILED DIALYSIS CATH.,1
"FEVER,DEHYDRATION",1
"INFECTED STONE,ACUTE RENAL FAILURE,SEPSIS",1
T-8 FRACTURE/SDA,1
NEPHROLITHIASIS;PYELONEPHRITIS,1
S/P IMI\CATH,1
CORONARY ARTERY DISEASE;PVD,1
CHEST PAIN;CORONARY ARTERY DISEASE\LEFT HEART CATHETERIZATION,1
HYPOTENSION;FAILURE TO THRIVE,1
AV BLOCK,1
RENAL ARTERY ANEURYSM/SDA,1
RESPIRATORY FAILURE;PNEUMOCOCCAL PNEUMONIA,1
FEVERS;TACHYCARDIA;,1
PNEUMONIA;RESPIRATORY FAILURE;TRACHEAL BRONCHIAL MALACIA,1
METASTATIC  RENAL CELL CARCINOMA\CHEMO,1
MITRAL REGURGITATION\MITRAL VALVE REPLACEMENT; ? MINIMALLY INVASIVE/SDA,1
SHEATHS NEED TO BE PULLED,1
BOWEL OBSTRUCTION;FAILURE TO THRIVE,1
NON Q MU;UROSEPSIS,1
FX TO RT HIP & SHOULDER-R/O MI,1
CONGESTIVE HEART FAILURE\BIVENTRICULAR ICD UPGRADE,1
ACUTE MYELOGENOUS LEUKEMIA;BACK PAIN,1
GASTROPHARESIS/SDA,1
CHEST PAIN;POSITIVE STRESS TEST\CATH,1
RAPID ATRIAL FIBRILLATION;NON ST ELEVATION MYOCARDIAL INFARCTION\LEFT HEART CATHETERIZATION,1
AORTIC VALVE DISORDERS\BENTAL PROCEDURE /SDA,1
"ASCENDING AORTIC ANEURYSM, S/P AVR 1986\ASCENDING AORTIC ANEURYSM REPAIR",1
BRADYCARDIA;SYNCOPE,1
EXTERTIONAL DYSPNEA\CARDIAC CATHETERIZATION,1
GASTROINTESTINAL BLEEDING POST DILITATION,1
POST OP,1
SHORTNESS OF BREATH;CELLULITIS,1
LARYNGEAL & SUBGLOTTIC STENOSIS/SDA,1
OSTEOMYELITIS;ANTIBIOTIC THERAPY;DIALYSIS,1
THYROID CA/SDA,1
HEPATIC CELLULAR CARCINOMA,1
"FEVER,HEADACHE",1
AFIB/RVR;?CHOLANGITIS,1
R/O MI CHEST PAIN,1
BASILAR STROKE,1
DKA PNEUMONIA SEPSIS,1
"FEVER,ETIOLOGY UNKNOWN;SEPSIS",1
ASTHMA;COPDEXACERBATION,1
PIC LINE PLACEMENT,1
"OSTEOARTHRITS, BILATERAL KNEES/SDA",1
S/P V - FIB ARREST/ CATH,1
AFIB/AFLUTTER,1
END STAGE RENAL DISEASE;STRIAL FIBRILLATION;HYPOTENSION;HEMATURIA;CORONARY ARTERY DISEASE,1
FAILED FUSION RIGHT HIP/SDA,1
LEUKEMIA;SEPSIS,1
CORONARY ARTERY DISEASE\BENTAL PROCEDURE; CORONARY ARTERY BYPASS GRAFT /SDA,1
NEAR SYNCOPE;GASTROINTESTINAL BLEED,1
EPIGASTRIC DISCOMFORT/ RULE OUT MYOCARDIAL INFACTION,1
CORONARY ARTERY DISEASE\CORONARY ARTERY BYPASS GRAFT WITH AVR  ? MITRAL VALVE REPLACEMENT /SDA,1
ABDOMINAL AORTIC ANEURYSM /SDA,1
AORTIC STENOSIS\AORTIC VALVE REPLACEMENT  /SDA,1
CANCER LEFT LOWER LOBE/SDA,1
ST ELEVATED MYOCARDIAL INFARCTION;STATUS POST CARDIAC ARREST\CARDIAC CATH,1
CARDIOMYOPATHY;ABNORMAL STRESS TEST\CATH,1
MELANOMA WITH BRAIN METS,1
WEAKNESS;HYPOTENTION,1
SYMPTOMATIC ABDOMINAL AORTIC ANEURYSM,1
HIP FRACTURE;EKG CHANGES,1
HYPONATREMIA;INFECTION;PNEUMONIA,1
INTRA-VENTRICULAR BLEED,1
"C5-C6 FRACTURE,S/P MVA",1
SHOULDER DISLOCATION,1
DYSPNEA; EDEMA LOWER EXTREMITY,1
URINARY TRACT INFECTION;GASTROINTESTINAL BLEED,1
MITRAL VALVE INSUFFIENCY\MINIMALLY INVASIVE MITRAL VALVE REPLACEMENT/SDA,1
ABD PAIN; CBD; DILATED DUCT\ERCP,1
NAUSEA W\VOMITING;MYALGIAS,1
RESPIRATORY FAILURE-ALS,1
"ASD\REPAIR ATRIAL SEPTAL DEFECT, MINIMALLY INVASIVE /SDA",1
"FALL, ANKLE FX",1
ESOPHAGEAL VARILES BLEEDING,1
BIPOLAR PHEUMONIA,1
S/P DEBRIDEMENT OF NECK FASCIA,1
OXYCONTIN OVERDOSE,1
HYPOTENSION;RESPIRATORY DISTRESS,1
POSTERIOR INFERIOR CEREBELLAR ARTERY ANEURYSM/SDA,1
GUILLAN BARRE,1
NECROTISING PNEUMONIA,1
SEVERE AIRWAY OBSTRUCTION,1
AORTIC STENOSIS\CORONARY ARTERY BYPASS GRAFT WITH AVR;  ? MITRAL VALVE REPLACEMENT; ? TVR REPAIR,1
"CAD,ASPIRIN ALLERGY\CATH",1
GASTROINTESTINAL BLEED;CHEST PAIN;TELEMETRY;SHORTNESS OF BREATH,1
HEPATIC OBSTRUCTION/SDA,1
UNSTABLE ANGINA;TELEMETRY\CATH;STENT PLACEMENT,1
PERICARDITIS\PERICARDECTOMY/SDA,1
"DYSPNEA, CAD\CATH ",1
FEVER; N/V,1
RAPID AFIB; CHF,1
S/P RESPIRATORY/CARDIAC ARREST,1
ACUTE MYELOGENOUS LEUKEMIA;SHORTNESS OF BREATH,1
ZYGOMATIC FRACTURE LEFT,1
HART MASS\EXCISION OF MYXOMA/SDA,1
INFECTED AORTIC ENDO GRAFT,1
CEREBRAL VASCULAR ACCIDENT;HYPERCARBIA,1
SPINAL STENOSIS L4-L5/SDA,1
INTRACRANIAL HEMORRHAGE;OPEN FX,1
CORONARY ARTERY DISEASE;ANGINA\LEFT HEART CATHETERIZATION,1
FALL FROM A HORSE,1
PNEUMONIA/URINARY TRACT INFECTION,1
LEFT RENAL TUMOR;LEFT RENAL ARTERY STENOSIS,1
ANTERIOR COMMUNICATING ARTERY ANEURYSM/SDA,1
LIVER FAILURE HYPOGLYCEMIA,1
OPEN RADIAL FRACTURE,1
RIGHT RENAL CELL CANCER W/VENA CAVA THROMBUS/SDA,1
LEFT FOOT PAIN,1
CONGESTIVE HEART FAILURE;TELEMETRY\BIVENTRICULAR LEAD PLACEMENT VIA LEFT THORACOTOMY /SDA,1
SMALL BOWEL OBTRUCTION,1
AV FISTULA INFECTION,1
RENAL COLIC,1
CORONARY ARTERY DISEASE;PVD\CATH;AARUNOFFS,1
ABDOMINAL PAIN\ERCP,1
R/O AIRWAY OBSTRUCTION,1
CORONARY ARTERY DISEASE\CORONARY ARTERY BYPASS GRAFT WITH ATRIAL VALVE REPLACEMENT  ,1
S/P ARREST;CERVICAL FX,1
"S/P C SECTION,D.I.C.",1
HEPATITIS C;CIRRHOSIS;RENAL FAILURE,1
CRESCENDO ANGINA\CARDIAC CATH,1
LEFT ANKLE FRACTURE/SDA,1
HYPERGLYCEMIA AND UPPER GI BLEED,1
BRAIN;CHEST AND LIVER MASS,1
GSW L. CHEST  WALL & ABDOMEN,1
CAROTID STENOSIS\CAROTID ANGIO,1
POLYSUBSTANCE ABOUSE;SEIZURE,1
HYPERTROPHIC CARDIO MYOPATHY\CATH WITH ETHANOL SEPTAL ABLATION/SDA,1
HYPOTENSION-HEPATIC FAILURE,1
PULMONARY FIBROSIS;OBSTRUCTIVE JAUNDICE,1
POSTOP BLEED,1
SEIZURES;SUBARACHNOID HEMORRHAGE,1
RIGHT UPPER EXTREMITY DEEP VEIN THROMBOSIS,1
"MYOCARDIAL INFARCTION,ACUTE RENAL DISEASE",1
HEPATOMA\CHEMOEMBOLIZATION,1
CORONARY ARTERY DISEASE\COROANRY ARTERY BYPASS GRAFT WITH MITRAL VALVE REGURGITATION,1
LEFT TALUS FRACTURE,1
"CONGESTIVE HEART FAILURE,REPIRATORY FAILURE",1
FLORID DT'S,1
DYSPNEA;DYSPHAGIA,1
MYOCARDIAL INFARCTION\CARDIAC CATHERIZATION,1
HYPEREMESIS,1
LIVE AND KIDNEY FAILURE,1
LEFT PERIRENAL MASS/SDA,1
HEMORRHAGE STROKE,1
OPEN ABDOMEN,1
DESENDING AORTIC ANEURYSM,1
SUBDURAL HEMATOMA;HIP HEMATOMA,1
APLASTIC ANEMIA,1
CHEST PAIN\L HEART CATH,1
MEDIASTINAL HEMATOMA,1
LEAD MALFUNCTION\ICD LEAD EXTRACTION/SDA,1
CORONARY ARTERY DISEASE;EXERTIONAL ANGINA\LEFT HEART CATHETERIZATION,1
PULMONAY EMBOLISM,1
ANGINA;DYSPNEA ON EXERTION; POSITIVE STRESS TEST\LEFT HEART CATHETERIZATION,1
"S/P KIDNEY TRANSPLANT, ELEVATED CREOTINE",1
GASTRO INTESTINAL BLEEDING,1
HAND TRAUMA,1
"HYPAGLYCEMIA, FOOT ULCER",1
CHF CELLULITIS,1
ATRIAL SEPTAL DEFECT\REPAIR ATRIAL SEPTAL DEFECT LIMITED ACCESS /SDA,1
"PSEUDOARTHROSIS, C5-C6/SDA",1
RIGHT KNEE AO/SDA,1
DYSPNEA;EFFUSIION PULMONARY EMBOLUS,1
DISC HERNIATION/SDA,1
LONGITUDINAL EFFICIENT RADIUS/SDA,1
HYPERTROPHIC CARDIOMYOPATHY,1
SYNCOPE-HYPONATREMIA,1
CORONARY ARTERY DISEASE\REDO CORONARY ARTERY BYPASS GRAFT WITH MVR /SDA,1
CHEST PAIN;RENAL INSUFFICIENCY;ELEVATED CREATININE\CARDIAC CATH,1
ETOH LIVER FAILURE;RENAL FAILURE,1
PLEURISY,1
NON Q WAVE MYOCARDIAL INFARCTION;CORONARY ARTERY DISEASE\CATH,1
HYPOTENSION;SMALL BOWEL OBSTRUCTION,1
COLONIC INERTIA,1
AORTIC DISSECTIION,1
AORTIC VALVE INSUFFICIENCY\AORTIC VALVE REPLACEMENT ,1
SAH S/P FALL,1
?FREE AIR,1
CIRRHOSIS WITH ASCITES\TIPS /SDA,1
CHEST PAIN;SHORTNESS OF BREATH;ABNORMAL STRESS TEST\CARDIAC CATH,1
ACUTE DISSEMINATED ENCEPHALOMYELITIS,1
ASTHMA;COPD EXACERBATIOM,1
LUNG MASS;TACHYPNEA,1
AORTIC STENOSIS;CONGESTIVE HEART FAILURE;MYOCARDIAL INFARCTION,1
CORONARY ARTERY DISEASE\CORONARY ARTERY BYPASS GRAFT; ? MAZE,1
NECROTIC CALVARIAL BONE FLAP AND CHRONIC SCALP WOUND/SDA,1
RIGHT LUNG ABSCESS,1
LEAD MALFUNCTION\LEAD EXTRACTION/SDA,1
HEPATOMA;IV ANTIBIOTICS;PAIN CONTROL\CHEMO EMBOLIZATION,1
CEREBRAL VASCULITIS;ILIO-VESICULAR FISTULA,1
LOW HCT,1
ASPIRATION; DYSPHASIA,1
M.I.,1
LEFT TENTORIAL LESION & MENINGIOMA/SDA,1
S/P D&C;ABDOMINAL HYSTERECTOMY,1
FEVER;HYPOTENSION;TACCHYCARDIA,1
LEFT LUNG EFFUSION,1
CONGESTIVE HEART FAILURE;? SEPSIS,1
HYPOTHERMIA;?SEPSIS,1
PNA;TELEMETRY,1
UNREPONSSIVE,1
PERITONEAL SEPSIS,1
TRAUMATIC SUBARACHNOID HEMORRHAGE-RT HIP FRACTURE,1
SEVERE MR\MITRAL VALVE REPLACEMENT,1
MITRAL REGURGITATION\RIGHT AND LEFT CARDIAC CATHETERIZATION,1
THORACIC AORTIC ANEURYSM; AORTIC VALVE REPLACEMENT REDO\AORTIC VALVE REPLACEMENT REDO ,1
HYPOTENSION-FEVER,1
SUPRAGLOTTIC EDEMA,1
PREMATURITY/S/P SURGERY,1
MR\MITRAL VALVE REPLACEMENT; ? CORONARY ARTERY BYPASS GRAFT ,1
CEREBELLOPONTINE ANGLE TUMOR/SDA,1
CORONARY ARTERY DISEASE\PATENT FORAMEN OVALE /SDA,1
RIGHT SIDED EVACUATION OF SUBDRUAL HEMATOMA,1
LUNG CANCER;RESPIRATORY FAILURE,1
COLITIS;CONSTIPATION,1
INFECTED R LEG;IV ANTIBIOTICS,1
CELLULTIIS,1
SEVERE MR RENAL FAILURE\ MITRAL VALVE REPLACEMENT REDO; TVR RIGHT CHEST BEATING HEART/SDA,1
ESOPHAG CANCER/SDA,1
RECURRENT CHEST PAIN\CATH,1
LYMPHOMA;HIP FRACTURE,1
C-SPINE FX/ PARALYSIS S/P FALL,1
AORTIC VALVE MALFUNCTIONING,1
MITRAL VALVE DISORDER\MITRAL VALVE REPAIR VS REPLACEMENT ? CORONARY ARTERY BYPASS GRAFT,1
VERTEBRAL ARTEY DISSECTION,1
URINARY TRACT INFECTION;PYELONE,1
RECURRENT GASTRIC CANCER/SDA,1
PLEURAL EFFUSION;PNEUMONIA,1
LUNG TUMOR RIGHT/SDA,1
PANCREATITIS;GASTROINTESTINAL BLEED,1
CENTRAL AIRWAY OBSTRUCTION;LUNG CANCER\BRONCHOSCOPY RIGID,1
DETOX,1
C4-5 SPINAL STENOSIS,1
MCA STOKE S/P THROMBOLYSIS,1
CORONARY ARTERY DISEASE;EXERTIONAL ANGINA;+ETT\CATH,1
BRAIN MASS /SDA,1
PEDESTRAIN STRUCK,1
CORONARY ARTERY DISEASE\CORONARY ARTERY BYPASS GRAFTREDO /SDA,1
AORTIC STENOSIS;CONGESTIVE HEART FAILURE;SHORTNESS OF BREATH;DYSPNEA ON EXERTION\CATH,1
"FEVER,ABDOMIAL PAIN",1
CORONARY ARTERY DISEASE\MITRAL VALVE REPLACEMENT; REDO STERNOTOMY /SDA,1
BLEEDING FROM NEPHRECTONY SITE,1
RESPIRATORY FAILURE;CHRONIC OBSTRUCTIVE PULMONARY EMPHYSEMA,1
GASTRIC ULCER;BLEED,1
CORONARY ARTERY DISEASE;?SARCOIDOSIS\CORONARY ARTERY BYPASS GRAFT;LYMPH NODE BIOPSY; (? LOCATION-P.M. WILL CB)/SDA,1
SEPSIS-FEVER,1
"FOUND DOWN, S/P FALL",1
EXCESS ETOH INTAKE;VOMITING,1
AC PANCREATITIS,1
"CORONARY ARTERY DISEASE\AORTIC AND MITRAL VALVE REPLACEMENT, ? CORONARY ARTERY BYPASS GRAFT  /SDA",1
SEPSIS WITH DIC,1
DYSPNEA;LETHARGY,1
MYOCARDIAL INFARCTION;HEART FAILURE,1
"MI,CHF",1
CONGENITAL HEART DEFECT\AORTIC VALVE REPLACEMENT,1
CHRONIC NEURONAL DYSPLASIA BOWEL,1
COMPLICATED DIVERTICULITIS/SDA,1
VOMITING;CONGESTIVE HEART FAILURE;COUGH,1
CONGESTIVE HEART FAILURE;COPD EXACERBATION,1
ENDOMETRIAL HYPOPLASIA/SDA,1
AORTIC REGURGITATION\AORTIC VALVE REPLACEMENT; BENTAL PROCEDURE /SDA,1
LEFT BKA ISCHEMIA,1
CA THYROID/SDA,1
PONTINE HEMORRHAGE,1
"HEMOTHORAX, ANEMIA",1
GASTRIC PERFORATION,1
UIT;PNEUMONIA,1
SMALL BOWEL MASS/SDA,1
"RESPIRATORY FAILURE,TRACHEAL STENOSIS,EMPYEMA",1
"OPEN WOUND,RIGHT FOOT",1
"UNRESPONSIVE, R/O CVA",1
CORONARY ARTERY DISEASE\CAROTID INTERVENTION;STENT PLACEMENT,1
MITRAL VALVE DISORDER\MITRAL VALVE REPLACEMENT; TVR/SDA,1
"AORTIC STENOSIS\AORTIC VALVE REPLACEMENT, STERNOTOMY ",1
ATRIAL FIBRILLATION\PVI Generator **REMOTE WEST**/SDA,1
LOWER GASTRO INTESTINAL BLEED,1
S/P NON Q WAVE MI\LEFT HEART CATHETERIZATION,1
CORONARY ARTERY DISEASE;AORTIC STENOSIS\CARDIAC CATH,1
S/P LIVER TX N;V;D,1
RIGHT MIDDLE CEREBRAL ARTERY ANEURYSM/SDA,1
LEFT ANTERIOR DESCENDING ARTERY PERFERATION,1
LOWER GI BLEEDING,1
THORACO-ABDOMINAL AORTIC ANEURYSM/SDA,1
"17 WEEKS IUFD, SEPTIC AB",1
MENINGITIS RHABDOMYOLYSIS,1
TRACHEAL MALACIA-RESPIRATORY FAILURE,1
RIGHT COLON POLYP/SDA,1
A.FIB,1
FISTULA /SDA,1
"GI BLEED, HYPOTENSION,ANEMIA",1
GASTROINTESTINAL BLEED-RLL PNEUMONIA-R/O MI,1
CORONARY ARTERY DISEASE\LEFT EART CATHETERIZATION,1
STERNAL MASS,1
RADIUS AND ULNA FRACTURES;OSTEOPENIA;POST OPERATIVE BLEEDING,1
FAILURE TO THRIVE;EKG CHANGES,1
RENAL FAILURE-KIDNEY TRANSPLANT,1
ETOH CIRRHOSIS; VARICEAL BLEED,1
"AML,PNEUMONIA,HYPOTENSION,THROMBOCYTOPENIA,ANEMIA",1
EXPOSED TRANSPLANT,1
GASTRIC STUMP CANCER/SDA,1
HYPONATREMIA-ASCITES,1
AORTIC REGURGITATION;A-FIB\L HEART CATH;ATHENOL ABLATION,1
"HYPERCARBIC RESPIRATORY FAILURE,MENTAL STATUS CHANGES",1
CHEST PAIN;TELEMETRY;GI BLEED,1
CHRONIC MYELOGENOUS LEUKEMIA\BONE MARROW TRANSPLANT,1
MENORRAGIA/UTERINE PROLAPSE/SDA,1
EMPHYSEMA,1
HYPERGLYCEMIC COMA,1
AORTIC RUPTURE,1
GARDNERS SYNDROME,1
CHRONIC BILATERAL PLEURAL EFFUSION/SDA,1
ANEYROSYM,1
ALTERED MENTAL STATUS-NARCOTIC OD-HYPOTENSION-HYPERGLYCENIA,1
FASCIAL DEHISCENCE,1
CORONARY ARTERY DISEASE\MITRAL VALVE REPLACEMENT /SDA,1
V-FIB ARREST\CATH,1
PELVIC FRACTURE;S/P FALL,1
CORONARY ARTERY DISEASE\MINIMALLY ENDOSCOPIC CORONARY ARTERY BYPASS GRAFT /SDA,1
ATRIAL CIRCULATION\THORACOSCOPIC MAZE PROCEDURE LEFT; RESECT LEFT ATRIAL APPENDAGE; BILATERAL MINI THORACOTAMIE/SDA,1
GANGENE RIGHT LEG,1
UTI;ALTERED MENTAL STATUS,1
SEISURE,1
RT CEREBELLAR INFARCTION,1
BILATERAL OVARIAN CYST,1
"SHORTNESS OF BREATH,CHEST PAIN",1
"CORONARY ARTERY DISEASE\CORONARY ARTERY BYPASS GRAFT WITH MITRAL VALVE REPAIR, ? MITRAL VALVE REPLACEMENT; ",1
FALL; ? OD,1
S/P SPHINCTEROTOMY,1
ACUTE LYMPHOCYTIC LEUKEMIA;FEBRILE NEUTROPENIA,1
RUPTURED DIVERTICULUM,1
PULMONARY EMBOLUS;RENAL FAILURE,1
CORONARY ARTERY DISEASE-CONGESTIVE HEART FAILURE,1
SHORTNESS OF BREATH-ASCITES,1
"CHF,ACUTE RENAL FAILURE",1
HYPOGLYCEMIA-HYPOTHERMIA,1
SUBARACHINOID HEMORRHAGE,1
COLONIC POLYPS/SDA,1
TRANSIENT ISCHEMIC ATTACK;ICA CLOT,1
RHEUMATIC HEART DISEASE\MITRAL VALVE REPLACEMENT REDO  TRICUSPID VALVE REPLACEMENT /SDA,1
STROKE/ TIA,1
CAD AVR/SDA\CORONARY ARTERY BYPASS GRAFT; REDO;AORTIC VALVE REPLACEMENT,1
HEADACHE;FEVER;ACUTE RENAL FAILURE,1
FALL;RIB FX;UTI,1
HYDRATION; PAIN MANAGEMENT; INFECTION,1
RIGHT LOWER LEG ISCHEMIA;RIGHT LEG INFRACTION;RULE OUT TUBERCULOSIS,1
BREAST  CANCER;HYPOXIA,1
AORTIC DISSECTION/SDA,1
V-TACH; ARREST,1
PRE-SYNCOPE;TELEMETRY,1
CORONARY ARTERY DISEASE;+ETT\ANGIOPLASTY,1
AORTIC STENOSIS\MITRAL VALVE REPLACEMENT; RE-DO STERNOTOMY/SDA,1
WEAKNESS;TELEMTRY,1
LEG ISCHEMIA,1
HIGH BLOOD SUGAR;GASTROENTERITIS,1
PDA\ RE-DO RIGHT VENTRICULAR; FLOW RECONSTRUCTION/SDA,1
FAHH;SUBARACHNOID HEMATOMA,1
C2 FRACTURE; RIGHT HIP FRACTURE,1
PNEUMONIA;LUNG CA,1
INTRACRANIAL HEMORRHAGE/TRAUMA,1
FEVER;EPILEPSY,1
"MITRAL STENOSIS\AORTIC VALVE REPLACEMENT, RE-DO;MITRAL VALVE REPLACEMENT; REDO/SDA",1
VULVAR CANCER;CELLULITIS,1
R/O SEIZURE;DEYDRATIONS,1
RIGHT PROXIMAL TIBIA SARCOMA/SDA,1
ASCENGING ANEURYSM,1
ADENOMA CECUM/SDA,1
DEHYDRATION/INCREASE BS,1
ILIAC ANEURYSM /SDA,1
FRONTAL BRAIN MENINGIOMA/SDA,1
DONOR ACCOUNT,1
"BACTERIAL,MENINGITIS",1
ESOPHAGEAL PERFORMATION,1
CLOSTRIDIUM DIFFICILE COLITIS,1
HYPOXIA;NSTEMI;PNEUMONIA,1
ARM PAIN-NSTEMI,1
SPLENICLYMPHOMA/SDA,1
ST-SEGMENT ELEVETION MYOCARDIAL INFARCTION\CATH,1
? ABSCESS,1
SEVERE HYPOMAG & HYPOKALEMIA,1
CEREBRAL SPINAL FLUID OTORRHEA/SDA,1
"OBSTRUCTION,NAUSA, VOMITING",1
"HYPOTENSION,SHOCK",1
HYPONATREMIA;RENAL FAILURE,1
HEMOPTYSIS;ESOPHAGEAL PERFORATION,1
R/O MI FOR CATH,1
AORTIC STENOSIS\AORTIC VALVE REPLACEMENT WITH HOMOGRAFT /SDA,1
GASTROINTESTINAL BLEED;HYPOXIA,1
ABDOMINAL PAIN;AORTIC DISSECTION;TELEMETRY,1
AORTIC STENOSIS\T,1
CORONARY ARTERY DISEASE\CORONARY ARTERY BYPASS GRAFT W/ CRYOMAZE; ? MITRAL VALVE REPLACEMENT /SDA,1
HEADCAHE,1
"AORTIC STENOSIS\AORTIC AND MITRAL VALVE REPLACEMENT REDO, ? CORONARY ARTERY BYPASS GRAFT  ",1
RIGHT CHEST PAIN,1
ENDOCARDITIS:LIVER MASS,1
CHRONIC RENAL FAILURE;LIVER FAILURE,1
HYPOTENSION-ANEMIA,1
ATRIAL FIBRILLATION;TELEMETRY;URINARY TRACT INFECTION,1
RIB FRACTURES-SPLEEN LACERATION,1
LF SIDE RIB FRACTURE; S/P FALL.,1
NAUSEA; VOMITING; ABD PAIN,1
SPLENIC LACERATION;SEIZURE;TONGUE LACERATION,1
MITRAL VALVE REGURGITATION,1
LEFT FRONTAL MASS,1
HYPOVOLEMIA-HEMOTHORAX,1
"PERIPHERAL VASCULAR DISEASE, CAROTID STENOSIS, TIA",1
"CARDIAC ARREST, IPH",1
CAD\BENTALL PROCEDURE; PROXIMAL ARCH/SDA,1
CARDIAC ARREST\CATH,1
MENTAL STATUS CHANGES;?NORO VIRUS,1
PARIETAL BLEED,1
TRACHEOBROCHOMALACIA'/SDA,1
LEFT RECURRENT PARIETAL TUMOR/SDA,1
ATTEMPTED HANGING,1
"MORBID OBESITY, GALLSTONES/SDA",1
R/O PE,1
HYPOXIA AND CONSOLIDATION OF THE LEFT LOWER LOBE,1
DYPSNEA/EKG CHANGES,1
T6 METASTISIS/SDA,1
CELIAC DISEASE;GASTROENTERITIS,1
SUBGLOTTIC STENOSIS;ESOPHAGEAL MASS\LARYNGOSCOPY,1
RRA STENOSIS,1
AORTICDISECTION,1
SHORTNESS OF BREATH;RENAL FAILURE,1
HEPATITIS;CIRRHOSIS /SDA,1
THORACIC ANEURYSM WITHOUT RUPTURE\DESCENDING LEFT THORACIC AORTIC REPLACEMENT VIA LEFT THORACOTOMY /SDA,1
BRADYCARDIA;PNEUMONIA,1
C1 FRACTURE/ANKLE FRACTURE/S/P MVC,1
SHORTNESS OF BREATH;PULMONARY EDEMA,1
COMPLETE HEART BLOCK;MALFUNCTIONING PACEMAKER,1
CONGESTIVE HEART FAILURE;CHRONIC OBST PULM DISEASE;TELEMETRY,1
TRAUMATIC AMP LEFT FOOT,1
AMC,1
AORTIC STEONSIS\AORTIC VALVE REPLACEMENT /SDA,1
N. STEMI,1
RESPIRATORY ALKALOSIS,1
ST-SEGMENT ELEVATION MYOCARDIAL INFARCTION ANTERIOR\CARDIAC CATH,1
ULCERATION/SDA,1
SUBDURAL HEMORRHAGE;S/P MOTOR VEHICLE ACCIDENT,1
CORONARY ARTERY DISEASE\PLANNED VEIN GRAFT INTERVENTION,1
CORONARY DISEASE,1
PNEUMOTHORAX-S/P TRACTOR ACCIDENT,1
"GI BLEED,DIABETIC KETOACIDOSIS",1
"SUB DURAL HEMATOMA,FALL,C6 FRACTURE",1
DYSPNEA;TRACHIAL STENOSIS,1
DESCENDING THORACIC AORTA THROMBUS,1
LUNG CANCER;TRACHEAL ESOPHAGEAL FISTULA,1
DILATED CBD,1
PE/PNA,1
ANGINA;LAD DESION\CATH,1
ACUTE RENAL FAILURE/CHOLE/R/O MYOCARDIAL INFARCTION,1
ALCOHOLIC HEPATITIS; ACUTE RENAL FAILURE,1
PRE-OP PANCREAS,1
PNEUMONIA;COPD EXACERVATIOON,1
MITRAL STENOSIS\REDO MITRAL VALVE REPLACEMENT & ? AORTIC VALVE REPLACEMENT/SDA,1
ACUTE RENAL FAILURE;RHABDO;ISCHEMIC BOWEL,1
RIGHT MIDDLE CEREBRAL ARTERY STROKE,1
MITRAL VALVE DISORDER\MITRAL VALVE REPLACEMENT REDO; PERI CARDIAL STRIPPING ,1
SYNCOPE;TELEMETRY;INTRACRANIAL HEMORRHAGE,1
 AORTIC STENOSIS\AORTIC VALVE REPLACEMENT/SDA,1
"INTRAPARENCHYMAL HEAD BLEED, ACUTE RENAL FAILURE",1
CLONIDINE OVERDOSE,1
ETOH INTUBATED,1
CARDIOMYOPATHY;NON SUSTAINED VENTRICULAR TACHYCARDIA\DUAL CHAMBER IMPLANTABLE CARDIOVERTER DEFINRILLATOR IMPLANT /SDA,1
LIVER LACERATION/RIB FRACTURE,1
INTERSTITIAL LUNG,1
THORACIC AORTIC ANEURYSM\BENTAL PROCEDURE WITH ? AORTIC ARCH REPLACEMENT/SDA,1
"H/O DVT, LEG SWELLING",1
DIABETIC KETOACIDOSIS;GASTROINTESTINAL BLEED,1
DISSECTING ANEURYSM,1
"LUNG MASS, DIVERTICULAR ABSCESS",1
HYPOTENSION;BUTTOCK INFECTION,1
SEIZURES HEAD MASS,1
AORTIC STANOSIS\AORTIC VALVE REPLACEMENT /SDA,1
ACUTE RENAL FAILURE-ACIDOSIS,1
CAVITARY MASS,1
SPINAL CORD INFARCTION,1
MVR\MITRAL VALVE REPLACEMENT; RIGHT THORACOTOMY WITH BEATING HEART/SDA,1
IMTRACEREBRAL HEMORRHAGE,1
AORTIC VALVE INSUFFIENCY\MAZE; AVR; ? CORONARY ARTERY BYPASS GRAFT ,1
MITRAL VALVE REPLACEMENT\MITRAL VALVE REPLACEMENT ,1
BILIARY COLIC;ENDOSCOPIC RETROGRADE CHOLANGIOPANCREATOGRAPHY;ATRIAL FIBRILLATION\ERCP,1
"VOMITING, PNEUMONIA",1
LFT SUBDURAL HEMATOMA; S/P PED STRUCK BY A CAR.,1
CARCINOID TUMOR/SDA,1
ACUTE ANEMIA,1
STRUCK BY TRAIN,1
"AF\THORACOSCOPIC MAZE PROCEDURE, BILATERAL",1
INTRAPARENCHYMAL BLEED;TELEMETRY,1
ABNORMAL ENDOSCOPY\EUS,1
MCA;STROKE,1
RHABOMYOLSIS,1
LEFT DISTAL TIBIA FRACTURE,1
ESOPHAGEAL CARCINOMA/SDA,1
SEPSIS;EPIDURAL ABCESS,1
AORTIC STENOSIS\RIGHT AND LEFT HEART CATHETERIZATION,1
SYNCOPAL EPISODE,1
PARAPHARYNGEAL SPACE INFECTION,1
AAA /SDA,1
UPPER GI BLEED;DEHYDRATION;METASTATIC MELANOMA,1
"RE-DO CABBAGE\CORONARY ARTERY BYPASS GRAFT, RE-DO",1
AORTIC STENISIS\AORTIC VALVE REPLACEMENT /SDA,1
LINE SEPSIS;TELEMETRY,1
LOWER GASTROINTEDTINAL BLEED,1
ACUTE RENAL FAILURE;DEHYDRATION,1
ANGINA\COMPLETE HEART CATH,1
AORTIC VALVE DISORDER\AORTIC AND MITRAL VALVE REPLACEMENT ?CABG/SDA,1
ENDOMETRIAL NEOPLASM/SDA,1
PERICARDITIS-HYPOTENSION,1
MALIGNANT ACITES/SDA,1
ASCITES;CHRONIC RENAL FAILURE;TRANSAMINITIS,1
AORTIC STENOSIS;CORONARY ARTERY DISEASE\AORTIC ROOT REPLACEMENT REPAIR;? ASCENDING AORTIC REPLACEMENT,1
DIABETIC KETOACIDOSIS;HYPOXIA,1
INTRA ABDOMINAL HEMORRHAGE,1
ARACHNOIDITIS,1
MASSIVE ASCITES,1
AORTIC INSUFFICIENCY & ENLARGEMENT\AORTIC VALVE REPLACEMENT /SDA,1
SMALL BOWEL OBSTRUCTION AND ABSCESS,1
R/O MYOCARDIAL INFARCTION-SOB-HYPERKALEMIA,1
AORTIC STENOSIS\AORTIC VALVE REPLACEMENT WITH HOMOGRAFT/SDA,1
COARCTATION OF THE AORTA\ RESECTION AORTIC COARCTATION & DUCTAL DIVERTICULUM; *LATEX ALLERGY*,1
"HEAD BLEED, S/P MVC",1
CANCER OF LEFT COLON/SDA,1
"THROMBOCYTOPENIA,HYPOXIA",1
SYNCOPE;GASTROINTESTINAL BLEED;TELEMETRY,1
FULIMANT LIVER FAILURE,1
CELLULITIS TRACH DEPENDENT,1
TRAUMA;EPIDURAL BLEED,1
CEREBROVASCULAR ACCIDENT;HEAD BLEED,1
HYPERGLYCEMIA;CONGESTIVE HEART FAILURE,1
S/P BLAST INJURY,1
CONGESTIVE HEART FAILURE;PULMONARY HYPERTENSION,1
KICKED BY HORSE,1
CAD'\CORONARY ARTERY BYPASS GRAFT; ? WITH MVR /SDA,1
TEMPORPARIETAL BRAIN MASS,1
BOWEL PERFORATION;SEPSIS,1
ACUTE RENAL FAILURE/ANEMIA,1
CORONARY ARTERY DISEASE\CORONARY ARTERY BYPASS GRAFT; W/ RADIAL ARTERY; ? OFF PUMP CABG/SDA,1
FEVER/CHEST PAIN,1
AORTIC STENOSIS\AORTIC VALVE REPLACEMENT; ?CORONARY ARTERY BYPASS GRAFT /SDA,1
CORONARY ARTERY DISEASE\CORONARY ARTERY BYPASS GRAFT w/RE-DO STERNOTOMY /SDA,1
FEVER OF UNKNOWN ORIGIN;DEHYDRATION,1
CAD/CATH,1
EPIDURAL NECK HEMATOMA,1
MULTIPLE SCLEROSIS/FACIAL PAIN/SDA,1
HEMOPTESIS;LUNG CANCER;HUMAN IMMUNODEFIENCY VIRUS,1
FEER;NAUSEA;VOMITING,1
GASTROINTESTINAL BLEE,1
HYPOTENSION;HEMOPTYSIS,1
"PAROTITIS,PAROTID ABSCESS,NEW DM",1
ACUTE CORONARY DISEASE,1
AORTIC DISSERCTION,1
CORONARY ARTERY DISEASE; CHEST PAIN\CORONARY ARTERY BYPASS GRAFT ,1
RESPIRATORY DISTRESS;S/P LITHOTRIPSY,1
DKA;GASTROINTESTINAL BLEED,1
ACUTE OR CHRONIC SUBDURAL HEMATOMA,1
HYPERBILIRUBANEMIA,1
NON ST ELEVATION MYOCARDIAL INFARCTION;CHRONIC RENAL INSUFFICIENCY\CATH,1
GASTROINTESTINAL BLEED;R/O COLON CANCER\COLONOSCOPY,1
LACTID ACIDOSIS,1
ASCENDING AND DECENDING AORTIC DISS,1
PANCREATIC CANCER;GASTRIC OUTLET OBSTRUCTION,1
SUPRAGLOTTIC HEMATOMA,1
AORTIC ROUTE DILATION \BENTALL PROCEDURE; REDO ? HOMAGRAFT/SDA,1
S/P VF ARREST ,1
ATYPICAL CHEST PAIN\CATH,1
THREE VESSEL DISEASE/CORONARY ARTERY BYPASS GRAFT,1
PULMONARY EMBOLUS-GASTROINTESTINAL BLEED,1
"HIV,ESOPHAGITIS",1
AORTIC STENOSIS\AORTIC VALVE REPLACEMENT; ? BENTAL PROCEDURE   /SDA,1
LUNG CANCER;METS;BRONCOSCOPY,1
STAB,1
AORTIC STENOSIS\AORTIC VALVE REPAIR ? ASCENDING AORTA REPLACEMENT; ?BENTAL PROCEDURE; ? CORONARY ARTERY BYPASS GRAFT /SDA,1
ENDOCARDITIS\AORTIC VALVE REPLACEMENT ,1
AORTIC VALVE DISEASE\LEFT AND RIGHT HEART CATHETERIZATION,1
THORACIC AND SPINAL ABSCESS,1
HYPOGLYCEMIA;CONGESTIVE HEART FAILURE,1
HYPOTENSION;ETOH WITHDRAWEL,1
HYPERBILIRUBERIMIA,1
CONGESTIVE HEART FAILURE;APPENDICITIS,1
CHRONIC OBSTRUCTIVE PULMONARY DISEASE;RESPIRATORY FAILURE,1
DEMENTIA;FALLS,1
LUNG CARCINOMA,1
"HEADACHE,FEVER",1
S/P LIVER TX;ELEVATED LFTS,1
ATRIAL FIBRILLATION\CORONARY ARTERY BYPASS GRAFT; THORACOSCOPIC MAZE PROCEDURE ,1
LEFT HAND CRUSH INJURY,1
CONGESTIVE HEART FAILURE; VENTRICULAR TACHYCARDIA\EP STUDY/LV MAPPING; BIVENTRICULAR ICD IMPLANTATION,1
PCOM,1
RENAL FAILURE;COLITIS,1
ASCENDING AORTIC ANEURSYM\ASCENDING AORTA REPLACEMENT /SDA,1
PROSTATITIS,1
"HYPERTENSION, DIABETES MELLITUS, CRITICAL AORTIC STENOSIS\AORTIC VALVE REPLACEMENT /SDA",1
RIGHT SIDE HEART FAILURE; TRICUSPID REGURGITATION\ICD LEAD EXTRACTION,1
NON STE MYOCARDIAL INFARCTION,1
KIDNEY/PANCREAS TX,1
NECROTIZING CHOLECYSTITIS,1
PANCREATITIS;GALLSTONE,1
BLEEDING MASS,1
CORONARY ARTERY DISEASE\ MINIMALLY INVASIVE CORONARY ARTERY BYPASS/SDA,1
SHORTNESS OF BREATH;MITRAL VALVE DISEASE,1
CHEST PAIN;S/P VENTRICULAR FIBRILLATION,1
HEPATIC CYST/SDA,1
FOOUND DOWN,1
FACIAL AND HAND BURNS,1
MYELODYSPLASIA;FEVER,1
R/O MI S/P KIDNEY TRANSPLANT,1
"UTI,FREQUENT FALLS",1
CHEST PAIN;ELEVATED TROPONIN,1
MALNUTRITION\EGD,1
STRIDOR;S/P THYROIDECTOMY,1
CARDIAC ARREST\CATHETERIZATION,1
CORONARY ARTERY DISEASE-RESPIRATORY ARREST,1
GI BLEED-UNSTABLE ANGINA,1
RIGHT THORACTOMY MVR,1
BICUSPID AORTIC VALVE DISRODER\AORTIC VALVE REPLACEMENT ? BENTAL PROCEDURE ,1
HYPOTHERMIA;RHABDO,1
T8 FRACTURE WITH CORD COMPRESSION,1
NON-Q-WAVE MYOCARDIAL INFARCTION\CATH,1
S/P ASSAULT-LEFT ORBITAL FRACTURE,1
AAA;TELEMETRY,1
CORONARY ARTERY DISEASE;AROTIC STENOSIS\CARDIAC CATH,1
BILIARY STENT OBSTRUCTION,1
CORONARY ARTERY DISEASE;MITRAL REGURGITATION\RIGHT AND LEFT HEART CATHETERIZATION,1
OPIOD OVERDOSE,1
AORTIC VALVE INSUFFICIENCY\BENTAL PROCEDURE; ASCENDING AORTAHEMI-ARCH REPLACEMENT W/ DEEP CIRCULAR ARREST/MAZE; Mitral Valve Repair/Replace with Concomitant Maze Procedure /SDA,1
CONSTRICTIVE PERICARDITIS\PERICARDIAL STRIPPING/SDA,1
ATV ACCIDENT,1
DEHYDRATION; CONGESTIVE HEART FAILURE,1
DIAPHRAMATIC HERNIA/SDA,1
ASCENDING AORTIC  ANEURSYM\ ASCENDING AROTA W/ PROXIMAL ARCH/SDA,1
BREAST CANCER;PNEUMOTHORAX,1
CHEST PAIN;MYOCARDIAL INFARCTION\CARDIAC CATHETERIZATION,1
MULTISYSTEM ORGAN FAILURE,1
SEPSIS;HEMOLYSIS,1
ICD INFECTION,1
MSC;OD;CLOSED HEAD INJURY,1
AV FISTULA;ANGIOPLASTY,1
NEAR SYNCOPE\LEFT HEART CATHETERIZATION,1
AORTIC STENOSIS\AORTIC VALVE REPLACEMENT w/ SEPTAL MYOMECTOMY,1
INTRACRANIAL HEMORRHAGE;LEUKEMIA,1
AORTIC STENOSIS\AORTIC VALVE REPLACEMENT; MINI VS STENOTOMY /SDA,1
CORONARY ARTERY DISEASE;LEFT VENTRICULAR DYSFUNCTION\CATH,1
SECOND DEGREE HEART BLOCK,1
BILIARY TUMOR/SDA,1
OSTEOLYSIS  LEFT ACETABULUM & FEMUR/SDA,1
POCKET INFECTION\PARTIAL LEAD EXTRACTION **REMOTE WEST**/SDA,1
SZ; COFFEE GROUND EMESIS; SYNCOPE,1
MALIGNANT PLEURAL EFFUSION/SDA,1
MR;CORONARY ARTERY DISEASE;\CORONARY ARTERY BYPASS GRAFT;MITRAL VALVE REPLACEMENT;TRICUSPID VALVE REPLACEMENT,1
R/O PERFORATED ILEUM,1
ASCITES;SHORTNESS OF BREATH,1
BLEEDING FISTUA,1
"MULTIPLE TRAUMA,PLANE CRASH",1
? HEAD MASS,1
ILIAC VEIN THROMBOSIS,1
AFIB\ PHARMACOLOGICAL/NONPHARMACOLOGICAL MANAGEMENT; AFIB ABLATION,1
GASTROINTESTINAL BLEED;DUODENAL ULCER;DOWN SYNDOME;URINARY TRACT INFECTION,1
HEART FAILURE;RENAL FAILURE;CHEST PAIN,1
SEVERE AORTIC INSUFFICIENCY\AORTIC VALVE REPLACEMENT REDO ,1
FOREIGN BODY IN ESPHAGUS,1
HUPERTROPHIC CARDIOMYOPATHY\CATH,1
ACUTE RENAL FAILURE;ANEMIA;HYPOGLYCEMIA,1
RHEUMATIC HEART DISEASE\ AORTIC AND MITRAL VALVE REPLACEMENT/SDA,1
CROHN;S DISEASE;SMALL BOWEL OBSTRUCTION,1
JAUNDICE;PANCREATIC CA;FEVER,1
GASTROINTESTINAL BLEED;TRACHEAL OBSTRUCTION,1
STRIDOE;AIRWAY COMPROMISE,1
"FEVER,SVT",1
PANCREATIC CANCER;RAPID ATRIA; FIBRILLATION,1
"CIRRHOSIS, LIVER LESION/SDA",1
OVARIAN MASS;? SBO,1
SHORTNESS OFR BREATH,1
R/O ASPIRATION,1
RECURRENT BILATERAL PLEURAL FUSION,1
S/P FALL-CONTUSION,1
"SMALL BOWEL OBSTRUCTION, CHRON'S DISEASE",1
CORONARY ARTERY DISEASE\STENT PLACEMENT OF LEFT ANTERIOR DESCENDING ARTERY,1
THIRD DEGREE HEART BLOCK,1
POST- ARREST,1
INVASIVE MELANOMA/SDA,1
LEFT VOCAL CORD PARALYSIS\LARYNGOSCOPY DIRECT;GEL FOAM INJECTION LEFT VOCAL CORD,1
T10 COMPOUND FRACTURE,1
BARRETTS ESOPHAGUS ADENOCARCINOMA/SDA,1
R/O M.I.-COPD EXACERBATION-RESP DISTRESS,1
ESOPHAGEAL REFLUX ASPIRATION\LAPAROTOMY; C-NISSEN FUNDOPLICATION; J-TUBE PLACEMENT; COLOSTOMY TAKEDOWN,1
RULE OUT LINE SEPSIS,1
PNEUMONIA; COPD,1
? CAROTID DISSECTION,1
HYPERKALEMIA;PULMONARY EDMA,1
HEAD MASS WITH SHIFT,1
"HYPOTENSION,LINE SEPSIS,RENAL FAILURE",1
SEPSIS;MEDIASTINITIS,1
S/P LIVER/NAUSEA/VOMITING/DIARRHEA,1
THORACIC ANEURYSM-PNEUMONIA,1
RENAL FAILURE;RESP FAILURE,1
LEFT UPPER LOBE CARCINOMA/SDA,1
"C2 FRACTURE, S/P FALL",1
MITRAL REGURGITATION\MITRAL VALVE REPLACEMENT VS REPAIR/SDA,1
ESRD-FEVER,1
ICD LEAD MALFUNCTION; AFLUTTER; VT\ICD GENERATOR CHANGE/ LEAD REVISION,1
"PERICARDIAL EFFUSION, TOMPONADE",1
CADLNON-Q-WAVE MYOCARDIAL INFARCTION\LEFT MAIN STENT PLACEMENT,1
STROKE TRANSIENT ISCHEMIC ATTACK,1
CORONARY ARTERY DISEASE\THORACOSCOPIC VENTRICULAR LEAD PLACEMENT LEFT; ? THORACOTOMY/SDA,1
MEDIASTINAL INFECTION,1
PERSISTENT HYPOTENSION,1
SPLENIC AND RENAL LACERATION,1
ETOH WITHDRAWL;HEMATEMESIS,1
AORTIC STENOSIS\BENTALL PROCEDURE; VS;AORTIC VALVE REPLACEMENT; W/ ASCENDING AORTA/SDA,1
ST ELEVATED MI,1
ACUTE LUKEMIA,1
"CVA, BRADYCARDIA",1
ETOH WITHDRAWAL;CHEST PAIN,1
MITRAL STENOSIS;PULMONARY HYPERTENSION,1
HEPATOBILIARY CANCER,1
MITRAL VALVE REGURGITATION\REPAIR MITRAL VALVE /SDA,1
MITRAL VALVE DIFFIENCY\MITRAL VALVE REPLACEMENT /SDA,1
KIDNEY TRANSPLANT REJECTION,1
ELEVATED LIVER FUNCTIONS;S/P LIVER TRANSPLANT,1
NON-ST SEGMENT ELEVATION MYOCARDIAL INFARCTION;CONGESTIVE HEART FAILURE\CARDIAC CATH,1
AORTIC STENOSIS\ AORTIC CAROTID SUBCLAVIAN BYPASS GRAFT/SDA,1
CONGESTIVE HEART FAILURE;A-FIB,1
WEAKNESS;HYPOTENSION,1
ACUTE MYELOGENOUS LEUKEMIA;MYELODYSPLASTIC SYNDROMES,1
RECURRENT RECTAL CA/SDA,1
COPD-RESPIRATORY FAILURE,1
AORTIC STENOSIS\AORTIC VALVE/SDA,1
CHEST PAIN; CHF EXACERBATION,1
HYPONATREMIA;HYPERKALEMIA;MELANOMA,1
NON-UNION LEFT HIP FRACTURE/SDA,1
RECTUS SHEATH HEMATOMA;COAGULOPATHY,1
CONGESTIVE HEART FAILURE\SWAN PLACEMENT,1
ABDOMINAL THORACIC ANEURYSM\ REPAIR ABDOMINAL THORACIC AORTIC ANEURYSM/SDA,1
ACUTE MYELOGENOUS LEUKEMIA: NEUTROPENIA,1
ABDOMINAL PAIN-ELECTROLYTE ABNORMALITIES,1
"PNEUMONIA,URINARY TRACT INFECTION",1
COLD LEFT FOOT,1
SEPSIS-CHOLANGITIS,1
"CAD,AORTIC VALVE DISEASE",1
CRITICAL AORTIC STENOSIS;S/P PNEUMONECTOMY,1
GRANULATION IN TRACH,1
R. LOWER LOBE PNEUMONIA,1
CARDIOGENIC SHOCK;TELEMETRY,1
MITRAL REGURGITATION\REPAIR ATRIAL SEPTAL DEFECT  MITRAL VALVE REPLACEMENT /SDA,1
ANGINA;CHEST PAIN\CATH,1
SEPTAL DEFECT\ATRIAL SEPTAL DEFECT CLOSURE ? CORONARY ARTERY BYPASS GRAFT /SDA,1
BONE-PAIN;METASTATIC CANCER,1
PERIPHERAL VASCULAR DISEASE;CELLULITIS LEFT HEEL,1
HEMORRHAGIC PANCREATITIS,1
CHEST PAIN;TELEMETRY;SHORTNESS OF BREATH;ACUTE MENTAL STATUS CHANGES,1
CLAUDICATION; PERIPHERAL VASCULAR DISEASE\RIGHT LOWER EXTREMITY ANGIOGRAM,1
RESPIRATORY DISEASE,1
DIAPHRAGMATIC DEFECT/SDA,1
PERICARDIAL EFFUSION;UPPER GASTROINTESTINAL BLEED,1
"URINARY INCONTINENCE, RENAL CALCULUS, RENAL OBSTRUCTION/SDA",1
S/P MOTOR CYCLE CRASH,1
PERICADIAL EFFUSION\PERICARDECTOMY/SDA,1
LEFT FOREARM INJURY/SDA,1
SEPTIC SHOCK W\NEUTROPENIA;TELEMETRY,1
MITRAL REGURGITATION\MITRAL VALVE REPLACEMENT/CONCOMITANT MAZE/SDA,1
CORONARY ARTERY DISEASE\ OFF PUMP CORONARY ARTERY BYPASS,1
SEPSIS;HYPOTENSION;ACUTE RENAL FAILURE,1
HYPOTENSION;RESPIRATORY DECOMPRESSION;S/P LIVER BIOPSY,1
ANOXIC ENCEPHALOPATHY,1
HYPOKALEMIA;ETOH WITHDRAWAL AEIZURE,1
BILATERAL HYGROMA,1
RENAL FAILURE;RESPIRATORY FAILURE;DIABETES MELLITUS,1
METATASTIC CARCINOID TUMOR/SDA,1
PULMOARY EDEMA;ANEMIA,1
CEREBRAL CONTUSION; S/P FALL,1
EPISTAXIS;NASOPHARNGYEAL CANCER,1
AMI;DYSPNEA,1
CONGESTIVE HEART FAILURE;,1
TROMVECTOMY,1
ANGINA;CHEST PRESSURE;+ETT\CATH,1
SUBDURAL HEMORRHAGE-S/P FALL,1
MITRAL VALVE INSUFFICENCY\MITRAL VALVE REPLACEMENT REDO REDO THORACOTOMY RIGHT,1
CAROTID STENOSIS\LEFT CAROTID ANGIOGRAM;ANGIOPLASTY,1
SHORTNESS OF  BREATH,1
"CDIFF COLITIS,ASCITES",1
RIGHT INTERNAL JUGULAR THROMBUS,1
HEPATIC LACERATION,1
ALCOHOL WITHDRAWAL/UTI,1
GUN SHOT WOUND BACK,1
"CONGESTIVE HEART FAILURE,UNSTABLE ANGINA",1
UPPER AND LOWER GI BLEED,1
S/P MOTOR VEHICLE CRASH/FLAIL CHEST,1
"ABSCESS,SEPSIS",1
LT ATRIAL THROMBOSIS,1
RESPIRATORY  DISTRESS,1
HYPOTHERMIA;HYPOGLYCEMIA,1
CHOLANGITIS\ENDOSCOPIC RETROGRADE CHOLANGIOPANCREATOGRAPHY,1
ABDOMINAL AORTIC ANEURYSM;SEVERE ILIAC DISEASE/SDA,1
CALCIUM CHANNEL BLOCKER OVERDOSE,1
PNEUMONIA;POLYSUBSTANCE ABUSE,1
MYCOTIC ANEURYSM,1
PULSELESS LEFT FOOT,1
WORSENING RENAL FAILURE;ACIDOSIS,1
"CONGESTIVE HEART FAILURE,AORTIC STENOSIS",1
SUPRAVENTRICULAR TACHYCARDIA;HYPOTENSION,1
VOMITTING,1
ALRERED MENTAL STATUS,1
HEMOPTYSIS;MET RENAL CELL CA,1
PNEUMONIA;A-FIB,1
MITRAL VALVE DISORDER\MVR  ? CABG ? MAZE,1
GASTROINTESTINAL BLEED;SEPSIS,1
INTOXICATION;SUICIDAL IDEATION,1
ASCENDING & DESCENDING AORTA\ ASCENDING AORTIC ARCH W/CABG,1
"CHRONIC ASPIRATION, DYSPHAGIA/SDA",1
ABNORMAL EKG;ELEVATED TROPONIN,1
ESOPHAGEAL CA AND DOWN'S SYNDROME/SDA,1
CHEST PAIN;DYSPNEA ON EXERTION;CORONARY ARTERY DISEASE\CARDIAC CATH,1
"ASCITIES, MITROVALVE REGURGITATION",1
LEFT HIP OSTEONECROSIS/SDA,1
RECURRENT BRAIN TUMOR,1
SYMPROMATIC FIBROIDS/SDA,1
COLONGIC STRICTURE,1
THORACIC ANEURYSM WITH OUT MENTION RUPTURE\AORTIC VALVE / ASCENDING AORTA REPLACEMENT; ? BENTAL PROCEDURE /SDA,1
MVA; HEAD BLEED,1
"UROSEPSIS,R/O MI",1
HYPOTENSION-PERICARDIAL EFFUSION,1
ANEMIA BLEED;TELEMETRY,1
GASTROINTESTINAL BLEED;ACUTE RENAL FAILURE;RESPPIRATORY ARREST,1
BRONCHIAL STENOSIS/SDA,1
MYOCARDIAL INFARCTION;ACUTE CORONARY SYNDROME\CATH,1
BOWEL RESECTION DEAD BOWEL,1
IMI\CATH,1
CARDIAC  ARREST,1
ETOH WD,1
NECK PAIN;? EPIDURAL ABSCESS,1
AORTIC STENOSIS;CONGESTIVE HEART FAILURE\CARDIAC CATHETERIZATION,1
NEUROGENIC SHOCK TRAUMA,1
ACUTE CORONARY SYNDROME; CHF,1
CONSTIPATION/DEHYDRATION,1
S/P CEREBRAL ANGIOGRAM;CAROTID STENOSIS,1
BILATERAL PLEURAL EFFUSION,1
"GI BLEED,CHEST PAIN,HYPOTENSION",1
"MEDICATION REACTION,ISCHEMIC FOOT",1
HYPERKALEMIA/PACREATISIS,1
NON-Q WAVE MI;CONGESTIVE HEART FAILURE\CARDIAC CATH,1
UPPER EXTREMITY DVT; UNABLE TO REMOVE PIC,1
CONGESTIVE HEART FAILURE;MITRAL STENOSIS\RIGHT AND LEFT HEART CATH,1
TYLENOL OVERDOSE-LIVER FAILURE,1
HYPERCARBIC RESPIRATORY DISTRESS,1
NECROTIC PENIS,1
RESPIRATORY FAILURE/ ACUTE RENAL FAILURE,1
"HYPERKALEMIA,PNEUMONIA",1
ADULT RESPIRATORY DISTRRESS SYNDROME,1
R/O ARDS,1
?SEIZURES,1
ABD WOUND,1
SEPSIS; PULMONARY EDEMA; DIABETES MELLLITUS,1
ESOPHAGEAL DYSPLASIA/SDA,1
UNSTABLE ANGINA\CARDIAC CATH;STAGED CIRCUMFLEX STENTING,1
CHEST PAIN;ANOMOLOUS CORONARY ARTERIES,1
CHEST MASS/SDA,1
RECTAL PROLASPE,1
OVER DOSE,1
CANCER OF THE RIGHT ORAL TONGUE/SDA,1
AOETIC STANOSIS \AORTIC VALVE REPLACEMENT /SDA,1
 INTRACTABLE EPILEPSY/SDA,1
GASTROINTESTINAL BLEED;TELMETRY,1
SUBDURAL HEMMORAGE,1
MITRAL STENOSIS\MITRAL VALVE REPAIR/SDA,1
HEPATITIS;LIVER FAILURE,1
PORTAL VEIN CLOT,1
BREAST CANCER,1
RHABDOMYOLOSIS;RENAL FAILURE,1
AORTIC STENOSIS\AORTIC VALVE REPLACEMENT & CORONARY ARTERY BYPASS GRAFT ? MVR/SDA,1
"METS CA,PLEURAL EFFUSION",1
LEFT WOUND INFECTION,1
HX OF BILE LEAK\ ERCP,1
ACUTE CORONARY SYNDROME\CARDIAC INTERVENTION,1
SVC CLOT;RIGHT ATRIAL CLOT,1
PULMONARY ALVEOLAR PROTEINOSIS,1
CHOLECYSTITIS;CARDIOMYOPATHY,1
PVD\ARTERIOGRAM,1
CHEST PAIN;SEPSIS,1
LUNG CANCER-SPINAL CORD COMPRESSION,1
RESPIRATORY FAILURE;DEHYDRATION;ACHONDROPLASIA;HYPERTENSION;SPINAL STENOSIS,1
COPD EXACERBATION/PNEUMONIA,1
FEVER;ALTERED MENTAL STATUS;R/O MENINGITIS,1
HEMATOMA OF CHEST,1
ATRIAL TACHYCARDIA\CARDIOVERSION,1
NAUSEA AND VOMITING,1
RIGHT CEREBULLUM HEMORRHAGE,1
CORONARY ARTERY DISEASE\CORONARY ARTERY BYPASS GRAFT; LVAD/SDA,1
HEPATO CELLULAR CAECINOMA,1
"HEPARIN INFUSIN, S/P IVC FILTER PLACEMENT",1
HEMOPTYSIS; PROBABLE ASPERGILLONA,1
EXERTIONAL DYSPNEA;ANGINA\LEFT CARDIAC CATH,1
HYPOTENSION;DIARRHEA;TELEMETRY,1
CATHETER INFECTION,1
"ARF,GIB",1
LEFT HIP FRACTURE;LUNG CANCER,1
RENAL TUMOR/SDA,1
NON Q WAVE MYOCARDIAL INFARCTION\CARDIAC CATH,1
TRACHEAL STENOSIS;NON SMALL CELL LUNG CANCER,1
MORBID OBESTIY /SDA,1
GLOBE RUPTURE,1
LEFT COLON CANCER,1
LEFT CAROTID ARTERY ANEURYSM/SDA,1
DISPLACED TRACH TUBE,1
? PANCREAS TRANSPLANT REJECTION,1
ISCHEMIA BOTH LEGS,1
"GI,BLEED",1
CHRONIC OBST PULM DISEASE;NSTEMI,1
CORONARY ARTERY DISEASE\CORONARY ARTERY BYPASS GRAFT: ? AVR /SDA,1
"CHEST PAIN, AORITIC ULCERATION",1
LEFT TEMPORAL CAVENOMA/SDA,1
INGESTION OF COCAINE ,1
ACUTE RENAL FAILURE;SEPSIS;TELEMETRY,1
CERVICAL STENOSIS,1
S/P ERCP WITH ? PERF,1
UNSTABLE ANGINA;AORTIC STENOSIS\COMPLETE HEART CATH,1
SUBDURAL HEMATOMA;EAR LACERATION;GASTROINTESTINAL BLEED,1
EXERTIONAL ANGIA;CATH,1
SEPSIS; RESPIRATORY FAILURE,1
HISTORY OF ENDOCARDITIS/SDA,1
ARTERIAL INJURY,1
LEFT CAROTID STENOSIS\LEFT CAROTID ANGIOGRAM,1
"CIRRHOSIS, COMMON BILE DUCT STONE",1
SHORTNESS OF BREATH;LYMPHOMA,1
DISTAL TIBIA FIBULA FRACTURE,1
MITRAL REGURGITATION\MITRAL VALVE REPLACEMENT MINIMALLY INVASIVE ,1
SKULL FRACTURE;ICH,1
ACUTE SUBDURAL HEMATOMA;ENLARGED RIGHT VENTRICLE,1
ORAL TOUNGUE CANCER RIGHT/SDA,1
LUNG NODULE LEFT/SDA,1
ACUTE RENAL FAILURE;PNEUMONIA;HYPERGLYCEMIA,1
LEFT MEDIAL PATELLA FEMORAL LIGAMENT FRACTURE\OPEN REDUCTION INTERNAL FIXATION PATELLA FRACTURE LEFT,1
"CHARCOT, LEFT FOOT ULCER/SDA",1
BACK PAIN-DISSECTION,1
R/O MENINGITITIS,1
SUBARACHNOID BLEED; S/P MVC,1
CERVICAL DISC HERNIATION,1
END-STAGE LIVER DISEASE; STATUS POST TRANSPLANT,1
OBSTRUCTIVE AIRWAY,1
HYPOTHERMIA-PNEUMONIA,1
RENAL HEMATOMA;MVC,1
CHOLANGIO MASS,1
CO2 RETENTION,1
ATRIAL FIBRILLATION\PACEMAKER IMPLANTATION/ATRIAL FLUTTER ABLATION,1
LEFT KNEE OSTEOARTHRITIS,1
HYPOTENSION;HYPOGLYCEMIA;SEIZURE,1
RECURRENT INTERNAL CARDIOVERTER DEFIBRILLATOR SHOCKS;HEART FAILURE MANAGEMENT,1
HEMOTHORAX/HIGH INR S/P FALL,1
SEPSIS-MYOCARDIAL INFARCTION-HEAD BLEED,1
?LABOR,1
MITTAL VALVE INSUFFICIENCY\MITRAL VALVE REPLACEMENT ,1
MULTIPLE MYELOMA;SPINAL METASTASIS,1
FEVER AND NEUTROPENIA,1
STABBING VICTIM,1
S/P VENTRICULAR FIBRILLATION ARREST;CORONARY ARTERY DISEASE\CATH,1
CERVICAL SPINE INSTABILITY,1
LUNG CA WITH AIRWAY OBSTRUCTION,1
SUBDURAL HEMATOMA-S/P FALL,1
STEMI;,1
COMMON BILE DUCT STONE;CHOLANGITIS,1
MITRAL STENOSIS\CORONARY ARTERY BYPASS GRAFT WITH MVR; ? TVR,1
CHEST PAIN;+ STRESS TEST\CATH,1
RIGHT VENTRICULAR LEAD MALFUNCTION;INAPPROPRIATE IMPLANTABLE CARDIOVERTER-DEFIBRILLATOR FRING\RIGHT VENTRICULAR IMPLANTABLE CARDIOVERTER-DEFIBRILLATOR LEAD EXTRACTION/SDA,1
NON ST ELEVATION,1
CORONARY ARTERY DISEASE\CORONARY ARTERY BYPASS GRAFT WITH MITRAL VALVE REPLACEMENT ,1
POST OPERATIVE ILEUS,1
CLIVAL MASS/SDA,1
"ACUTE RENAL FAILURE,THROMBOCYTOPENIA",1
MALIGNANT NEOPLASIA OF LEFT EYE/SDA,1
"TIGHT RIGHT CAROTID, SYMPTOMATIC WITH VISUAL CHANGES",1
HYPOXIA OF UNKNOWN ETIOLOGY,1
OCCLUDED FEMORAL GRAFT,1
CONGESTIVE HEART FAILURE;MR\CATH,1
MITRAL VALVE DISORDER\MVR/ MAZE ? CORONARY ARTERY BYPASS GRAFT /SDA,1
RIGHT MANDIBULAR CELLULITIS,1
STEMI;HEAD BLEED,1
CORONARY ARTERY DISEASE\LEFT CAROTID ANGIOGRAM,1
AORTIC VALVE STENOSIS\AORTIC VALVE / ASCENDING AORTA REPLACEMENT /SDA,1
CHEST PAIN;POSITIVE STRESS TEST,1
CONGESTIVE HEART FAILURE;ACUTE CHRONIC RENAL FAILURE,1
"SEIZURE,RHABDOMYOLSIS,FEVER",1
METASTATIC RENAL CELL CARCINOMA\INTERLEUKIN (HD-IL2),1
CAROTID STENOSIS LEFT,1
POST ARREST;CONGESTIVE HEART FAILURE,1
R/O MYOCARDITIS,1
LEFT RENAL FRACTURE,1
HYPOGLYCEMIA;SEIZURES,1
BRADYCARDIA; RIGHT UPPER LOBE NODULE/SDA,1
ALTERED MENTAL STATUS; ACUTE LEUKEMIA,1
INTRAPAREOLGEAL HEMORRHAGE,1
ILEO PSOAS ABSCESS,1
S/P FALL/MULTIPLE FRACTURES,1
SKULL FRACTURE;SUBARACHNOID HEMORRHAGE,1
HYDROCEPHALUS/VP MALFUNTION,1
PNEUMONIA;ATRIAL FIBRILLATION;TELEMETRY;RESP FAILURE,1
TRACHEAL BLEEDING,1
CHEST PAIN;DYSPNEA\LEFT HEART CATHETERIZATION,1
ANGINA;PERIPHERAL VASCULAR DISEASE\ CATH,1
SCHLEROSING CHOLANGITIS,1
UMBILICAL HERNIA & RIGHT INGUINAL HERNIA,1
MEDIAL PARIETAL TUMOR/SDA,1
LT LEG ISCHEMIA,1
TIB;FIB,1
BRONCHIAL LAVAGE/SPINAL DETRUSOR HYPERREFLEXIA,1
CLOTACATION/SDA,1
STENOSIS OF LARYNX/SDA,1
"CHRONIC HEPATITIS C; CHIRRHOSIS OF LIVER, ESOPHAGEAL VARICES\ TIPS/SDA",1
"MESH INFECTION, UMBILICAL WOUND/SDA",1
RIGHT LEG ISCHEMIA,1
CHARCOT RIGHT ANKLE,1
POSTERIOR MEDIASTINAL MASS/SDA,1
LEFT STUMP INFECTION,1
INFECTED FEET,1
RIGHT NECK NODE/SDA,1
ISCHEMIC ULCER/SDA,1
THROMBOSIS OF THE AV FISTULA,1
COMPLICATED RIGHT HAND WOUND/SDA,1
ABD. PAIN,1
HYPERBILIRUBINIMIA,1
UPPER GASTROINTESTINAL BLEEN,1
ABDOMINAL HERNIA; HYDRP OF GALLBLADDER/SDA,1
RIGHT MIDDLE LUNG CANCER/SDA,1
LEFT ANKLE FX/SDA,1
LUNG CANCER RIGHT UPPER/SDA,1
RIGHT INGUINAL HERNIA/SDA,1
ICA ANEURYSM/SDA,1
INTERCRANIAL CAROTID STENOSIS/SDA,1
SUBACUTE APPENDICITIS/SDA,1
T11 METASTASTIS/SDA,1
MALFUNCTIONING ILEAL POUCH/SDA,1
SHORT GUT SYNDROME\ VENOUS RECANULATION/SDA,1
NUMBNESS/WEAKNESS,1
RUPTURED FISTULA,1
INFECTED ULCER;CELLULITIS;DIABETES,1
BASAL CELL CARCINOMA OF PENILE/SDA,1
ATRIAL FIBRILLATION\PVI **REMOTE WEST**/SDA,1
"PERITONITIS, S/P SIGMOID RESECTION/SDA",1
CHIARI 1 MALFORMATION/SDA,1
CONGESTIVE HEART FAILURE-END STAGE RENAL DISEASE,1
HIP FRACTURE;ANEMIA,1
METASTATIC SQUAMOUS CELL CANCER,1
SMALL BOWEL OBSTRUCTION/SDA,1
"HYPERKALEMIA,GANGRENE",1
AORTIC ANEURYSM;IV HYDRATION,1
CELLULITIS OF RT BREAST-S/P MASTECTOMY,1
S/P COLECTOMY/SDA,1
ISCHEMIC FOOT RIGHT,1
OCCLUDED FEM FEM GRAFT,1
PANCREATITIS & BILIARY STRICTURE/SDA,1
LT GROIN ABSCESS,1
LEFT ISCHEMIC FOOT/SDA,1
RIGHT ANKLE FRACTURE,1
FOOT ISCHEMIA,1
"SUBCLAVIAN STENOSIS, RIGHT/SDA",1
LEFT FRONTAL LOBE MASS;ATAXIA,1
LEFT FRONTAL MENINGOMA/SDA,1
LEFT INTERAL CAROTID ANEURYSM,1
RIGHT MIDDLE LOBE CA/SDA,1
LARGE SUBDURAL HEMATOMA,1
FEMORAL THROMBOSIS,1
GALLSTONES;SDA;METHICILLIN RESISTANT STAPH AUREUS/SDA,1
NAUSEA; VOMITTING,1
CAVERNOUS ANGIOMA/SDA,1
DECREASED BLOOD FLOW TO THE LEFT LEG,1
LT SCROTAL ABCESS,1
TRACEAL BRONCHIAL MALACIA/SDA,1
GASTRO INTESTINAL MALIGNANCY,1
"INFECTED WOUND,RIGHT THIGH",1
ISCHEMIC L LEG,1
GRAVES DISEASE/SDA,1
OSTEOMYOLITIS LEFT SECOND TOE,1
ISCHEMIC LEFT FOOT;TELEMETRY,1
RIGHT HAND 3RD DIGIT PROXIMAL INTERPHALANGEAL ARTHRITIS AND DEFORMITY; RIGHT HAND 3RD DIGIT STIFFNES/SDA,1
CHOELITHIASIS,1
NECROTIC TOE;PVD,1
MALIGNANT NEOPLASM OF COLON,1
SYMTOMATIC ANEURYSM AORTIC ABDOMINAL,1
DEBRIDEMENT HEEL ULCERS;? VEIN GRAFT RIGHT LEG,1
HIP FRACTURE-SYNCOPE,1
WOUND INFECTION;TELEMETRY,1
OSTEOSARCOMA RIGHT PROXIMAL FEMUR/SDA,1
HYPERBILRUBINEIMA,1
BILATERAL EXTREMITY ISCHEMIA/SDA,1
S/P LIVER TRANSPLANT\TUBE CHOLANGIOGRAM ? BALLOON DILATATION **REMOTE WEST**/SDA,1
S/P LIVER TRANSPLANT;ELEVATED LIVER FUNCTION TEST\PERCUTANEOUS TRANSHEPATIC CHOLANGIOGRAM  **REMOTE WEST INR SUITE CC3**/SDA,1
NON HEALING LEG ULCER,1
LIVER TRASPLANT CANDITATE\ PERCUSTANEOUS TRANSPATIC CHOLANGIOGRAM OF LIVER,1
RIGHT FOOT PAIN,1
BRAIN TUMOR; INCREASED EDEMA,1
SIGOID TUMOR/SDA,1
RIGHT FEMORAL TIBIAL STENOSIS,1
MULTIPLE MYELOMAS/SDA,1
ETOH CIROHOSIS/SDA,1
SCROTAL PYOCELE,1
RECURRENCE LARYNGEAL CA,1
"TRACHEAOBRONCHEO MALACIA, RIGHT/SDA",1
STRESS INCONTINECE & CYSTOCELE/SDA,1
RIGHT FOOT BUNION AND HAMMER TOE/SDA,1
INCISONAL DEFECT/SDA,1
RESPIRATORY DISTRESS-LUNG CANCER,1
RIGHT FOOOT CELLULITIS,1
OPEN WOUND SCALP,1
OPEN WOUND LEFT HAND/SDA,1
SABARACHNOID HEMORRHAGE,1
HYDRONEPHROSIS & URETERAL STENT OBSTRUCTION/SDA,1
INCISIONAL HERNIA; EXCESSIVE SKIN/SDA,1
BILE LEAK\ERCP,1
CEREBRAL ANGIO;CAROTID STENT,1
L HIP FX; HYPERGLYCEMIA,1
CERVICAL MYOLOPATHY/SDA,1
MELANOMA;DEHYDRATION;?OBSTRUCTION,1
JNATHJW5,1
ATHEROSCLEROSIS BYPASS GRAFT RIGHT/SDA,1
"RIGHT FOOT ULCER;CELLULITIS;INFECTION,UKNOWN",1
NARROW ENDOCRINE TUMOR OF PANCREAS/SDA,1
CLOTTED RIGHT UPPER EXTREMITY AV FISTULA,1
PELVIC MASS/BREAST CANCER/SDA,1
"CHF, LEFT VENTRICULAR LEAD CAUSING DIAPHRAGMATIC STIMULATION S/P ICD IMPLANT\LEFT VENTRICULAR LEAD REVISION **REMOTE WEST** /SDA",1
PULSELESS EXTREMITY,1
CENTRAL NECK MASS/SDA,1
LEFT POPLITEAL ANEURYSM/SDA,1
ARTERIAL INSUFFICENCY LLE,1
EVACUATION OF HEMATOMA,1
SYRINGOMYELIA/SDA,1
INFECTED ULCER;DIABETES;PVD,1
R/O TRANSIENT ISCHEMIC ATTACK,1
"ACUTE RENAL FAILURE,HEMATURIA",1
BILE DUCT STRICTURE;S/P LIVER TRANSPLANT/SDA,1
NECROTIC LEFT GREAT TOE,1
"AAA, RIGHT RENAL ARTERY STENOSIS/SDA",1
RIGHT KIDNEY CA/SDA,1
RIGHT WRISTS FRACTURE,1
?TIA;IV HEPARIN,1
RIGHT TOE ISCHEMIA,1
OCCLUSIVE DISEASE RIGHT /SDA,1
HEMATURIA/SDA,1
BILATERAL FEMORAL SUDOANEURYSMS/SDA,1
RT LOWER EXTREMITY STENT FAILURE,1
"FLU,SYRINK",1
PSEUDOARTHROSIS CERVICAL SPINE/SDA,1
FAILED GRAFT LEFT/SDA,1
DISC HERNIATION/SPONDYLOSIS/SDA,1
GANGRENE RIGHT SECOND TOE,1
BRAIN TUMOR RIGHT SIDE/SDA,1
GALL STONES/SDA,1
PLEURAL EFFUSION RIGHT/SDA,1
ESRD/SDA,1
ISCHEMIC LT LEG/SDA,1
MELANOMA METASTASES/SDA,1
ANEURYSM OF LOWER EXTREMITIES/SDA,1
"CAROTID DISEASE, LEFT/SDA",1
THROMBECTOMY W/C ARM UPPER AV GRAFT,1
INFECTED RIGHT ANKLE,1
CEREBRAL ANEURYSM;ANGIOGRAM,1
RENAL FLOW/SDA,1
ATHERSCLEROSIS OF EXTREMITIES W/ CLAUDICATION RIGHT/SDA,1
RIGHT FOOT ULCER W\CELLULITIS,1
RIGHT NECK ABSCESS,1
NON HEALING ULCER;ANGIOPLASTY;TENT PLACEMENT,1
FOLLOW-UP COMMON BILE DUCT INJURY/SDA,1
CORONARY ARTERY DISEASE\ANGIOPLASTY/SDA,1
TRANCHEAL BRONCHIAL MALACIA/SDA,1
MR\EXCISION OF STERNUM /SDA,1
RIGHT ACETABULUM FRACTURE/SDA,1
RIGHT HIP NON HEALING WOUND/SDA,1
GANGRENE OF FOOT,1
HYPONATREMIA;R/O SEPSIS;TELEMETRY,1
LOW INR,1
NON HEALING ULCERS,1
ISCHEMIC LEFT FOOT-DIABETES MELLITUS,1
R/O MYOCARDIAL INFARCTION-ACUTE RENAL FAILURE,1
BRONCHIAL STENOSIS\ BRONCHOSCOPY RIGID WITH T-TUBE PLACEMENT/SDA,1
INFECTED LEFT LEG ULCER/SDA,1
CLOTTED LEFT AV GRAFT/CRF,1
TRIGEMINAL NEURALGIA /SDA,1
ACUTE SUBDURAL HEMATOMA;TELEMTRY,1
CLAUDICATION RIGHT,1
RESTRISTED LUNG DISEASE/SDA,1
FEMORAL GROIN DVT,1
NON HEALING WOUND RIGHT AXILLARY/SDA,1
ECOLI; SEPSIS,1
LUMBAR STENOSIS\FUSION LAMINECTOMY LUMBAR L3-L5,1
FAILING GRAFT,1
ATRIAL TACHYCARDIA\ATRIAL TACHYCARDIA ABLATION  **REMOTE WEST**/SDA,1
CA OF TONGUE/SDA,1
OSTEOMYELITIS;VANCOMYCIN RESISTANT ENTEROCOCCUS,1
ULCER RIGHT LEG/SDA,1
PERIPHERAL VASCULAR DISEASE;ISCHEMIC LEFT FOOT,1
CHRONIC URINARY RETENTION/SDA,1
RIGHT BUTTOCK/THIGH DEFECT/SDA,1
RIGHT TIBIA FRACTURE,1
HIBILIRUBIN,1
FAILED LEAD PLACMENT\ BIVENTRICULAR LEAD PLACEMENT VIA LEFT THORACOTOMY/SDA,1
R/O GASTROINTESTINAL BLEED,1
ACOM ANEURYSM/SDA,1
COIL ABDOMINAL ANEURYSM/SDA,1
"NON HEALING ULCER, RIGHT FOOT",1
PETROUS MEINGIOMA /SDA,1
CAROTID ANEURYSM/SDA,1
TRIMAN FRACTURE AND DISLOCATION,1
CHRON'S DISEASE/VENTRAL HERNIA/SDA,1
ACUTE LOWER EXTREMITY ISCHEMIA,1
ATHEROSCLEROSIS/SDA,1
AIRWAY OBSTRUCTION\RIGID BRONCHOSCOPY WITH STENT REMOVAL,1
SHORT GUT ILEOSTOMY/SDA,1
LLL PNEUMONIA/PLEURAL EFFUSIOM,1
DURAL ARTERIAL VENOUS FISTULA/SDA,1
CEREBRAL ANGIOGRAM,1
FOOT INJURY,1
2ND DEGREE BURN RIGHT LOWER LEG;CELLULITIS;DIABETES,1
TRACHEAL BRONCHIO MALASCIA/SDA,1
L FOOT ULCER,1
PROTRUDING STERNAL WIRE\STERNAL WIRE REMOVAL/SDA,1
BREAST CANCER LEFT/SDA,1
BRAIN METASTESIS,1
CHRONIC RENAL FAILURE\EXCHANGE RIGHT PERMACATH W/C-ARM /SDA,1
ILIAC & RENAL ARTERY STENOSIS/SDA,1
SYMPTOMATIC CAROTID STENOSIS LEFT/SDA,1
CFS LEAK/SDA,1
FAILED LEFT TOTAL HIP REPLACEMENT/NON UNION INTERTROCHANTERIC FRACTURE/SDA,1
ISCHEMIC LEG/IV ANTIBIOTICS,1
 RESIDUAL ACOM ANEURYSM/SDA,1
SPEECH CHANGES;TELEMETRY,1
INTERMITANT CLAUDICATION/SDA,1
RIGHT AX BIFEM,1
RIGHT FRONTAL BRAIN TUMOR N/SDA,1
LEFT CAROTID OPTHALMIC ARTERY ANEURYSM/SDA,1
CERVICAL SPINAL STENOSIS,1
HYPERBILINEMIA,1
RIGHT HEEL ULCER/SDA,1
DECOMPRESSION LAMINECTOMY,1
NON HEALING ULCER RIGHT LEG,1
L TOE ULCER,1
FOOT GRAPH,1
"LIVER MASS, S/P RIGHT COLECTOMY/SDA",1
NON HEALING ULCER RIGHT LOWER EXTREMITY/SDA,1
CELO-VESSICLE FISTULA,1
NON HEALING ULCER OF RIGHT LOWER EXTREMITY/SDA,1
BILIARY OBSTRUCTION/SDA,1
JAUNDICE;PHOTO THERAPY,1
PHLEGMASIA,1
CHRONIC ULCER LEFT FOOT/SDA,1
GANGRENE LEFT LOWER EXTREMITY/SDA,1
L HIP FX,1
RIGHT BRONCHUS INTERMEDIAS CARCINOID/SDA,1
PRE-OP COLECTOMY,1
MENINGITIS/SDA,1
INTERANAL CORTID ARTERY STENOSIS/SDA,1
FOOT ULCER,1
SMALL BOWEL OBSTRUCTION;CORONARY ARTERY DISEASE\CATH,1
ANTERIOR COMMUNICATING ARTERY ANEURSYM/SDA,1
URINARY POUCH STONE;STENT PLACEMENT,1
SCALP LESIONS/SDA,1
CEREBAL ANEURYSM/SDA,1
LEFT KIDNEY CANCER/SDA,1
RIGHT LEG ARTERIAL CLOT,1
ISCHEMIA BILATERAL LEGS,1
LEFT FOOT OSTEOMYELITIS/SDA,1
DRY GANGRENE,1
NONRUPTED CEREBRAL ANEURYSM/SDA,1
STATUS POST CABBAGE\STERNAL WIRE REMOVAL W/HEART TEAM/SDA,1
"RIGHT FOOT EQUINUS, CHARCOT/SDA",1
OPEN TIB/FIB FRACTURE,1
RIGHT TOE INFECTION,1
MELANOMA. LEFT WRIST/SDA,1
S/P HEMI CRANIECTOMY/SDA,1
DESMOID TUMOR/SDA,1
FAILING GRAFT;ACUTE PAIN,1
LEAD MALFUNCTION\MEDTRONIC BiV/ICD LEAD AND DEVICE EXTRACTION /SDA,1
THYROID NEOPLASM UNCERTSIN TYPE/SDA,1
TRAUMATIC HEAD INJURY/SDA,1
MALIGNANT THYROID TUMOR/SDA,1
ARTERIAL OCCLUSIVE DISEASE,1
RIGHT SIDED TEMPORAL GLIOMA/SDA,1
RECURRENT VAGINAL CA,1
ARTERIAL INSUFFICIENCY RIGHT FOOT,1
NON HEALING ULCER LEFT LEG,1
L5-S1 HERNIATED DISC/SDA,1
RIGHT FRONTAL BRAIN TUMOR/SDA,1
MULTI MYELOMA;PAIN,1
LEFT TIBIA MASS/SDA,1
HYPERPARATHYRODISM/SDA,1
CHOLEDOCHOLELITHIASIS/SDA,1
INFECTED LEFT LEG ULCER,1
AV GRAFT REVISION,1
AIRWAY OBSTRUCTION/SDA\ BRONCHOSCOPY RIGID,1
RIGHT SHOULDER ADHESIVE CAPSULITIS/SDA,1
GANGRENE L LEG,1
TRAUMATIC SPONDYLOLISTHESIS/SDA,1
"LEFT FEMORAL SUBTROCHANTERIC FX, NON-UNION/SDA",1
INCISIONAL DEFECT/SDA,1
SUBARACHNOID HEMMORHAGE/SDA,1
LEFT-SIDED WEAKNESS;TELEMETRY,1
NON HEALING WOUND/SDA,1
MELANOMA OF MID BACK/SDA,1
CEREBRAL PALSY; RECURRENT ASPIRATION PNEUMONIA/SDA,1
RECURRENT ASPIRATION; PNEUMONIA/SDA\G TUBE CONVERSION TO GJ TUBE ** REMOTE WEST-INR **,1
S/P PEDESTRIAN STRUCK-TIBIA PLATEAY,1
"POPLITEAL ANEURYSM, RIGHT/SDA",1
SBO,1
CEREBRAL AVM/SDA,1
BRAIN ANTERIOR VENOUS MALFORMATION/SDA,1
INVERTED STOMA/SDA,1
LEFT URETER TUMOR/SDA,1
LEFT FRONTAL ACYSTIC MASS,1
RIGHT PARIETAL BRAIN MASS,1
S/P C2FRACTURE TYPE 2;OPEN REDUCTION INTERNAL FIXATION,1
SEIZURE;HEAD MASS,1
TIPS\ TIPS REDO/SDA,1
DRUG REFRACTORY ATRIAL FIBRILLATION\PULMONARY VEIN ISOLATION; ATRIAL TACHYCARDIA ABLATION **REMOTE WEST** /SDA,1
METASTATIC BRAIN TUMOR/SDA,1
ISCHEMIC CHOLITIS & GALLBLADDER POLYP/SDA,1
SKULL FRACTURE/SDA,1
THROMBOSIS;RIGHT AV LOOP GRAFT,1
LEFT CEREBRAL ARTERY ANEURYSM/SDA,1
LEFT CAROTID ANEURYSM/SDA,1
RT FOOT ULCER,1
OPEN WOUND ABDOMINAL WALL/SDA,1
CRANIAL BONE DEFECT/SDA,1
"PULMONARY NODULE, LEFT /SDA",1
"BREAST CANCER;RECONSTRUCTION,BREAST",1
WOUND INFECTION OF LEFT TIBIA/SDA,1
BASAL CCELL CARCINOMA OF TEMPLE AND EAR/SDA,1
HYPERBILIRUBEN,1
INCARCERATED MENTAL HERNIA,1
TRIPLE A/SDA,1
METASTATIC MELANOMA LEFT NECK/SDA,1
HEPATOCELLUAR CARCINOMA/SDA,1
MESENTERIC TUMOR/COMMON BLE DUCT STONES/SDA,1
ARACHNOID CYST/SDA,1
NON-HEALING ULCER RIGHT FIRST TOE,1
GASTROPARESIS WITH LONG STANDING G-TUBE/SDA,1
BRAIN TIMOR/SDA,1
"ULCERATIVE COLITIS, CHRONIC/SDA",1
ABDOMINAL PAIN;PANCREATITIS,1
LUNG CANCER\INSERTION INDWELLING PORT **WEST REMOTE-CC2 INR SUITE**/SDA,1
LYMPHOMA/SDA,1
LEFT UPPER LUNG NODULE/SDA,1
ATHEROSCLEROSIS WITH CLAUDICATION,1
ATHERSCLEROSIS OF EXTREMITIES W/ INTERMITTENT CLAUDICATION RIGHT LOWER EXTREMITY/SDA,1
RIGHT POPLITEAL ANEURYSM/SDA,1
INTRAVENTRICULAR BRAIN TUMOR/SDA,1
COMPRESSION FRACTURE/SDA,1
GANGRENE;TELEMETRY,1
GAIT ABNORMALITY,1
RIGHT POPLITEAL ARTERY STENOSIS/SDA,1
OSTEROARTHRITIS OF LEFT WRIST/SDA,1
MESENTERIC ISCHEMIC,1
MESENPERIC ISCHEMIA,1
RIGHT HIP PAIN/SDA,1
ATRIAL FLUTTER\TEE; ATRIAL FLUTTER ABLATION **REMOTE WEST**/SDA,1
SEIZURE DISORDER/SDA,1
CHOLEDUODENAL FISTULA/SDA,1
TRACHEOBRONCHOPLASTY;EPIDURAL CATHETER,1
BRAIN METASTESIS/SDA,1
INTRACEREBRAL HEMORRHAGE/SDA,1
IPMT/SDA,1
RIGHT URETERAL STRICTURE/SDA,1
GASTROPARESIS\PLACEMENT OF G-TUBE **REMOTE WEST**/SDA,1
S/P FEMORAL ENDARARECTOMY,1
VENTRAL HERNIA;SIGNFICANT PAIN UNRESPONSIVE TO PO MEDICATION;SURGERY MORE EXTENSIVE THAN PLANNED,1
UNEXPLAINED THROMBOSIS OF LEFT LEG; FEMORAL POPLITEAL GRAFT/SDA,1
STATUS POST VALVE REPLACEMENT\DEBRIDEMENT STERNUM /SDA,1
"MALIGNANT NEOPLASM, RIGHT HAND/SDA",1
METASTATIC BREAST CANCER TO LIVER/SDA,1
HISTORY OF BREAST CA/SDA,1
SMALL INTESTINAL STRICTURE/SDA,1
RESOLVING ABDOMINAL COLLECTION/SDA,1
LEFT HAND WEAKNESS;METASTATIC RENAL CANCER,1
CEREBRIAL ARTERIOVENOUS MALFORMATION/SDA,1
PANCREATIC PSEUDOCYST/SDA,1
RIGHT FOOT CHRONIC ULCER/SDA,1
CAROTID STENOSIS\ CAROTID ANGIOGRAM WITH STENT; LEFT/SDA,1
CAROTID BRUIT AND STENOSIS/SDA,1
ULCER LEFT LEG,1
BREAST CANCER WITH WETS TO BRAIN,1
ASTHMA FLARE-FLU,1
METASTATIC MELANOMA; RIGHT SUBMANDIBULAR MASS;PHARYNGEAL LESION/SDA,1
ANEURYSM; CEREBRAL/SDA,1
R/O GANGRENOUS CHOLECYSTITIS,1
GASTRIC CARDIA/SDA,1
"COLON TUMOR, BENIGN/SDA",1
PVD\PREIPHERAL ANGIOGRAM,1
"BILIARY OBSTRUCTION, S/P LIVER TRANSPLANT/SDA\PERCUTANEOUS TRANSHEPATIC CHOLANGIOGRAM **WEST REMOTE-CC3 ANGIO SUITE**",1
LEFT POSTERIOR PARIETAL LOBE LESION/SDA,1
GALLSTONE; PANCREATITIS/SDA,1
NON- HEALING LEFT LOWER EXTREMITY ULCER,1
NON-HEALING ULCER LEFT LOWER EXTREMITY,1
DUODENAL ULCER;S/P ERCP,1
BASILAR ANEURYSM/SDA,1
LT HALLUX GANGRENE,1
RIGHT ORAL TONGUE CANCER/SDA,1
CANCER LARYNX/SDA,1
S/P CABG\STERNAL WIRE REMOVAL/SDA,1
ATHEROSCLEROSIS WITH GANGRENE,1
BRADYCARDIA;EATING DISORDER,1
EXCESS SKIN FROM BILATERAL ARMS,1
POST SURGICAL INFECTION,1
SPINAL CORD TUMOR,1
SUDURAL HEMATOMA/SDA,1
"VARICOSE VEINS,L/SDA",1
TUMOR OF THROAT & VOICE BOX/SDA,1
ULCER RIGHT LOWER EXTREMITY,1
EXPLORATION UNDER ANESTHESIA,1
SIGMOID DIVERTICULITIS; PARASTOMA HERNIA/SDA,1
OPEN WOUND BILATERAL LEGS/SDA,1
METASTATIC RECTAL CANCER; BILE DUCT OBSTRUCTION\PLACEMENT OF METALLIC STENT TO BILE DUCT **REMOTE WEST -- INR SUITE**/SDA,1
"RT HIP FRACTURE,R/O MI",1
UNSPECIFIED BRAIN MASS/SDA,1
GANGRENE BILATERAL FEET;IV ANTIBIOTICS,1
MENINGIOMA LEFT FRONTAL/SDA,1
PERSONAL HX OF BREAST CA/SDA,1
NON HEALING ULCER LEFT LOWER EXTREMITY/SDA,1
OSTEO SARCOMA LEFT DISTAL FEMUR/SDA,1
BREAST CA,1
THOROABDOMINAL ANEURYSM/SDA,1
SEVERE PANCREATITIS; INFECTED PSEUDOCYST/SDA,1
BOWEL OBSTRUCTION; PANCREATITIS/SDA,1
RIGHT LEG RUPTURE QUADRICEPS TENDON/SDA,1
CHEST PAIN ,1
CENTRAL SCALP MELANOMA/SDA,1
INSTRUMENTATION FAILURE/SDA,1
"PATHOLOGICAL FRACTURE, L1/SDA",1
LUMBAR SPONDYLOLISTHESIS/SDA,1
CELLULITIS LEFT LOWER EXTREMITY;SD,1
CEREBRAL ANEURSYM/SDA,1
REFRACTORY ARITERITIS,1
HYPOTENSION;WEAKNESS,1
PNEUMONIA;HYPERTENSION;DEPRESSION,1
"OBESITY,DIABETES/SDA",1
CORONARY ARTERY DISEASE\RIGHT CORONARY ARTERY ANGIOPLASTY;POSSIBLE STENT PLACEMENT,1
HIV; RESPIRATORY FAILURE,1
HYPOXIC PULMONARY HYPERTENSION,1
T8-T9 FRACTURE-UPPER BACK PAIN,1
NON-ST ELEVATION MYOCARDIAL INFARCTION\LEFT HEART CATHETERIZATION,1
ACQUIRED CARDIAC SEPTAL DEFECT\VENTRICULAR SEPTAL DEFECT REPAIR; ? MVR/SDA,1
CHOLANGITIS;RENAL FAILURE;CONGESTIVE HEART FAILURE,1
HEMOPTYSIS;SHORTNESS OF BREATH,1
CORONARY ARTERY DISEASE; THYROID NEOPLASM\CORONARY ARTERY BYPASS GRAFT; THYROIDECTOMY /SDA,1
"PANCREATIC TUMOR, ? LIVER METS/SDA",1
"DKA, PNEUMONIA",1
S/P KIDNEY TRANSPLANT;NAUSEA;VOMITING,1
PNEUMONIA;HIP DISLOCATION,1
REPAIR OF ASCENDING AORTIC ANEURYSM,1
"INFECTED FOOT ULCER,RIGHT;IV ANTIBITOICS;VEIN MAPPING;DIALIYZE",1
CHEST APIN,1
AORTIC STENOSI\AORTIC VALVE REPLACEMENT/SDA,1
POSSIBLE UPPER GI BLEED,1
LUNG NODULE\THORACOSCOPY VIDEO ASSISTED LUNG BIOPSY RIGHT; STERNOTOMY; PERICARDIAL STRIPPING /SDA,1
DEHYDRATION;ALTERED MENTAL STATUS,1
DUODENAL FISTULA/SDA,1
HEMORRHAGIC CVA;TELEMETRY,1
PNEUMONIA;LIVER FAILURE;RENAL FAILURE,1
AIRWAY OBSTRUCTION;LUNG CANCER,1
CONGESTIVE HEART FAILURE;DYSPNEA\CATH,1
V TACH/CARDIOMYOPATHY,1
CONGESTIVE HEART FAILURE;CARDIOMYOPATHY\CARDIAC CATH,1
METASTATIC ADENOIDCYSTIC CANCER,1
RIGHT COLON CANCER/SDA,1
SIGMOID COLON CA,1
MITRAL REGURGITATION\CARDIAC CATHETERIZATION,1
BRAIN MENINGIOMA/SDA,1
ANGINA;+ETT,1
"CORONARY ARTERY DISEASE\CORONARY ARTERY BYPASS GRAFT, RE-DO; T.M.R./SDA",1
SEPSIS;WOUND INFECTION,1
CARDIAC ISCHEMIA;HYPOTENSION,1
AORTIC STENOSIS\RE-DO AVR; ? ASCENDING AORTA REPLACEMENT    /SDA,1
"URINARY TRACT INFECTION,NAUSEA,VOMITING,DIARRHEA",1
PNEUMONIA; ACUTE RENAL FAILURE,1
GASTROINTESITINAL BLEED,1
"PULMONARY EDEMA,CARDIAC ARREST",1
ACUTE CORONARY SYNDROME;STATUS EPILLECTUS,1
TRACHEAL STENOSIS; END STAGE PARKINSON'S DISEASE,1
FUNGAL RESPIRATORY INFECTION,1
ATERIAL INSUFFICIENCY,1
HYPOTENSION;SEPSIS;PERICARDIAL EFFUSION,1
PSEUDOCYST,1
"CORONARY ARTERY DISEASE\CORONARY ARTERY BYPASS GRAFT, MITRAL VALVE REPAIR, ? MITRAL VALVE REPLACEMENT/SDA",1
NAUSEA;VOMITTING; HYPOTENSION,1
BIKER STRUCK,1
BILIARY STRICTURE,1
ANTERIOR STEMI,1
"R/O MI,NEW ACUTE RENAL FAILURE,ANEMIA",1
ABDONINAL PAIN',1
LUNG CANCER;CENTRAL AIRWAY OBSTRUCTION,1
CIRRHOSIS;ETOH WITHDRAWAL;GASTROINTESTINAL BLEED,1
URINARY TRACT INFECTION;DEEP VEIN THROMBOSIS,1
RESPIRATORY FAILURE;CHRONIC OBSTRUCTIVE PULMONARY DISEASE,1
ALTERED MENTAL STATUS CHANGE;TELEMETRY,1
HEMATURIA;BLADDER BLEED,1
AORTIC VALVE STENOSIS\CORONARY ARTERY BYPASS GRAFT WITH AVR ,1
"POSSIBLE PNEUMONIA,ASCITES,HYPONATREMIA",1
ACUTE INFERIOR MI,1
FEVER-CHEST PAIN,1
UPPER GASTROINTESTINAL BLEEDING,1
AV NODAL REENTRY TACHYCARDIA; HYPOT,1
PROSTATE CANCER;DVT,1
TAMPONDAE,1
"RESPIRATORY FAILURE,ASPIRATION PNA",1
"CORONARY ARTERY DISEASE\MYOMECTOMY, ? MITRAL VALVE REPLACEMENT /SDA",1
S/P NON Q MI;CONGESTIVE HEART FAILURE\CATH,1
"RENAL FAILURE, HYPERKALEMIA",1
L SIDED PNEUMONIA; ESRD,1
ABOMINAL PAIN,1
AORTIC VALUE ENDOCARDITIS,1
"CELLULITIS, HIP PAIN",1
SPON BACTERIAL PERITONITIS,1
TRACHEAL TEAR,1
SUBARACHNOID HEMORRHAGE-SUBDURAL HEMORRHAGE-FEVER-UROSEPSIS,1
URINARY TRACT INFECTION;PYELONEPHRITIS;FEVERS,1
EPIDURALHEMATOMA,1
RIGHT INGUINAL & UMBILICAL HERNIA,1
CERVICAL & LUMBAR SPINAL STENOSIS/SDA,1
S/P MOTOR VEHICLE ACCIDENT-FEMUR FRACTURE,1
FLANK PAIN;CHEST PAIN,1
HYPOGLYCEMIA;RESPIRATORY FAILURE,1
OVER DOSE(TYLENOL AND KLONOPIN),1
"S/P SEIZURE ATTACH,ETOH ABUSE",1
LEFT PAROTID MASS/SDA,1
"RHABDOMYOLYSIS,COMPARTMENT SYNDROME",1
ANEMIA/THROMBOCYTOPNEIA/FEVER,1
ACA ANEURYSM,1
SQUAMOUS CELL CARNINOMA/SDA,1
CARDIOMYOPATHY\EP STUDY,1
CORONARY ATHEROSCLEROSIS OF NATIVE CORONARY\CORONARY ARTERY BYPASS GRAFT WITH MVR /SDA,1
"CLOTTED DIALYSIS ACCESS;OPEN WOUND,RIGHT ARM",1
RESUCITATED CARDIAC ARREST,1
L. SIDED EFFUSION,1
CORONARY ARTERY DISEASE;ANGINA\ANGIOPLASTY,1
HYPOTENSION;SIRS,1
"BICYCLIST STRUCK,SUBDURAL HEMATOMA",1
ABDOMINAL PAIN;FIBROMYALGIA,1
"MITRAL VALVE INSUFFICENCY, CAD\CORONARY ARTERY BYPASS GRAFT WITH MVR, PATENT FORAMEN OVALE, ? AVR ",1
CNS INFECTION,1
TYNENOL OD,1
TACHY-BRADY SYNDROME\DUAL CHAMBER PACEMAKER IMPLANT/SDA,1
S/P CABG; CHF,1
SUBDURAL HEMAROMA,1
GIBLEED,1
"CAD, AS\CORONARY ARTERY BYPASS GRAFT;AORTIC VALVE REPLACEMENT/SDA",1
IM ROD PLACEEMENT TO LEFT FEMUR,1
ACETABULAR FRACTURE;FALL,1
HYPERKALEMIA; ACUTE RENAL FAILURE,1
HYPOTENSION;PANCREATITIS;TELEMETRY,1
SUB GLOTTIC MASS,1
S/P FALL; SUBDURAL HEMATOMA,1
CHEST PAIN; MENTAL STATUS CHANGE,1
MR\MITRAL VALVE REPLACEMENT; REDO; ? CABG/SDA,1
HEART MASS,1
C SPINE FRACTURE;SYNCOPE,1
DECONGESTINAL LIVER FAILURE,1
FEVER/BACK PAIN,1
TESTICULAR PAIN,1
TSAH,1
NECK PAIN; ?CORD COMPRESSION ON MR,1
SENCONDAR LESION TO SPINE/SDA,1
LACERATED SPLEEN;STATUS POST MOTOR VEHICLE ACCIDENT WITH INJURIES,1
"ULCERATIVE COLITIS,ABD PAIN",1
BOORHAAVE'S,1
SKULL /BRAIN LESIONS/SDA,1
BONE/ SKIN NEOPLASM/SDA,1
PULMOMNARY EMBOLUS,1
NEUTROPENIA;ESOPHEGEAL CANCER,1
MAST CELL REACTION;CHEST PAIN,1
AV GRAFT INFECTION,1
METASTATIC ADENOCARCINOMA OF LIVER; PAPILLARY RENAL CELL CARCINOMA/SDA,1
"HYPERTENSION,HYPERLIPIDEMIA",1
"FALL, SPINA; DETRUSOR HYPERREFLEXIA",1
MALIGNANT NEOPLASM OF THE RECTUM/SDA,1
PALPATATIONS,1
INTRABDOMINAL HEMORRHAGE,1
TRACHEOBRONCOMALASIA /SDA,1
MITRAL STENOSIS\HEPARIN,1
AORTIC INSUFFICIENCY\AORTIC VALVE REPLACEMENT; MINIMALLY INVASIVE RE-DO/SDA,1
ALTERED MENTAL STATUS;FEBRILE,1
S/P PELVIC FRACTURE,1
PERSISTENT V-FIB ARREST,1
CORONARY ARTERY DISEASE\CORONARY ARTERY BYPASS GRAFT; WITH ? MVR/SDA,1
INTRACTABLE NAUSEA,1
FOOT NUMBNESS;CLAUDICATION\RIGHT LEG ANGIOGRAM,1
MENINIGIOMA/SDA,1
INTRAMURAL HEMORRHAGE,1
F HUMERUS & AF,1
FEVER/ HYPOTENSION,1
HEMOTHORAX;HIP FRACTURE,1
FEVER;RULE-OUT MYOCARDIAL INFARCTION,1
METASTATIC LUNG CANCER;PNEUMONIA,1
STROKE /TIA,1
MENTAL STATUS CHANGES;FAILURE TO THRIVE,1
FAILURE TO WEAN OFF VENT,1
DIABEETIC KETOACIDOSIS,1
MACRODACTYLY RIGHT 1ST DIGITI/SDA,1
AORTIC STENOSIS\MITRAL VALVE REPLACEMENT; HEART PORT MINIMALLY INVASIVE/SDA,1
BENIGN PNEUMATOSIS,1
THORACO-ABDOMINAL ANEURYSM \ THORACO-ABDOMINAL ANEURYSM/SDA,1
RENAL CELL CARCINOMA\BRONCHOSCOPY WITH PDT,1
LEFT-SIDED BRAIN BLEED;TELEMETRY,1
MVA;PNEUMOTHORAX,1
DKA/ABDOMINAL PAIN,1
TRACHEOBRONCIOMALACEA/SDA,1
ACUTE CORONARY SYNDROME;ST ELEVATION MI,1
ANEMIA-THROMBOCYTOPENIA-COAGULOPATHY,1
UPPER G.I. BLEED,1
VF ARREST ,1
"SEPSIS, R/O MI",1
BRAIN METS-STATUS EPILEPTICUS,1
"HEMOPTYSIS,HYPERTENSION",1
INFECTED LEG WOUND POST CORONARY ARTERY BYPASS SURGERY,1
DIAPHRAGM RUPTURE,1
C-DIFF INFECTION,1
ENDOCARDITIS;CHEST PAIN;MITRAL VALVE MASS\CATH,1
AORTIC STENOSIS\CORONARY ARTERY BYPASS GRAFT; W/AVR; ? RESECTION AORTIC ASCENDING ANEURYSM/SDA,1
S/P MVC;HEAD INJURY,1
METASTATIC BREAST CANCER; PNEUMONIA,1
RIGHT UPPER QUADRANT PAIN;GASTROESOPHAGEAL REFLUX DISEASE;CHOLECYSTITIS,1
HYPOXIA; ABD. PAIN,1
PULMONARY EDEMA;CHEST PAIN;TELEMETRY,1
PULMONARY EDEMA;HYPERGLYCEMIA,1
LUNG ANGIOMA;BILATERAL AIRWAY OBSTRUCTION,1
EVOLVING MI\CATH,1
RESPIRATORY INSUFFICIENCY/SDA,1
PNEUMONIA;RAPID AFIB,1
ACUTE RENAL FAILURE;NEUTROPENIA;CELLULITIS,1
RIGHT HIP OSTEOMYELITS/SDA,1
LOWER GASTROINTESTINAL BLEED;A FIB,1
CONGESTIVE HEART FAILURE;IDIOPATHIC DILATED CARDIOMYOPATHY,1
STEMI-GASTROINTESTINAL BLEED,1
"PANCREATITIS,DIABETIC KETO ACIDOSIS",1
ASD\REPAIR ATRIAL-SEPTAL DEFECT; LIMITED ACCESS; ? TRICUSPID VALVE REPLACEMENT/SDA,1
PVD\LOWER EXTREMITY ANGIOGRAM,1
RENAL FAILURE;PERICADIAL EFFUSION,1
"CAD, MR\CORONARY ARTERY BYPASS GRAFT;MITRAL VALVE REPLACEMENT/SDA",1
ACUTE RESPIRATORY FAILURE;UROSEPSIS,1
"DEHYDRATION,LEUKOCYTOSIS,ABDOMINAL PAIN",1
CORONARY ARTERY DISEASE\CORONARY ARTERY BYPASS GRAFT WITH AVR ? MYOMECTOMY/SDA,1
NON-ST SEGMENT ELEVATION MYOCARDIAL INFARCTION;HYPOGLYCEMIA,1
INVASIVE SQUAMOUS CELL CARCINOMA OF SUB GLOTTIS/SDA,1
"SEPSIS,HYPERSTENSION, RESPIRATORY FAILURE",1
TRAUMATIC PANCREATITIS,1
RESPIRATORY FAILURE;ASPIRATION;S/P INTUBATION,1
MVC L1 FRACTURE,1
SQUAMOUS CELL CARCINOMA;RESPIRATORY FAILURE,1
"ABSCESS, HYPERGLYCEMIA",1
MULTIFOCAL HEPATOCELLULAR CA/SDA,1
OBSTRUCTIUE JAUNDICE\ ERCP; STONEHAM ONE,1
LUMBAR STENOSIS,1
TRAUMA/ICH,1
AORTIC STENOSIS\AORTIC VALVE REPLACEMENT  ? CORONARY ARTERY BYPASS GRAFT /SDA,1
S/P BIKE CRASH-MANDIBULAR FRACTURE,1
TRACHEAL LACERATION,1
POSSIBLE MI,1
TRACHEAL LEAK;RESPIRATORY FAILURE,1
CHEST  PAIN;CORONARY ARTERY DISEASE,1
HNNK;ALTERED MENTAL STATUS,1
LOWER GIB;ATRIAL FIBRILLATION;TELEMETRY,1
LEFT HUMERUS FRACTURE;HIP FRACTURE;HYPOXIA,1
ALTERED MANTAL STATUS,1
FEVER;NEUTROPENIC,1
URINARY TRACT INFECTION;HYOPERGLYCEMIA;FOOT ULCER,1
RIGHT FOOT ULCER,1
RULE-OUT MYOCARDIAL INFARCTION;TELEMETRY;HYPOXIA,1
MITRAL REGURGITATION\MITRAL VALVE REPLACEMENT;DAVID PROCEDURE /SDA,1
CORONARY ARTERY DISEASE\CORONARY ARTERY BYPASS GRAFT; WITH AVR; ? OF MITRAL VALVE REPLACEMENT/SDA,1
BASILAR ARTERY STENOSIS,1
MITAL VALVE INSUFFICENCY\MITRAL VALVE REPLACEMENT /SDA,1
NON Q MI;COPD;GI BLEED,1
R/O CHOLECYSTITIS,1
DERMOID CYST,1
PNEUMONIA;HUMAN IMMUNODEFIENCY VIRUS;RULE OUT TUBERCULOSIS,1
NAUSA VOMITING,1
PELVIC INJURY,1
PFO\PATENT FORAMEN OVALE;MINIMALLY INVASIVE,1
RESPIRATORY FAILURE-HYPOXIA,1
OCCLUDED T TUBE,1
AORTIC STENOSIS;MITRAL VALVE REGURGITATION,1
HYPERTROPHIC OBSTRUCTIVE CARDIOMYOPATHY\RIGHT AND LEFT HEART CATH ETHANOL SEPTAL ABLATION/SDA,1
SEPSIS;ABDOMINAL PAIN,1
HEAD TRAUM,1
SHOCK;HYPOVOLEMIA;BILATERAL ANKLE LACERATION,1
RIB FRACTURE;S/P PEDESTRIAN STRUCK,1
CORONARY ARTERY DISEASE;ATRIAL FIBRILLATION,1
CORONARY ARTERY DISEASE\CORONARY ARTERY BYPASS GRAFT; W/POSSIBLE LVAD/SDA,1
"AORTIC STENOSIS\BENTAL PROCEDURE, ? ASCENDING AORTA REPLACEMENT /SDA",1
ETOH WITHDRAWAL;DEPRESSION,1
2 WEEKS/2DAYS POST PARTUM;BLEEDING,1
NECROTIZING FASCIITIS LEFT LEG,1
FEVER;LOW BLOOD PRESSURE,1
NON STE MI,1
SEPSIS;INFECTED RENAL STONE,1
PNA/ILI,1
ACUTE RESPIRATORY DISTRESS SYNDROME;ACUTE RENAL FAILURE,1
AFLUTTER-CONGESTIVE HEART FAILURE,1
SMALL BOWEL OBSTRUCTION;LARGE BOWEL OBSTRUCTION,1
ANEMIA;GI BLEED;RESP ARREST,1
LE EDEMA,1
VARICEL BLEED;TELEMETRY,1
"STERNAL FRACTURE,RIB FRACTURE,LACERATIONS",1
INTRACRANIAL HEMORRHAGE; FEMUR FX; S/P ATV CRASH,1
HARDWARE FAILURE,1
PULMONARY HYPERTENSION;SHORTNESS OF BREATH,1
S/P PEDESTRIAN STRUCK;SUBARACHNOID HEMORRHAGE,1
DIABETIC KETOACIDOSIS;SEPSIS,1
CENTRAL NERVOUS SYSTEM LESIONS,1
TIA VS SEIZURES,1
ALLERGIC REACTION;HYPOTHERMIA,1
AORTIC STENOSIS\AORTIC VALVE REPLACEMENT; ? PATENT FORAMEN OVALE/SDA,1
CORONARY ARTERY DISEASE;MYXOMA\CORONARY ARTERY BYPASS GRAFT;LEFT ATRIAL MYXOMA REMOVAL/SDA,1
INTRACTABLE VOMITING;ALLERGIC REACTION,1
RESPIRATORY FAILIUR,1
TRACHEAL STENOSIS/AMYLOIDSIS\ SUSPENSION LARYNGOSCOPY/SDA,1
CROHN'S /SDA,1
"CORONARY ARTERY DISEASE\ AORTIC & MITRAL VALVE REPLACEMENT;CORONARY ARTERY BYPASS GRAFT, RE-DO; RESECTION AORTIC ASCENDING ANEURYSM/SDA",1
S/P ERCP;BLEED,1
MI CHF,1
NON-ST-ELEVATION MYOCARDIAL INFARCTION; CONGESTIVE HEART FAILURE,1
"HYPONATREMIA,HYPOKALEMIA",1
ESOPHAGEAL,1
CORONARY ARTERY DISEASE\DIAGNOSTIC CATH,1
CLOSE HEAD INJURY,1
L5 FRACTURE/SDA,1
ANEMIA;ELEVATED TROP,1
CORONARY ARTERY DISEASE\CORONARY ARTERY BYPASS GRAFT WITHRADIAL ARTERY; RIGHT; VIDEOSCOPIC MAMMARY HARVEST/SDA,1
DKA;UGIB,1
24 WEEKS PREGNANT;KIDNEY STONE,1
"LIVER LACERATION,S/P MVA",1
SEVERE HYPERTROPHIC CARDIOMYOPATHY\RIGHT AND LEFT HEART CATH ,1
ADULT RESPIRAROTY DISTRESS SYNDROME;PANCREATITIS,1
0778,1
HYPONATREMIA;HYPERKALEMIA,1
S/P MYOCARDIAL INFARCTION,1
CORNEAL ULCER,1
PULMONARY EMBOLUS;JAUNDICE,1
DIABETES MELLITUS;HYPERTENSION;PVD; GANGRENOUS LEFT GREAT TOE; CELLULITIS,1
LEFT CHEST WALL TUMOR/SDA,1
FEVER; MENTAL STATUS CHANGE,1
FEVER/HYPOXIA,1
SYNCOPE/BRADYCARDIA,1
PSEUDOANEURYSM OF THE DESCENDING THORACIC AORTA\BENTALL PROCEDURE; TRANS AORTIC ANEURYSM STENT/SDA,1
CHRONIC OBST PULM DISEASE;RENAL FAILURE;S/P STERNAL WOUND INFECTION,1
AORTIC STENOSIS\AORTIC VALVE REPLACEMENT  BENTAL PROCEDURE ? REPLACEMENT ASCENDING AORTA/SDA,1
POST PROCEDURE ENDOSCOPIC RETROGRADE CHOLANGIOPANCREATOGRAPHY;RESPIRATORY ARREST,1
S/P LIVER TRANSPLANT;ASPIRATION PNEUMONIA,1
HCC S/P TACE PROCEDURE,1
METASTATIC BRAIN LESION/SDA,1
LOW HEMATOCRIT;HYPOTENSION,1
NON Q-WAVE MI;CORONARY ARTERY DISEASE,1
LEFT PANCOAST TUMOR/SDA,1
SUBTHERAPEUTIC INR,1
SPINAL ABSCESS,1
HYPOTHERMIA-S/P FALL-TRANSITIONAL CELL CA W/METS,1
AORTIC STENOSIS\CORONARY ARTERY BYPASS GRAFT WITH MVR; RE-DO STERNOTOMY,1
AS CORONARY ARTERY DISEASE,1
RIGHT ACQUIRED BREAST DEFORMITY/SDA,1
RESPIRATORY FAILURE;GASTROINTESTINAL BLEED,1
S/P MOTOR VEHICLE ACCIDENT;TELEMTRY,1
"C2 FRACTURE,S/P MVA",1
INFECTED FOOT;IV ANTIBIOTIC,1
FISTULA BLEED,1
SEPSIS;ENDOCARDITIS,1
LUNG CANCER; S/P FALL,1
SHOCK;HYPOTENSION;ACUTE RENAL FAILURE,1
"SEIZURE, MET TO BRAIN",1
SUBDURAL HEMORRHAGE;C-SPINE FRACTURE,1
HEAD HEMORRHAGE,1
CLL;GASTROINTESTINAL BLEED,1
S/P FALL-INTRACRANIAL CONTUSION,1
DEHYDRATION;HEAD AND NECK CANCER,1
CAROTID STENOSIS\CAROTID STENT PLACEMENT,1
PARTIAL SMALL BOWEL OBSTRUCTION;RECTAL CANCER,1
S/P 45 FOOT FALL,1
THORACIC FRACTURE-PARAPLEGIA,1
ADTHMA;COPD EXACERBATION,1
GASTRIC FOREIGN BODY;VOLVULUS,1
"MITRAL REGURGITATION\ MITRAL VALVE REPLACEMENT,HEART PORT MINIMALLY INVASIVE/SDA",1
NECROTIZING FASCITITIS;TELEMETRY,1
INTRAPARENCHYMAL HEMATOMA,1
CHEST PAIN;PULMONARY EDEMA;ATNAL TACHYCARDIA,1
SHORTNESS OF BREATH-FLU,1
LARGOTRACEAL STENOSIS/SDA,1
RIGHT POST CIRCULATING ARTERY STROKE,1
MULTI ORGAN FAILURE,1
PNEUMONIA;GASTROINTESTINAL BLEED,1
"SUBDURAL HEMORRHAGE,ANKLE FRACTURE",1
TRIGEMINAL;NEURALGIA,1
PNEUMONIA; RENAL FAILURE,1
LEFT TIBIAL FRACTURE,1
ETOH CIRRHOSIS;TIPS,1
RIGHT UPPER LOBE CANCER/SDA,1
MESENTERIC ARTERY OCCLUSION,1
 ABDOMINAL AORTIC ANEURYSM/SDA,1
END STAGE RENAL DISEASE-FEVER,1
THORACOABDOMINAL ANEURYSM WITHOUT MENTION OF RUPTURE\ENDOVASCULAR THORACIC ANEURYSM REPAIR /SDA,1
R/O MYOCARDIAL INFARCTION-CHF EXACERBATION,1
MITRAL INSUFFICIENCY\SEPTAL MYOMECTOMY ? MITRAL VALVE REPLACEMENT /SDA,1
CSF LEAKAGE,1
THROACIC ANEURYSM,1
TOXIC MEGACOLOM/SDA,1
 HYPOXIA,1
RIGHT VISION LOSS,1
CONGESTIVE HEART FAILURE;(AML) ACUTE MYELOGENOUS LEUKEMIA;LUNG INFILTRATED,1
ROOT ABSCESS,1
AVR;MVR,1
GLUCOSE CONTROL;INSULIN DRIP;BILATERAL HERNIAS,1
CONTRICTIVE PERICARDITIS,1
LEFT PARALYSIS,1
"LUNG CA, LEFT/SDA",1
GASTRIC CA,1
TRICUSPID REGURDS\TRICUSPID VALVE REPLACEMENT; REDO STERNOTOMY,1
ACUTE LEUKEMIA;NEUTROPENIA,1
DIABETIC KETOACIDOSIS;RENAL FAILURE;PYELO,1
CORONARY ARTERY DISEASE\MITRAL VALVE REPLACEMENT; TRICUSPID REPAIR,1
DIABETID KETOACIDOSIS,1
AORTA THORACIC ABDOMINAL ANEURYSM/SDA,1
TYPE B AORTIC DISSECTION-ODONTOID FRACTURE,1
JAUNDICE;POST PROCEDURE ENDOSCOPIC RETROGRADE CHOLANGIOPANCREATOGRAPHY,1
"PLEURAL EFFUSION, RIGHT/SDA",1
RIGHT INTRACRANIAL HEMORRHAGE;C2 FRACTURE,1
AMPUTATION LEFT FOUR FINGERS,1
TRACHEAL MALASIA;RESPIRATORY FAILURE,1
NECK TUMOR,1
GALLSTONES;PANCREATITIS,1
?STEROID PSYCHOSIS,1
GALL BLADDER CANCER/SDA,1
PARAPHARYNGEAL MASS,1
RENAL ARTERY STENOSIS;S/P ANGIOPLASTY;S/P RENAL ARTERY STENOSIS,1
LEFT RETRO PERITONEAL MALIGNANT NEOPLASM ,1
TIA;A-FIB,1
SEVERE MR\MITRAL VALVE REPLACEMENT; RE-DO STERNOTOMY/SDA,1
CELLULITIS;URINARY RETENTION;PNEUMONIA,1
? BILE LEAK;HYPOXIA,1
"ETOH WITHDRAWAL, ACUTE PANCREATITIS, PANCREATIC PSEUDOCYST, FEVER, COPD",1
AORTIC STENOSIS;AORTIC INSUFFICIENCY\BENTAL PROCEDURE /SDA,1
ANGINA\LEFT HEART CATHETERIZATION,1
CARDIAC ISCHEMIA; POSITIVE STRESS TEST \LEFT HEART CATHERIZATION,1
"ETOH OVERDOSE, SUICIDE ATTEMPT",1
CORONARY ARTERY DISEASE;+ETT\CAD;+ETT,1
THYMIC CA/SDA,1
LEFT ANKLE PAINFUL HARDWARE,1
SEIZURES;HYPOGLYCEMIA,1
CADES\CATH,1
"UNSTABLE ANGINA,R/O MI",1
COLLID CYST/SDA,1
INGUINAL HERNIA REPAIR,1
ACUTE KETOACIDOSIS,1
HYPERNATREMIA;HEMORRHAGIC STROKE,1
PARALYSIS,1
ACUTE MYOCARDIAL INFARCTION;CORONARY ARTERY DISEASE,1
DRUG REFRACTORY ATRIAL FIBRILLATION\REDO PULMONARY VEIN ISOLATION  **REMOTE WEST**/SDA,1
LINE INFECTION;YPOTENSION;ACQUIRED IMMUNE DEFICIENCY SYNDROME,1
CAD'\CORONARY ARTERY BYPASS GRAFT WITH ? AVR /SDA,1
ASCITES;LIVER AND RENAL DISEASE,1
SHOCK HYPOLEMIA,1
"ASPIRATION PNEUMONIA, HYPOTHERMIA",1
HYPERTENSION;RULE OUT CORONARY ARTERY DISEASE\CARDIAC CATH,1
LEFT LOWER LOBE NODULE,1
LARGE MEDISTINAL TUMOR,1
MITRAL STENOSIS\MITRAL VALVE REPAIR VERSUS REPLACEMENT; CLOSURE OF ATRIAL SEPTAL DEFECT WITH RESECTION SEPTAL ANEURYSM; ? CORONARY ARTERY BYPASS GRAFT/SDA,1
MYOCARDIAL INFARCT;RESPIRATORY FAILURE,1
HYPERTENSION;VOMITING,1
S/P RIGHT COLECTOMY; BOWEL RESECTION,1
PNEUMONIA;ISCHEMIC LEG,1
"NEW ONSET JAUNDICE, ENCEPHALOPATHY",1
CHYLOTHORAX,1
GASTROINTESTINAL BLEED;ESOPHAGEAL VARICIES,1
HEPATITIS;SEIZURE D/O,1
ESPHAGEAL FOOD IMPACTION,1
MITRAL VALVE DISORDER\RE-DO STERNOTOMY MITRAL VALVE REPLACEMENT; TRICUSPID VALVE REPLACEMENT; ? CORONARY ARTERY BYPASS GRAFT ,1
RECURRENT PITUITARY TUMOR/SDA,1
"HYPOTENSION,PULMONARY EDEMA",1
"TACHYPNEA,? ASPIRATION",1
RENAL ARTERY STENOSIS\RIGHT KIDNEY STENT,1
UTI;ABDOMINAL PAIN,1
? FOCAL WEAKNESS;S/P SPINE SURGERY,1
CAD AND MITRAL STENOSIS\CORONARY ARTERY BYPASS GRAFT WITH MVR /SDA,1
PELVIC PAIN,1
"FEVER, AMS, RESPIRATORY FAILURE",1
DIVERTICULAR BLEED,1
AORTIC STENOSIS\AORTIC VALVE REPLACEMENT  ? BENTAL PROCEDURE /SDA,1
ACUT CORONARY SYNDROME,1
CELLULTITIS,1
HYPOGLYCEMIA/MSDS,1
"SEPSIS,HYPERKALEMIA",1
HYPOXIA;R/O PNEUMONIA,1
HYPOTENSION/MOTOR VEHICLE ACCIDENT,1
S/P INFERIOR MI\CATH,1
MORBID OBESITY AND GALLSTONES/SDA,1
AML;S/P BONE MARROW TRANSPLANT,1
HYPERTENSIVE EMERGENCY;CONGESTIVE HEART FAILURE,1
CLAUDICATION\RIGHT LOWER EXTREMITY ANGIOGRAPHY,1
PERICARDIAL EFFUSION/NSTEMI,1
BRAIN TUMOR /SDA,1
RIGHT SIDE GLIOMA/SDA,1
CORONARY ARTERY DISEASE\CYSTOSCOPY/SDA,1
ASCENDING CHOLANGITIS;SEPTIC SHOCK,1
SPHINCTER MALFUNCTION/SDA,1
NON ST ELEVATION MI;FEMUR FRACTURE;ANEMIA,1
PANCRATITIS,1
COMPLICATION FEMUR HARDWARE,1
PULMONARY EDEMA;SVT,1
PFO\ PFO,1
TRACHEOBRONCHIO MALACIA/SDA,1
"MENTAL STATUS CHANGES,CHF",1
RIGHT PATELLA FRACTURE/SDA,1
CARDIOMYOPATHY\CARDIAC CATHETERIZATION,1
PNEUMOCOCCIAL SEPSIS OF HAND AND FEET,1
RECURRENT RIGHT FRONTAL TUMOR/SDA,1
PEDESTRIAN STRUCK;SUBDURAL HEMORRHAGE,1
BLUNT TRAUMA;S/P MOTOR VEHICLE ACCIDENT,1
SQUAMOUS CELL CARCINOMA SCALP/SDA,1
BREAST CA METASTATIC TO STERNUM/SDA,1
PFO\ MINIMALLY INVASIVE PFO CLOSURE/SDA,1
ASPIRATION-RESPIRATORY FAILURE,1
"CEREBRAL ANEURYSM\ CEREBRAL ANGIOGRAM, COILING/SDA",1
ASCENDING AORTIC ANEURYSM\ RESECTION AORTIC ASCENDING ANEURYSM/SDA,1
AP,1
CARDIOMYOPATHY;SYNCOPE\IMPLANTABLE CARDIOVERTER DEFIBRILLATOR PLACEMENT,1
UNABLE TO AMBULATE,1
LEFT KNEE OSTEOARTROSIS UNSPECIFICED RATHER GENERALIZED OR LOCALIZED INVOLVING LOWER LEG/SDA,1
SYNCOPE; HEART BLOCK\ELECTROPHYSIOLOGY STUDY +/- PACEMAKER IMPLANTATION,1
REIMPLANTATION OF LEFT THUMB,1
PRE OP PANCREAS TRANSPLANT,1
CORNARY ARTERY DISEASE;CHEST PAIN\CARDIAC CATH,1
RUPTURED BLEB/SDA,1
R KIDNEY BLEED,1
AORTIC ULCERS,1
THORACIC ANEURYSM\ENDOVASCULAR THORACIC ANEURYSM REPAIR  /SDA,1
RESPPIRATORY OBSTRUCTION,1
MITRAL STENOSIS \MITRAL VALVE REPAIR VERSUS PLACEMENT ? CORONARY ARTERY BYPASS GRAFT ,1
BRAIN LESIONS,1
PLEURITIC RIGHT FLANK PAIN,1
END STAGE RENAL DIESEASE\DIALYSIS CATHETER PLACEMENT,1
PNEUMOTOSIS,1
MVR\CORONARY ARTERY BYPASS GRAFT WITH MVR ;TVR,1
MITRAL STENOSIS\AORTIC VALVE REPLACEMENT/SDA,1
"GI BLEED, R/O MI",1
WEAKNESS;FEVER,1
CHEST PAIN;CORONARY ISCHEMIA,1
THYROID TUMOR,1
PATENT FORAMEN OVALE\PATENT FORAMEN OVALE CLOSURE,1
NON HEALING ULCER RIGHT LOWER EXTREMIOTY,1
RESP. DISTRESS/PNEUMONIA,1
S/P BLUNT TRAUMA TO HEAD,1
+ TROPONIN,1
"SHORTNESS OF BREATH,RENAL FAILURE",1
HYPERTENSIVE URGENCY;ACUTE RENAL FAILURE,1
CHOLELITHIASIS;SIGNIFICANT PAIN UNRESPONSIVE TO PO MEDICATIONS,1
CAUDA EQUINA,1
34 WEEKS PLACENTA CREDA AND ABD PAIN,1
RAPID ATRIAL FIBRILLATION;RULE-OUT MYOCARDIAL INFARCTION;PNEUMONIA,1
ESOPAGEAL CANCER/SDA,1
URINARY TRACT INFECTION;NEPHROLITHIASIS,1
HYPERKALEMIA;DIABETIC KETOACIDOSIS,1
ANXIETY\BYPASS FEMORAL PEDAL ARTERY GRAFT; LEFT,1
FEVER;CONFUSION,1
CORONARY ARTERY DISEASE;S/P NON Q MI,1
INTRAPARENCHMAL HEMORRHAGE,1
"CAD, AORTIC STENOSIS\CORONARY ARTERY BYPASS GRAFT WITH AVR /SDA",1
NON-ST SEGMENT ELEVATION MYOCARDIAL INFARCTION;CORONARY ARTERY DISEASE\CARDIAC CATH,1
"HYPERGLYCEMIA,DEHYDRATION;HYPOTENSION;PANCREATIC MASS",1
LEFT LEG WEAKNESS,1
"CAD,AS\CORONARY ARTERY BYPASS GRAFT;AORTIC VALVE REPLACEMENT/SDA",1
"NON UNION FRACTURE, LEFT FEMUR/SDA",1
SDH AND FEMUR FX,1
"CORONARY ARTERY DISEASE\CORONARY ARTERY BYPASS GRAFT, RE-DO; MITRAL VALVE REPLACEMENT VIA LEFT THORACOTOMY",1
OBSTRUCTIVE JAUNDICE\ERCP ,1
"SEPSIS, HYPOSTENSION",1
WEAKNESS-BRADYCARDIA-ACUTE RENAL FAILURE,1
LOWER GASTRO INTESTINAL BLEED;S/P ERCP\ERCP,1
CRITICAL AORTIC STENOSIS;DEPRESSED EF ,1
PLEURAL EFFUSIONS;LYMPHOCYTIC EFFUSSION\PLEUROSCOPY/PLEURODESIS WITH TALK,1
HYPERKALEMIA-RENAL FAILURE-ALTERED MENTAL STATUS,1
ELEVATED FEVERS;LIVER MASSES,1
DIABETIC KEOACIDOSIS;TELEMETRY,1
ST-ELEVATION MYOCARDIAL INFARCTION\CARDIAC CATHETERIZATION,1
COPD AND PNEUMONIA,1
CHEST PAIN;HYPERTENSION\LEFT HEART CATHETERIZATION,1
NECK EDEMA,1
"HYPONATREMIA, LOW BICARB, DVT",1
"METASTATIC ADENOCARCINOMA, COLON TO LIVER/SDA",1
V-TACH/CARDIOVERSION,1
CEREBRAL HEMORRAHAGE,1
TRACHEO & BRONCHO MALACIA/SDA,1
VENTRICULAR BLEED,1
CRITICAL RENAL ARTERY STENOSIS,1
ALCOHOL WITHDRAWL;SEIZURES,1
STENOSIS\ AORTIC & MITRAL VALVE REPLACEMENT,1
CONGESTIVE HEART FAILURE;ARF;HYPOTENSION,1
DYSPNEA;FLUID OVERLOAD,1
RESP DESTRESS,1
PULMONARY EDEMA TRANSPLANT REJECTION,1
INFECTED LEFT LEG ULCERS,1
URINARY TRACT INFECTION/PYELONPHRITIS,1
SUBARACHNOID HEMORRHAGE;LIVER LACERATION,1
DYSPNEA;SARCOID FLARE;?PNEUMONIA,1
OBSTRUCTED RENAL STONE,1
SUBDURAL HEMOATOMA,1
LEFT COMMON CAROTID ARTERY ANEURYSM\ AORTO TO LEFT COMMON CAROTID BYPASS/SDA,1
RAPID ATRIALFIBRILLATION;HYPOTENSION;ELEVATED INR,1
CORONARY ARTERY DISEASE; ISCHEMIC CARDIOMYOPATHY; S/P CORONARY ARTERY BYPASS GRAFT\CATH; ICD IMPLANTATION,1
METASTSTIC SARCOMA/SDA,1
LIVER FAILURE;ENCEPHALOPATHY,1
PERIPHERAL VASCULAR DISEASE; RIGHT SUPERFICIAL FEMORAL ARTERY DISEASE\RIGHT PERIPHERAL ANGIOGRAM,1
AORTIC STENOSIS\CORONARY ARTERY BYPASS GRAFT; A; AVR (BOVINE VALVE),1
INGESTION OF,1
CORONARY ARTERY DISEASE/ V-TACH,1
RIGHT LEG HEMATOMA,1
HEMOTHORAX;FEVER;CHEST PAIN;TELEMETRY,1
ANTERIOR ST ELEVATIONS,1
DYSPNEA;CIRRHOSIS,1
DIARRHEA;HYPOTENSION,1
ACUTE ISCHEMIC STROKE,1
ASCENDING AORTA ANEURYSM,1
ADRENAL NEOPLASM/SDA,1
AFIB W/ RVR,1
"ANTICHOLINERGENIC TOXICITY, OVERDOSE",1
UNRESPONSIVE; S/P OVERDOSE,1
THROBOVYTOPENIA,1
DEHYDRATION;FEVER,1
AORTIC DISSECTION;STROKE,1
SUBARACHOID HEMORRAGE,1
CONGESTIVE HEART FAILURE; SYNCOPE AND LEG WOUND ULCER,1
NORMAL PRESSURE HYDROCEPHALUS,1
"PNEUMONIA,COPD",1
URINARY TRACT INFECTION;HYPERNATREMIA,1
CELLULITIS;OSTEOLYELITIS,1
"BRONCIAL CARCINOID, RIGHT MIDDLE LOBE\BRONCHOSCOPY RIGID; ENDOBRONCHIAL U/S; ? ARAGON PLASMA COAGULATION",1
ALTERED MENTAL STATUS;PNEUMONIA,1
SUBARACHNOID HEMORRHAGE;SDH;TELEMETRY,1
ACUTE MI/GI BLEED,1
TRIPLE AAA;RESECTION AORTIC ASCENDING ANEURSYM,1
CORONARY ARTERY DISEASE/UNSTABLE ANGINA,1
RIB FX; HIP FX,1
PAROTID CANCER; HYPERGLYCEMIA,1
SEPSIS;DIARRHEA;NAUSEA;VOMITING;RENAL FAILURE,1
PREOP HYDRATION,1
C1-C3 TUMOR/SDA,1
AORTIC DISECTION\ ENDOVASCULAR STENT REPAIR W/ OPEN REPLANTATION OF SUPERIOR INOMINATE ARTERY,1
LUNG ABCESS;PAINLESS JAUNDICE,1
CARDIOMYOPATHY;CONGESTIVE HEART FAILURE;CORONARY ARTERY DISEASE,1
MITRAL STENOSIS\MITRAL VALVE REPLACEMENT; TRICUSPID VALVE REPLACEMENT ,1
+ETT;LEFT MAIN DISEASE,1
COPD,1
SWALLOWED TOOTHBRUSH,1
CORONARY ARTERY DISEASE;CHEST PAIN;ELEVATED TROPONIN\CATH,1
HYPERNATREMIA-ALTERED MENTAL STATUS,1
RESPIRATORY DISTRESS;DIARRHEA,1
GLAGARINE INSULIN OVERDOSE,1
"OVERDOSE,TRICYCLIC ANTIDEPRESSANT",1
PNEUMONIA;DEHYDRATION,1
OVERDOSE; ASPIRATION,1
ACUTE RENAL FAILURE; HYPOKALEMIA,1
COLON CANCER;ARTERIAL CLOT,1
NON SMALL CELL CANCER;HYPOXIA,1
CORONARY ARTERY DISEASE\CORONARY ARTERY BYPASS GRAFT; WITH AVR; ? MITRAL VALVE REPLACEMENT/SDA,1
HIP FRACTURE;RESPIRATORY FAILURE,1
SUBARACHNOID HEMATOMA;TELEMETRY,1
LEFT NASOPHARYNGEAL MASS,1
SHORTNESS OF BREATH;S/P TRACHEOPLASTY,1
R/O ST SEGMENT MI,1
ATRIAL TACHYCARDIA\LEFT ANTERIOR TACHYCARDIA ABLATION; TEE **REMOTE WEST**,1
R/O CAROTID DISECTION,1
STAGE IV SUBGLOTTIC CANCER,1
LUNG CANCER;SUPERIOR VENA CAVA SYNDROME,1
CLAUDICATION\AA RUNOFFS,1
HEMATOCHEZIA,1
LT HAND FX-BLUNT HEAD INJURY-S/P MVA,1
"FEVER,DEHYDRATION,FAILURE TO THRIVE",1
"OPEN FRACTURE,LEFT LEG",1
MITRAL STENOSIS\MITRAL VALVE REPLACEMENT ? MAZE,1
?LEEFT BASAL GANGLIA BLEED,1
WEAKNESS;CERVICAL STENOSIS,1
FEVER;THROMBOCYTOPENIA,1
CONGESTIVE HEART FAILURE;AORTIS STENOSIS,1
DEHYDRATION ?DIFF,1
MELANOMA,1
TRACHEAL OCCLUSION,1
"PNEUMONIA,BLADDER CARCINOMA",1
BRADYCARDIA;WEAKNESS,1
"VARICEAL BLEED,S/P TIPS",1
GASTROADENOCARCINOMA/SDA,1
CERVICAL DISC HERNIATION/SDA,1
"CORONARY ARTERY ARTHROSCLEROSIS\RE-DO STERNOTOMY, MYXOMA RESECTION ",1
DEHYDRATION;RENAL CELL CARCINOMA,1
STERNAL DRAINAGE;SHORTNESS OF BREATH,1
HEPATITIS;ATRIAL FIBRILLATION;TELEMETRY,1
PNEUMOTHORAX;FACIAL FX,1
SQUAMOUS CELL CANCER OF HYPO PHARYNX/SDA,1
AORTIC INSUFFIENCY\AORTIC VALVE REPLACEMENT; MINIMALLY INVASIVE,1
INTER-CRANIAL MASS,1
PLEURO EFFUSION/SDA,1
"S/P FALL,LT FRONTAL HEAD BLEED,SUB ARACHNOID HEMORRHAGE",1
BRAIN MASS-HYDROCEPHALUS,1
PYLEONEPHRITIS;CO2 RETENTION,1
COLONIC OBSTRUCTION,1
EBV; MENINGITIS;PULMONARY EMBOLIS;RESPIRATORY FAILURE,1
ASCENDING AORTIC ANEURYSM\AORTIC VALVE REPLACEMENT; RESECTION AORTIC ASCENDING ANEURYSM/SDA,1
ATRIAL FIB/FLUTTER/VT/CAD\EP STUDY AND ABLATION/SDA,1
DYSPNEA;R/O FLU,1
S/O COLECTOMY,1
AORTIC ANEURYSM\RESECTION AORTIC ASCENDING ANEURYSM /SDA,1
METASTATIC CARCINOID\CHEMOEMBOLIZATION,1
FALL;HEAD INJURY,1
PREMTURITY,1
SMALL BOWEL OBSTRUCTION;GASTROINTESTINAL BLEED,1
OTHER MACHANIC COMP OF OTHER INTERNAL ORTHOPEDIC DEVICE IMPLANTS AND GRAFTS/SDA,1
L1 DISC PROTRUSION;CORD COMPRESS,1
CORONARY ARTERY DISEASE\CORONARY STENT PLACEMENT,1
S/P RESECTION,1
FAILURE TO THRIVE;HYPOTENSION,1
CHEST PAIN;DYSPNEA\CATH,1
TRACHEAL BRONCHIAL MALASIA\ RIGID BRONCHOSCOPY W/STENT REMOVAL,1
DYSPNEA;DEHYDRATION;TELEMETRY,1
AROTIC ANUERYSM,1
LARGE FRONTAL MASS,1
MEDIASTINAL AIR,1
R/O SMA THROMBOSIS,1
UNSTABLE ANGINA;ELEVATED CREATININE\CATH,1
ST-SEGMENT ELEVATION;MYOCARDIAL INFARCTION,1
ASTHMAQ;CHRONIC OBST PULM DISEASE,1
AGITATION;SUICIDAL IDEATION,1
SPIANAL METASTASES,1
EXERTIONAL ANGINA,1
PNEUMONIA-HYPOGLYCEMIA,1
CONGESTIVE HEART FAILURE;COPD,1
LEUKEMIA;FEVER;NEUTROPENIA,1
MR\ REDO MITRAL VALVE REPLACEMENT; HEART PORT MINIMALLY INVASIVE/SDA,1
"GI BLEED,HYPOTENSION,FEVER",1
ENDOCARDITIS\REDO AVR; REDO ASCENDING AORTA; HEMIARCH CIRCULATORY ARREST/? BENTAL WITH HOMOGRAFT /SDA,1
THORACIC ABDOMINAL ANEURYSM/SDA,1
"OVERDOSE,ALTERED MENTAL STATUS",1
DYSTONIC RXN,1
REIMPLANTATION OF LEFT INDEX AND MIDDLE FINGER,1
MITRAL VALVE DISORDER\MITRAL VALVE REPLACEMENT; TRISCUPID VALVE REPLACEMENT; LEFT ATRIAL APPENDAGE LIGATION; ? CORONARY ARTERY BYPASS GRAFT; ? MAZE; ? LEFT EPICARDIAL LEAD PLACEMENT/SDA,1
CHEST PAIN; CORONARY ARTERY DISEASE\CORONARIES ANGIOGRAPHY,1
CENTRAL VENOUS OCCLUSION,1
TETRALOGY OF FALLOT,1
TUBAL LIGATION;EXPLORATORY LAP,1
ISCHEMIC LEG/SDA,1
LOWER EXTREMITY  PARALYSIS,1
CORATID STENOSIS\CAROTIS ANGIOGRAM,1
CONGESTIVE HEART FAILURE\MITRAL VALVE REPLACEMENT;POSSIBLE CORONARY ARTERY BYPASS GRAFT /SDA,1
RIGHT PROXIMAL HUMERUS FRACTURE/SDA,1
R/O LEG INFECTION,1
"SPLENIC HE,ATOMA",1
CORONARY ARTERY DISEASE;AORTIC STENOSIS;MITRAL VALVE DISEASE,1
ABDOMINAL AORTIC ANEURYSM;? ULCERATIVE COLITIS,1
HEMOPARINEUM,1
INCREASED LFT'S; S/P LIVER TX,1
INTRPARENCHYMAL HEMORRHAGE,1
PNEUMONIA;TELEMETRY;METHICILLIN RESISTANT STAPH AUREUS;VANCOMYCIN RESISTANT ENTEROCOCCUS,1
LOWER GASTRIINTESTINAL BLEED,1
"DKA,SEPSIS",1
SEPSIS;PILONIDAL ABSCESS,1
INTERCEREBRAL HEMORRHAGE/SDA,1
CORONARY ARTERY DISEASE\CARDIAC CATHETERIZATION;BARE METAL STENT PLACEMENT LEFT ANTERIOR DESCENDING ARTERY,1
MCA STROKE;COMP SYNDROME;RHABDOMYOLISIS,1
MAGLIGNANT NEOPLASM OF ESOPHAGUS /SDA,1
ACUTE CORONARY SYNDROME;DIABETIC KETOACIDOSIS,1
PNEUMOTHORAX;FRACTURES,1
PERFERATION S/P ERCP,1
POST INFARCT CARDIOMYOPATHY\IMPLANTABLE CARDIOVERTER DEFIBRILLATOR IMPLANT/SDA,1
CORONARY ARTERY DISEASE\ATRIAL MYXOMA REMOVAL;?AORTIC VALVE REPLACEMENT  ? CORONARY ARTERY BYPASS GRAFT; ? TRICUSPID VALVE REPLACEMENT;? REPLACEMENT ASCENDING AORTA /SDA,1
AORTIC STENOSIS;MITRAL REGURGITATION;CAROTID STENOSIS\RIGHT AND LEFT HEART CATH,1
GI BLEED;BILATERAL PULMONARY EMBOLI,1
VENA CAVAL TUMOR,1
HYPOTENSION;HYPERKALEMIA ? ADDISON,1
TYLENOL OD; WRIST LACERATION,1
TONSIL CANCER/SDA,1
HYPOTENSION;HYPERGLYCEMIA;HYPERKALEMIA,1
SEPTICK SHOCK,1
S/P CARDIAC ARREST;UPPER GI BLEED,1
SEVERE MR/MITRAL VALVE REPLACEMENT;MAZE PROCEDURE\MITRAL VALVE REPLACEMENT; MAZE PROCEDURE,1
MASS BRAIN,1
CLOTTED PERMA CATH;CRF;FAILURE TO THRIVE,1
ADRENAL CA/SDA,1
EXTREME PREMATURITY/?SEPSIS,1
PERFORATED GALLBLADDER/SDA,1
ALTERED MENTAL STATUS;PNEUMONIA;DEHYDRATION,1
EPIDURAL AND SUBDURAL HEMATOMA,1
DILATED AORTIC ROOT,1
ILIAC ANEURYSM,1
EYE PAIN,1
DEHISCENCE OF WOUND,1
TRAUMATIC SHOCK;PELVIC FRACTURE,1
ABDOMINAL PAIN;CARDIAC ARREST,1
SEPTIC HIP,1
ALTERED MENTAL STATUS;DIABETIC KETOACIDOSIS,1
FEMORAL HERNIA;SMALL BOWEL OBSTRUCTION,1
CANCER WITH BRAIN METASTASIS,1
GI EVALUATION,1
40 & 6WKS LABOR,1
ADRENAL CRISIS,1
PERICARDIAL EFFUSION\CARDIAC TAP,1
GAIT CHANGES,1
CHEST PAIN; R/O PULMONARY EMBOLUS,1
PERFORATION S/P ERCP;GALLSTONES,1
SHORTNESS OF BREATH-HYPOGLYCEMIA,1
POPLITEAL ANEURYSM LEFT/SDA,1
RECURRENT ATRIAL FIBRILLATION\PULMONARY VEIN ISOLATION  **REMOTE WEST**/SDA,1
"PNA, RENAL FAILURE, SEPSIS",1
"FALL,INTRACRANIAL HEMORRHAGE",1
S/P MULTI STAB WOUNDS,1
SPINE FRACTURE;FRACTURE,1
NON MELANOMA NEOPLASM OF THE FACE/SDA,1
INABILITY TO SWALLOW,1
LARGE ABDOMINAL MASS/SDA,1
SUBARACHNOID HEMARRHAGE,1
AORTIC STENOSIS\AORTIC VALVE / ASCENDING AORTA REPLACEMENT W/ HEMI ARCH REPLACEMENT & MAZE/SDA,1
NEUTROPENIA; HYPOMATREMIA; METASTIC BREAST CANCER,1
WEBSTER TRIPLE A,1
S/O MVA,1
PSEUDO AORTIC ANEURYSM\ REPAIR OF PSEUDO ANEURYSM/SDA,1
CEREBROVASCULAR ACCIDENT;FEV,1
PNEUMONIA-AFLUTTER-HYPERTENSION,1
PROGRESSIVE WEAKNESS,1
CONGESTIVE HEART FAILURE\TRANSCATHETER AORTIC VALVE IMPLANT (TAVI) TRANSFEMORAL APPROACH  ,1
S/P 30 FOOT FALL,1
TRAUMA; HEAD INJURY; MULTI FRACTURES,1
"C SPINE FRACTURE,FRONTAL SINUS FRACTURE",1
NON-HODGKINS'S DISEASE,1
END STAGE CARDIOMYOPATHY,1
MITRAL REGURGITATION\MITRAL VALVE REPLACEMENT; MAZE PROCEDURE; LLA LIGATION/SDA,1
MIDGUT VOLVULUS,1
ACUTE SUBDURAL HEMATOMA;S/P FALL,1
CONGESTIVE HEART FAILURE\ANGIOPLASTY,1
COPD ,1
COPD FLARE;RISING LACTATE,1
"RESPIRATORY DISTRESS,UROSEPSIS",1
MYESTEMIA,1
ANEXITY;COLITIS,1
FAILURE TO THIRVE,1
LOWER GASTROINTESINAL BLEED,1
S/P FALL;HIP PAIN,1
AORTA VALVE DISORDER\REDO STENOTOMY; AVR ? CORONARY ARTERY BYPASS GRAFT/SDA,1
CAD/+ETT\CATH,1
SYNCOPE-HYPERKALEMIA,1
HF;PNA,1
DIVERTICUL;ITIS,1
VARICEAL BLEED CIRRHOSIS,1
ELEVATED STEMI,1
AORTIC STENOSIS;HYPOTENSION;PULMONARY EDEMA,1
UTERINE BLEED,1
CHOLANGIOCARCINOMA;UPPER GASTROINTESTINA BLEED,1
THOMACIC ANEURYSM\THORACOABDOMINAL ENDARTERECTOMY/ RIGHT PARTIAL BYPASS; LUBAR DRAIN  ,1
MYOCARDIAL INFARCTION S/P CATH,1
ETOH WITHDRAWAL;ABDOMINAL PAIN,1
UNRESPONSIVE; RESPIRATORY FAILURE,1
SEROTONIN SYNDROME,1
DYSPNEA ON EXERTION\CARDIAC CATH,1
MITAL VALVE REPLACEMENT,1
CORONARY ARTERY DISEASE;ACUTE CORONARY SYNDROME\RAMUS ARTERY STENT PLACEMENT,1
TRUMA SUB DURAL HEMATOMA,1
DELERIUM TREMENS,1
PANCREATITIS-GALLSTONES,1
MITRAL VALVE REGORDITATION\MITRAL VALVE REPLACEMENT; ?CABG/SDA,1
ACUTE RENAL FAILURE;URINARY TRACT INFECTION;? C-DIFF COLITIS,1
RP BLEED,1
COMPLETE HEART BLOCK;LYME CARDITIS,1
AORTIC STENOSIS\RESTYLE PROCINE BENTAL PROCEDURE; ? CORONARY ARTERY BYPASS GRAFT /SDA,1
SPINE FRACTURE; PELVIS FRACTURE,1
SYNCOPE;CARDIAC ISCHEMIA\CARDIAC CATH,1
PANCREATITIS;CONGESTIVE HEART FAILURE;PNEUMONIA;PULMONARY EMBOLIS,1
PULOMARY EMBOLIS;TELEMETRY,1
"S/P DIVING INJURY, C4 FX",1
OBSTRUCTED CBD,1
BRONCHOSCOPY RIGID;LARYNGEAL EDEMA\BRONCHOSCOPY RIGID,1
S/P STROKE,1
RENAL STONE,1
PEPTIC ULCER DISEASE/VENTRAL HERNIA/SDA,1
RIGHT LOWER LOBE LUNG CA/SDA,1
"PNEUMONIA,RIGHT MIDDLE LOBE",1
LEFT MAIN DISEASE;3 VESSEL DISEASE,1
PNEUMONIA;VANCOMYCIN RESISTANT ENTEROCOCCUS,1
EPISTAKIS,1
VENTRICULAR TACHYCARDIC,1
STEVEN JOHNSON SYNDROME,1
METASTATIC LESION ON SPINE/SDA,1
DRUG ELUTING CORONARY ARTERY STENT,1
PORTAL HYPERTENSION,1
MITRAL REGURGITATION\REPAIR ANOMALOUS PULMONARY VEIN; ? MITRAL VALVE REPLACEMENT /SDA,1
DEHYDRATION;ELEVATED INR,1
SEPTIC TOTAL HIP REPLACEMENT/SDA,1
NSTEMI/HYPOTENSION,1
SUBARACHNOID HEMORRHAGE;ACUTE SUBDURAL HEMATOMA;INTRAPARENCHYMAL HEMORRHAGE,1
TACHY-BRADYCARDIA,1
AORTIC STENOSIS/MITRAL REGURGITATION\AORTIC AND MITRAL VALVE REPLACEMENT; ? TRICUSPID VALVE REPLACEMENT /SDA,1
CORONARY ARTERY DISEASE;CARDIAC CATHERIZATION,1
AORTIC VALVE INSUFFICIENCY\AORTIC AND MITRAL VALVE REPLACEMENT ? MAZE,1
"CORONARY ARTERY DISEASE\CORONARY ARTERY BYPASS GRAFT; OFF PUMP, USING LEFT RADIAL ARTERY/SDA",1
NEW ONSET SEIZURE;BRAIN LESION,1
LIVER LESSION/SDA\RADIOFREQUENCY ABLATION LIVER,1
"BRAIN TUMOR, RIGHT/SDA",1
ALTERED MENTAL STATUS; FEVER,1
S-T ELEVATIONS;MYOCARDIAL INFARCTION\CATH,1
DYSTONIA;S/P G-TUBE PLACEMENT,1
SUBARACHNOID HEMATOMA;MAXILLARY SINUS FRACTURE,1
MITRAL STENOSIS\MITRAL VALVE REPLACEMENT;? OF AVR;METINANINA LYMP NODE BIOPSY /SDA,1
"ANEMIA, SHORTNESS OF BREATH, NAUSEA",1
LEFT UPPER LOBE LUNG CANCER/SDA,1
HEADACHE; ANEURYSMS,1
"INTRACTABLE NAUSEA,VOMITING",1
FAILURE TO THRIVE;DEHYDRATION,1
SUBMANDIBULAR ABCESS,1
END STAGE RENAL DISEASE/FOR TRANSPLANT,1
"ICH, RIB FX'S, PELVIS FX'S",1
BRACHIAL ARTERY INJURY,1
CERBRAL EDEMA,1
ADENOCARCINOMA,1
PNEUMONIA; HIV,1
DOUBLE VESSEL DISEASE\CORONARY ARTERY BYPASS GRAFT; WITH AVR/SDA,1
RENAL FAILURE;CORONARY ARTERY DISEASE;SEPSIS,1
NEPHROLITHIASIS;ACUTE RENAL FAILURE,1
OPEN WOUND OF RIGHT LEG/SDA,1
PNEUMONIA;ALS,1
ATRIAL FIBRILLATION\PULMONA VEIN ISOLATION **REMOTE WEST**/SDA,1
MITRAL STENOSIS\MITRAL VALVE REPLACEMENT/SDA,1
ISCHEMIC BOWEL; HERNIA,1
CORONARY ARTERY DISEASE\CORONARY ARTERY BYPASS GRAFT;AORTIC VALVE REPLACEMENT; REPAIR ASCENDING AORTA'/SDA,1
PARKINSON DISEASE; ACUTE RELAPSE,1
HEMORRHAGIC CONTUSION,1
ENDOCARDITIS;PERICARDIAL EFFUSION,1
ACS/CHF,1
CORONARY ARTERY DISEASE\OFF PUMP CORONARY ARTERY BYPASS ,1
HEART RATE CONTROL,1
PNEUMONIA;VOLUME OVERLOAD,1
ASYTOLIC ARREST,1
CHRONIC OBSTRCUTION PULMONARY DISEASE,1
LAMINECTOMY,1
CONGESTIVE HEART FAILURE;DIALYSIS,1
AORTIC INSUFFICIENCY\CATH,1
MITRAL STENOSIS\FULL MAZE/ MITRAL VALVE REPLACEMENT/ TRICUSPID VALVE REPLACEMENT; CORONARY ARTERY BYPASS GRAFT   ,1
STERNAL DRAINAGE,1
CI BLEED,1
CORONARY ARTERY DISEASE\CORONARY ARTERY BYPASS GRAFT LV ANEURYSMECTOMY/SDA,1
"CORONARY ARTERY DISEASE\CORONARY ARTERY BYPASS GRAFT WITH AVR, MAZE ",1
"UTI, BLADDER CANCER",1
? MENINGITIS,1
MOTORCYCLE ACCIDENT SPLENIC LACERATION,1
CROHN'S FLARE;CONTAINED FERFORATION,1
CHF\PNEUMONIA\ACUTE RENAL FAILURE,1
MEDIASTINUM TUMOR;LYMPHOMA,1
THORACIC ANEURYSM\BENTALL PROCEDURE/SDA,1
"RENAL CELL CARCINOMA;FEVER,HYPOKALEMIA",1
S/P FALL;STAB WOUND;POLYTRAUMA,1
STERNAL HEMATOMA,1
BRAIN MASS; LUNG MASS; RIGHT HIP FRACTURE,1
"AORTIC STENOSIS\CORONARY ARTERY BYPASS GRAFT WITH AVR, ? MITRAL VALVE REPLACEMENT, ? TRICUSPID VALVE REPAIR",1
HEPATITS C;CIRRHOSIS;GASTROINTESTINAL BLEED,1
"DELTA MS, PNEUMONIA",1
? SKULL FX,1
DILATED AORTIC ARC\BENTALL PROCEDURE/SDA,1
HEMOTHORAX;EMPYEMA,1
ALTERED MENTAL STATUS;ABDOMINAL PAIN,1
RESPIRATORY DISTRESS;WILLIAMS SYNDROME,1
CORONARY ARTERY DISEASE;EXERTIONAL ANGINA;CHRONIC RENAL INSUFFICIENCY\LEFT HEART CATHETERIZATION,1
UTI/PYELONEHRITIS,1
HEAD BLEED;S/P FALL,1
MOTOR  VEHICLE ACCIDENT,1
PNEUMONIA;TRANSAMINITIS,1
CHEST PAIN;HEART FAILURE\CATH,1
RIGHT HYLAR MASS,1
SHINGLES;CONSTIPATION,1
RIGHT KIDNEY TUMOR/SDA,1
RIGHT FACIAL DROOP,1
AVR\AORTIC VALVE REPLACEMENT,1
FALX MENINGIOMA/SDA,1
HYPERTENSION URGENCY,1
MULTIPLE RIB FXS,1
ABNORMAL AORTIC ANEURYSM,1
ETOH INTOXICATION;INTUBATED,1
AORTIC STENOSIS\AORTIC VALVE REPLACEMENT; ? ASCENDING AORTA REPLACEMENT /SDA,1
ADNEXAL MASS/SDA,1
"PLEURAL EFFUSION,R/O MI",1
TRACHEALBRONCIAL MALACEA/SDA,1
AORTIC OCCULSION,1
LUNG CANCER;RESPIRATORY DISTRESS,1
DIALATED ASCENDING AORTA\AORTIC VALVE / ASCENDING AORTA REPLACEMENT; ? BENTAL PROCEDURE /SDA,1
LEAKING THORACIC ANEURYSM,1
HYPOXIA;DYSPHAGIA,1
CHOLANGITIS ABSCESS,1
UNSTABLE ANGINA;3 VESSEL DISEASE;CONGESTIVE HEART FAILURE;CHRONIC OBSTRUCTIVE PULMONARY DISEASE\CATH,1
SAH S/P ASSAULT,1
LEFT FRONTAL MASS/SDA,1
DIABETIC KETOACIDOSIS;ACUTE RENAL FAILURE;ACUTE PANCREATITIS,1
ISCHEMIC CARDIOMYOPATHY\LEFT HEART CATHETERIZATION,1
14-AAA,1
CORONARY ARTERY DISEASE\/SDA,1
ACUTE MYELOGENOUS LEUKEMIA;CTX,1
HIV;DEHYDRATION,1
PERIPHERAL VASCULAR DISEASE\AA RUNOFFS,1
RIGHT COMMON CAROTID ARTERY W/ INTRAHEPATIC THROMBUS,1
DRUG REFRACTORY ATRIAL FIBRILLATIN\PULMONARY VEIN ISOLATION  **REMOTE WEST**/SDA,1
RHABDOMYELOSIS,1
RIGHT HIP HEMATOMA,1
URINARY TRACT INFECTION/DIARRHEA,1
ABDOMINAL PAIN;EVALUATION FOR LYMPHOMA,1
SUBDURAL HEMATOMA S/P FALL,1
"TRUMA,RIGHT BLOBE RUPTURE",1
MITRAL VALVE DISORDER\MITRAL VALVE REPLACEMENT WITH TVR/SDA,1
HYPOMAGNESEMIA,1
VENTRICULAR MASS,1
GALLSTONE;HYPOTENSION;ENDOSCOPIC RETROGRADE CHOLANGIOPANCREATOGRAPHY,1
SUPRA GLOTTITIS,1
MULTIPLE PES,1
FEVER; ATRIAL FIBRILLATION,1
S/P MOTOR VEHICLE ACCIDENT;SMALL BOWEL OBSTRUCTION,1
R/O EPIGLOTTITIS,1
LARYNEAL STENOSIS;NECK ARM PAIN,1
COOAGULOPATHY;RIGHT HIP BLEEDING,1
NEUTROPENIC FEVER;? PNEUMONIA,1
THORACIC SPINE INJURY;TRAUMA,1
ISCHEMIC CARDIOMYOPATHY;RECURRENT CHEST PAIN\CATH,1
ACUTE CHRONIC RESPIRATORY FAILURE,1
MALIGNANT MELANOMA OF SKIN AND SCALP AND NECK /SDA,1
ANAPHALACTIC SHOCK;CARDIAC ARREST;TELEMETRY,1
VERTEBRAL DISSECTION;STROKE;TELEMETRY,1
RIGHT FOOT CELLULITIS;TELEMETRY,1
ACUTE CHRONIC RENAL FAILURE;DIABETES MELLITUS,1
"KYPHOSIS, S/P FRACTURE/SDA",1
RIGHT LUNG  CA/SDA,1
PLEURAL EFFUSION;RESPIRATORY FAIL,1
S/P FALL;HEAD BLEED,1
TRACHEAL TEAR-MEDIASTINAL EMPHYSEMA,1
VENTRICULAR TACHYCARDIA;CONGESTIVE HEART FAILURE\CATH,1
CHOLANIOCARCINOMA - PAIN CONTROL,1
CRITCAL LEFT ICA STENOSIS/SDA,1
AMPULARY MASS,1
METASTATIC MELANOMA /SDA,1
SEPSIS;ACUTE RENAL FAILURE,1
VARIOES BLEEDING,1
CHEST PAIN/ CHANGE IN MENTAL STATUS,1
UNCONTROLLED DIABETES;PANCREAS TRANSPLANT,1
RENAL STONE OBSTRUCTION,1
"MITRAL VALVE INSUFFICENCY\MVR, MAZE PROCEDURE, ? CORONARY ARTERY BYPASS GRAFT ",1
GUN SHOT WOUND HEAD,1
NECK INJURY;?CHEST INJURY,1
"CORONARY ARTERY DISEASE\CORONARY ARTERY BYPASS GRAFT WITH AVR, DEEP HYPOTHERMIC CIRCULATIORY ARREST/SDA",1
CARCINOID CRISIS,1
FEVER;BILIARY BLOCKAGE,1
ASCENDING AORTA\ASCENDING AORTA REPLACEMENT & HEMI-ARCH ? AORTIC VALVE REPLACEMENT /SDA,1
INNOMINATE OCCLUSION\AORTO/ INNOMINATE/ CAROTID SUBCLAVIAN BYPASS  ,1
MITRAL VALVE REGURITATION\BENTALL PROCEDURE/SDA,1
LEFT PATELLA FRACUTRE/SDA,1
STERNAL FX,1
RENAL ARTERY STENOSIS\RENAL ARTERIOGRAN,1
SPINDAL CORD TUMOR,1
PROLAPSE UTERUS,1
STERNAL WOUND  EVALUATION,1
RT FOREARM LACERATION-ULNAR NERVE INJURY,1
DEHYDRATION;DIARRHEA,1
ARTERIOVENOUS FISTULA/SDA,1
SHORTNESS OF BREATH;CHEST MASS,1
SHOCK; RHABDOMYOLSIS; RF/SDA,1
TRACHEOSTOMY BLEEDING,1
MITRAL REGURGITATION\CATH/SDA,1
A-FIB\THORACOSCOPIC MAZE PROCEDURE LEFT/SDA,1
AORTIC STENOSIS\AVR; ? MVR; ? CORONARY ARTERY BYPASS GRAFT,1
BISCUPID VALVE;DILATED AORTIC ROOT,1
RETROSTERNAL HEMATOMA,1
LEFT MAIN AIRWAY OBSTRUCTION/SDA,1
SEPSIS;GASTROINTESTINAL BLEED,1
C1-C2 INSTABILITY 2 DEGREE'S TO ODONTOID FRACTURE ( REMOTE ),1
C3 LATERAL MASS/SDA,1
MITAL VALVE PROLAPSE\MITRAL VALVE REPLACEMENT/SDA,1
EARLY SEPSIS;PNEUMONIA,1
SEPSIS;CELLULITIS,1
COLON POLYPS\COLONOSCOPY  **REMOTE EAST**,1
"R/O SEPSIS, S/P LAP CHOLE.",1
ADRENAL MASS LEFT/SDA,1
SQUAMOUS CELL CARCINOMA ORAL TONGUE/SDA,1
CHF\CORONARY ARTERY BYPASS GRAFT ,1
 LEFT FOOT GANGRENE/SDA,1
BRONCHIAL FISTULA,1
MALIGNANT MELANOMA\BONE MARROW TRANSPLANT,1
PULMONARY EMBOLIS; RIGHT VENTRICULAR THROMBUS,1
DIABETIC KETOACIDOSIS;CELLULITIS,1
AORTIC VALVE INSUFFICIENCY\CORONARY ARTERY BYPASS GRAFT WITH AVR /SDA,1
"SHORTNESS OF BREATH,PLEURAL EFFUSION",1
AORTIC STENOSIS; CAD\AORTIC VALVE REPLACEMENT; POSSIBLE CORONARY ARTERY BYPASS GRAFT & MAZE,1
TONGUE LACERATION,1
PANCREATITIS;CONGESTIVE HEART FAILURE;A FIB RVR,1
RULE OUT CEREBROVASCULAR ACCIDENT,1
CLONUS,1
OSTEOARTHRITIS LEFT KNEE\LEFT KNEE ARTHROPLASTY,1
AIRWAY FAILURE,1
HYPOTENSION;FEVER;R/O SEPSIS,1
PTX; RESPIRATORY FAILURE,1
INTERSTITIAL LUNG DISEASE/SDA,1
MOTOR CYCLE COLLISION,1
CARDIAC CARREST,1
"DVT, ANEMIA",1
CONGESTIVE HEART FAILURE;BRADYCARDIA,1
STEMI;CATH\CATH,1
RENAL FAILIURE-SYNCOPE-HYPERKALEMIA,1
SEIZURE;HEAD BLEED;28 WEEKS ANTEPARTUM,1
SEIZURES;BRAIN MASS,1
PYELONEPHRITIS;PULMONARY EMBOLIS,1
CORONARY ARTERY DISEASE\CORONARY ARTERY BYPASS GRAFT;AORTIC VALVE REPLACEMENT; ? MVR/SDA,1
"AORTIC STENOSIS\AORTIC VALVE REPLACEMENT, ? MITRAL VALVEREPLACEMENT /SDA",1
LIVER FAILURE; ETOH ABUSE,1
LEFT FEMORAL PSEUDOANEURYSM,1
HEMATEMSIS,1
S/P MOTOR VEHICLE ACCIDENT;ARREST,1
CHEST PAIN WITH NSTEMI,1
ST ELEVATION MYOCARDIAL INFARCTION\CORONARY ANGIOGRAM ,1
DIABETIC KETOACIDOSIS;NSTEMI,1
LUMBER SPINE FRACTURE,1
90% LEFT MAIN CORONARY ARTERY DISEASE,1
RECURRENT ANGINA\CATH,1
CORONARY ARTERY DISEASE\CORONARY ARTERY BYPASS GRAFT; RESECTION AORTIC ASCENDING ANEURYSM /SDA,1
 ABSENCE/SDA,1
"PNEUMONIA,HYPONATREMIA",1
LARYNGOTRACHIAL STENOSIS/SDA,1
NONUNION T12-L1/SDA,1
S/P ORIF TIBIA FX,1
TRACHEOBROPCHIAL MALACIA/SDA,1
VULVUS,1
LUNG CANCER;MENTAL STATUS CHANGES,1
CHEST PAIN;SURGICAL REVASCULARIZATION\CATH,1
FEVER-R/O TB,1
GASTRIC CANCER;PNEUMONIA,1
S/P AAA REPAIR,1
"ACUTE RENAL FAILURE, CELLULITIS",1
LEFT LOWER EXTREMITY INJURY,1
"LYMPHOMA,FEVER, NEUTROPENIA",1
PORT INFECTION,1
HYPOXIA-PANCYTOPENIA,1
ABDOMINAL PAIN;URINARY TRACT INFECTION,1
FEVER;ELEVATED LIVER FUNCTION TEST,1
ASCENDING AORTIC ANEURYSM\BENTAL PROCEDURE REDO,1
DILATED CARDIOMYOPATHY/VENTRICULAR TACHYCARDIA\BIVENTRICULAR INTRACARDIAC DEFIBRILLATOR IMPLANT,1
RUPTURE ESOPHAGUS,1
CHOLECYSTITIS;RESPIRATORY FAILURE,1
"SEPSIS, MET CA ESOPHAGEAL",1
LIKELY THROMBOCYTOPENIA,1
CIRRHOSIS;HEPATIC PLEURAL EFFUSION,1
HYPOKALEMIA-URINARY TRACT INFECTION,1
ST ELEVATION;MYOCARDIAL INFARCTION,1
NON-HEALING RIGHT FOOT ULCER;DIABETES MELLITUS,1
CAROTID STENOSIS\CAROTID ANGIO AND STENT,1
PED STRUCK; MULTI SYSTEM TRAUMA,1
CHRONIC SUBDURAL BLEED,1
R/O CVA;CHEST PAIN,1
ACUTE RENAL FAILURE;WEAKNESS,1
PYELONEPHRITIS/SDA,1
MITRAL REGURGITATION & RENAL INSUFFICIENY\MITRAL VALVE REPLACEMENT  W/ ? MAZE,1
THORACIC AORTIC ANEURYSM\REPLACEMENT ASCENDING AORTA W/ HEMI-ARCH VS BENTAL PROCEDURE/SDA,1
DIABETIC FOOT INFECTION,1
CHRONIC RENAL FAILURE;PANCREATITIS,1
RESPIRATORY FAILURE;ALTERED MENTAL STATUS,1
LIVER AND LUNG FISTULA,1
POPLITEAL INJURY,1
BILATERAL GANGRENE; DIABETES,1
ANEMIA;KNOWN ULCERS,1
BILATERAL FEMORAL  FX,1
ENDOCARDITIS\CATH,1
HTN; INTRACRANIAL BLEED,1
R FEMUR FRACTURE; RENAL FAILURE,1
NECROTIC PANCREATITIS,1
INTRAPARENCHYMAL HEORRHAGE,1
SALICYLATE OVERDOSE,1
COMMON BILE DUCT STONE\ERCP,1
THREATENED LEFT LOWER EXTREMITY,1
PARAFUSION,1
CRUSH INJURY,1
LIVER LESION;CHOLANGIOCARCINOMA/SDA,1
AORTIC STENOSIS;MR\ AORTIC AND MITRAL VALVE REPLACEMENT,1
CODE STROKE,1
CONGESTIVE HEART FAILURE ,1
"CHOLANGITIS;ELEVATED WHITE BLOOD COUNT;FEVER,ETIOLOGY UKNOWN",1
OVARIAN CANCER;NEUTROPENIC;HYPOTENSION,1
ABD. PAIN ,1
OSTEOARTHRITIS LEFTKNEE/SDA,1
GOUT;FEVER,1
CAORONARY ARTERY DISEASE,1
PNEUMOPERTONEUM,1
CIRRHOSIS;RENAL FAILURE,1
"ANEMIA;BLEEDING,VAGINA",1
"COLD R FOOT, ? AORTIC DISSECTION",1
PSYCHOGENIC POLYDISPIA,1
AR\AORTIC VALVE REPLACEMENT,1
ATRIAL FIBULATION\REDO STERNOTOMY WITH FULL MAZE,1
CARDIAC CATHERIZATION;UNSTABLE ANGINA;TELEMETRY,1
HERNIATED DISC/SDA,1
FALL;FEMUR FRACTURE,1
AML RELAPSE,1
DYSPNEA;CHEST PAIN;TELEMETRY;RAPID AFIB,1
"29WKS,GALLSTONE",1
SEPTIC KNEE;PNEUMONIA,1
NEURO SYPHILIS,1
HYPOTENSION;SUBSTANCE ABUSE;PANCREATITIS,1
"HEAD ACHE,R/O BLEED",1
SEVERE GASTROENTERITIS,1
S/P MVA;PEDESTRIAN STRUCK,1
LEFT FEMORAL FRACTURE,1
ADENO CANCER ETHMOID SINUS /SDA,1
INTERACRANIAL HEMORRHAGE,1
"ALTERED MENTAL STATUS,URINARY TRACT INFECTION",1
ABDOMINAL PAIN;RECTAL CANCER,1
DIABETES MELLITUS,1
S T ELEVATED ION MI,1
CORD COMPRESSION;RENAL CELL CANCER,1
"CONGESTIVE HEART FAILURE,COPD",1
ASCENDING SINUS VENUS\ REPAIR ANOMALY PULMONARY VEIN; ASCENDING AORTIC VALVE REPLACEMENT/SDA,1
R/O MI/CATH,1
"CHF,+ETT\LEFT HEART CATHETERIZATION",1
APPENDICEAL/SDA,1
ALTERED MENTAL STATUS/ GI BLEED,1
CORONARY ARTERY DISEASE\CORONARY ARTERY BYPASS GRAFT;AORTIC VALVE REPLACEMENT; ASCENDING AORTA & PROXIMAL ARCH/SDA,1
PNEUMONIA;CHRONIC OBST PULM DISEASE;RESPIRATORY FAILURE,1
COLITIS FLARE; RENAL FAILURE,1
L3 BURST FRACTURE,1
METASTATIC OVARIAN CANCER;TELEMETRY,1
PANCYTOPENIA;FEBRILE NEUTROPENIA,1
RAYNAUDS,1
EPISTAXIS/SDA,1
R/O MYOCARDIAL INFARCTION-FEVER,1
HYPERCAPNEA;SHORTNESS OF BREATH,1
LINE INFECTION;TELEMETRY,1
FEVER; MENTAL STATUS CHANGES,1
AORTIC STENOSIS\ AORTIC VALVE REPLACEMENT; REDO/SDA,1
PORTAL HYPERTENSION;VARICEAL BLEED,1
RIGHT ANKLE CELLULITIS; R/O SUBACUTE BACTERIAL ENDOCARDITIS,1
PSEUDOANEURYSM OR PULMONARY ARTERY,1
V2 TYPICAL TRIGEMINAL NEURALGIA/SDA,1
MULTI DRUG OVERDOSE,1
C7 FRACTURE;HEAD INJURY,1
RIGHT BASAL GANGLIA BLEED,1
S/P TRAUMA;NEUROLOGIC INJURY,1
SHORTNESS OF BREATH/FEVER,1
ADENOCARCINOMA RIGHT COLON/SDA,1
R/O HEAD BLEED; S/P KIDNEY TX,1
TYLENOL LIVER TOXICITY,1
RIGHT INTERNAL CAPSULE HEMORRHAGE,1
MYOCARDIAL INFARCTION;RESPIRATORY FAILURE,1
IVC THROMBOSIS,1
"S/P MVC, LIVER LACERATION",1
HYPERTENSION;ENCEPHALOPATHY,1
CHEST PAIN; R/O MI; COPD FLARE,1
RENAL CALL CANCER/CHEMO,1
AR\AORTIC AND MITRAL VALVE REPLACEMENT /SDA,1
SPINAL SHOCK,1
LEFT CFA CLOT,1
ACUTE MYOCARDIAL INFARCTION;PNEUMONIA;CONGESTIVE HEART FAILURE,1
CORONARY ARTERY DISEASE\ OFF PUMP CORONARY ARTERY; BYPASS/SDA,1
CHEST PAIN;DYSPNEA ON EXERTION\CARDIAC CATH,1
MR/CHF\MITRAL VALVE REPLACEMENT MINIMALLY INVASIVE APPROACH/SDA,1
MR\MITRAL VALVE REPLACEMENT; REDO,1
UTI; PYELONEPHRITIS,1
URETEROLITHIASIS,1
GASTRO ESOPHAGEL REFLUX DISEASE/SDA,1
FRONTAL CONTUSION,1
SMALL BOWEL CARCINOIDS/SDA,1
ANTIDEPRESSANT OVERDOSE,1
C2 FRACTURE-S/P FALL,1
"LOOSE HIP,LEFT SIDE",1
AI AND MR\AORTIC AND MITRAL VALVE REPLACEMENT; AORTIC VALVE REPLACEMENT ? ASCENDING; RE-DO STENOTOMY/SDA,1
NON-ST SEGMENT ELEVATION MYOCARDIAL INFARCTION;COPD EXACERBATION,1
BACERTIAL PERITONITIS,1
HEAD INJURY;SUBDURAL HEMORRHAGE;SUBARACHNOID HEMATOMA;PI BLEED,1
"OD,ALTERED MS",1
CELLULITIS;DIALYSIS,1
DIGOXIN TOXICITY;HYPERTENSION,1
MR\MITRAL VALVE REPLACEMENT MINIMALLY INVASIVE APPROACH,1
RENAL ARTERY STENOSIS;CLAUDICATION\RIGHT KIDNEY; LEFT LEG ANGIOGRAM,1
NECROTIZING FASCITIS LEFT LEG,1
PULMONARY EDEMA;ANEMIA,1
SUBARACHNOID HEMORRHAGE;INTUBATED,1
"CELLULITIS,A-FIB",1
ISCHEMIC CHANGES\CARD CATH,1
R/O PANCREATITIS,1
LEFT VENTRICULAR ANEURYSM;CORONARY ARTERY DISEASE,1
SEPSIS/ERCP,1
CRESCENDO ANGINA,1
PNEUMONIA;COUGH,1
CAROTID STENOSIS RIGHT,1
SUBDURAL HEMATOMA-COMA,1
REPAIR OF PERFORATED ESOPHAGUS,1
AORTIC VALVE DISEASE\CORONARY ARTERY BYPASS GRAFT WITH AVR /SDA,1
SP MVC,1
SEVERE AORTIC STENOSIS;CHEST PAIN;ATRIAL FIBRILLATION\RIGHT AND LEFT HEART CATHERTERIZATION,1
ATRIAL FIBRILLATION\BILATERAL MINI-THORACOTOMY; PULMONARY VEIN ISOLATION W/RESECTION OF LEFT ATRIAL APPENDAGE & LEFT UPPER LUNG BIOPSY/SDA,1
DKA/HYPERNATREMIA,1
RESPIRATORY FAILURE/TRACHEAL INJURY,1
POST/OP FEVER,1
"MVA,HEAD BLEED",1
ICH/C2 FX,1
BRAIN TUMOR MALIGNANT/SDA,1
ASTHMA & COPD EXACERBATION,1
"HYPOTENSION,GI BLEED",1
CAO; CHEST PAIN,1
CHARCOT LEFT FOOT/SDA,1
GOITER;CHRONIC AIRWAY OBSTRUCTION,1
DEHYDRATION;TACHYCARDIA,1
HEPATO;BILIARY RESSECTION;VRE,1
CORONARY ARTERY DISEASE\REPAIR ANOMALOUS RIGHT CAROTID ARTERY; ? CORONARY ARTERY BYPASS GRAFT /SDA,1
RENAL ARTERY STENOSIS/SDA,1
"UPPER AIRWAY RESTRICTION, LEUKEMIA",1
CARDIOGENIC SHOCK\CATH,1
CORONARY ARTERY DISEASE \CORONARY ARTERY BYPASS GRAFT /SDA,1
AAA\/SDA,1
PROSTATITIS;FEVER,1
CORONARY ARTERY DISEASE\ENDOSCOPIC CORONARY ARTERY BYPASS GRAFT/SDA,1
SHORTNESS OF BREATH;AORTIC STENOSIS\CARDIAC CATHETERIZATION,1
CLOTTED LEFT UPPER ARM AV GRAFT/SDA,1
R/O PULMONARY EMBOLUS,1
EXPLORATORY LAP,1
CORONARY ARTERY DISEASE\AORTIC VALVE REPLACEMENT; TISSUE VALVE /SDA,1
EPIDURAL HAMATOMA,1
S/P MOTOR VEHICLE ACCIDENT-OPEN TIBIA/FIBIA FX,1
MITRAL VALVE DISORDER\MITRAL VALVE REPAIR VS REPLACEMENT; ? CORONARY ARTERY BYPASS GRAFT,1
LEFT MAINSTREAM BRONCHIAL MASS,1
AORTIC STENOSIS\AORTIC VALVE / ASCENDING AORTA REPLACEMENT  CORONARY ARTERY BYPASS GRAFT /SDA,1
FEVER/R/O BACTEREMIA,1
GALLSTONES/PANCRATITIS,1
VARICEAL BLEEDING,1
LUNG CANCER/L.SIDED OBSTRUCTION,1
"HIP FRACTURE,RIGHT SIDE",1
CHEST PAIN;ANGINA,1
CERVICAL SPINE FX,1
BILATERAL URETERAL OBSTRUCTION/SDA,1
S/P MOTOR VEWHICLE ACCIDENT,1
LEFT TIBIAL FIB FRACTURE,1
INTRAPARENCHYMAL HEMORRHAGE;GI BLEED,1
S/P FALL-C5 FRACTURE,1
ISCHEMIC ULCERATION LEFT FOOT,1
BILATERAL PES,1
DELIRIUM,1
ASTHMA ATTACK,1
HEAD MASS;S/P SEIZURE,1
PELVIC FRACTURE;BLEED,1
MYASTHENIC CRISIS,1
RIGHT BREAST CA/HX OF DCIF LEFT BREAST/SDA,1
S/P TIA/ CAROTID STENOSIS,1
ICD LEAN INFECTION;VEGITATION,1
CORONARY ARTERY DISEASE\OFF PUMP CORONARY ARTERY BYPASS; ? AORTIC VALVE REPLACEMENT ,1
TETRALOGY OF FALLOT\ PFO CLOSURE;CORONARY ARTERY BYPASS GRAFT; PULMONARY OUTFLOW RECONSTRUCTION; PULMONARY VALVE REPAIR,1
IHC,1
CHEST PAIN; WOUND INFECTION,1
HEMOPYTISIS,1
STENT NON FUNCTION\BRONCHOSCOPY RIGID; STENT REMOVAL,1
? KIDNEY TRANSPLANT REJECTION,1
MITRAL REGURGITATION\CARDIAC CATH,1
LEFT BRAIN MASS/SDA,1
CHEST PAIN;DIABETIC KETOACIDOSIS;SUICIDAL IDEATION;TELEMETRY,1
TRAUMA;FEMUR FX,1
"CLOTTED LEFT FOREARM AV LOOP GRAFT\AV GRAFT; THROMBECTOMY, LEFT FOREARM LOOP GRAFT",1
"NSTEMI, UTI, SEIZURES",1
ABSCESS;RULE OUT TUBERCULOSIS,1
PERICARDIAL EFFUSION;S/P FALL,1
RIGHT UPJ STRICTURE,1
NON ST ELEVATION MYOCARDIAL INFARCTION;ACUTE CORONARY SYNDROME;CHEST PAIN\LEFT HEART CATHETERIZATION,1
ANGINA;DYSPNEA\LEFT HEART CATHETERIZATION,1
CARDIAC ARREST;SEPTIC SHOCK,1
PNEUMONIA;NECROTIC RIGHT FOOT,1
UNSTABLE ANGINA\CORONARY ARTERY BYPASS GRAFT,1
CONGESTIVE HEART FAILURE;PNEUMONIA;HYPOXIA,1
ADRENAL TUMOR/SDA,1
RULE OUT CORONARY ARTERY DISEASE; CHEST PAIN\LEFT HEART CATHETERIZATION,1
OSTEOMYELITIS LEFT HIP/SDA,1
STRUKE,1
LEG WOUND,1
BLOMYSCIN RESPIRATORY TOXICITY,1
ALTERED;RLL;PNEUMONIA,1
STAB WOUND TO THROAT,1
ACUTE MYOCARDIAL INFARCTION; ENDOCARDITIS,1
MYCOCARDIAL INFARCTION\CARDIAC CATHETERIZATION,1
ACUTE HEPATITIS A,1
ASCENDING AORTIC ANEURYSM\AORTIC VALVE REPLACEMENT/SDA,1
CHEST PAIN;TELEMETRY;PNEUMONIA,1
HYPOTENSION ABDOMINAL PAIN,1
"CORONARY ARTERY DISEASE\CORONARY ARTERY BYPASS GRAFT, RE-DO;MITRAL VALVE REPLACEMENT; ?AVR/SDA",1
MITRAL DISORDER\MITRAL VALVE REPLACEMENT; ? TRICUSPID VALVE REPLACEMENT; ? PATENT FORAMEN OVALE; ? AORTIC VALVE REPLACEMENT /SDA,1
URINARY TRACT INFECTION;DEHYDRATION;HYPERGLYCEMIA;TELEMTRY,1
FLUCONAZOLE DESENSITIZATION,1
DISSECTED AORTA,1
DUODENAL ULCER PERFORATION/SDA,1
CLOSE LOOP OBSTRUCTON,1
HYPOTENSION-HYPERGLYCEMIA,1
HYPERKALEMIA;CARDIAC ARREST,1
DIABETIC KETOACIDOSIS;GASTROINTESTINAL BLEED;TELEMETRY,1
RULE-OUT MYOCARDIAL INFARCTION;R/O PE,1
"CAROTID STENOSUS/ELEVATED CREATNINE,L/SDA",1
SEVERE DRUG RASH,1
HYPOXIA;HY[PTENSION,1
ISCHEMIC ULCER RIGHT FOOT,1
RESPIRATORY FAILURE;ASPIRATION,1
CORONARY ARTERY DISEASE\CORONARY ARTERY BYPASS GRAFT; W/ ? MVR/SDA,1
UROSEPSIS;WOUND INFECTION,1
HEPATOCELLULAR CA/SDA,1
"CHF,PLEURAL EFFUSION,CLOTTED GRAFT",1
JUNCTIONAL RHYTHM REQUIRING PACEMAKER,1
CEREBRIAL ANEURYSM/SDA,1
"HYPERKALEMIA,RENAL FAILURE",1
DEEP SPACE NECK INFECTION,1
"SEPSIS, CONGESTIVE HEART FAILURE",1
METASTATIC MELANOMA\CHEMO(HIGH DOSE INTERLEUKIN-2),1
RULE-OUT MYOCARDIAL INFARCTION;TELEMETRY;THORACIC AORTA INTRAMURAL HEMATOMA,1
AORTIC STENOSIS;CONGESTIVE HEART FAILURE;CORONARY ARTERY DISEASE\CATH,1
ISOPROPYL ALCOHOL OVERDOSE,1
LIP MELANOMA/SDA,1
FEMUR FRACTURE;INTUBATED,1
"GANGRENE, RIGHT LOWER EXTREMITY",1
AF\AORTIC VALVE REPLACEMENT,1
HYPERGLYCEMIC/HYPEROSMOLAR,1
COPD W/HYPOXCEMIA,1
PNEUMONIA;PHARYNGEAL EDEMA,1
DIALIATED ASCENDING AORTA\ RESECTION AORTIC ASCENDING ANEURYSM; TRANSVERSE ARCH REPLACEMENT/SDA,1
PERICARDIAL FUSION/SDA,1
TRACHEOBRONCHOMALACIA\BRONCHOSCOPY RIGID W/ STOMA REVISION T TUBE PLACEMENT,1
MALIGNANT NEOPLASM OF OVARY TO DIAPHRAGM & LIVER,1
CORONARY ARTERY DISEASE\CORONARY ARTERY BYPASS GRAFT WITH ATRIAL VALVE REPLACEMENT; ? MITRAL VALVE REPLACEMENT/SDA,1
ASTHMA/COPD EXCERBATION,1
SYNCOPE;VTACH,1
TRICUSPID DISORDER\REDO STERNOTOMY; PULMONARY VALVE REPLACEMENT; TRICUSPID VALVE REPAIR; LEAD REMOVAL/SDA,1
S/P PEDESTRIAN STRUCK BY TRAIN,1
TRAUMA;SUBARACHNOID HEMATOMA;C 6-7 FRACTURE,1
JNAJOJ77/SDA,1
LOW PLATELETS,1
ZOSTER VS. MENINGITIS,1
CORONARY ARTERY DISEASE;ACUTE CORONARY SYNDROME\CARDIAC CATH,1
MYESTHENIC CRISIS,1
LEAD MALFUNCTION\LEAD EXTRACTION; LEFT VENTRICULAR LEAD IMPLANT/SDA,1
WEAKNESS;DEHYDRATION,1
HYDROTHORAX;LIVER FAILURE,1
LIVER FAILURE;BACTERIAL  PERITONITIS,1
"HYPOTENSION,MENTAL STATUS CHANGES",1
S/P KIDNEY TRANSPLANT;BIOPSY BLEED;TELEMETRY,1
MEDIASTINAL THYMIC CANCER/SDA,1
ICD SHOCK FOR VT/VF,1
CORONARY ARTERY DISEASE\CORONARY ARTERY BYPASS GRAFT; ? MAZE/SDA,1
MENTAL STATUS CHANGES;HYPONATREMIA,1
EXP LAP,1
R/O EMPHYSEMATOUS GASTRITIS;COLITIS,1
TRACHEO BRONCHIAL FISTULA,1
HEMORRHAGIC BRAIN METASTISIS,1
ALLO TX,1
"MR\MITRAL VALVE REPLACEMENT, L-VAD BACK-UP",1
ALTERED MENTAL STATUS;ACIDOSIS,1
CHRONIC PANCREATITIS\ ERCP,1
BRAIN MASS WITH SEIZURE,1
GASTROINTESTINAL BLEED;CHRONIC OBST PULM DISEASE,1
AORTIC STENOSIS\AORTIC VALVE; ? ASCENDING AORTA REPLACEMENT;  ? CORONARY ARTERY BYPASS GRAFT ,1
"ANEMIA,SHORTNESS OF BREATH",1
ACUTE ST ELEVATION MYOCARDIAL INFARCTION\CARDIAC CATH,1
MITRAL VALVE PROLAPSE\ MINIMALLY INVASIVE MVR ? OPEN MVR/SDA,1
SEVERE AORTIC STENOSIS;TRICUSPID REGURGITATION;STATUS POST MECHANICAL MITRAL VALVE REPLACEMENT\CARH,1
ATRIAL FLUTTER\ATRIAL FLUTTER ABLATION +/- PACEMAKER IMPLANT,1
ETOH INTOXICATION/RESPIRATORY FAILURE,1
FRONTAL HEMATOMA;SUBDURAL HEMATOMA,1
RAPID ATRIAL FIBRILLATION;STATUS POST LIVER TRANSPLANT,1
SEIZURES AND SKULLTUMOR,1
IMMUNOCOMPROMISED HOST,1
VARICELLA PNEUMONIA,1
TREACHEAL STENOSIS /SDA,1
AORTIC TEAR,1
GASTROINTESTINAL BLEED;PNEUMONIA;RENAL FAILURE,1
ADEMA/LIVER FAILURE,1
ACUTE SUBDORAL HEMATOMA,1
"ACUTE RENAL FAILURE, SEPSIS",1
RIGHT MIDDLE CERBERAL ANEURYM/SDA,1
LIVER LESION\RADIO FREQUENCY ABLATION LIVER **REMOTE WEST**,1
PANCREATITIS;DIABETIC KETOACIDOSIS,1
"MOTOR VEHICAL CRASH,OPEN ANKLE FRACTURE",1
ORGAN DONOR ,1
PLEURAL EFFUSION;METASTATIC RCC,1
MITRAL INSUFFICIENCY\MITRAL VALVE REPAIR; ? MITRAL VALVE REPLACEMENT /SDA,1
"FRACTURE,C2 & C5",1
UNSTABEL ANGINA\LEFT HEART CATHETERIZATION,1
ETOH (CONCERN OF TOXIC ETOH),1
COLON TUMOR/SDA,1
HYPERNATREMIA-HYPERGLYCEMIA,1
ANEMIA;ENDOSCOPY;POST-PROCEDURE RESPIRATORY INSUFFICIENY\ENDOSCOPY,1
CORONARY ARTERY DISEASE;FATIGUE\LEFT HEART CATH,1
"CHF,CAD;COPD",1
ATHEROSCLEROSIS W/ GANGRENE,1
CHRONIC RENAL FAILURE\ INSERTION PERMACATH W/C-ARM RIGHT INTERNAL JUGULAR/SDA,1
UNCINATE MASS,1
PULMONARY EMBOLIS;PNEUMONIA,1
TYLENOL AND ASPIRIN OVERDOSE,1
MR\ MITRAL VALVE REPLACEMENT REDO WITH TVR ; VIA RIGHT THORACOTOMY/SDA,1
RUPTURED DIVERTICULITIS,1
ARTRIAL FIBRILLATION,1
INFLAMMED PANCREATITIS,1
TRACHEOSTOMY PLACEMENT,1
S/P KIDNEY TRANSPLANT; URINARY TRACT INFECTION,1
"DIARRHEA,ANEMIA",1
MOTOR VEHICLE ACCIDENT;RIB FRACTURES;INTRACRANIAL HEMORRHAGE,1
NECK PAIN;POSSIBLE INFECTION,1
VOMITING-DIARRHEA-TACHYCARDIA,1
OVERDOSE;R/O MENINGITIS,1
FACIAL NUMBNESS,1
RENAL FAILURE;ATRIAL FIBRILLATION,1
RECTUS HEMATOMA,1
NICKED BILE DUCT;CHEST PAIN,1
SEPSIS;PYELONEPHRITIS;HYPOGLYCEMIA,1
DIABETIC KETOACIDOSIS/TELEMETRY,1
GI BLEED;INTRACRANIAL HEMORRHAGE,1
CORONARY ARTERY DISEASE;MR\CATH,1
VAGINAL BLEEDING; ANEMIA,1
VOMITING;R/O PNEUMONIA,1
RUPTURE AORTIC ANEURYSM,1
IN ACTIVE LABOR,1
ETOH CIRRHOSIS;PANCREATITIS,1
ALTERED MENTAL STATUS; DYSPNEA,1
INFECTED PACEMAKER\LEAD EXTRACTION,1
SUBARACHNOID HEMORRHAGE;FALL,1
LIVER LACERATIN S/P MVA,1
AORTIC STENOSIS\BENTALL PROCEDURE; REDO/SDA,1
SUBTHERAPUTIC INR,1
DIFFUSED INFILTRATES,1
HYPERTENSION;NAUSEA W\VOMITING,1
SHORTNESS OF BREATH\CATH ? RENAL ANGIOGRAM,1
STATUS EPILECTICUS;TELEMETRY,1
TONGUE LESION\EXCISIONAL BIOPSY; TONGUE LESION ; PANENDOSCOPY ? OF; WITH FROZEN SECTION,1
MULTIPLE ICD CHARGES,1
LT LOWER LOBE PNEUMONIA,1
CONGESTIVE HEART FAILURE; R/O MI,1
AORTIC STENOSIS\AORTIC VALVE REPLACEMENT; ?   CORONARY ARTERY BYPASS GRAFT /SDA,1
UNSTABLE ANGINA;ASTHMA;BRONCHITIS,1
"DVT,INTRACTABLE PAIN",1
"PNEUMONIA,AIRWAY OBSTRUCTION",1
SYNCOPE;SUBARACHNOID HEMATOMA;TRAUMA,1
UNSTABLE ANGINA;NON Q WAVE MI,1
VENTRICULAR SEPTAL DEFECT\ CLOSURE OF VENTRICULAR SEPTAL DEFECT/SDA,1
STRESS URINARY INCONTINENCE/SDA,1
"DIARRHEA, DEHYDRATION",1
R/O MENINGITIS-FEVER,1
METAL STATUS CHANGES;UNRESPONSIVE,1
ATRIAL FIBRILLATION;CHEST PAIN;AORTIC VALVE DISEASE\CATH,1
HEMOTHORAX/RIB FX,1
B CELL LYMPHOMA;VRE,1
C5-C6 FRACTURE,1
PNEUMONIA-UNSSTABLE ANGINA,1
GALLSTONE PANCREATITIS;TELEMETRY,1
PERICARDITIS\CHEST TAP,1
FACIAL FRACTURES/WRIST FRACTURES/INTRACRANIAL HEMORRHAGE,1
RIGHT TIBIAL NON-UNION; RIGHT LEG TIBIAL DEFECT/SDA,1
CHEST PAIN;HYPOTENSION,1
ST ELEVATION MI\CARDIAC CATH,1
LEFT LUNG CARCINOMA/SDA,1
MYELODYSPLASIA;BONE MARROW TRANSPLANT/SDA,1
CHEST PAIN;RULE-OUT MYOCARDIAL INFARCTION;TELEMETRY;GI BLEED,1
S/P NQW\LEFT HEART CATHETERIZATION,1
S/P LIVER TRANSFER;FEVER,1
ATRIAL FIBRILLATION;CORONARY ARTERY DISEASE; CHEST PAIN,1
CORONARY ARTERY DISEASE;+ STRESS TEST\LEFT HEART CATH,1
MESENTERIC VASCULAR INJURY,1
S/P LIVER TRANSPLANT;SEIZURE,1
MITRAL VALVE REPLACEMENT;ACCENDING AORTA,1
BILATERAL SUBDURAL HEMATOMA;HEADACHE,1
PYELONEPHRITIS;ACUTE RENAL FAILURE,1
AORTIC STENOSIS\AORTIC VALVE / ? ASCENDING AORTA REPLACEMENT ,1
GASTROINTESTINAL BLEED;DUODENAL LIPOMA,1
"ABDOMINAL PAIN, NAUSEA VOMITING",1
ENCEPHALOPHATHY,1
PAINFUL RIGHT TOTAL HIP REPLACEMENT/SDA,1
"LGE,BOWEL OBSTRUCTION",1
INFECTED ARTERIAL GRAFT/SDA,1
BASAL GANGLIA INTRACRANIAL HEMORRHAGE,1
CARCINOMATOUS MENINGITIS SVC SYNDROME,1
RESPITORY FAILURE;CORONARY ARTERY DISEASE,1
 CAS,1
TACHYCARDIA; ELEVATED TROP; PNA; CH,1
S/P GUN SHOT WOUND TO NECK,1
MOTOR VEHICLE ACCIDENT WITH UNSPECIFIED INJURIES;LIVER LACERATION;FEMUR FX,1
ABDOMINAL PAIN-ACUTE RENAL FAILURE,1
MENGIOMA/SDA,1
CORONARY ARTERY DISEASE\CORONARY ARTERY BYPASS GRAFT WITHRADIAL ARTERY; ? OFF PUMP CORONARY ARTERY BYPASS WITH RADIAL ARTERY LEFT/SDA,1
DILATED AORTA ROUTE\BENTALL PROCEDURE; VS AORTIC VALVE REPLACEMENT;ASCENDING AORTA REPAIR/SDA,1
AORTIC VALVE INSUFFICIENCY;DYSPNEA ON EXERTION\RIGHT AND LEFT CARDIAC CATH,1
SEPTAL ETHANOL ABLATION\R+L HEART CATH;SEPTAL ETHANOL ABLATION,1
UPPER;GASTROINTESTINAL BLEED;ESOPHAGEAL BLEED,1
AORTIC STENOSIS\CATH/SDA,1
SKULL FX/HEAD BLEED,1
MITRAL STENOSIS;INTERSTIAL LUNG DISEASE,1
DIVERTICULITIS;HYPOTENTION,1
AVR\CATH,1
INTRACRANIAL HEMORRHAGE-SEIZURE-MYOCARDIAL INFARCTION,1
LIVER LAC,1
ABCESS,1
END STAGE RENAL DISEASE-URTICARIA-FEVER,1
AORTIC VAVLE DISORDER\AORTIC VALVE REPLACEMENT /SDA,1
CLOTTED ILEO FEMORAL GRAFT,1
BASILE TRANSPOSITION;BRACHIAL RADIAL INTERPOSITION GRAFT;CHRONIC RENAL FAILURE,1
UROSEPSIS; OBSTRUCTING STONE,1
ETOH ASPIRATION,1
MULTIPLE MYELOMA;R/O INFECTION VS BRONCHITIS OBLITERANS WITH ORGANIZED PNEUMONIA,1
S/P MOTOR VEHICHLE CRASH,1
LEFT CHEST HEMATOMA,1
"CAROTID ARTERY STENOSIS;S/P ANGIOPLASTY,STENT\CAROTID ANGIOGRAM",1
SOB;BILATERAL PE'S,1
RIGHT HIP FRACTURE;URINARY TRACT INFECTION,1
CENTRALAIRWAY OBSTRUCTION,1
RECURRENT PLEURAL EFFUSION\PLEUROSCOPY/CHEST TUBE PLACEMENT,1
BILIARY COLIC;POST SPHINCTEROTOMY,1
ANGINA;INFERIOR ISCHEMIA\CARDIAC CATH,1
"ANEMIA,EKG CHANGES",1
VANCO DESENTSITIZATION,1
CIRRHOSIS;JAUNDICE,1
HEPATIC VEIN VENA CAVAL STENOSIS/SDA,1
RENAL INFARCTION,1
CORONARY ARTERY DISEASE\RIGHT CAROTID ANGIOGRAPHY;POSSIBLE REVASCULARIZATION,1
ISCHEMIA RIGHT LOWER EXTREMITY,1
"HYPOTENSION,LUNG CANCER",1
G.E JUNCTION CANCER,1
BILIARY LEAK/SDA,1
ENDOCARDITIS;NON Q-WAVE;MYOCARDIAL INFARCTION,1
CAVERNOUS MALFORMATION RIGHT/SDA,1
CONGENITAL HEART DESEASE\ DOUBLE CHAMBER RIGHT VENTRICULAR ; RESECTION W/VSD CLOSURE/SDA,1
GASTROINTESTINAL BLEED;DIABETIC KETOACIDOSIS;S/P CARDIAC ARREST,1
MEDIASTINAL ADENOPATHY WITH EXTRINSIC COMPRESSION OF TRACHEA,1
"ABDOMINAL PAIN;NAUSEA,DIARRHEA",1
INTRACRANIAL HEMORRHAGE;,1
GUN SHOT WOUND TO CHEST/HEMOTHORAX,1
LI TOXICITY,1
BACK PAIN-SACRAL FRACTURE,1
ATRIAL FIBRILLATION;CARDIOVERSION,1
THIGH HEMATOMA,1
EXCESSIVE WIGHT LOSS,1
CORONARY ARTERY DISEASE\LEFT VENTRICULAR LEAD PLACEMENT VIA LEFT THORACOTOMY ** NO IV'S OR A-LINES IN LEFT ARM ** ** ZIMETBAUM WILL NOT BE ASSISTING ** /SDA,1
TYLENOL O/D,1
"BRADYCARDIA,SYNCOPE,SEIZURE",1
S/P KIDNEY TRANSPLANT;?REJECTION,1
CONGESTIVE HEART FAILURE;STEMI,1
AORTIC STENOSIS\AVR W/ ? CORONARY ARTERY BYPASS GRAFT ,1
MITRAL REGURGITATIO\ REDO MITRAL VALVE REPLACEMENT/SDA,1
ELEVATED LIVER FUNCTIONS;CHRONIC OBST PULM DISEASE,1
AORTIC VALVE DISORDER\AORTIC VALVE REPLACEMENT; ? REPLACEMENT ASCENDING AORTA/SDA,1
HEPATOMA;SEPSIS,1
MG CRISIS,1
CERVICAL SPONDYLOSIS W/MYELOPATHY/SDA,1
NON-ST SEGMENT ELEVATION MYOCARDIAL INFARCTION;CORONARY ARTERY DISEASE\CATH,1
CLAUDICATION\LEFT LOWER EXTREMITH ANGIO,1
RIGHT UPPER LOBE LUNG MASS;COPD,1
CORONARY ARTERY DISEASE/SDA\CORONARY ARTERY BYPASS GRAFT,1
FAILED LEFT TOTAL KNEE REPLACEMENT/SDA,1
FEVER;R/O LINE SEPSIS,1
ENDOCARDIATITIS OF MITRAL VALVE\MITRAL VALVE REPLACEMENT ,1
FAILED RIGHT TOTAL HIP/SDA,1
DRUG REFRACTORY ATRIAL FIBRILLATION\LEFT ATRIAL TACHYCARDIA ABLATION/ATRIAL FLUTTER ABLATION **REMOTE WEST**/SDA,1
CONGESTIVE HEART FAILURE;ABDOMINAL PAIN,1
ESOPHAGEAL CANCER & TRACHEOESOPHAGEO FISTULA,1
OPEN WOUND LEFT FOOT/SDA,1
TRACHEOBRONCHIAL MALACEA/SDA,1
INFECTION;ACUTE RENAL FAILURE,1
ANEMIA;FEVER,1
WOLFF PARKINSON WHITE SYNDROME,1
T11 FRACTURE-AORTIC DISECTION,1
ASTHAMA,1
S/P LIVER TRANSPLANT;GI BLEED,1
RENO STAGE- LIVER DISEASE,1
RIGHT HEPATIC DUCT STRICTURE/SDA,1
TRAUMA;SAH,1
"PNA, CHF",1
PNEUMONIA; UTI,1
MOTOR VEHICLE CRASH;HYPOTENSION,1
CORONARY ARTERY DISEASE;AORTIC STENOSIS;MR\CORONARY ARTERY BYPASS GRAFT;AORTIC VALVE REPLACEMENT;MITRAL VALVE REPLACEMENT/SDA,1
CONGESTIVE HEART FAILURE;ATRIAL FIBRILATION,1
GATROINTESTIONAL BLEEDING,1
R/O FLU; AML,1
S/P PACEMAKER;PLEURAL EFFUSION;SP PNEUMOTHORAX\PERICARDIOCENTESIS,1
TRACHEBRONCHIALMALACIA/SDA,1
CHEST PAIN/CABG,1
CAROTID ARTERY DISEASE;ATRIAL FIBRILLATION;STATUS POST STROKE\CAROTID INTERVENTION,1
MITRAL STENOSIS\MITRAL VALVULOPLASTY,1
"PNEUMONIA, COPD EXACERBATION",1
NECK INJURY,1
NON SMALL CELL LUNG CA,1
S/P MOTOR VEHICLE ACCIDENT;RIB FRACTURE;CLAVICLE RACTURE,1
S/P FALL C1 FRACTURE,1
CORONARY ARTERY DISEASE\ BENTAL HOMOGRAFT PROCEDURE;CORONARY ARTERY BYPASS GRAFT; RADIAL ARTERY; LEFT INTERNAL MAMMARY ARTERY/SDA,1
TRACHIOBRONCHOMALACIA/SDA,1
CHRONIC LYMPHOCYTIC LEUKEMIA;SHORTNESS OF BREATH,1
AORTIC INSUFFICENCY\MEDIASTINOSCOPY; BRONCHOSCOPY FLEXIBLE; CORONARY ARTERY BYPASS GRAFT WITH AVR /SDA,1
"CVA,INTRACRANIAL HEMORAGE",1
GASTRIC OUTLET,1
AORTIC STENOSIS;MITRAL STENOSIS\AORTIC VALVE REPLACEMENT; WITH MITRAL VALVE REPLACEMENT/SDA,1
"ACUTE RENAL FAILURE,SEPSIS",1
CHEST PAIN-R/O MYOCARDIAL INFARCTION\CARDIAC CATH,1
V -TACH ARREST,1
SEPSIS; UTI; PYELONEPHRITIS,1
AV GRAFT THROMBECTOMY,1
FEMUR FRACTURE-COLLAPSED LUNG,1
INCISIONAL HERNIA; PERIPANCREATIC PSEUDO CYST/SDA,1
"SEIZURE,FEVER",1
STATUS POST MOTOR VEHICLE ACCIDENT WITH INJURIES;HEAD TRAUMA,1
PULMONARY EFFUSION;TELEMETRY,1
TRAUMA;S/P ASSAULT,1
"GLIOBLASTOMA,NAUSEA",1
TAMPONADE S/P PACEMAKER PLACEMENT,1
OPEN WOUND CHEST WALL/SDA,1
AORTIC STENOSIS\AVR STANDARD KHABBAZ /SDA,1
PAROTITIS;MRSA,1
MILD ABDOMINAL PAIN,1
ETOH WITHDRAWEL;LIVER FAILURE;RENAL FAILURE;ENCEPHALOPATHY,1
AORTIC STENOSIS\AVR; ? ASCENDING AORTA REPLACEMENT,1
RECURRENT LUNG CANCER/SDA,1
ALCOHOL WITHDRAWL;CARDIOMYOPATHY;VENTRICULAR TACHYCARDIA,1
"FEVERS, A-FIB, RVR",1
LIVER FAILURE; VARICEAL BLEED,1
R/O MYASTHENIA GRAVIS,1
CHEST PAIN-CONGESTIVE HEART FAILURE,1
OVARIAN HYPERSTIMULATION,1
STATUS EPI,1
CORD COMPRESSION ,1
HYPOTENSION-END STAGE RENAL CANCER,1
ENDOCARDITIS\TRICUSPID VALVE REPLACEMENT,1
SPINA BIFIDA-TRACHEAL OBSTRUCTION,1
HYPOXIA; CHF,1
CHEST WALL ABSCESS,1
"AORTIC STENOSIS\RE-DO STERNOTOMY, AORTIC VALVE REPLACEMENT /SDA",1
BILATERAL NON HEALING ULCERS,1
NEOPLASM OF LEFT RETRO PERITONEAL /SDA,1
INTRAPRANCHYMAL BLEED,1
AIRWAY OBSTRUCTION\BRONCHOSCOPY FLEXIBLE AND RIGID; STENT PLACEMENT; EXTERNAL FIXATION,1
HEPATOBILIARY FAILURE,1
RENAL CELL CANCER/SDA,1
DIABETIC KETOACIDOSIS;PNEUMOMEDIASTINUM,1
ETOH W D;COMPRESSION FX,1
CORONARY ARTERY DISEASE\CORONARY ARTERY BYPASS GRAFT WITH MVR REDO; ? AVR/SDA,1
OVARIAN CANCER\CHEMOTHERAPY,1
ACUTE CORONARY ARTERY DISEASE\CORONARY ARTERY BYPASS GRAFT ,1
"CORONARY ARTERY DISEASE\LEFT INTERNAL MAMMARY ARTERY, LEFT ANTERIOR DESCENDING INTERVENTION",1
SEVERE HEART FAILURE;ALTERED MENTAL STATUS,1
STOMACH MASS,1
ENLARGED PROSTATE/SDA,1
DKS/GASTROPARESIS,1
RIGHT HIPOA/SDA,1
TRICUSPID VALVE DISORDERS\REDO STERNOTOMY; TRICUSPID VALVE REPLACEMENT /SDA,1
TRACHEOBRONCHIALMALACHIA,1
PERIPHERAL VASCULAR DISEASE\LOWER EXTREMITY ANGIOGRAM,1
LIVER FAILURE;VICODIN OVERDOSE,1
IRREGULAR RHYTHM,1
S/P ASSULT,1
SEPISI/RESPIRATORY ARREST,1
CORONARY ARTERY DISEASE\CORONARY ARTERY BYPASS GRAFT;  ? AORTIC VALVE / ?ASCENDING AORTA REPLACEMENT /SDA,1
HEPATIC ENCEPHALOPATHY;S/P TRANSPLANT,1
EPISTAXIS;THROMBOCYTOPENIA,1
CORONARY ARTERY DISEASE\CORONARY ARTERY BYPASS GRAFT; PULMONARY VALVE REPLACEMENT AICD PLACEMENT/SDA,1
CHEST WALL LESION,1
MYASTHENIA FLARE,1
COMMON BILE DUCT DILATION,1
UNKNOWN BRAIN TUMOR/SDA,1
PELVIC INFECTION,1
LIVER TRANFER,1
NAUSEA W\VOMITTING,1
NSTEM;? ENDOCARDITIS,1
END STAGE RENAL DISEASE;DELIRIUM;DIABETES MELLITUS,1
"SCOLIOSIS,STENOSIS/SDA",1
GI PERFORATION,1
DIAHRREA,1
SEPSIS;UGIB,1
MALLERY-WEISS TEAR,1
"ADENOCARCINOMA, ESOPHAGUS/SDA",1
HYPERGLYCEMIA;VOMITING,1
MR\MITRAL VALVE ANNULOPLASTY; HEART PORT MINIMALLY INVASIVE/SDA,1
SUBDURAL HEMORRHAGE;INTRAPARENCHYMAL HEMORRHAGE,1
POLYP ADENOMATOUS/SDA,1
BILE LEAK;ACUTE RENAL FAILURE;PNEUMONIA;HYPERTENSION\ERCP,1
CORONARY ARTERY DISEASE\CORONARY ARTERY BYPASS GRAFT & CONCOMINANT MAZE PROCEDURE/SDA,1
COLO-URETERAL FISTULA/SDA,1
ALTERED MENTAL STATUS;HYPERTENSION;BRADYCARDIA,1
ETOH/COCAINE,1
CORONARY ARTERY DISEASE;SHORTNESS OF BREATH;CHEST PAIN\LEFT HEART CATH,1
CORONARY ARTERY DISEASE;AORTIC STENOSIS\AORTIC VALVE REPLACEMENT; ? CORONARY ARTERY BYPASS GRAFT/SDA,1
"AORTIC STENOSIS\CORONARY ARTERY BYPASS GRAFT, RE-DO;AORTIC VALVE REPLACEMENT",1
LUNG CANCER W/ SPINAL INVASION/SDA,1
HIP FX;FACIAL TRAUMA,1
CANCER,1
LIVER CIRRHOSIS,1
AORTIC STENOSIS\? CORONARY ARTERY BYPASS GRAFT WITH AVR/SDA,1
PNEUMONIA;PANCREATIC MASS,1
VAGINOENTERIC FISTULA,1
COMMON BILE DUCT STONE;ENDOSCOPIC RETROGRADE CHOLANGIOPANCREATOGRAPHY,1
VENTRICULAR TACHYCARDIA\EP STUDY/ABLATION,1
CIIRRHOSIS; RENAL FAILURE,1
SUBDURAL HEMORRHAGE;GLUTEAL HEMATOMA;ALTERED MENTAL STATUS,1
ASCENDING THORASIC ANEURYSM,1
"SUBARACHNOID HEM., WITH FACIAL FXS",1
"PULMONARY EDEMA,ARF",1
MELANOMA ORAL CAVITY/SDA,1
CHOLECYTITIS,1
METASTATIC COLON CANCER TO LIVER /SDA,1
MOTORCYCLE ACCIDENT;TELEMETRY,1
SRTROKE/TIA,1
AORTIC STENOSIS\AORTIC VALVE REPLACEMENT;MITRAL VALVE REPLACEMENT; ?/SDA,1
PONTINE HEMORRAGE,1
R/O CORD COMPRESSION',1
CONGESTIVE HEART FAILURE-COPD,1
HYPERPARATHYROIDISM;RIGHT THYROID MALIGNANT NEOPLASM/SDA,1
"3RD DEGREE HEART BLOCK, AORTIC VEGETATION",1
AORTIC STENOSIS\REDO STENOTOMY/AVR/SDA,1
ABDOMINAL ABSCESS;BACTEREMIA,1
"ABD PAIN, MASTOCYTOSIS",1
"CHANGE IN MENTAL STATUS,SEIZURE",1
PLEURAL EFFUSION;SHORTNESS OF BREATH,1
ACUTE LYMPHOCYTIC LEUKEMIA;FEVER;NEUTROPENIA,1
THORACIC FX/SDA,1
NON-Q-WAVE MYOCARDIAL INFARCTION\RIGHT AND LEFT HEART CATH,1
FEVERS;SEIZURES,1
POPLITEAL TRANSECTION,1
CORONARY ARTERY DISEASE;CHEST PAIN;CONGESTIVE HEART FAILURE,1
RIGHT FRONTAL PARIETAL INTERCRANIAL HEMORRHAGE,1
AORTIC STENOSIS & MITRAL REGURGITATION\AORTIC AND MITRAL VALVE REPLACEMENT; ? CORONARY ARTERY BYPASS GRAFT ,1
CORONARY ARTERY DISEASE; CAROTID STENOSIS LEFT\CORONARY ARTERY BYPASS GRAFT  ENDARTERECTOMY CAROTID LEFT/SDA,1
RESPIRATORY FAILURE; TRACHEOBRONCHOMALACIA,1
SPINAL FRACTURE-PELVIC FRACTURE,1
ASCITES-LIVER CONGESTION,1
CAROTID ARTERY STENOSIS\CAROTIC ANGIOGRAM,1
"RENAL FAILURE, MS CHANGE",1
C4-C5 SUBLUXATION,1
WEAKNESS;LETHARGY,1
RENAL ARTERY STENOSIS\REANL ANGIOGRAM;RENAL STENT,1
CHARCOT MARIE TOOTH;ARDS;ATN;OSTEOGENESIS IMPERFECTA,1
THREE VESSEL CORONARY DISEASE,1
HEPATIC MASSES,1
DYSPNEA ON EXERTION;POSITIVE STRESS TEST\CATH,1
SEVERE HYPERTROPHIC CARDIOMYOPATHY\LEFT HEART CATH,1
RENAL CELL CARCINOMA;CHEMO,1
CAROTID ARTERY STENOSIS\CAROTID ARTERY ANGIOGRAM;STENT PLACEMENT/SDA,1
MET RENAL CELL CA-TRACHEL OBSTRUCTION,1
SHORTNESS OF BREATH;ACUTE RENAL FAILURE,1
NON-Q WAVE MI,1
R/O SEPSIS-DKA-IMMUNO SUPRESSED KIDNEY TX,1
DIABECTIC KETOACIDOSIS,1
CHOLEDOCHAL CYST;ENDOSCOPIC RETROGRADE CHOLANGIOPANCREATOGRAPHY;SPHINCTEROTOMY,1
STERNAL FRACTURE;EPIDERMAL HEMATOMA,1
"HYPERNATREMIA,FEVERS",1
HYPOTENSION;ACUTE CORONARY SYNDROME,1
WOLLFE-PARKINSON-WHITE SYNDROME;SUPRAVENTRICULAR TACHYCARDIA\EP STUDY WITH ABLATION,1
CHRONS DISEASE,1
L1 FRACTURE/SDA,1
VENTRICULAR TACHYCARDIA;SHORTNESS OF BREATH; ABNORMAL STRESS TEST\CARDIAC CATHETERIZATION,1
REGURGITAION\MITRAL VALVE REPLACEMENT/SDA,1
PERICARDITIS;PERICARDIAL EFFUSION,1
"MENTAL STATUS CHANGES, FEVER",1
DEGENERATIVE SCOLIOSIS & SPINAL STENOSIS/SDA,1
PERIPHERAL VASCULAR DISEASE;FEMUR FRACTURE;ORBITAL FRACTURE,1
NSTEMI/CHF EXACERBATION,1
ROTATOR CUFF TEAR;RIGHT SHOULDER,1
S/P MVA-C5-6 FX-RT1ST LT CLAVICLE,1
"RECURRENT CAROTID STENOSIS, LEFT\ CAROTID ANGIOGRAM, LEFT; ? STENT PLACEMENT",1
LEFT SUBCLAVIAN DEEP VEIN THROMBOSIS,1
TREMOR;BRAIN TUMOR,1
T-SPINE INFECTION,1
CHR/SDA,1
POSITIVE EXERCISE TOLERANCE TEST\LEFT HEART CATHETERIZATION,1
METASTATIC MELANOMA;PAIN CONTROL,1
BARRETTS ESOPHAGUS\ENDOSCOPY WITH RADIO FREQUENCY ABLATION,1
MITRAL REGURG;RHEUMATIC HEART DISEASE\RIGHT HEART CATH,1
"S/P FALL,SDH,SAH",1
CORONARY STENOSIS\AORTIC AND MITRAL VALVE REPLACEMENT REDO; ? CORONARY ARTERY BYPASS GRAFT WITH AVR REDO /SDA,1
HERPES ZOSTER,1
ACUTE RENAL FAILURE;HYPERKALEMIA;ELEVATED INR,1
MITRAL VALVE REGURGETATION\AORTIC VALVE REPLACEMENT;MITRAL VALVE REPLACEMENT/SDA,1
AORTIC STENOSIS\? CORONARY ARTERY BYPASS GRAFT WITH AVR ,1
PULMONARY HYPERTENSION\RIGHT HEART CATH,1
HYPERTRNSIVE EMERGENCY.SEIZURE,1
INTERMITTENT CHEST PAIN,1
INTRA CEREBRAL LESION,1
PACEMAKER FAILURE;TELEMETRY,1
METASTATIC RENAL CELL CARCINOMA\CHEMOTHERAPY (HD-IL2),1
FEVER;MYELOMA,1
UPPER GI BLEES,1
CORONARY ARTERY DISEASE;SHORTNESS OF BREATH\CATH,1
DEHYDRATION;THROAT CANCER,1
SECOND DEGREE ESOPHAGEAL CANCER,1
S/P MOTOR VEHICLE ACCIDENT;PELVIC FRACTURE,1
SUBDURAL SUBARACHNOID,1
R/O MYOCARDIAL INFARCTION-FAILURE TO THRIVE,1
CONGESTIVE HEART FAILURE;NEW MI\CATH,1
"SCLOLIOSIS, STENOSIS/SDA",1
NON SMALL CELL LUNG CANCER;ESOPHAGEAL STRUCTURE,1
VAGINAL BLEEDING;TELEMETRY,1
HYPERGLYCEMIA;PNEUMONIA;RENAL FAILURE,1
CORONARY ARTERY DISEASE/CONGESTIVE HEART FAILURE,1
HEART FAILURE\LEFT VENTRICULAR LEAD PLACEMENT VIA LEFT THORACOTOMY /SDA,1
"AORTIC DISSECTION, TYPE B",1
RIGHT FLANK PAIN,1
ABDOMINAL PIAN;R/O BILE LEAK\ERCP,1
CONGESTIVE HEART FAILURE\THORACOSCOPIC LEFT VENTRICULAR LEAD PLACEMENT;? THORACOTOMY ? THORACOSCOPIC EPICARDIAL LEAD W/ OR WITHOUT ENDOVASCULAR LEAD/SDA,1
PROGRESSIVE ANGINA;CORONARY ARTERY DISEASE\CARDIAC CATH,1
VENTRAL HERNIA; ENTEROCUTANEOUS FISTULA/SDA,1
THORACIC AORTIC ANEURYSM\ RESECTION ANEURYSM THORACIC; LEFT CHEST/SDA,1
DISSECTING THORACIC ANEURYSM,1
CHF;SEIZURE,1
TRACHEOBRONCHAL MALACIA,1
ICD LEAD COMPLICATION\ICE LEAD EXTRACTION W/ICD REIMPLANTATION /SDA,1
IPH;BRAIN METS,1
REPIRATORY FAILURE,1
ENDOVASCULAR ANEURYSM\ENDOVASCULAR THORACIC ANEURYSM REPAIR /SDA,1
"PNEUMONIA,ARRYTHMIA,R/O MI",1
ANGINA\ANGIOPRAM/ANGIOPLASTY,1
MISFIRING AICD,1
SUBARACHNOID HEMORRHAGE;SKULL FX,1
CORONARY ARTERY DISEASE\CORONARY ARTERY BYPASS GRAFT; LEFT VENTRICULAR OUT-FLOW TRACT MASS RESECTION ,1
CONGESTIVE HEART FAILURE;VS;PNEUMONIA,1
MORBID OBESITY;INCISIONAL HERNIA;GALLSTONES/SDA,1
ENDSTAGE LIVER/KIDNEY DISEASE/TRANSPLANT,1
RESPIRATORY FAILURE;SUBGLOTTIC STENOSIS,1
"AORTIC STENOSIS, CAD\CORONARY ARTERY BYPASS GRAFT;AORTIC VALVE REPLACEMENT/SDA",1
INTRACRANIAL HEMORRHAGE-S/P FALL,1
RECURRENT MEDIASTINAL CARCINOID TUMOR/SDA,1
"MITRAL STENOSIS\MITRAL VALVE REPAIR, ? REPLACEMENT ",1
LOWER GASTROINTESTINAL BLEEDING,1
INTRACRANIAL HEMORRHAGE;ENDOCARDITIS,1
S/P AORTO FEMORAL BYPASS,1
UNSTABLE ANGINA;NON Q WAVE MI\CATH,1
FAILED GRAFT/SDA,1
LIVER TRANSPLANT WORK UP,1
"URINARY TRACT INFECTION,HYPOGLYCEMIA",1
LYMPHOMA;CHEMOTHERAPY,1
DIABETIC KETOACIDOSIS;HEMATEMESIS,1
GASTROINTESTINAL PERCUTANEOUS FISTULA,1
22 WEEKS PREGNANT;ULCER FLARE,1
RENAL FAILURE;KIDEY TRANSPLANT,1
UNSTEADY GAIT/BRAIN METS,1
DIARRHEA;DEHYDRATION;URINARY TRACT INFECTION,1
ARTHEROSCLEROSIS REST PAIN/SDA,1
HYPERCALCEMIA;METHICILLIN RESISTANT STAPH AUREUS,1
CHRONIC PROSTATITIS,1
S/P CARDIAC ARREST/CATH,1
CORONARY ARTERY DISEASE/CARDIAC CATH,1
GRAM NEGATIVE SEPSIS/LIVER MASS,1
GUILLAIN-BARRE,1
LIVER LESION,1
ASTHMA;FEVER OF UNKNOW ORIGIN,1
ACUTE RESPITORY DISTRESS;LUNG CANCER,1
MR\MITRAL VALVE REPLACEMENT; ASCENDING AORTA TO SUPRACILIAC AORTA BYPASS /SDA,1
CORONARY ARTERY DISEASE;CARDIOMYOPATHY\RIGHT AND LEFT HEART CATH,1
HYPERKALEMIA;MYOCARDIAL INFARCT;CHRONIC OBST PULM DISEASE;RENAL FAILURE,1
INGESTION;ALTERED MENTAL STATUS,1
CERVICAL TRACHEOBRONCHOMALASIA/SDA,1
PNEUMONIA;LINE INFECTION,1
"FOUND DOWN,SUB DURAL HEMATOMA",1
PARATONSILLAR ABSCESS,1
2ND DEGREE HEART BLOCK,1
HEPATOCELLULAR CARCINOMA 155.0\RADIOFREQUENCY ABLATION,1
HYPEROSMOLAR NON-KETOTIC HYPERGLYCEMIA,1
SEVERE GALLSTONE PANCRETITIS,1
CONGESTIVE HEART FAILURE;RIB FRACTURES,1
LEFT LOWER EXTREMITY ISCHEMIA,1
THORACIC AORTIC ULCERATION,1
COLO-VESICAL FISTULA S/P MYOCARDIAL INFARCTION,1
ULCER SEVERITY; RENAL FAILURE,1
RIGHT FEMORAL ARTERY STENOSIS/SDA,1
SUBARACHNOID HEMORRHAGE;INTRACRANIAL HEMORRHAGE,1
HYPOTENSION WITH HEMODIALYSIS,1
OSTEOARTHRITIS LEFT HIP/SDA,1
DRUG REFRACTORY ATRIAL FIBRILLATION\PULMONARY VEIN ISOLATION  *REMOTE WEST**/SDA,1
S/P PEDESTRIAN STRUCK-SUBARACHNOID HEMORRHAGE,1
"N/V/D, HYPOTENSION",1
COPD ASTHMA,1
"MULTIPLE FRACTURE,S/P FALL",1
CONGESTIVE HEART FAILURE;AFIB,1
CERVICAL RADICULOPATHY,1
CORONARY ARTERY DISEASE\CORONARY ARTERY BYPASS GRAFT; X3/SDA,1
SPLENIC;LIVER LACERATION,1
ALCHOL WITHDRAWAL,1
SINUSITIS,1
MASTOCYTOSIS,1
CARDIOMYOPATHY;MI\CATH,1
COAGULATION MANAGEMENT,1
LEFT LOWER EXTREMITY CELLULITIS-S/P MOTOR VEHICLE CRASH,1
RIGHT HEEL GANGRENE,1
RIGHT SIDED INTERCRANIAL MASS/ICH,1
HYPERVILIRUBINEMIA,1
SYNCOPE\EP STUDY;PACEMAKER INSERTION,1
"PERIPHERAL VASCULAR DISEASE\LEEMAN,DAVID",1
CHEST PAI N,1
CLOTTED SVC,1
NON ISCHEMIC CARDIOMYPATHY;STATUS POST VENTRICULAR FIBRILLATION,1
MAST CELL CRISIS,1
TEMPORAL BONE FX,1
RIGHT HIP ANKYLOSIS/SDA,1
ISCHEMIC COLITIS/SDA,1
ICH VS STROKE,1
POLYTRAUMA-FACIAL TRAUMA,1
MITRAL REGURGITATION\MITRAL VALVE REPAIR; ? REPLACEMENT/SDA,1
UNRESPONSIVE HYPERKALEMIA,1
HEMATOCHROMATOSIS,1
SEVERE TRICUSPID REGURGITATION\ TRICUSPID VALVE REPLACEMENT/SDA,1
UROSEPSIS;PYELONEPHRITIS,1
"AORTIC INSUFFICIENCY\AVR, ? CORONARY ARTERY BYPASS GRAFT ",1
 CHARCOT DEFORMITY/DIABETIC MYELITIS/SDA,1
THEOCHROMOCYTOMA/SDA,1
SPINAL CORD INJURY;TELEMETRY,1
ATRIAL FIBRILLATION;VT,1
BP-FALLS,1
RENAL ARTERY STENOSIS\RENAL ANGIOPLASTY/SDA,1
LEFT UPPER LOBE LUNG NODULE/SDA,1
FOOT PAIN,1
ACUTE CORONARY SYNDROME;,1
STATUS POST MYOCARDIAL INFARCTION;CONGESTIVE HEART FAILURE\CARDIAC CATH;CORONARY ARTERY DISEASES STENT,1
PERITONSILAR CELLULITIS,1
RAPID ATRIAL FIBRILLATION;CORONARY ARTERY DISEASE;LATERAL ST DEPRESSION\CATH,1
CHF\BENTALL PROCEDURE; PROXIMAL ARCH/SDA,1
DILANTIN TOXICITY-MENTAL STATUS CHANGES,1
"BACTEREMIA,DIABETIC KETOACIDOSIS",1
S/P KIDNEY TRANSPLANT;BACTEREMIA,1
"MANIA, ANEMIA, LE EDEMA",1
CARDIAC ATRIUM NEOPLASM\LEFT ATRIAL MYXOMA RESECTION WITH POSSIBLE MVR  ,1
RESPIRATORY FAILURE;PNEUMONIA;CHRONIC OBST PULM DISEASE,1
HYPOXIA; PNEUMONIA; PULMONARY EDEMA,1
"STROKE,CARDIAC ARREST",1
FRONTAL BRAIN LESION/SDA,1
ORBITAL FRONTAL FX,1
DYSPNEA ON EXCERTION,1
ASCENDING AORTIC MASS,1
CONGESTIVE HEARTH FAILURE,1
OD/DKA,1
INOMINATE STENOSIS,1
S/P FALL;LEFT EPIDURAL HEMORRHAGE,1
CHF FLARE,1
SORE THROAT;HOARSENESS,1
RT UPPER EXTREMITY CRUSH INJURY,1
S/P MYOCARDIAL INFARCTION;CHEST PAIN;CORONARY ARTERY DISEASE\CATH,1
HIGH BLOOD PRESSURE;ABDOMINAL AORTIC ANEURYSM,1
"DIABETES, HYPERGLYCEMIA, PNEUMONIA",1
SPLENIC LACERATION;S/P MOTOR VEHICLE ACCIDENT,1
PEDESTRIAN VS. MOTOR VEHICLE;SUBARACHNOID HEMORRHAGE;C7 JOINT FRACTURE,1
RENAL CELL CARCINOMA\INTERLEUKIN-2,1
RESPIRATORY FAILURE-ANEMIA,1
FAILED BYPASS GRAFT LEFT LEG,1
DKA/ UGI BLEED,1
CATH LAB,1
CONGESTIVE HEART FAILURE;ELEVATED CREATININE,1
"DKA, ARF, CHOLECYSTITIS",1
CORONARY ARTERY DISEASE\STENT AND ANGIOPLASTY,1
MR\MITRAL VALVE REPLACEMENT; VIA STERNOTOMY/SDA,1
ACUTE RENAL FAILURE;HEPATIC CANCER,1
"ARF,HYPOTENION",1
S/P MOTOR VEHICLE ACCIDENT ROLLOVER;SUBDURAL HEMATOMA,1
PMNEUMONIA;ACUTE RENAL FAILURE,1
DIABETIC RENAL FAILURE,1
S/P KIDNEY TRANSPLANT;SEPSIS,1
UNABLE TO WALK,1
? GI BLEED,1
MITRAL REGURGITATION\MITRAL VALVE REPLACEMENT & TVR ? CORONARY ARTERY BYPASS GRAFT;REDO STERNOTOMY,1
CORD CONTUSION,1
WEAKNESS/UROSEPSIS,1
"ACUTE MI, MOTOR VEHICAL CRASH",1
"PNEUMONIA, HIV",1
MESTERIC ISCHEMIA;ABDOMINAL PAIN,1
DIVERTICULITIS WITH MICRO PERFORATION,1
WORSENING SUBDURAL HEMATOMA,1
ASTHMA COPD EXACERBATION,1
DIGOXIN TOXICITY; VENTRICULAR TACHYCARDIA,1
UPPER GI BLEED; HYPOTENSION,1
ACUTE RENAL FAILURE/LIVER FAILURE,1
HEPATIC LIVER FAILURE,1
HIGH INR,1
UNRESPONSIVE;ASPIRATION,1
RESPIRTORY FAILURE,1
TYPE 1 AORTIC DISSECTION,1
"C7,T1 FRACTURE",1
OVERDOSE;CHANGE IN MENTAL STATUS;TELEMETRY,1
ATRIAL SEPTAL DEFECT\MITRAL VALVE REPLACEMENT;REPAIR ATRIAL-SEPTAL DEFECT/SDA,1
ACUTE GI BLEED,1
BILIARY BRONCHIAL FISTULA,1
AORTIC STENOSIS\CORONARY ARTERY BYPASS GRAFT; WITH AVR;MITRAL VALVE REPLACEMENT/SDA,1
? ISCHEMIC BOWEL,1
ACUTE MENTAL STATUS,1
ARTERIAL THROMBOSIS;TELEMETRY,1
PERIPHERAL VASCULAR DISEASE;CORONARY ARTERY DISEASE\PERIPHERAL ANGIOGRAM,1
"LT HIP FX, DIALYSIS",1
"ACUTE RENAL FAILURE,HYPONATREMIA",1
RESP. FAILURE; MULTIPLE SCLEROSIS,1
R/O MI; BRONCHITIS,1
VENOUS STASIS ULCER,1
KIDNEY STONES;S/P URINARY CATHERIZATION,1
OPEN LEFT TIB FIB FRACTURE,1
S/P SMALL BOWEL RESECTION,1
CONGESTIVE HEART FAILURE\BIVENTRICULAR PACEMAKER UPGRADE,1
LEUKOCYTOSIS;FEVER;INFECTION,1
RULE OUT INSULINOMA,1
"FEVER,LETHARGY",1
S/P MOTOR VEHICLE ACCIDNENT,1
CORONARY ARTERY DISEASE\CORONARY ARTERY BYPASS GRAFT; ? OFF PUMP CORONARY ARTERY BYPASS/SDA,1
INTRDUCTAL PANCREATIC MUCINOUS TUMOR/SDA,1
"HEAMATOMA, CERVICAL FRACTURE",1
METASTATIC SARCOMA;SUPERIOR VENAL CAV SYNDROME,1
THYROID  MASS/SDA,1
S/P NECROTIZING FASCITIS,1
RESPSIRATORY FAILURE,1
AORTIC OCCLUSION/SDA,1
CARDIAC ARREST ,1
LYMPHOMA;SPLENOMEGALY,1
HYPONATREMIA;MALNUTRITION,1
TRAUMA;IPH,1
SPINAL DURAL FISTULA/SDA,1
LUNG MASS;CHORD COMPRESSION,1
RIGHT URETERAL STONE/SDA,1
PERICARDIAL EFFUSION/ PNEUMONIA,1
INTRACUTANEOUS FISTULA,1
"S/P MVA, FACIAL FRACTURE",1
URINARY TRACT INFECTION;DEHYDRATION;TROPONIN LEAK,1
LEFT OCCIPITAL LESION/SDA,1
"ATRIAL FIBRILLATION\THORACOSCOPIC MAZE PROCEDURE, BILATERAL/SDA",1
FEVERS;STERNAL WOUND DRAINAGE,1
FREE AIR ABDOMEN,1
DYSPNEA; TAMPONADE,1
INTRAPRAECHYMAL HEMORRHAGE,1
CLOTTED TIPS,1
AORTIC OBSTRUCTION\ DIVISION OF DOUBLE AORTIC ARCH/SDA,1
ANTICHOLINERGIC TOXICITY,1
INFECTED PROSTHESIS LEFT FEMUR/SDA,1
NEW ONSET CHF,1
AR\BENTALL PROCEDURE; **HOMOGRAFT**/SDA,1
AORTIC STENOIS/AORTIC VALVE REPLACEMENT; BENTAL PROCEDURE POSSIBLE MAZE\AORTIC VALVE REPLACEMENT? BENTAL PROCEDURE POSSIBLE MAZE/SDA,1
ACUTE MI',1
SEPSIS; BLADDER CANCER,1
HYPOTENSION;METHICILLIN RESISTANT STAPH AUREUS;VANCOMYCIN RESISTANT ENTEROCOCCUS,1
RIGHT ASPERGILOMA/SDA,1
THORACIC ANUERYSM/SDA,1
"T12 FRACTURE,MVC TRAUMA",1
ACUTE VIRAL HEPATITIS,1
PNEUMONIA/ COPD,1
JAUNDICE;INCREASED BILIRUBIN,1
CEREBRAL INFARCTION,1
TRACHEAL STENOSIS;BULBAR PALSY\BRONCHOSCOPY RIGID,1
STATUS POST CARDI ARREST,1
LEFT MAIN OCCULUSION,1
ICH;ACUTE RENAL FAILURE;ALTERED MENTAL STATUS,1
SAH; HYPOTENSION,1
RUPTURED DIAPHRAM;FRACTURED FEMUR,1
ANGINA;+ETT\ASPIRIN DESENSITIZATION,1
IMPENDING MYOCARDIAL INFARCTION,1
SUPER RENAL ANEURYSM/SDA,1
HYPOXIA;MORBID OBESITY,1
ARRHYTHMIA\ PACEMAKER LEAD PLACEMENT/SDA,1
AFIB RVR,1
TRACHEOBRONCHEOMALACIA/SDA,1
AORTIC INSUFFICIENCY\RE-DO STERNOTOMY; AORTIC VALVE REPLACEMENT   ,1
CERVICAL TRACHEAL STENOSIS,1
SOB;NEW PLEURAL EFFUSION,1
RIGHT KIDNEY MASS/SDA,1
RIGHT ORBITAL FRACTURE;S/P FALL,1
CAROTID ARTERY STENOSIS\CAROTIS STENT,1
OVERDOSE;ARDS,1
ESOPHAGEAL TUMOR,1
SEPSIS;LIVER FAILURE,1
INTRACRANIAL HEMORRHAGE WITH MASS EFFECT,1
R/O SEPSIS /ERCP,1
SPLENIC LACERATION;TELEMETRY,1
NON ST ELEVATION MI\CATH,1
COMPLETE LEFT PLEURAL EFFUSION,1
ESOPHAGEAL RUPTURE-FEVER,1
S-T ELEVATION MYOCARDIAL INFARCTION\CARDIAC CATH,1
CORONARY ARTERY DISEASE;UNSTABLE ANGINA\CATH,1
R/O COMPARTMENT SYNDROME,1
INTRAPARENCHYMEL BLEED,1
"6 WEEKS,HYPERGLYCEMIA",1
"MITRAL REGURGITATION\MITRAL VALVE REPLACEMENT,HEART PORT MINIMALLY INVASIVE; ? CORONARY ARTERY BYPASS GRAFT /SDA",1
PINEAL REGION TUMOR/SDA,1
MITRAL VALVE REGURETATI0N\MITRAL VALVE REPLACEMENT/SDA,1
BLLEDING;D&C,1
HYPOTHERMIC;HYPOTENSIVE,1
NAUSEA WITH JAUNDICE,1
S/P MOTOR VEHICKE ACCIDENT,1
RENAL CALCULUS,1
FAILURE TO THRIVE;S/P LIVER TRANSPLANT,1
CARCINOID OF RIGHT MAIN STEM/SDA,1
"HYPOTENSION,SEPSIS",1
FEBRILE SYNDROME,1
MITRAL STENOSIS\MITRAL VALVE REPLACEMENT REDO; TVR; ? EPICARDINAL LEAD PLACEMENT,1
UNABLE TO STAND,1
ATRIAL TUMUR\IVC RIGHT ATRIAL THROMBECTOMY/ TUMOR RESECTION;  OPEN RIGHT RADICAL NEPHRECTOMY;  MOBILIZATION LIVER EXTRACTION TABLE THROMBUS ? CABLE RECONSTRUCTION ,1
CHEST PAIN;TELEMETRY;THROAT PAIN,1
CHRONIC OBSTRUCTIVE PULMONARY DISEASE;BLEBS IN LUNG,1
"CONGESTIVE HEART FAILURE,SEPSIS",1
HYPONATREMIA;STATUS POST SEIZURE,1
CROHN'S DISEASE;PENTASA ALLERGY\PENTASA DESENSITIZATION,1
HYPOXIA;RESPIRATORY DISTRESS,1
BRONCHO PLEURAL FISTULA/SDA,1
PULMONARY EMBULUS,1
INCREASING SHORTNESS OF BREATH;CORONARY ARTERY DISEASE\CARDIAC CATH,1
LEFT CELEBRAL STENOSIS/SDA,1
"ETOH CIRRHOSIS, ENDOCARDITIS",1
SEPSIS; UTI,1
NAUSEA;VOMITING; IMBALANCE,1
LUEKEMIA;LYMPHOMA;NSTEMI,1
NEUTROPENIA;SEPSIS,1
AORTIC STENOSIS\CORONARY ANGIOGRAM;CAROTID STENT PLACEMENT/SDA,1
? CHOLANGITIS,1
RIGHT CAROTID BODY TUMOR/SDA,1
NON HEALING ULCER LEFT LOWER EXTREMITY,1
CHOLEDOCOLITHIASIS,1
T-SPINE MASS,1
ETOH WITHDRAWAL;CIRRHOSIS,1
"V-FIB ARREST,METASTATIC CANCER",1
METASTATIC CANCER;BACK PAIN,1
MVC TRAUMA,1
MVP\MITRAL VALVE REPLACEMENT MINIMALLY INVASIVE APPROACH/SDA,1
SEPSIS;RESPIRATORY DISTRES,1
SUBARACHNOID;SPINE FRACTURE,1
SDH + S/P CARDIAC ARREST,1
KIDNEY CANCER;NEW BRAIN METS,1
ASD\ REPAIR ATRIAL SEPTAL DEFECT LIMITED ACCESS/SDA,1
"HYPOTENSION,ANEMIA",1
BPH W/ URINARY OBSTRUCTION/SDA,1
"S/P FALL,ICH",1
LUNG HERNIA;DOE,1
MITRAL AND AORTIC VALVES INSUFFICIENCY\CATH,1
ACUTE RESPIRATORY FAILURE;SEPSIS,1
CLOTTED DIALYSIS GRAFT,1
S/P HIP REPLACEMENT,1
CORONARY ARTERY DISEASE\CORONARY ARTERY BYPASS GRAFT WITH ? MVR VS REPLACEMENT  /SDA,1
R/O AORTIC VALVE THROBOSIS,1
SEVERE MITRAL REGURGITATION;CORONARY ARTERY DISEASE\CATH/SDA,1
MITRAL VALVE RELAPSE\MITRAL VALVE REPAIR/SDA,1
ETOH CIRRHOSIS;RENAL FAILURE,1
MITRAL REGURGITATION\CORONARY ARTERY BYPASS GRAFT WITH MVR W/MAZE/SDA,1
URETER STONES,1
CORONARY ARTERY DISEASE\LEFT CIRCUMFLEX STENT,1
HYPERGLYCEMIC NONKETOTIC SYNDROME,1
CORONARY ARTERY DISEASE;ANGINA\CORONARY STENT,1
NASAL NASOPHARYNGEAL BLEED,1
S/P AAA,1
22WKS LUPUS,1
PELVIC BLEED,1
 ? SEROTONIN SYNDROME,1
ALCOHOL KETOACIDOSIS,1
S/OP MVA,1
DUODENITIS,1
METASTATIC LIVER LESION/SDA,1
"MITRAL REGURGITATION\MITRAL VALVE REPLACEMENT,HEART PORT MINIMALLY INVASIVE ",1
UTI;S/P RENAL TRANSPLANT,1
TVR\ REDO STERNOTOMY TRICUSPID VALVE;REPAIR & REPLACEMENT,1
CVA;TELEMETRY,1
MALIGNANT NEOPLASM OF OROPHARNYX/SDA,1
"DEHYDRATION,FAILURE TO THRIVE",1
EPISTAXIS;ANEMIA,1
CONGESTIVE HEART FAILURE;ENDOCARDITIS\TRANSESOPHAGEAL ECHOCARDIOGRAM,1
ABDOMINAL PAIN;CELLULITIS,1
CHEST PAIN WITH LEFT ARM NUMBNESS,1
RUPTURED ASCENDING AORTIC GRAFT,1
AORTIC STENOSIS\AORTIC VALVE REPLACEMENT; MAZE PROCEDURE,1
CERVICAL DISC NEURO COMPRESSION/SDA,1
"HYPERTENSION,CELLULITIS,CHF",1
ABDOMINAL PAIN;PNEUMONIA,1
V FIB ARREST;PNEUMONIA,1
"ACUTE MI,SEPSIS",1
MESOTHELIOMA/SDA,1
MI ST ELEVATION,1
ABDOMINAL PAIN;VOMITING,1
SEPSIS;HEPATIC ABSCESS;TELEMETRY,1
RIGHT FEMERAL FRACTURE,1
PNEUMONIA;SEPTIC ARTHRITIS;ACUTE LEUKEMIA,1
DYSPNEA;NAUSEA W\VOMITING;TELEMETRY,1
CONGESTIVE HEART FAILURE/FOOT INFECTION,1
"DOWNS SYNDROME,SINUS ARREST,DYSPHAGIA\PEG",1
SHORTNESS OF BREATH;AORTIC VALVE DISEASE/CABG,1
"AKA,ETOH WD",1
"HEADACHE,SINUSITIS",1
KIDNEY THROMBOEMBOLISM,1
"PNEUMONIA, HYPOXIA, FEVER",1
MYXOMA,1
OSTEOMYELITIS;ANKLE FRACTURE,1
"PNEUMONIA,HYPOXIA",1
CHOLANGITIS; BILE DUCT OBSTRUCTION,1
PANCREATITIS-ARDS,1
CORONARY ARTERY DISEASE\CORONARY ARTERY BYPASS GRAFT W/POSSIBLE ATRIAL SEPTAL DEFECT CLOSURE /SDA,1
GALLSTONE,1
UNSTABLE ANGINA;MYOCARDIAL INFARCTION\CARDIAC CATH,1
CHEST PAIN/ SHOTNESS OF BREATH,1
NEW ONSET OF EXERTIONAL CHEST PAIN;CARDIAC ISCHEMIA\CARDIAC CATHETERIZATION,1
HYPONATREMIA; INCREASED ASCITES,1
CELLULITIS OF RIGHT BREAST,1
STATUS POST VENTRICULAR FIBRILLATION ARREST\CARDIAC CATH,1
"CAD,FOR CABG\CATH",1
LEFT WRIST LACERATION,1
HYPOXIA;? PULMONARY HYPERTENSION,1
BRAIN ARTERIAL CLOT,1
URINARY TRACT INFECTION;SHORTNESS OF BREATH,1
LOOSE STOOL,1
FEVER;PARALYSIS,1
RSV PNUEMONIA,1
PEDESTRIAN VS AUTO,1
EKG CHANGES;PLEURAL EFFUSION\CARDIAC CATH,1
S/P CARDIAC CATH PLACEMENT,1
ULNAR/RADIAL FX; C2 FX;S/P FALL,1
"AORTIC STENOSIS,AORTIC INSUFFICIENCY\LEFT AND RIGHT HEART CATHETERIZATION",1
MITRAL STENOSIS FOR CABG,1
CIRRHOSIS;R/O FOR TIPS,1
RESPIRATORY FAILURE;LIVER FAILURE,1
ISCHEMIC ULCER LEFT FOOT,1
RESPIRATORY DISTRESS;SEPSIS,1
NEW FISTULA,1
CORONARY ARTERY DISEASE;AVR;CABG,1
CORONARY ARTERY DISEASE;NON-ST SEGMENT ELEVATION MYOCARDIAL INFARCTION,1
LOWER BI  BLEED,1
NEW DVT,1
ALCOHOL WITHDRAWAL;SEIZURE,1
L2 MASS,1
GAMMA-BUTYROLACTONE WITHDRAWAL,1
NEUROENDOCRINE TUMOR OF LIVER AND PANCREAS/SDA,1
FEVER;HYPOTENTION;TELEMETRY,1
S/P BIKE ACCIDENT,1
TIBIAL PLATEAU FRACTURES,1
MITRAL VALVE INSUFFICIENCY\Mitral Valve Repair/Replace with Concomitant Maze Procedure /SDA,1
MASSIVE DEEP VEIN THROMBOSIS,1
ASPIRATION;RESPIRATORY FAILURE,1
MYOCARDIAL INFARCTION; CONGESTIVE HEART FAILURE\LEFT HEART CATHETERIZATION,1
NEUTROPENIC;WEAKNESS,1
SUSPECTED EPIGLOTIS ABSCESS,1
ACUTE ALLERGIC REACTION,1
ANTERIOR WALL MYOCARDIAL INFARCTION;RULE OUT CORONARY ARTERY DISEASE\RIGHT AND LEFT HEART CATH,1
HX ENDOCARDITIS;AORTIC VALVE;PLANNED VALVE REPLACEMENT,1
"MR\MITRAL VALVE REPLACEMENT, ? CORONARY ARTERY BYPASS GRAFT  ",1
S/O CABG WITH CHF,1
CIRRHOSIS;HEPATITIS C,1
IDIOPATHIC HYPERTROPHIC SUBAORTIC STENOSIS\ETHANOL ABLATION,1
SEPSIS;TELEMETRY;METHICILLIN RESISTANT STAPH AUREUS,1
? RUPTURED ILIAC ANEURYSM,1
PEDESTRIAN STUCK,1
BLEEDING DISORDER,1
CORONARY ARTERY DISEASE\STANT PLACEMENT,1
BACTEREMIA;ABDOMINAL ABCESS,1
"RENAL FAILURE,MI",1
RAPID ATRIAL FIBRILLATION;MITRAL REGURGITATION,1
"UNRESPONSIVE,FOUND DOWN",1
METASTATIC COLON CANCER TO LIVER/STERNUM/SDA,1
CEREBRAL ANEURYSM /SDA,1
ANEMIA;RULE OUT MYOCARDIAL INFARCTION,1
ETOH WITHDRAWAL;HYPOXIA,1
CORONARY ARTERY DISEASE\CORONARY ARTERY BYPASS GRAFT WITH AVR ? ASCENDING AORTA REPLACEMENT /SDA,1
FEMORAL ARTERY THROMBOSIS,1
"HYPONATREMIA,CONFUSION",1
TRACHEAL TEAR\BRONCHOSCOPY RIGID,1
COMMON BILE DUCT STRICTURE,1
PERICARDIAL EFFUSION WITH TAMONADE,1
ALTERED MENTAL STATUS;CARDIAC ARREST,1
ATRIAL FRIBILLATION\AORTIC VALVE REPLACEMENT W/ BIVENTRICULAR MAZE PROCEDURE,1
AAA;,1
HYPERTENSION/VOMITING/HYPERGLYCEMIA,1
GASTROPARESIS\J-TUBE PLACEMENT,1
CHEST PAIN;CORONARY ARTERY DISEASE;+ETT\CATH,1
TYNELOL OVERDOSE,1
AVR;CABG,1
DESENSITIZATION TO CHEMO,1
DILATED CARDIOMYOPATHY,1
"FEVER,ETIOLOGY UNKNOWN;TELEMETRY",1
RUPTURED DIAPHRAGM,1
URINARY RETENTION; URETHERAL STRICTURE/SDA,1
HYPERTROPHIC OBSTRUCTIVE CARDIOMYOPATHY\ETHANOL SEPTAL ABLATION /SDA,1
PACER EROSION,1
"GALLSTONES, NEED FOR ACCESS",1
DIABETIC KETOACIDOSIS.,1
METHICILLIN RESISTANT STAPH AUREUS;SMALL BOWEL OBSTRUCTION,1
AORTIC INSUFFIENCY\BENTAL PROCEDURE ,1
HYPERNATREMIA;CONGESTIVE HEART FAILURE,1
COMPLICATED FINGER WOUND LEFT HAND/SDA,1
AORTIC VALVE DISEASE\AORTIC VALVULOPLASTY,1
SEVERE ANEMIA,1
SYNCOPE-HYPOXIA,1
PARCREATIC TRANSPLANT,1
SPINAL OSTEOMYELITIS,1
RENAL CANCER;PERICARDIAL FLUID,1
ENCEPHALOPATHY;ST ELEVATION MI,1
ATRIAL FIBRILLATION;PROLONGED QI,1
SCAPULA FRACTURE;HUMERUS FRACTURE;PULMONARY CONTUSION,1
DYSPHAGIA\ENDOSCOPY ,1
ACUTE SUBDURAL HEMATOMA;FACIAL FRACTURE,1
RECURRENT ASPIRATION; MENTAL RETARDATION/SDA,1
FIBROID BLEED,1
LARGE LEFT ATRIAL MASS\ ATRIAL MYXOMA REMOVAL/SDA,1
SHORTNESS OF BREATH-NEUTROPENIA,1
LEFT PLEURAL EFFUSION;STATUS POST LIVER TRANSPLANT,1
SEVERE BACK PAIN/SDA,1
GASTROINTESTINAL BLEED;HYPERTENSION;RENAL FAILURE,1
CORONARY ARTERY DISEASE;NON ST ELEVATION MYOCARDIAL INFARCTION,1
ESOPHAGEAL CANCER;DEHYDRATION,1
AORTIC ANEURYSM\ASCENDING AORTA REPLACEMENT WITH DEEP HYPOTHERMIC CIRCULATORY ARREST AND HEMIARCH REPLACEMSNT ? AORTIC VALVE ? CABG ,1
HYPOTENSION;N/V/D; ADRENAL INSUFFICENCY,1
HEART BLOCK;SYNCOPE,1
PNEUMONIA;LIVER FAILURE,1
OVARIAN CANCER;ACUTE RESPIRATORY FAILURE,1
AORTIC VALVE INSUFFICENCY\AORTIC VALVE REPLACEMENT /SDA,1
LIVER FAILURE ,1
MYOCARDIAL INFRARTION,1
"JAUNDICE, GASTRIC CANCER; PERCUTANROUS TRANSHEPATIC CHOLANGIOGRAPHY",1
AORTIC STENOSIS\AVR W/? CORONARY ARTERY BYPASS GRAFT,1
MALIGNANT HYPERTENSION S/P KIDNEY TRANSPLANT,1
SAH/SDH,1
LEFT CVA,1
"HYPERTENSION, CHEST PAIN\CORONARY ARTERY BYPASS GRAFT /SDA",1
EXTERNAL WOUND INFECTION,1
"AORTIC STENOSIS\MACHANICAL ATRIAL VALVE REPLACEMENT; MYECTOMY, ?CORONARY ARTERY BYPASS GRAFT /SDA",1
RAPID AFIB UTI,1
CORONARY ARTERY DISEASE\RCA STENT,1
UNSTABLE ANGINA\COMPLETE HEART CATH,1
PAN COLITIS,1
HEMATEMESIS;PANCREATIC CANCER,1
EMPYEMA;GASTRIC ULCER,1
LIVER LACERATION;SAH,1
INTRA-ABDOMINAL MASS/SDA,1
CORONARY ARTERY DISEASE;UNSTABLE ANGINA\CARDIAC CATH,1
RULE-OUT MYOCARDIAL INFARCTION;TELEMETRY;ABDOMINAL PAIN,1
CAROTID INJURIES,1
PERFORATED DIVERTICULA,1
ACUTE RENAL FAILURE;PANCREATITIS,1
LEFT INTRAPARENCHYMAL HEMORRHAGE,1
R/O MESENTERIC ISCHEMIA,1
CHF;S/P CABG;TELEMETRY,1
PERFORATED DIVERTICULITIS/SDA,1
VT/VF,1
PELVIC MASS;URINARY RETENTION,1
DIVERTICULITIS;ACUTE RESPIRATORY DISTRESS SYNDROME,1
KIDNEY STONE;TELEMETRY,1
PREOP PANCREAS TRANSPLANT,1
ASCENDING AORTIC ANEURYSM\BENTAL PROCEDURE; ? AORTIC VALVE REPLACEMENT /SDA,1
PERFORATED VISCERA,1
SEVERE MULTIVESSEL CAD,1
MR;AORTIC STENOSIS & INSUFFICIENCY\ AORTIC AND MITRAL VALVE REPLACEMENT; ? BENTAL PROCEDURE/SDA,1
"PNEUMONIA,HYPOTHERMIA",1
SPLENIC RUPTURE;TELEMETRY,1
T6 COMPRESSION FRACTURE,1
AORTIC STENOSIS\AORTIC AND MITRAL VALVE REPLACEMENT ? MAZE /SDA,1
HYPOXIA;R/O PNA,1
S/P SEPSIS,1
OCCLUDED CELIAC ARTERY/SDA,1
HYPERKALEMIA;DEHYDRATION,1
CHEST PAIN;+ ETT\CATH,1
SEZIURES,1
CORONARY ARTERY DISEASE\CARDIAC CATH;PLANNED CORONARY ANGIOPLASTY;STENT PLACEMENT,1
HARD PALATE HEMATOMA,1
ABDOMINAL PAIN;ACUTE RENAL FAILURE,1
INTRACTABLE HEMORRHAGE,1
CORONARY ARTERY DISEASE\CORONARY ARTERY BYPASS GRAFT; ? OFF PUMP CABG/SDA,1
SEPSIS;S/P V-FIB ARREST,1
TRACHEAL MALASIA;CHRONIC OBST PULM DISEASE,1
SUBGLOTTIC STENOSIS\LARYNGOSCOPY; MICRO WITH C02 LASER BILATERAL; PLACEMENT OF T-TUBE,1
CORONARY ARTERY DISEASE;LEFT MAIN DISEASE\CORONARY ARTERY BYPASS GRAFT,1
SHORT OF BREATH; AORTIC STENOSIS\RIGHT AND LEFT HEART CATHETERIZATION,1
FAILURE TO THRIVE;ALTERED MENTAL STATUS,1
RESPIRATORY FAILURE;COPD EXACERBATION;PNEUMONIA,1
HEAD TRAUMA; PED STRUCK,1
AMYLOIDOSIS\BONE MARROW TRANSPLANT,1
DYSPNEA\LEFT HEART CATHETERIZATION,1
CONGESTIVE HEART FAILURE;CRF,1
DISABLING CLAUDICATION RIGHT LEG/SDA,1
PERIORBITAL STREP CELLULITIS,1
"HYPERKALEMIA, ANEMIA, NAUSEA, ARF",1
CIRRHOSIS;PLEURAL EFFUSION,1
"BLUNT TRAUMA,LIVER LACERATION",1
CORONARY ARTERY DISEASE\CORONARY ARTERY BYPASS GRAFT WITH AVR;POSSIBLE MITRAL VALVE REPLACEMENT ,1
A-FIB;RVR,1
PERIDONTAL ABSCESS;TELEMETRY,1
ICD FIRING;SOB,1
AORTIC STENOSIS;\AORTIC VALVE REPLACEMENT; ? CABG/SDA,1
"CHEST PAIN,GIB",1
BRADYCARDIA;ALTERED MENTAL STATUS;TELEMETRY,1
PEPTIC ULCER;HIATIAL HERNIA/SDA,1
RIGHT FOOT FRACTURE,1
"AORTIC STENOSIS\ AVR, HEART PORT MINIMALLY INVASIVE/SDA",1
HEMORRHAGIC BRAIN METASTASES,1
RESPIRATORY FAILURE;NQWMI,1
MULTIPLE DRUG OD,1
ACUTE CORONARY SYNDROME\MITRAL VALVE REPLACEMENT; LVAD,1
AORTIC STENOSIS\AORTIC VALVE REPLACEMENT; ? ASCENDING AORTA REPLACEMENT; ? CORONARY ARTERY BYPASS GRAFT ,1
"PNA,CHF",1
R. VENTRICULAR MI,1
CORONARY ARTERY DISEASE\CORONARY ARTERY BYPASS GRAFT  ASCENDING AORTA HEMI ARCH REPLACEMENT/SDA,1
STATUS POST MYOCARDIAL INFARCTION\CATH,1
ANTERIOR CORD SYNDROME,1
ACUTE CORONARY SYNDROME\CARDIAC CATHETERIZATION,1
GASTORINTESTINAL BLEED,1
SUBPHRENIC ABDCESS S/P COLECTIMY,1
RESPIRATORY FAILURE;TRACHEAL MALASIA;S/P BRONCHOSCOPY,1
S/P CRANI,1
SPINAL DETRUSOR HYPERREFLEXIA,1
HETEROTOPIC BONE LEFT HIP/SDA,1
HYPONATREMIA-R/O MYOCARDIAL INFARCTION-RHABDOMYOLYSIS,1
AORTIC STENOSIS\AORTIC VALVE REPLACEMENT  WITH ? MAZE AND LIGATION OF LEFT ATRIAL APPENDAGE,1
CORONARY ARTERY DISEASE\CORONARY ARTERY BYPASS GRAFT; HOMOGRAFT ROOT REPLACEMENT/SDA,1
ASCENDING AORTIC ANEURYSM\REPLACEMENT ASCENDING ARCH AORTA /SDA,1
CORONARY ARTERY DISEASE\CORONARY ARTERY BYPASS GRAFT; WITH LEFT RADIAL ARTERY/SDA,1
OVERDOSE ON ECSTASY,1
HYPERBILIRUEMIA,1
AORTIC DISSECTION;ANUERYSM,1
BILATERAL CAROTID STENOSIS\RIGHT CAROTID ANGIOGRAM,1
THORACOABDOMINAL ANEURSYM/SDA,1
HYPERTENSION\ TIPS,1
MVR\MITRAL VALVE REPAIR? REPLACEMENT ?TVR ,1
"DYSPNEA,HYPOTENSION",1
MR\MITRAL VALVE REPLACEMENT; RE-DO/SDA,1
LARYNGEAL FRACTURE;S/P TRACH REMOVAL,1
ST ELEVATION MI; RESPIRATORY FAILURE\CATH,1
MCA ANEURYSM,1
HYPOCAPNEA,1
S/P PEDESTRIAN STRUCK BY CAR,1
HEADACHE;FEVER;?MENINGITIS,1
LUNG MASS-SHORTNESS OF BREATH,1
CRUSHING INJURY /RIGHT LEG,1
CONGESTIVE HEART FAILURE-RESPIRATORY FAILURE,1
FEVER;MENINGITIS,1
MVP\MITRAL VALVE REPLACEMENT/SDA,1
R/O SUBARACHNOID HEMORRHAGE,1
SEIZURE;STATUS EPILEPTICUS,1
LIVER TRANSPLANT;PRE OP,1
ACUTE MYOCARDISAL INFARCTION,1
"LIVER LACERATION,TRAUMA",1
RIGHT HEART FAILURE,1
MELANOMA;FAILURE TO THRIVE,1
RESPIRATORY DISTRESS-PNEUMONIA,1
PLURAL EFFUSION;ACUTE RENAL FAILURE;PNEUMONIA,1
STATUS EPILEPTIC,1
GASTROINTESTINAL BLEED;ACUTE RENAL FAILURE,1
CONGESTIVE HEART FAILURE/URINARY TRACT INFECTION,1
MITRAL STENOSIS\ MITRAL VALVE REPLACEMENT ?  AORTIC VALVE REPLACEMENT ,1
SEPSIS;WEAKNESS,1
RIB FRACTURES;PNEUMOTHORAX,1
"SUB ARACHNOID HEMORRHAGE,S/P FALL",1
CHOLANGIOCARCINOMA\BILIARY DRAIN,1
ASCENDIBG AORTIC ANEURYSM\BENTAL PROCEDURE /SDA,1
LEFT LOWER LOBE CA/SDA,1
UNRESPONSIVE;OVERDOSE,1
ALTERED MENTAL STATUS;ALCOHOLIC HALLUCINATIONS,1
ASTHMA; PNEUMONIA,1
"CHEST PAIN,CAD\ANGIOPLASTY",1
S/P CATH;?CABG\CATH,1
OBSTRUCTIVE SLEEP APNEA; SOFT PALATE LESION; NASAL & TONSILLAR HYPERTROPHY,1
LEFT CEBELLAR ISCHEMIC STROKE,1
S/P DIRT BIKE CCIDENT,1
AORTIC ANEURYSM DISSECTION,1
DEGENERATIVE JOINT DISEASE BILATERAL KNEES/SDA,1
LEFT CEREBELLUM TUMOR/SDA,1
FEVER;? CVA,1
BRAIN CANCER - TERMINAL - INTUBATED,1
PERFORATED RIGHT CORONARY ARTERY,1
LL MASS,1
HYPOTENSION;FALL;ELEVATED TROP,1
"AORTIC INSUFFICENCY\AORTIC AND MITRAL VALVE REPLACEMENT, PERCUTANEOUS RVAD PLACEMENT ",1
HYPOTENSION;WEAKNESS\HYPOTENSION;WEAKNESS,1
RIGHT LOWER LOBE CANCER;PNEUMONIA,1
CARIDIA ARREST,1
DILATED CARDIOMYOPATHY;ACUTE RENAL FAILURE,1
ILEOSTOMY CLOSE/SDA,1
POST ST ELEVATION MI,1
TOUNGE SWELLING,1
PNEUMONIA;PULMONARY EMBOLUS,1
PERIPHERAL DISEASE;ANGIOPLASTY;STENT PLACEMENT\CATH,1
HEAD INJURY-RESPIRATORY FAILURE,1
SUPERIOR VENA CAVA STENOSIS\SUPERIOR VENA CAVA STENT PLACEMENT,1
SEVERE AORTIC STENOSIS\RIGHT AND LEFT HEART CATHETERIZATION,1
CORONARY ARTERY DISEASE;CONGESTIVE HEART FAILURE;CHEST PAIN\RIGHT AND LEFT HEART CATH,1
TACHYCARDIA;HYPOXIA;FEVER,1
BUDDCHIRROSIS,1
PLEURAL EFFUSION;PERINEAL INFECTION,1
ETOH WITHDRAWAL;ASSUALT,1
RENAL FAILURE;CONGESTIVE HEART FAILURE,1
INFECTIOUS PROCESS,1
PULSLESS FOOT,1
NEUROCYSTICERCOSIS W/CYST/SDA,1
PNEUMONIA;LEFT EMPYEMA\ THORACOSCOPY VIDEO ASSISTED; DECORTICATION LEFT,1
ST ELEVATION MI;V-FIB ARREST\CATH,1
"GI BLEED, RESPIRATORY DISTRESS",1
STATUS POST KIDNEY-PANCREAS TRANSPLANT,1
"CHEST PAIN;TELEMETRY;CATHERIZATION,CARDIAC",1
CHEST PAIN;DYSPNEA;CORONARY ARTERY DISEASE\CARDIAC CATH,1
MYELODYSPLATIC SYNDROME;ACUTE MYELOGENOUS LEUKEMIA,1
TORSADE,1
MI-UTI-PNEUMONIA,1
VENTRICULAR TACHYCARDIA/CHEST PAIN,1
"+ETT, S/P MI\LEFT HEART CATHETERIZATION",1
POST PROCEDURE BLEED;GASTROINTESTINAL BLEED;S/P ERCP,1
CAROTID STENOSIS\LEFT CAROTID ANGIOPLASTY\INTERVENTION,1
SUBARACHNOID HEMATOMA;TRAUMA,1
MITRAL STENOSIS\Mitral Valve Repair/Replace with Concomitant Maze Procedure /SDA,1
URINARY TRACT INFECTION S/P TRANSPLANT,1
CVA;INTRACRANIAL HEMORRHAGE,1
GVH OF LIVER,1
ATRIAL FIBRILLATION;CARDIOMYOPATHY,1
LARYNGO-TRACHEAL STENOSIS/SDA,1
FRACTURED ICD LEAD\ICD LEAD EXTRACTION; LEAD IMPLANTATION,1
HEMOPTYSIS;PULMONARY CONGESTION,1
ENDOSCOPIC RETROGRADE CHOLANGIOPANCREATOGRAPHY;BILE LEAK,1
HIGH INR;ANASARCA;TELEMETRY,1
LUMBAR RADICULOPATHY/SDA,1
SUBARACHNOID HENORRHAGE;S/P MOTOR VEHICLE ACCIDENT,1
CELLULITIS RT FOOT-PVD-OSTEOMYELITIS-DM,1
LYME RIDICULITIS,1
LUNG CANCER;HEMOPTYSIS;BREAST CANCER,1
SUBDERAL HEMATOMA,1
"RT THIGH HEMATOMA,R/O MI",1
PRE SYNCOPE,1
FACIAL LACERATION,1
MEDIASTINAL TUMOR/SDA,1
S/P TREE LIMB FELL ON PATIENT,1
PNEUMONIA;ELEVATED TROPONIN,1
CHRONIC MYELOGENOUS LEUKEMIA\INSERTION HICKMAN LINE; W/C-ARM DOUBLE AND 3L CVL,1
HEAD INJURY;RESPIRATORY FAILURE,1
INTERCRANIAL,1
DAH,1
CONFUSION;MYXEDEMA COMA,1
MITRAL VALVE STENOSIS\MITRAL VALVULOPLASTY,1
RENAL FAILURE;PYELONEPHRITIS,1
RENAL STONES\ESWL; RIGHT,1
LEFT CAROTID STENOSIS\LEFT CAROTID ANGIO STENT/SDA,1
DIARRHEA; DEHYDRATION,1
FLASH PULMONARY EDEMA\CATH,1
CIRRHOSIS\TRANSJUGULAR INTRAHEPATIC PORTACAVAL SHUNT,1
CAROTID STENOSIS \CAROTID ANGIOGRAM AND STENT,1
RESPIRATORY FAILURE-HYPONATREMIA,1
"SUBDURAL HEMMORAGE, AORTIC DISSECTION",1
AFIB\ EP STUDY; ABLATION,1
RP BLEED;HYPOTENSION,1
PANCREAS CANCER/SDA,1
MR\AORTIC VALVE REPLACEMENT; ?  CORONARY ARTERY BYPASS GRAFT/SDA,1
CAROTID ARTERY STENOSIS;CLAUDICATION\RIGHT CAROTID ANGIOGRAM,1
MITRAL REGURGITATION\MITRAL VALVE REPLACEMENT REDO ,1
"R/O MI, BRBPR",1
BLEEDING CHEST WOUND,1
CORONARY ARTERY DISEASE;MITRAL REGURGE,1
PULMONARY AVEOLAR PROTEINOSIS/SDA,1
"SHOCK,ACUTE RENAL FAILURE,CARDIAC ARREST",1
COLITIS;INFECTION,1
S/P REJECTION KIDNEY TRANSPLANT,1
RESP DITRESS,1
EXERTIONAL DYSPNEA\CARDIAC CATH,1
SEPTAL DEFECT\REPAIR ATRIAL SEPTAL DEFECT LIMITED ACCESS /SDA,1
DYSPNEA;THROMBOCYTOPENIA,1
EPIGLOTTITIS;FEVER,1
URINARY TRACT INFECTION;ATRIAL FIBRILLATION,1
SPINAL CORD BLEED',1
AORTIC STENOSIS;AR\AORTIC VALVE REPLACEMENT;MITRAL VALVE REPLACEMENT/SDA,1
CARDIAC ARREST;MYOCARDIAL INFARCTION,1
LEFT SPHENOID MENENGIOMA/SDA,1
L PARIETAL MASS,1
SYSTOLIC HEART FAILURE;ATRIAL FIBRILLATION\BIVENTRICULAR PACEMAKER IMPLANT,1
GASTROINTESTINAL BLEED;RENAL FAILURE CAD,1
"HYPOTENSION,FALL",1
CELLULITIS;POSSIBLE LEUKEMIA,1
CORONARY ARTERY DISEASE\CORONARY ARTERY BYPASS GRAFT; MAZE /SDA,1
CORONARY ARTERY DISEASE;NEW ATRIAL FIBRILLATION,1
MENTAL STATUS CHANGES-ACUTE RENAL FAILURE,1
CONTRICTIVE PERICARDITIS\PERICARDIAL STRIPPING/SDA,1
SUBARACHNOID HEMORRHAGE;PEDESTRIAN STRUCK,1
ACUTE PARAPLEGIA,1
PACEMAKER ASSESSMENT,1
CORONARY ARTERY DISEASE-ARRYTHMIAS,1
RENAL FAILURE;HEPATIC FAILURE,1
ANEMIA;HYPOXIA,1
NSTEMI/DKA,1
MITRAL VALVE INSUFFICIENTCY,1
CORONARY ARTERY DISEASE;CHEST PAIN\ANGIOPLASTY AND STENT,1
CORONARY ARTERY DISEASE;CARDIAC CATH,1
INTRACRANIAL INJURY-S/P FALL,1
MITRAL REGURGITATION\MVR/AVR AND MAZE,1
RIGHT UPPER POLE MASS/SDA,1
CORONARY ARTERY DISEASE\CORONARY ARTERY STENTING,1
3 VESSELL CORONARY ARTERY DISEASE,1
SUPRAVENTRICULAR TACHYCARDIA\ELECTROPHYSIOLOGY STUDY;POSSIBLE ABLATION,1
NON-ST SEGMENT ELEVATION MYOCARDIAL INFARCTION\CARDIAC CATHETERIZATION,1
TRACIAL MALAICIA,1
POST-OPERATIVE BLEEDING,1
ALCOHOL WITHDRAWAL; ? UPPER GI BLEED,1
INTRA-CRANIAL BLEED,1
RESPIRATORY FAILURE;SEPTIC SHOCK,1
HEPATORENAL CIRRHOSIS,1
ATRIAL FIBRILLATION\THORACOSCOPIC MAZE PROCEDURE LEFT,1
AORTIC STENOSIS\MITRAL VALVE REPLACEMENT; MINIMALLY INVASIVE/SDA,1
POST MENOPAUSAL BLEEDING/SDA,1
TRAUMATIC CORD INJURY ,1
SATUS POST TACH ARREST,1
RIGHT MIDDLE LOBE OBSTRUCTION,1
        MITRAL STENOSIS\MITRAL VALVE REPLACEMENT /SDA,1
AFIB WITH RAPID VENTRICULAR RESPONSE,1
CORONARY ARTERY DISEASE;MITRAL VALVE REPLACEMENT,1
LOWER GI;TELEMETRY,1
S/P ARREST AT REHAB,1
RENAL MASS RIGHT; GALLSTONES/SDA,1
LEFT MCA ANEURYSM-SUBARACHNOID HEMORRHAGE,1
"AORTIC STENOSIS\ AORTIC,MITRAL VALVE REPLACEMENT/SDA",1
HYPERKALEMA;ARF;BRADYCARDIA,1
L4-L5 LUMBAR STENOSIS/SDA,1
"HYPONATREMIA, EMESIS",1
MITRAL STENOSIS\MITRAL VALVE REPLACEMENT WITH ? CORONARY ARTERY BYPASS GRAFT /SDA,1
STATUS POST MOTOR VEHICLE ACCIDENT WITH INJURIES;MULTIPLE FRACTURES,1
MITRAL VALVE DEFICIENCY\MITRAL VALVE REPLACEMENT; TRICUSPIC VALVE REPLACEMENT; ATRIAL SEPTAL DEFECT REPAIR ,1
LEFT UPPER LOBE MASS/SDA,1
LOWER GI BLEED;CHRONIC OBST PULM DISEASE;HUMAN IMMUNODEFIENCY VIRUS,1
RECURRENT HEMOPTYSIS,1
CORONARY ARTERY DISEASE\CORONARY ARTERY BYPASS GRAFT; ? MITRAL VALVE REPAIR VS REPLACEMENT; ? AVR; ? ASCENDING AORTA REPLACEMENT; ? MAZE /SDA,1
ICD LEAD FRACTURE,1
ATHEROEMBOLISM SYNDROME/SDA,1
ULNAR FRACTURE,1
AROTIC STENOSIS,1
CORONARY ARTERY DISEASE;CONGESTIVE HEART FAILURE;CATH,1
AORTIC STENOSIS\AORTIC VALVE REPLACEMENT; REPLACEMENT ASCENDING AORTIA; ?MITRIAL VALVE REPLACEMENT; ? BENTAL /SDA,1
AROTIC DISSECTION,1
RHABDO,1
SUBDURAL HEMMORRHAGE,1
CHRONIC LYMPHOCYTIC LEUKEMIA\BONE MARROW TRANSPLANT,1
LUNG NODULES/SDA,1
"HYPOTENSION,UREMIA",1
INCESSANT VENTRICULAR TACHYCARDIA\VENTRICULAR TACHYCARDIA ABLATION,1
METS BRAIN CA,1
METASTASIS BREAST CANCER,1
AORTIC STENOSIS;MR\AORTIC VALVE REPLACEMENT;MITRAL VALVE REPLACEMENT; TOTAL MAZE PROCEDURE/SDA,1
UPPER GI BLEED;PANCREATITIS,1
ATRIAL FIBILLATION\BILATERAL THORACOSCOPIC MINI MAZE PROCEDURE WITH LEFT ATRIAL APPENDAGE RESECTION /SDA,1
PONS HEMORRHAGE,1
PAINLESS JAUNDICE ; BILIARY OBSTRUCTION,1
SPLEEN LACERATION,1
VEIN THROMBUS,1
UPPER GASTROINTESSTINAL BLEED,1
ATRIAL TACHYCARDIA,1
CORONARY ARTERY DISEASE\AORTIC VALVE / ASCENDING AORTA REPLACEMENT  CORONARY ARTERY BYPASS GRAFT WITH AVR /SDA,1
FEMUR FRACTURES,1
IDIOPATHIC HYPERTROPHIC SUBAORTIC STENOSIS\ATRIAL FIBRILLATION ABLATION  **REMOTE WEST**,1
HYPOTENSION;PERICARDIAL EFFUSION,1
NAUSEA W\VOMITING;ELEVATED LFTS,1
ABDOMINAL STABBING,1
RIGHT TEMPLE LESION/SDA,1
VASCULAR OCCLUSION,1
"SEPSIS,STROKE",1
PNEUMONIA-URINARY TRACT INFECTION,1
CORONARY ARTERY DISEASE\CARDIAC INTERVENTION,1
R/O RESPIRATORY DISTRESS,1
"BRAIN METS,(RENAL CELL CA)",1
POST OP INTRA ABDOMINAL ABSCESS,1
ATRAIL SEPTAL DEFECT\ REPAIR ATRAIL SEPTAL DEFECT LIMITED ACCESS/SDA,1
INSULINOMA/SDA,1
CLOTTED AV FISTULA,1
MITRAL VALSE INSUFFICIENCY\MITRAL VALVE REPAIR VS REPLACEMENT /SDA,1
RENAL FAILURE;TRANSAMINITIS,1
CHEST PAIN; ABNORMAL STRESS TEST\CARDIAC CATHETERIZATION,1
SEIZURE WITH ETOH WITHDRAWAL,1
SUB GALEAL COLLECTION,1
CORONARY ARTERY DISEASE\PLANNED INTERVENTION OF THE RCA,1
MYOCARDIAL INFACTION/CHF/RENAL INSUFFICIENCY,1
MS CHANGES AND HYPOTENSION,1
RHABDO; AFIB,1
CHEST PAIN;ABNORMAL ECHO;ADNORMAL EKG\CARDIAC CATH,1
AORTIC STENOSIS;\ AORTIC AND MITRAL VALVE REPLACEMENT,1
MITRAL STENOSIS\MINIMALLY INVASIVE MICRO VALVE REPLACEMENT,1
COMPRESSION FX,1
DECOMPENSATED LIVER DISEASE,1
HYPERKALEMIA;FISTULA OBSTRUCTION,1
PULOMONARY EMBOLIS;TELEMETRY,1
GANGRENE;CHEST PAIN,1
GRAFT STENOSIS,1
MITRAL VALVE ABNORMALITY\MITRAL VALVE REPLACEMENT; HEART PORT MINIMALLY INVASIVE/SDA,1
"CHEST PAIN,+ETT\CATH",1
SAFE BED,1
ATRIAL FIBRILLATION\TRANSESOPHAGEAL ECHOCARDIOGRAM,1
SUBDURAL HEMATOMA;RIB FRACTURE,1
MITRAL VALVE REGURGITATION\MITRAL VALVE REPLACEMENT/SDA,1
VT  WITH ACID FIRING,1
POSTERIOR DECOMPRESSION T9-L4,1
AMPUTATION OF 4TH FINGER LEFT HAND,1
HEART FAILURE;SUPRAVENTRICULAR TACHYCARDIA,1
UPPER GASTROINTESTINAL BLEED;NSTEMI,1
LEFT HIP ABSCESS,1
CONGESTIVE HEART FAILURE;AORTIC STENOSIS;RENAL FAILURE;CIRRHOSIS,1
SYNCOPE; AORTIC STENOSIS,1
RAPID AF CHF,1
R/O COMMON BILE DUCT STONE\ERCP,1
ASCENDING AORTIC ANEURYSM\AORTIC VALVE REPLACEMENT; REPAIR ASCENDING AORTIC ANEURYSM/SDA,1
 MITRAL REGURGITATION;CORONARY ARTERY DISEASE\CORONARY ARTERY BYPASS GRAFT WITH MVR  ? MITRAL VALVE REPLACEMENT /SDA,1
SAH;PNEUMONIA;TELEMETRY,1
MITRAL VALVE REGURGITATION;VENTRICULAR TACHYCARDIA,1
RASH;FEVER;RAPID ATRIAL FIBRILLATION,1
RENAL CELL CARCINOMA\CHEMO,1
PANOLITIS,1
CHEST PAIN; USA,1
RENAL CANCER/ATRIAL FLUTTER,1
CHEST PAIN;CATH,1
URINARY TRACT INFECTION;TELEMETRY,1
DYSPNEA;CORONARY ARTERY DISEASE\CARDIAC CATH,1
S/P ASD REPAIR;S/P MVR\COMPLETE HEART CATH,1
MITRAL REGURGITATION\CARDIAC CATHETERIZATION MITRAL VALVE REPLACEMENT REDO ,1
GI BLEED-PULMONARY EDEMAN,1
VOMITING;RESPIRATORY DISTRESS,1
POST PROCEDURE ENDOSCOPIC RETROGRADE CHOLANGIOPANCREATOGRAPHY;? SEPSIS,1
PANCREATITIS; SPLENOMEGALY,1
CORONARY ARTERY DISEASE;PRESYNCOPE;END STAGE RENAL DISEASE,1
SIGMOID COLON STRICTURE/SDA,1
ANOREXIA NERVOSA;BMI 14.7,1
PHARYNGEAL SWELLING,1
CAROTID ARTERY STENOSIS\CAROTID STENT PLACEMENT/SDA,1
TAMPONADE\PERICARDIOCENTESIS/SDA,1
SPINAL STENOSIS L3-S1/SDA,1
RETAINED PRODUCTS OF CONCEPTION,1
S/P MVC;SKULL FX;PELVIS FX,1
NON S-T ELEVATION MI;CONGESTIVE HEART FAILURE\CARDIAC CATH,1
"ETOH WITHDRAWAL,DTS",1
CYSTO SUPRATOIC TUBE,1
CARD ARREST,1
"CHF,MI",1
CHEST PAIN;HYPERGLYCEMIA,1
ODYNOPHAGIA,1
MITRAL STENOSIS\MITRAL VALVE REPLACEMENT  BENTAL PROCEDURE ,1
PNEUMONIA;MRSA,1
HYPOTENSION-TACHYCARDIA,1
RESPIRATORY FAILURE;TRACHEAL MALACIA,1
AMPULLARY ADENOMA/SDA,1
 PERFORATED DIVERTICULITIS STATUS/POST HARTMANN PROCEDURE/SDA,1
GI BLEED;PULSELESS LE,1
CONGESTIVE HEART FAILURE\INTERNAL CARDIOVERTER DEFIBRILLATOR,1
L3-L5 SPINAL STENOSIS/SDA,1
INTRA-ABDOMINAL ABSCESS;FEVER,1
ELEVATED LFT'S/S/P TRANSPLANT,1
FALL;HYPONATREMIS;HYPERKALEMIA,1
MR\AORTIC VALVE REPLACEMENT; HEART PORT MINIMALLY INVASIVE/SDA,1
STROKE;TELEMETRY;TELEMETRY;SEIZURES,1
CONGESTIVE HEART FAILURE;MORBID OBESITY,1
ACUTE CORONARY SYNDROME-SYNCOPE,1
"APNEA,MENTAL STATUS CHANGES",1
UMBILICAL HERNIA,1
S/P RIGHT GROIN EXPLORATION;? ANGIO,1
CHRONIC OBSTRUCTIVE PULMONARY DISEASE;TRACHEOBRONCHIALMALACIA,1
SRTOKE;TRANSIENT ISCHEMIC ATTACK,1
CHEST PAIN; SOB,1
ETOH AND DRUG WITHDRAWAL,1
RENAL FAILURE-SEPSIS,1
RIB;SCAPULAR FXS;HEMO-PNEUMOTHORAX,1
CECAL VOLVULUS,1
DIABETIC KETOACIDOSIS;MYOCARDIAL INFARCT,1
ATHEROSCLEROSIS WITH ULCER,1
DIABETIC KETOACIDOSIS;RENAL FAILURE;RULE-OUT MYOCARDIAL INFARCTION;TELEMETRY,1
DIARRHEA;DEHYDRATION;CHEST PAIN,1
DYSPNIA,1
LUNG CANCER-RESPIRATORY FAILURE,1
LEFT FEMUR MALUNION/SDA,1
ACUTE LEG PAIN;SYNCOPE;TELEMETRY;,1
ELEVATED INR;COUMADIN TOXICITY;LOWER GI BLEED,1
"C2 FRACTURE,ODONTOID FRACTURE",1
PITUITARY MASS,1
FEVER-FAILURE TO THRIVE,1
LEFT UPPER LOBE MASS;TELEMETRY,1
HYPOKALEMIC PERIODIC PARALYSIS,1
FEVER;SHORTNESS OF BREATH,1
RENAL CELL CANCER;FEVER,1
RHABDO MYOLYSIS,1
LEFT ARM INJURY;S/P MOTOR VEHICLE ACCIDENT,1
PROBABLE ACUTE LEUKEMIA;PNEUMONIA,1
C5 FRACTURE;S/P FALL,1
THORACIC SPINE FRACTURE;DISLOCATION,1
"DISCITIS, OSTEOMYELITIS/SDA",1
ST ELEVATION MI;S/P ARREST,1
PSEUDOOBSTRUCTION,1
MITRAL VALVE DISORDER \MVR;? TVR;? CORONARY ARTERY BYPASS GRAFT WITH MVR/SDA,1
SENCONDARY MALIGNANT NEOPLASM OF BONE AND BONE MARROW/SDA,1
QWAVE MI;TELEMETRY,1
GALLSTONES;COLON CA/SDA,1
FEMORAL NECK FRACTURE,1
"GANGRENE TOES, BILATERAL FEET",1
CERVICAL DISHERNIATION/SDA,1
PANREATITIS,1
COCAINE INGESTION,1
MULITPLE RIB FRACTURES,1
ATRIAL FIBRILLAION\AFIB ABLATION; PHARMACOLOGICAL/NONPHARMACOLOGICAL MANAGEMENT OF AFIB,1
A FAILED RIGHT TOTAL HIP REPLACEMENT/SDA,1
GALLSTONES;SEIZURES MONITORING,1
AORTIC STENOSIS\AORTIC VALVE REPLACEMENT  CORONARY ARTERY BYPASS GRAFT X 2/SDA,1
THYROTOXICOSIS,1
CAD/MITRAL REGURGITATION\CORONARY ARTERY BYPASS GRAFT; W/AVR,1
LEFT BREAST CA,1
INTERIOR MI/CATH,1
3 VESSEL DISEASE REQUIRING CORONARY ARTERY BYPASS GRAFT,1
"SEPSIS,ADULT RESPIRATORY DISTRESS SYNDROME",1
CORONARY ARTERY DISEASE\CORONARY INTERVENTION,1
"TETRALOGY OF FALLOT\ PULMONARY VALVE REPAIR; VENTRICULAR OUTFLOW RECONSTRUCTION, RIGHT/SDA",1
CORONARY ARTERY DISEASE\CORONARY ARTERY BYPASS GRAFT; ? MITRAL VALVE REPLACEMENT; ? AORTIC VALVE REPLACEMENT /SDA,1
URETERAL CA/SDA,1
MULTIPLE ARRYTHMIA,1
ACUTE AORTIC DISSECTION,1
NON HODGKIN'S LYMPHOMA\BONE MARROW TRANSPLANT,1
STROKE-R/O VASCULITIS,1
"HEPATITIS, ACIDOSIS, ETOH WITHDRAWAL, ELEVATED ACETAMINOPHEN LEVEL",1
PERITONEAL MASS,1
"FEVER,HIV,HEMATURIA",1
DEHYDRATION/UTI,1
"PNEUMONIA, SEPSIS",1
MITRAL REGURGITATION\MITRAL VALVE REPLACEMENT/SDA,1
CORONARY ARTERY DISEASE;NON Q MI\CATH,1
3RD NERVE PALSY,1
ACIDEMIA; ELECTROLYTE ABNORMALITIES,1
MITRAL VALVE DISEASE\ AORTIC AND MITRAL VALVE REPLACEMENT/SDA,1
AFIB W. RVR;ANEMIA;PNEUMONIA,1
"CELLULITIS;ULCER,LEFT FOOT",1
BATEREMIA;CARDIOMYOPATHY,1
CHRONIC PELVIC PAIN;EXTENSIVE LYSIS OF ADHESIONS,1
"S/P FALL,TRAUMA",1
CSF OTORRHEA RIGHT EAR/SDA,1
ABNORMAL HEAD CT,1
STAB WOUND LEFT CHEST,1
RIGHT GROIN SARCOMA/SDA,1
BLADDER CANCER; ATROPHIC RIGHT KIDNEY/SDA,1
AAA RUPTURE,1
SHORTNESS OF BREATH;MULTIFOCAL PNA,1
LEFT HIP DISLOCATION,1
TAMPONADE\PERICADIOCENTESIS,1
"RECURRENT ANGINA PECTORIS, STATUS POST ANGIOPLSTY OF RM GRAFT\LEFT HAEART CATHETERIZATION",1
CONGESTIVE HEART FAILURE-ACUTE PULMONARY EDEMA,1
LEFT CAROTID ARTERY STENOSIS\LEFT CAROTID ARTERY ANGIOGRAM,1
(AML) ACUTE MYELOGENOUS LEUKEMIA;HYPOTENSION,1
UNSTABLE ANGINA;CHEST PAIN\CARDIAC CATH,1
LEFT FOOT GANGRENE;IV ANTIBIOTICS,1
MITRAL INSUFFICIENCY\MITRAL VALVE REPLACEMENT; ? REDO AORTIC VALVE REPLACEMENT VIA REDO STENOTOMY VS RIGHT THORACOTOMY ,1
BILATERAL VOCAL CORD PARALYSIS/SDA,1
COLONIC INERTIA /SDA,1
MENTAL STATUS CHANGES;ACIDOSIS,1
HYPERTENSION;HYPERGLYCEMIA,1
S/P MOTORCYCLE ACCIDENT WITH MULTIPLE INJURIES,1
CERVICAL EPIDURAL ABSCESS/SDA,1
"GASTROINTESTINAL BLEED, CHEST PAIN;TELEMETRY",1
SUBLINGUAL INFECTION,1
OSTEOMYELITIS RIGHT FOOT,1
PNEUMONIA;S/P LIVER TRANSPLANT;DEHYDRATION,1
SEPSIS;METHICILLIN RESISTANT STAPH AUREUS;VANCOMYCIN RESISTANT ENTEROCOCCUS,1
CAROTID ARTERY DISEASE\CAROTID STENTING/SDA,1
CHEST PAIN;CORONARY ARTERY DISEASE; MITRAL REGURGITATION\LEFT HEART CATHETERIZATION,1
ANGINA;+STRESS TEST\CATH,1
AORTIS STENOSIS\AORTIC VALVE REPLACEMENT /SDA,1
CHEST PAIN/RENAL FAILURE,1
PNEUMONIA;R/O TB,1
MYOCARDIAL INFARCTION-RENAL FAILURE-ANEMIA,1
AORTIC VALVE ABSCESS;SEPSIS,1
COLONIC FISTULA/SDA,1
LEFT LOWER EXTREMITES;INFECTED RIGHT FOOT WOUND,1
"+ MI,UNSTABLE ANGINA\LEFT HEART CATHETERIZATION",1
CROHN'S DISEASE; ENTEROCUTANEOUS FISTULA,1
EDEMA/ELEVATED TROPONIN,1
CLOTTED GRAFT,1
PRE-HYDRATION;CORONARY ARTERY DISEASE;PVD\CATH AND LOWER EXTREMITY ANGIOGRAM,1
ASA OVERDOSE-SUICIDAL IDEATION,1
CORONARY ARTERY DISEASE;CORONARY ARTERY BY PASS GRAFT/SDA\CORONARY ARTERY BY PASS GRAFT,1
CONGESTIVE HEART FAILURE\RIGHT AND LEFT CARDIAC CATH,1
KEARNS SAYER SYNDROME,1
"MVC, FEMUR FX",1
CHF;AVR REPLACEMENT,1
AORTIC ANUERYSM W/ EMOBILZATION/SDA,1
LEFT FRONTAL HEMORRHAGE,1
ATRIAL DEFECT\ REPAIR ATRIAL SEPTAL DEFECT/SDA,1
CONGESTIVE HEART FAILURE;PNEUMONIA;RULE OUT MYOCARDIAL INFARCTION,1
CORONARY ARTERY DISEASE\CORONARY ARTERY BYPASS GRAFT; WITH MITRAL VALVE REPLACEMENT REDO WITH MAZE/SDA,1
AORTIC STENOSIS\CORONARY ARTERY BYPASS GRAFT WITH AVR ? ASCENDING AORTA/SDA,1
TACHY-BRADY SYNDROME;ATRIAL FLUTTER\ELECTROPHYSIOLOGIC STUDY/ABLATION/?PACEMAKER IMPLANT,1
INTERPARENCYMAL HEMORRHAGE,1
INFECTED AAA GRAFT,1
TTP VS  HUS,1
S/P NON Q WAVE MI;ALTERED MENTAL STATUS\CATH,1
"CHF,R/O MII",1
CHEST PAIN;TELEMETRY; GI BLEED,1
TRANSVERSE COLON CANCER/SDA,1
LEFT FEMUR NON UNION/SDA,1
PSEUDO ANEURYSM,1
NEUTROPENIC FEVER;HYPOTENSION,1
OSTEOMYELITIS LEFT FOOT/SDA,1
SAH;VETEBRAL DISSECTION;TROP LEAK,1
S/P PANCREATIC TX-RIGHT ABDOMINAL PAIN,1
ST-ELEVATION MYOCARDIAL INFARCTION\CATH,1
CLAUDICATION\LEFT LOWER EXTREMITY ANGIOPLASTY/STENT,1
RIGHT THIGH EXTENSIVE HETEROTOPIC OSSIFICATION/SDA,1
BILE DUCT INJURY/SDA,1
AORTIC STENOSIS\CORONARY ARTERY BYPASS GRAFT /SDA,1
SHORTNESS OF BREATH WITH STRIDOR,1
PNEUMONIA'PLEURAL EFFUSIONS,1
LEFT RETROPERITONEAL MASS/SDA,1
HEMMO-HAGIC STROKE,1
CORONARY ARTERY DISEASE\CORONARY ARTERY BYPASS GRAFT WITHRADIAL ARTERY/SDA,1
UROSEPSIS; CAD,1
"V-TACH,FEVER",1
DIABETIC KETOACIDOSIS; HTN EMERGENCY,1
DYSPNEA;TACHYCARDIA,1
SDH BILATERAL,1
"HYPOTENSION, PNEUMONIA, URINARY TRACT INFECTION",1
ACETOMENGOHEN OVERDOSE,1
RHABDOMMYOLYSIS,1
RIGHT ATRIAL THROMBUS,1
PATENT FORAMAN OVALE\ PATENT FORAMEN OVALE MINIMALLY INVASIVE/SDA,1
MULTI-TRAUMA-S/P MOTOR VEHICLE ACCIDENT,1
HEMATEMASIS,1
"COPD, PNEUMONIA VS. BRONCHITIS",1
RIGHT-SIDED PARALYSIS,1
RASP FAILURE BMT,1
RULE OUT CORONARY ARTERY DISEASE\LEFT HEART CATH,1
NECROTIC TOE LEFT FOOT,1
RESPIRATORY DISTRESS;BREAST MASS,1
OBSTRUCTING RENAL STONE,1
ASTHMA;LARYNGOSPASM,1
ASCITES-SHORTNESS OF BREATH,1
CHOLANGITIS;METHICILLIN RESISTANT STAPH AUREUS,1
CORONARY ARTERY DISEASE\CORONARY ARTERY BYPASS GRAFTWITH AVR; ? REPLACING ACENDIND AORTA/SDA,1
LEFT KNEE OSTEOARTHRITIS\KNEE REPLACEMENT TOTAL LEFT,1
NEW ONSET ANGINA\LEFT HEART CATHETERIZATION,1
LEFT ICA STENOSIS,1
L THIGH HEMATOMA;FACTOR V111 INHIBITOR,1
HYPONATREMIA;MALAISE,1
"NEUTROPENIA,CHEST PAIN",1
CAROTID STENOSIS\CAROTID ANGIOGRAM ? STENT,1
STATUS POST LIVER TRANSPLANT;RENAL FAILURE,1
SALICYLATE TOXICITY,1
PRE OP AVR;MVR\CATH,1
"ICD FIRING,RF,DM",1
TORN MENISCUS LEFT KNEE,1
VERTEBRAL ARTERY DISSECTION,1
ANTICHOLINERGIC SYNDROME,1
"RT EYE INFLAMMATION,VISION LOSS,HEPATITIS",1
SHORTNESS OF BREATH\ TRACHEALPLASTY/BRONCHEOPLASTY VIA RIGHT THORACOTOMY,1
STATUS POST FALL;ATRIAL FIBRILLATION,1
AVR\AORTIC VALVE REPLACEMENT/SDA,1
WEAKNESS;RULE-OUT MYOCARDIAL INFARCTION,1
AUTUMN56,1
"S/P L.ELBOW FRACTUR, PNEUMONIA",1
SEPSIS/ACUTE RENAL FAILURE,1
"LUNG CANCER,",1
RIGHT UPPER NODULE/SDA,1
A FIB;DEHYDRATION,1
GI PROBLEM\ERCP,1
SYNCOPE/MI,1
ACUTE CORONARY SYNDROME\CORONARY ANGIOGRAM,1
CARDIAC ISCHEMIA\CARDIAC CATHETERIZATION,1
"BACK PAIN, FEVER",1
RULE-OUT MYOCARDIAL INFARCTION;TELEMETRY;RIGHT-HAND ISCHEMIA,1
SEPSIS/FEVER,1
ANKLE FRACTURE;HYPOXIA,1
RA MASS W\CLOT,1
CORONARY ARTERY DISEASE\RIGHT HEART CATH,1
PNEUMOTHORAX;HEMOTHORAX;MCC,1
LEFT ATRIAL MYXOMA\LEFT ATRIAL MYXOMA RESECTION/SDA,1
AIRWAY OBSTRUCTION\ BRONCHOSCOPY RIGID STENT PLACEMENT/SDA,1
ENLARGED PLEURAL EFFUSION,1
"PNEUMONIA, ACUTE RENAL FAILURE",1
DYSPNEA ON EXERTION\RIGHT AND LEFT HEART CATH,1
UPPER GASTROINTESTINAL BLEED;HYPOTENSION,1
MR\AORTIC VALVE REPLACEMENT; ?MVR/SDA,1
"SUBDURAL HEMATOMA,SKULL FRACTURE",1
HEPATITIS;TYLENOL TOXICITY,1
CONGESTIVE HEART FAILURE;A FIB VS ATRIAL TACHUCARDIA,1
ICD MALFUNCTION; CHF; RECURRENT VT; SVT\ICD GENERATOR CHANGE/AV NODAL ABLATION,1
LEFT PCA STROKE,1
NON-HODGKINS LYMPHOMA;FEBRILE;NEUTROPENIA,1
R/O ISCHEMIC BOWEL,1
CONTROL OF TONSILAR BLEED,1
GASTROPASESIS,1
ARTERIAL BLEED,1
HYPERCALCEMIA\IV FLUIDS,1
HTN URGENCY;GASTROPARESIS,1
TYLENOL BENZO OVERDOSE,1
ATRIAL FIBRILLATION;TELEMETRY;TELEMETRY,1
CORONARY ARTERY DISEASE;FOR AVR/CABG\CATH,1
HEPATIC FAILURE;ACUTE ABDOMEN;?SEPTIC,1
CHRONIC PERICARDIAL\ REDO AORTIC ROOT/ARCH REPLACEMENT/SDA,1
S/P NON Q W MI\LEFT HEART CATHETERIZATION,1
"ABD PAIN,PNA",1
NON-STRESS ELEVATED MI,1
VENTRICULAR TACHYCARDIA;ICD SHOCKS\VENTRICULAR TACHYCARDIA ABLATION,1
TRANSBRONCHIAL BIOPSY,1
SEPTIC; SEIZURES,1
OCCLUDED AV GRAFT,1
"INFECTED FEMORAL TO POPLITEAL BYPASS GRAFT, LEFT/SDA",1
BRONCHOPULMONARY FISTUAL,1
"AORTIC STENOSIS, CAD\ CORONARY ARTERY BYPASS GRAFT W/ AVR/SDA",1
OROPHARYNGEAL BLEEDING,1
INTERNAL CAVERNOUS CAROTID ANEURYSM,1
DISTAL BILE DUCT TUMOR; PANCREATIC CA/SDA,1
LEFT INCISIONAL HERNIA/SDA,1
URINARY TRACT INFECTIOM;PYELONEPHRITIS,1
POLYTRAUMA;TELEMETRY,1
ACUTE RENAL FAILURE;SEPTIC ARTHRITIS,1
ELEVATED WHITE COUNT; HALLUCINATIONS,1
CLOGGED G-TUBE,1
PULMONARY EMBOLIS;URINARY TRACT INFECTION,1
CARDIAC TAMPONADE\PERICARDIAL TAP,1
SMOKE INHALATION,1
COLCHICIME OD,1
FEVER;HEADACHE,1
FEVER/UNRESPONSIVE,1
ASA\REPAIR ATRIAL-SEPTAL DEFECT; LIMITED ACCESS/SDA,1
PULM EDEMA,1
PNEUMOTHORAX;FEVER;PNEUMONIA,1
"CIRRHOSIS,ESOPHAGEAL VARICES",1
INGEGSTION,1
EXERTIONAL CHEST PAIN;RULE OUT CORONARY ARTERY DISEASE\CORONARY ANGIOGRAM,1
PANCREATIC CANCER;BILE DUCT OBSTRUCTION,1
SEPSIS;RESPITORY FAILURE,1
GI BLEED;HIP FX,1
CLONIDINE INGESTION,1
RHABDOMYOLSIS,1
CORONARY ARTERY DISEASE\CARDIAC CATH WITH INTRAVASCULAR ULTRASOUND,1
LEFT LEG NUMBNESS,1
"HEART BLOCK,NON STE MI",1
"BLOOD CLOTS, ATRIUM BODY\RESECTION OF INTRACARDIAC RETROHEPATIC ABDOMINAL TUMOR",1
"OGILVIE'S SYNDROME, R.O PNEUMONIA",1
LOWER GI BLEED;MYOCARDIAL INFARCTION,1
HYPONATREMIA-NON-HODGKIN'S LYMPHOMAS,1
ACUTE RENAL FAILURE;PERICARDIAL EFFUSION,1
ASCITES;HYPERKALEMIA,1
S/P MOTOR VEHICLE ACCIDENT-ETOH,1
PERICARDIAL EFFUSION;SHORTNESS OF BREATH,1
RESPIRATORY INSUFFIENCY,1
LUNG CANCER;PNEUMONIA,1
S/P FALL WITH C2 FRACTURE,1
HYPOGLYCEMIA;HYPOTENSION;TELEMETRY,1
URINARY TRACT INFECTION;NARCOTOSIS,1
ASCENDING AORTA DISECTION,1
NEUROPATHY,1
GASTROINSTESTINAL BLEED,1
SUB ARACHNOID,1
POST TRANSPLANTATION STRICTURE\BRONCHOSCOPY RIGID; WITH LASER,1
NON HODGKIN'S LYMPHOMA\CHEMOTHERAPY,1
T6 FRACTURE,1
AORTIC STENOSIS\CORONARY ARTERY BYPASS GRAFT WITH AVR REDO ,1
"LE EDEMA, R/O MI",1
PCN DESENTIZATION,1
RECURRENT CHEST PAIN;CORONARY ARTERY DISEASE\LEFT HEART CATHETERIZATION,1
R FEMUR & LIVER LACERATION,1
"DKA, CHEST PAIN R/O MI",1
RESPIRATORY DIFFICULTY,1
V-TACH ARREST;SUBDURAL HEMATOMA,1
PNEUMONIA;CONGESTIVE HEART FAILURE;ATRIAL FIBRILLATION,1
FRONTAL BRAIN TUMOR,1
GUN SHOT WOUND ; PNEUMOTHORAX,1
PERICARDIAL EFFUSION;CHOLECYSTITIS,1
"HYPOTENSION;FEVER,ORIGINS UNKNOWN;RESPIRATORY FAILURE",1
AORTIC STENOSIS\AVR TISSUE ? CORONARY ARTERY BYPASS GRAFT ? MAZE,1
VENTRICULAR TACHYCARDIA;ACID FIRING,1
END-STAGE LIVER DISEASE,1
AORTIC VALVE INSUFFICIENCY\AVR ? CORONARY ARTERY BYPASS GRAFT/SDA,1
CONGESTIVE HEART FAILURE;SEVERE MIRTAL REGURGITATION,1
DUODENAL CANCER/SDA,1
LARYNX CA/SDA,1
VENTRICULAR SEPTAL D EFFECT,1
OVERDOSE;ALTERED MENTAL STATUS,1
"DIABETIC KETOACIDOSIS;CVA;FEVER,ETIOLOGY UNKNOWN",1
ACUTE RENAL FAILURE;MENTAL STATUS CHANGES,1
CP;FEVER,1
MITRAL VALVE DISORDER\MITRAL VALVE REPLACEMENT W/ CONCOMITANT MAZE,1
NON ST ELEVATION MYOCARDIAL INFARCTION; RECURRENT ANGINA\LEFT HEART CATHETERIZATION,1
CHRONIC OBST PULM DISEASE;CO2 NARCOSIS,1
RESPIRATORY DISTRESS;HYPOTENSION,1
POST-ERCP,1
CEREBROVASCULAR ACCIDENT;SUBDURAL BLEED;TELEMETRY,1
AAA\ACENDING AORTA REPAIR,1
DIAGNOTIC LAP;POST OPERATIVE BLEEDING,1
CORONARY ARTERY DISEASE\CORONARY ARTERY BYPASS GRAFT ? MAZE/SDA,1
AIRWAY MONITORING; RIGID BRONCHOSCOPY,1
C. DIF,1
S/P SPLENECTOMY;POLYCYTHEMIA VERA,1
"HYPOXIA,CHANGE IN MENTAL STATUS",1
HYPOTENSION;SHORTNESS OF BREATH;ACUTE RENAL FAILURE;HCT DROP,1
PERICARDIAL TAMPONADE\PERICARDIAL TAP,1
SEVERE PVD/SDA,1
INFECTED RIGHT HAND;EXPOSED HARDWARE,1
BRIGHT RED BLOOD PER RECTUM;LOWER GI BLEED,1
ACUTE FEVER;SEPSIS;TELEMETRY,1
GASTROINTESTINAL PERFORATION,1
RENL FAILURE,1
ALCOHOL INTOXICATION/UNRESPONSIVE,1
PNEUMONIA; CHF,1
BILATERAL KIDNEY CANCER/SDA,1
BASE OF TONGUE TUMOR,1
CORONARY ARTERY DISEASE\BRACHY THERAPY,1
RECTAL CANCER;ASCENDING CHOLANGITIS,1
AORTIC STENOSIS\AORTIC VALVE REPLACEMENT; DE-DO STERNOTOMY/SDA,1
"PANCREATITIS,GALL STONES",1
BILATERAL VOCAL FOLDS LESIONS,1
HYPOXIA;DIARRHEA,1
IDIOPATHIC PULMONARY FIBROSIS,1
ATRIAL FIBRILLATION;RAPID VENTRICULAR RESPONSE,1
ASPIRATION PNEUMONIA;SEPSIS;LYMPHOMA,1
SQUAMOUS CELL LUNG CANCER,1
BONY PAIN,1
COMPLETED ABDOMINAL FISTULA/SDA,1
SARCOMA LEFT PELVIS & GROIN/SDA,1
FEVER;R/O LINE INFECTION;RENAL FAILURE,1
WEAKNESS;C-DIFF DIARRHEA,1
"CHEST PAIN, DYSPNEA",1
"DGN TOXICITY,V-TACH",1
ASCENDING AORTIC ANEURYSM\BENTALL PROCEDURE; RED0,1
CORONARY ARTERY DISESE,1
MITRAL INSUFFICIENCY\MITRAL VALVE REPLACEMENT / MYOMECTOMY/SDA,1
"ASD\ATRIAL SEPTAL DEFECT REPAIR,  PATENT FORAMEN OVALE CLOSURE MINIMALLY INVASIVE /SDA",1
AOORTIC STENOSIS\AORTIC VALVE REPLACEMENT ,1
MITRAL VALVE DISORDER\MITRAL VALVE REPLACEMENT ; TVR ;AVR,1
MELANOMA ? ABSCESS,1
OSTEOMYLITIS 2ND LEFT DIGIT,1
GAIT DISTURBANCE,1
FAILURE TO THRIVE;WEAKNESS,1
THROMBOCYTOPENIA;GASTROINTESTINAL BLEED;ACUTE RENAL FAILURE,1
RIGHT LOWER ETREMITES GANGRENE,1
VENTRICULAR TACHYCARDIA STORM,1
INTOXICATED ? TRAUMATIC INJURY,1
CONGESTIVE HEART FAILURE;NON S-T ELEVATION MYOCARDIAL INFARCTION\CARDIAC CATH,1
HYPERKALEMIA/BRADYCARDIA,1
CONGESTIVE HEART FAILURE;SYNCOPE;TELEMETRY,1
LARGE PERICARDIAL EFFUSION\POSSIBLE TAP,1
CHRONIC MESENTERIC ISCHEMIA/SDA,1
THORACIC AROTIC ANEURYSM,1
"HYPOXIA,PNEUMONIA",1
ALCHOLIC CIRRHOSIS\EGD ** REMOTE EAST STONEMAN 3 **,1
SUBARACHNOID HEMORRHAGE WITH ANEURYSM,1
MASSIVE PULMONARY EMBOLUS,1
HEAD MASS;PNEUMONIA,1
"CP,+ETT\LEFT HEART CATHETERIZATION",1
MASSIVE CEREBRAL HEMORRHAGE,1
ETHYLENE GLYCOL INTOXICATION,1
UVULAR EDEMA,1
CHEST PAIN;ETT,1
"RESPIRATORY FAILURE,VOLUME OVERLOAD",1
ABD AORTIC ANEURYSM,1
CHRONIC RENAL FAILURE;OPEN EXPLORATORY LAP,1
RIGHT ARM FRACTURE,1
SPONTANEOUS HEMOPERITONEUM,1
CHRONIC LYMPHOCYTIC LEUKEMIA;SEIZURE,1
R/O SEPSIS;RENAL FAILURE,1
CORONARY ARTERY DISEASE\AVR; ? CORONARY ARTERY BYPASS GRAFT/SDA,1
DUSKY SPELLS,1
CHEST PAIN/NSTEMI,1
"PNEUMONIA, HYPERKALEMIA",1
T7-8 DISC HERNIATION WITH MYELOPATHY/SDA,1
MYOCARDIAL INFARCT;HYPOTENSION,1
MYASTHESNIA GRAVIA;VENTRAL HERNIA,1
HYPERBILIRUBINANEMIA,1
RUPTURED ADRENAL ,1
CORONARY ARTERY DISEASE\LEFT CIRCUMFLEX AND LEFT MAIN CORONARY ARTERY INTERVENTION,1
PNEUMONIA HODGKINS DISEASE,1
BRADYCARDIA;JUNCTIONAL RHYTHM,1
MULTI LOBAR PNEUMONIA,1
LOWER GSTROINTESTINAL BLEED,1
RIB FRACTURES;T SPINE FRACTURE,1
PANCREATITIS;ACUTE RENAL FAILURE;DIABETIC KETO ACIDOSIS,1
COLON POLYP;BLEEDING/SDA,1
V TACH/AICD FIRE,1
AR\AORTIC VALVE REPLACEMENT; ? RESECTION AORTIC ASCENDING ANEURYSM/SDA,1
"GI BLEED,DIZZY",1
"FEVER, HEADACHE",1
"CAROTID ARTERY ANEURYSM, RIGHT/SDA",1
BACTEREMIA;FEVER;ABDOMINAL PAIN,1
HEROIN OD,1
ACQUIRED RIGHT BREAST DEFORMITY/SDA,1
"MULTIFOCAL PNEUMONIA,COPD,HYPERGLYCEMIA",1
OVARIAN HYPER STIMULATION,1
CIRRHOSIS;DIABETIC KETOACIDOSIS;GALLSTANE,1
ALTERED MENTAL STATUS;DELIRIUM;TREMERS,1
"SEIZURE,FEEVER",1
MYOCARDIAL INFARCTION;RENAL FAILURE,1
ENTEROCYTANEOUS FISTULA AND CHRON'S DISEASE,1
PERIPHERAL VASCULAR DISEASE;RIGHT ILIAC STENOSIS\ANGIOGRAM WITH RUN-OFFS,1
KIDNEY;LIVER INJURY,1
S/P LIVER TX;NAUSEA;VOMITING;ABDOMINAL PAIN,1
"S/P FALL, SPINAL CORD INJURY",1
PELVIC PROLAPSE/SDA,1
RESPIRATOTY FAILURE,1
SUPRACELLAR LESION/SDA,1
"HODGKINS, FEVER",1
PSEUDO ANEURYSM\REDO AORTIC ARCH RECONSTRUCTION/SDA,1
ILI,1
S/P BIKE ACCIDENT WITH MULTIPLE FX,1
POSTERIOR FOSSA MASS LESION,1
AORTIC DILATATION,1
"TRAUMA,S/P MVA",1
LUNG CA; HYPOXEMIA,1
RIGHT ANKLE WOUND,1
PNEUMONIA;ALTERED MENTAL STATUS,1
TRAUM;S/P MOTOR VEHICLE ACCIDENT;TELEMETRY,1
?DIABETIC KETOACIDOSIS,1
PNEUMONIA/COPD,1
APLASTIC ANEMIA;CHEMO,1
PLEURAL EFFUSION\PLEUR-X CATHETER PLACEMENT; RIGHT,1
ABDOMINAL PAIN/ EXPLORATORY LAPAROTOMY,1
STERNAL WOUND/SDA,1
SUBARCHNOID HEMORRHAGE;TELEMETRY,1
HEPATOMNA LIVER,1
GLOTTIC MASS,1
HEMATOCRIT DROP,1
RECTAL BLEEDING;HIGH INR,1
"GASTROESOPHAGEAL JUNCTION, ESOPHAGEAL MASS/SDA",1
CORONARY ARTERY DISEASE;CHEST PAIN\LEFT HEART CATH,1
CORONARY ARTERY DISEASE;CHRONIC OBST PULM DISEASE,1
CORONARY ARTERY DISEASE\ CORONARY ARTERY BYPASS GRAFT REDO/SDA,1
FRACTURED RIGHT HIP;S/P INTEROCHANTERIC\ ORIF INTERTROCHANTERIC FRACTURE RIGHT,1
LEFT UPPER LOBE LUNG CA/SDA,1
INCREASED CREATINE;S/P KIDNEY TRANSPLANT,1
BASILAR THROMBOSIS,1
"AORTIC STENOSIS\AORTIC VALVE REPLACEMENT, ? ASCENDING AORTA REPLACEMENT /SDA",1
? GRAFT INFECTION,1
OGILVIE'S SYNDROME,1
HYPOTENSIVE;SEPSIS,1
MR;AORTIC STENOSIS;AFIB\AORTIC VALVE REPLACEMENT;MITRAL VALVE REPLACEMENT; MAZE PROCEDURE/SDA,1
MENTAL STATUS CHANGES;HYPOGLYCEMIA,1
COMPLETE HEART BLOCK;CORONARY ARTERY DISEASE;RENAL DISEASE,1
HEART BLOCK;TELEMETRY,1
"LIVER FAILURE,HEPATITIS",1
CAROTID ARTERY DISEASE\CAROTID ANGIOGRAM;POSSIBLE LEFT CAROTID STENT PLACEMENT,1
RIGHT HIP NECROSIS/SDA,1
NASOPHARYNGEAL MASS,1
ANASARCA;TELEMETRY,1
"SQUAMOUS CELL CA, RIGHT LATERAL TONGUE/SDA",1
LEFT CAROTID ANEURYSM,1
SLEEP APNEA;OVER DOSE;ASPIRATION PNEUMONIA,1
AMANITA INTOXICATION,1
NONQ WAVE MI,1
CORONARY ARTERY DISEASE;CHEST PAIN\CATH WITH INTERVENTION,1
?LGIB/LIVER FAILURE,1
PNEUMONIA; R/O MI,1
BOWEL PNEUMATOSIS,1
"CORONARY ARTERY DISEASE\CORONARY ARTERY BYPASS GRAFT;AORTIC VALVE REPLACEMENT, RE-DO/SDA",1
S/P LIVER TRANSPLANT; R/O RIB FRACTURE,1
SEVERE ACUTE PANCREATITIS,1
TARUMA;STATUS POST FALL,1
OBSTRUCTIVE HYPERTROPHIC CARDIOMYOPATHY\ETHANOL SEPTAL ABLATION/SDA,1
"HYPOTENSION,RASH,FEVER,SEIZURE",1
ESOPHAGLE CANCER/SDA,1
PRIMARY SCLEROSING CHOLANGITIS;POSSIBLE STRICTURE\ERCP,1
IC CONTUSION,1
PRIMARY SCLEROSING CHOLANGITIS CIRRHOSIS;RENAL FAILURE,1
ENDOSCOPIC RETROGRADE CHOLANGIOPANCREATOGRAPHY;BILIARY OBSTRUCTION;RESPIRATORY OBSTRUCTION,1
RESPIRATORY FAILURE;ARDS,1
CHEST PAIN;ST ELEVATED MYOCARDIAL INFARCTION,1
METASTATIC MELANOMA;DEHYDRATION,1
INTRACRANIAL HEMORRHAGE;RESPIRATORY FAILURE,1
HEMOPTOSIS,1
CORONARY ARTERY DISEASE\CORONARY ARTERY BYPASS GRAFT WITH AORTIC VALVE REPLACEMENT REDO /SDA,1
"HYPERGLYCEMIA,SEIZURES",1
ATRIAL SEPTAL DEFECT\PATENT FORAMEN OVALE CLOSURE/SDA,1
MYOCARDIAL INFARCTION;VENTRICULAR TACHYCARDIA,1
ISCHEMIC R LEG,1
TRANSIENT ISCHEMIC ATTACK; CVA,1
"S/P CVA,FAILURE TO THRIVE",1
LESION FRONTAL LOBE /SDA,1
CORONARY ARTERY DISEASE;S/P RENAL TRANSPLANT,1
AORTIC VALVE DISORDER\BENTAL PROCEDURE /SDA,1
CONGESTIVE HEART FAILURE;RESPIRATORY FAILURE;HIP FRACTURE,1
CORONARY ARTERY DISEASE\CORONARY ARTERY BYPASS GRAFT; ?TVR/SDA,1
STATUS EPILEPTICUS;SVT,1
RLE ISCHEMIA,1
"PNEUMONIA,R/O MI",1
RENAL ARTERY STENOSIS\RENAL ARTERY STENT,1
CORONARY ARTERY DISEASE;CHEST PAIN;ANGINA;SYNCOPE\CARDIAC CATH,1
ATRIAL TACHYCARDIA\EP STUDY; ATRIAL TACHYCARDIA ABLATION **REMOTE WEST**/SDA,1
"AORTIC STENOSIS\AORTIC VALVE REPLACEMENT REDO, ? CORONARY ARTERY BYPASS GRAFT  /SDA",1
HYPOTENSION;CONFUSION,1
CRITICAL AORTIC STENOSIS/HYPOTENSION,1
S/P KIDNEY TRANSPLANT;URINARY RETINTION,1
RITUXIMAB DESENSITIZATION,1
CONGESTIVE HEART FAILURE;NON Q MI\CATH,1
BILATERAL FEMUR FRACTURES,1
COLITIS FLARE,1
CHEST PAIN;STATUS POST CARDIAC ARREST\CATH,1
TYLENOL OVERDOSE-GASTROINTESTINAL BLEED,1
ATRIAL FIBRILLATION/PERI CARDIAL STRIPPING;PLUS MINSUS MAZE/SDA\MEDIAN STERNOTOMY; PERI CARDIAL STRIPPING PLUS/MINUS MAZE ,1
PULMONARY HYPERTENSION;PULMONARY VENO-OCCLUSIVE DISEASE\RIGHT HEART CATH/SDA,1
"DIARRHEA,ABDOMINAL PAIN",1
ZONE 2 NECK INJURY,1
RENAL ARTERY STENOSIS/ARF,1
CAD\CORONARY ARTERY BYPASS GRAFT WITH MVR;MAZE,1
MITRIAL DISORDER\MITRAL VALVE REPLACEMENT; ? SEPTAL MYOMECTOMY/SDA,1
CIRRHOSIS;ACUTE RENAL FAILURE,1
NON-HODGKIN'S LYMPHOMIA\BONE MARROW TRANSPLANT,1
NEEDS FLUCONAZOLE DESENSITIVITY,1
NEW AFIB/PNA,1
ERECTILE DYSFUCTION/SDA,1
"CARDIAC CATH, S/P MYOCARDIAL INFARCTION",1
PNEMONIA/ALTERED MENTAL STATUS,1
CHARCOT MARIE TOOTH DISEASE;CHRONIC SHORTNESS OF BREATH,1
HYPERBILIRUBENMIA,1
SHORTNESS OF BREATH;FAILURE TO THRIVE,1
GI BLEED/NSTEMI,1
RULE IN MYOCARDIAL INFARCTION,1
URINARY SEPSIS,1
LOWER GSTROINTEDTINAL BLEED,1
ACUTE RENAL FAILURE;TACHYCARDIA,1
DIVERTICULITIS;TELEMETRY,1
SEPSIS S/P BILL KNEE REPL,1
COCAINE INTOXICATION,1
STERNAL WOUND INFECTION\STERNAL DEBRIDEMENT/SDA,1
"MENTAL STATUS CHANGES, RHABDO, ARF",1
SEVERE AORTIC INSUFFICIENCY\AORTIC VALVE REPLACEMENT/SDA,1
SUBDURAL HEMATOMA ,1
"OVERDOSE, SEPSIS",1
MOTOR VEHICLE COLLISION;HYPOXIA;RESPIRATORY FAILURE,1
AORTIC VAVLE DISORDER\REDO AORTIC VALVE REPLACEMENT; ? MITRAL VALVE REPLACEMENT/SDA,1
MITRAL VALVE INSUFFICIENCY\CORONARY ARTERY BYPASS GRAFT WITH MVR POSSIBLE AVR AORTIC VALVE REPLACEMENT /SDA,1
ACUTE INFECTED LEFT FOOT;ABSCESS;DIABETES,1
ANEMIA\CATH,1
LEFT PNEUMOTHORAX,1
SADDLE PE;TELEMETRY,1
CHB,1
LEFT HIP FRACTURE/R/O MI,1
MITRAL REGURGITATION\MITRAL VALVE REPLACEMENT; W/MAZE,1
PREOP KIDNEY,1
PNEUMOTHORAX;HYPOTENSION,1
RIGHT CAROTID STENOSIS,1
VOMITING PYELO,1
URINARY TRACT INFECTION;HYPERKALEMIA,1
SEIZURE;UNRESPONSIVE,1
PERFED BOWEL,1
PMEUMONIA;CONGESTIVE HEART FAILURE,1
RECURRENT BILIARY CANCER,1
BRADYCARDIA;MENTAL STATUS CHANGES,1
POST SPHINCTERECTOMY BLEED,1
S/P INJURY CRUSHING,1
HYPOTENSION;PLEURAL EFFUSION,1
PEDISTRIAN STRUCK;TELEMETRY,1
DIABETES;CHRONIC OBST PULM DISEASE,1
CORONARY ARTERY DISEASE\CORONARY ARTERY BYPASS GRAFT WITH RIMA & LIMA; AVR/SDA,1
FEVER-RULE OUT SEPSIS,1
BRADY CARDIA,1
PLASMA CELL LEUKEMIA;FEVER,1
CORONARY ARTERY DISEASE;CONGESTIVE HEART FAILURE;GASTROINTESTINAL BLEED;ANEMIA\CATH,1
SPESIS,1
CERVICAL EPIDURAL HEMATOMA,1
AORTIC STENOSIS; MITRAL REGURGITATION; CAD\AORTIC VALVE REPLACEMENT;MITRAL VALVE REPLACEMENT;CORONARY ARTERY BYPASS GRAFT; TRICUSPID VALVE REPLACEMENT/SDA,1
AIRWAY OBSTRUCTION\BRONCHOSCOPY RIGID W/ Y STENT PLACEMENT,1
RECURRENT LT PLEURAL EFFUSION,1
BOWEL DIVERSION FOR TAKEDOWN COLOSTOMY/SDA,1
CORONARY ARTERY DISEASE;PROGRESSIVE CHEST PAIN\CATH,1
SDH/HEART BLOCK,1
STATUS-POST PANCREAS TRANSPLANT;FEVER,1
SUBARACHROID HEMORRHAGE,1
ORGANOPHOSPHATE OVERDOSE,1
COLLOID CYST/SDA,1
CHRON'S FLARE,1
ANAL & CERVICAL CONDYLOMATA,1
HEMATURIA;DYSPNEA;HYPOXIA,1
DIVERTICULITIS;LOWER GI BLEED,1
CEREBRAL ANEURYM/SDA,1
EVOLVING ANTERIOR M.I.,1
UNSTABLE ANGINA;TELEMETRY\CARDIAC CATHERIZATION,1
HEPATIC ENCEOPHALOPATHY,1
RESPIRATORY INSUFFICENCY/SDA,1
CORONARY ARTERY DISEASE;CHRONIC OBSTRUCTIVE PULMONARY DISEASE;DIABETES,1
SEIZURE;FEVER,1
INFECTED INTERNAL CARDIOVERTER DEFIBRILLATOR\ICD GENERATOR CHANGE; LEAD EXTRACTION/SDA,1
LEG ULCER/SDA,1
AORTIC STENOSIS\AORTIC VALVE REPLACEMENT  ? BENTAL PROCEDURE ,1
CORONARY ARTERY DISEASE; CONGESTIVE HEART FAILURE ,1
ISCHEMIA;HYPOTENSION,1
DYSPNEA ON EXERTION;CARDIAC ISCHEMIA\LEFT HEART CATHETERIZATION,1
RETROPHARYNGEAL SWELLING,1
PNEUMONIA;R/O CAUDA EQUINA,1
MAJOR DEPRESSION,1
NON HEALING RIGHT FOOT ULCER,1
MENTAL STATUS CHANGES;BRAIN TUMOR,1
MAOI OVERDOSE,1
"BRAIN MASS, LEFT/SDA",1
VARICEAL BLEED;TELEMETRY,1
HUMAN IMMUNODEFIENCY VIRUS;GASTROINTESTINAL BLEED,1
MR\MITRAL VALVE REPLACEMENT; ? AORTIC VALVE REPLACEMENT/SDA,1
HYPOTENSION;UTI,1
ATRIAL VENTRICULAR NODAL RE-ENTRY TACHYCARDIA\ATRIAL VENTRICULAR NODAL RE-ENTRY TACHYCARDIA ABLATION,1
S/P DILATION & CURTTAGE,1
SUBARACNOID HEMORRHAGE,1
HYPERTROPIC CADIOMYOPATHY\ETHANOL SEPTAL ABLATION,1
PULMONARY FIBROSIS;HAMMOND RICH SYNDROME,1
INTERCRANIAL HEMORRAGE,1
DIARRHEA;ABDOMINAL PAIN,1
AORTIC STENOSIS;CONGESTIVE HEART FAILURE\COMPLETE HEART CATH,1
METASTATIC RENAL CELL CARCINOMA\INTERLEUKIN CHEMOTHERAPY (HD-IL2),1
CHRONIC SUBDURAL HEMATOMA,1
R/O APNEA,1
"GALLSTONE,PANCREATITIS",1
SHORTNESS OF BREATH;HEMOPTYSIS,1
END STAGE LIVER DISEASE;ABDOMINAL PAIN;SUPRAVENTRICULAR TACHYCARDIA;FEVER,1
FEVER;UNKNOWN ORIGIN,1
CORONARY ARTERY DISEASE\CORONARY ARTERY BYPASS GRAFT WITH MAZE ,1
SHUNT INFECTION,1
HYPOVOLEMIC SHOCK,1
GANGRENE L FOOT,1
GANGRENE L 4TH TOE ; S/P TRANSPLANT FOR IV ANTIBIOTICS,1
RENAL CELL CARCINOMA;CAUDA EQUINA,1
L1 FX,1
CORONARY ARTERY DISEASE\AVR; ACENDING AORTA;?CORONARY ARTERY BYPASS  /SDA,1
BRADYCARDIA;SYNCOPE;TELEMETRY,1
BILIARY CIRRHOSIS; ASCITES,1
VENTRICULAR TACHYCARDIA\ EPS; VENTRICULAR TACHYCARDIA ABLATION  **REMOTE WEST**/SDA,1
RIGHT HUMEROUS FRACTURE,1
LEFT ANKLE ARTHRITIS; LEFT SUB TALAR ARTHRITIS,1
OROPHARYNX BURN,1
CLOSTRIDUIUM DIFFICILE COLITIS,1
"ABDOMINAL TRAUMA,HYPOTENSION",1
COPD EXACERBATION;CONGESTIVE HEART FAILURE,1
"FEVER,DIARRHEA,HYPOTENSION",1
MITRAL REGURGITATION\AORTIC AND MITRAL VALVE REPLACEMENT; PULMONIC VALVE REPLACEMENT; VENTRICULAR SEPTAL DEFECT CLOSURE; RE-DO X 2/SDA,1
CHEST PAIN;VENTRICULAR TACHYCARDIA,1
ANGINA;CHEST PAIN\CARDIAC CATH,1
SMS OBSTRUCTION,1
AORTIC REGURGITATION & MITRAL REGURGITATION\AORTIC AND MITRAL VALVE REPLACEMENT W/ ?  CORONARY ARTERY BYPASS GRAFT /SDA,1
ASCITES; ABDOMINAL PAIN,1
MYOCARDIAL INFARCTION/CHEST PAIN,1
CORONARY ARTERY DISEASE\MITRAL VALVE REPLACEMENT;  RE-DO/SDA,1
MITRAL VSLVE DISORDER\MITRAL VALVE REPLACEMENT/MYOMECTOMY/? MAZE/? LEFT ATRIAL APPENDAGE /SDA,1
IDIOPATHIC THROMBOCYTOPENIC PURPURA;LOW PLATELETS,1
FAILURE TO THRIVE-ANEMA,1
NEUTROPENIC FEVERS,1
HEAD BLEED/SPLENIC LACERATION/KIDNEY LACERATION/MVC,1
HEADACHE; ATAXIA; R/O MENINGITIS,1
PULSELESS FOOT,1
INTRACRANIAL HEMORRHAGE;BRAIN METS,1
CAROTID ARTERY STENOSIS/SDA,1
SYMPTOMATIC FIBROID UTERUS,1
S/P MOTOR VEHICLE ACCIDENT;C2 FRACTURE,1
LIVER FAILURE;ACUTE RENAL FAILURE;ALTERED MENTAL STATUS,1
CAD/AORTIC STENOSIS\CORONARY ARTERY BYPASS GRAFT WITH AVR /SDA,1
INTERSTITIAL PNEUMONITIS/SDA,1
S/P FALL;RIB FRACTURE;PNEUMOTHORAX,1
ETOH WITHDRAWAL;SEIZURES,1
COMPLETE HEART BLOCK; ACS,1
"CHEST PAIN,ETOH INTOXICATION",1
HYPERCARBIA;PNEUMONIA,1
ATRIAL FIBRILLATION;TELEMETRY;PLEURAL EFFUSION,1
CLAUDICATION;IV HYDRATION,1
HYPOTENSION;ABDOMINAL PAIN,1
ISCHEMIC LEGS DVTS,1
CORONARY ARTERY DISEASE\LEFT ANTERIOR DESCENDING INTERVENTION,1
TRANSAMINITIS/FEVER,1
HEAD BLEED VS TUMOR,1
CONN'S SYNDROME/SDA,1
AORTIC STENOSIS;MR;CORONARY ARTERY DISEASE\AORTIC VALVE REPLACEMENT;MITRAL VALVE REPLACEMENT;CORONARY ARTERY BYPASS GRAFT/SDA,1
CHOLEDOCALITHIASIS,1
BRONCHIAL STENOSIS,1
CAD/CABG/SDA,1
"RENAL MASS, RIGHT/SDA",1
PNEUMONIA;HEART MURMUR,1
ACUTE LIVER FAILURE;2/2 TYLENOL,1
LARGE BIFRONTAL SKULL LESION/ MENINGIOMA/SDA,1
TRACHEAL BRONCHIAL MALASIA,1
AORTIC ANEURYSM\AORTIC VALVE REPLACEMENT;ASCENDING AORTA/SDA,1
S/P MOTOR VEHICLE ACCIDENT;SPLENIC LAC;SKULL FRACTURE,1
LEFT MIDDLE CAROTID ARTERY ANEURYSM/SDA,1
RHABDO;TELEMETRY,1
INFECTION;GASTROINTESTINAL BLEED,1
T12 FRACTURE AND CORD COMPRESSION,1
GASTROINTESTINAL BLEED; R/O MI,1
HEMO PERITONEUM,1
PROLONGED HYPOGLYCEMIA;END STAGE RENAL DISEASE,1
DUODENAL MASS,1
PICC LINE INFECTION,1
ANEURYSM; INCREASING HEADACHES,1
LEFT FRONTAL BRAIN MASS/SDA,1
CHEST PAIN DYSPNEA\CARDIAC CATHETERIZATION,1
AORTIC ANEURYSM\ ASCENDING AORTIC ANEURYSM REPAIR,1
HEPATITIS C,1
HYPERTENSIVE URGENCY-R/O MYOCARDIAL INFARCTION,1
BREAST CANCER;BRAIN METS,1
AORTIC INSUFFICIENCY\BENTAL PROCEDURE; REPLACING ASCENDING & HEMI-ARCH AORTA; ? CABG W/DEEP HYPOTHERMIC ARREST/SDA,1
PANCREATITIS;ABDOMINAL PAIN,1
ELECTROLYTE ABNORMALITIES;CANCER,1
BENTAL PROCEDURE,1
ABDOMINAL DISTENTION;RESPIRATORY DISTRESS,1
AORTIC VALVE INSUFFICIENCY\AORTIC AND MITRAL VALVE REPLACEMENT /SDA,1
"RESPIRATORY FAILURE,MENTAL STATUS CHANGES",1
MITRAL VALVE REGURGITATION\ MITRAL VALVE REPLACEMENT HEART PORT MINIMALLY INVASIVE/SDA,1
AORTIC INSUFFICIENCY;ENDOCARDITIS\RIGHT AND LEFT HEART CATH;SUPRAVALVULAR AORTOGRAM,1
CONGESTIVE HEART FAILURE;HYPERTENSION,1
ANASARCA;SLEEP APNEA,1
INTRAABDOMINAL ABSCESS,1
FERORATED BOWEL,1
S/P FALL; HEAD INJURY,1
METASTATIC LUNG CA,1
CONGESTIVE HEART FAILURE\CARDIAC CATHERIZATION,1
NECROTIZING FASCIETIS OF THE ABDOMEN,1
"AORTIC VALVE REGURGITATION\AORTIC VALVE REPLACEMENT, RE-DO/SDA",1
HEADACHE;SUBDURAL HEMORRHAGE,1
ERYTHROLEUKEMIA\CHEMO,1
DIARRHEA;ELEVATED LFTS,1
"MASS,UNSPECIFIED LOCATION",1
RENAL CALCULI/SDA,1
THORACIC ANEURYSM\ASCENDING/HEMI-ARCH AORTA REPLACEMENT /SDA,1
ABNORMAL ELEKTROKARDIOGRAMM\CARDIAC CATHETERIZATION,1
AORTIC STENOSIS\?CORONARY ARTERY BYPASS GRAFT; AVR ,1
? PERITONITIS,1
DIABETIC KETOACIDOSIS;WET GANGRENE,1
"PNEUMONIA, D.T'S",1
GAMMABUTEROL LACTONE WITHDRAWAL,1
LEG WEAKNESS AND SHORTNESS OF BREATH,1
HYPERTENSION;CHEST PAIN,1
PNEUMONIA E/EMPYEMA,1
UPPER GI BLEED-SMALL BOWEL OBSTRUCTION,1
CEREBELLA BLEED,1
ANTICOAGULATION,1
GALLSTONE/PACREATIC CYST/SDA,1
STATUS POST BENTALL MAZE; PERICARDIAL TAMPONADE,1
MI/PE,1
INFECTED FOOT REQUIRING IV ANTIBIOTICS,1
HEPITO CELLULA CARCINOMA/SDA,1
GAIT INSTABILITY;FALL;DEHYDRATION,1
SECONDARY MALIGNANT NEOPKASM BONE AND BONE MARROWP PERSONAL HX MALIGNANT NEOPLASM KIDNEY/SDA,1
ACUTE RENAL FAILURE;CHEST PAIN,1
HEMATURIA\CYSTOSCOPY;URETHERAL DILATION ,1
CHEST PAIN;CHRONIC RENAL FAILURE;AORTIC STENOSIS\CARDIAC CATH,1
"RESPIRATORY FAILURE, SEPSIS",1
RESPIRATORY INSUFFICIENCY,1
PLEURAL EFFUSION;EMPYEMA,1
THIGH ABSCESS;PORTAL HYPERTENSION,1
CEREBROVASCULA ACCIDENT,1
SHORTNESS OF BREATH-FOREIGN BODY ASPIRATION,1
"CHF, AF, CARDIOMYOPATHY\LEAD EXTRACTION; BIVENTRICULAR IMPLANTABLE CARDIOVERTER DEFIBRILLATOR/SDA",1
"A,FLUTTER W,RVR,? NEW BRAIN MASS",1
ATRIAL SEPTAL DEFECT\REPAIR ATRIAL SEPTAL DEFECT ,1
"RAPID HEART RATE,RENAL INSUFFICIENCY",1
"GI BLEED,ACUTE RENAL FAILURE",1
UPPER GASTROINTESINAL BLEED,1
SHORTNESS OF BREATH;TACHYPNEA,1
COMPLETE HEART BLOCK;EPIGASTRIC PAIN\CARDIAC CATH;PACEMAKER IMPLANT,1
OPEN ABDOMINAL WOUND/SDA,1
ALTERED MENTAL STATUS;FEVER,1
AORTIC VALVE ENDOCARDITIS;AORTIC INSUFFICIENCY\CATH,1
HEPATITIS C-LIVER FAILURE,1
CARCINOMA/SDA,1
POLYPHARMACY OVERDOSE,1
CAROTID ARTERY DISEASE\RIGHT CAROTID ANGIOGRAM,1
MITRAL VALVE REGURGITATION\MITRAL VALVE REPLACEMENT MECHANICAL/SDA,1
CHEST PAIN;RULE OUT CORONARY ARTERY DISEASE;ASPIRIN ALLERGY\LEFT HEART CATHETERIZATION,1
RECTAL FISTULA;DEHYDRATION,1
HYPOGLYCEMIA;HYPOXIA,1
CORONARY ARTERY DISEASE;MR\CORONARY ARTERY BYPASS GRAFT; ?MVR,1
CORONARY ARTERY DISEASE;S/P CABBAGE,1
N;V,1
T7 FRACTURE,1
COLITIS;BILE LEAK,1
"TRAUMA,S/P MOTOR VEHICAL ACCIDENT",1
ADRENAL MASS; VENTRAL HERNIA/SDA,1
AORTIC STENOSIS\AORTIC VALVE / ASCENDING AORTA REPLACEMENT; REDO STERNOTOMY /SDA,1
S/P LIVER TRANSPLANT;? REJECTION,1
RAPID VENTRICULAR RATE,1
FAILURE TO THRIVE;PEG PLACEMENT,1
CARDIOGENIC SHOCK;CATH,1
CHRONIC TYLENOL INGESTION,1
OVARIAN TORSION,1
CORONARY ARTERY DISEASE\LEFT ANTERIOR DESCENDING ANGIOPLASTY;STENT PLACEMENT,1
RENAL CANCER;BACK PAIN,1
"S/P MVC, SAH",1
RIGHT URETERAL CALCULUS,1
ETOH,1
CAROTID STENOSIS;ELEVATED CREATININE\CAROTID ANGIOGRAM,1
UNSTABLE ANGINA;ACUTE MI,1
EROSION; INFRECTION OF ICD LEAD\ICD LEAD EXTRACTION,1
PULSELESS R. LOWER EXTREMETY,1
AAA\ASCENDING AORTIC ARCH REPAIR/REPLACEMENT,1
CORONARY ARTERY DISEASE\LEFT ANTERIOR DESCENDING STENT,1
S/P FALL;SYNCOPE,1
"DYSPNEA,NAUSEA,VOMITING",1
BILLIARY SEPSIS,1
ASCENDING AORTA\BENTAL PROCEDURE; POSSIBLE CORONARY ARTERY BYPASS GRAFT WITH AVR /SDA,1
MALIGNANT CENTRAL AIRWAY OBSTRUCTION,1
TRACHEAL OBSTRUCTION;CVA,1
"CONGESTIVE HEART FAILURE,ENDOCARDITIS",1
PNEUMONIA; SEIZURE,1
NEOPLASM OF HEART\ATRIAL MYXOMA REMOVAL ? TRICUSIP VALVE REPAIR; ? MITRAL VALVE RAPAIR;? PULMONARY EMBOLECTOMY  /SDA,1
L MAIN DISEASE; FOR CABG,1
LEFT LUNG CA]/SDA,1
UNSTABLE ANGINA/R/O MI,1
HIGH GRADE DYSPLASIA OF ESOPHAGUS/SDA,1
HEPATIC CYST,1
S/P HIP FX,1
MASS LESION IN BRAIN,1
LEFT HIP HARDWARE FAILURE,1
RULE-OUT MYOCARDIAL INFARCTION;TELEMETRY;FREQUENT FALLS,1
HIP FRACTURE-HYPOTENSION,1
AORTIC REGURGITATION;CORONARY ARTERY DISEASE;GASTROINTESTINAL BLEED,1
MENTAL STATUS CHANGES;?BLEED,1
PULMONARY EMBOLI; COPD,1
ENDOMETRIL CA/SDA,1
GASTROINTESTINAL BLEED; SMALL BOWEL OBSTRUCTION,1
"HYPONATREMIA,SEIZURE",1
MAMMARY HYPERPLASIA & FATTY DEPOSITS ABDOMEN,1
ATRIAL SEPTIC DEFECT\REPAIR ATRIAL SEPTAL DEFECT; MINIMALLY INVASIVE,1
MITRAL STENOSIS\MITRAL VALVE REPLACEMENT; ? REPAIR; ? MAZE,1
CHEST PAIN/ CARDIAC CATH,1
"UTI,CHRONIC RENAL FAILURE",1
AORTIC STENOSIS\AORTIC VALVE; ? ASCENDING AORTA REPLACEMENT; ? CORONARY ARTERY BYPASS GRAFT ,1
HEPATO CELLULAR CARCINOMA/SDA,1
DESCENDING THORACIC ANEURYSM\TAA ENDOSTENTING /SDA,1
URINARY TRACT INFECTION;HYPOTENSION;ABDOMINAL PAIN,1
MI/CHF,1
DISSECTING THORACIC AORTA/SDA,1
LEFT ANKLE INFECTION,1
CEREBRALVASCULAR ACCIDENT,1
VENTRICULAR TACHYCARDIA;SEPSIS;HYPERTENSION,1
CERVICAL SPONDYLOSIS C1-C7/SDA,1
CERVICAL 1-2 FRACTURE; ETOH WITHDRAWAL,1
RESPIRATORY FAILURE;DIABETES;PERIPHERAL VASCULAR DISEASE,1
ACUTE PANCREATITIS;RENAL FAILURE,1
ASD\REPAIR ATRIAL-SEPTAL DEFECT; LIMITED ACCESS,1
SENSORY MOTOR NEUROPATHY,1
"PANCREATITIS, HIV",1
S/P MOTOR VECHICLE ACCIDENT,1
S/P FALL-SUBARACHNOID HEMORRHAGE,1
HYPERTENSIVE URGENCY;GASTROPARESIS,1
ISCHEMIC ULCERS INFECTED BOTH LEFT AND RIGHT LEGS,1
S/P LIVER TRANSPLANT;R/O REJECTION;S/P MI,1
AORTIC STENOSIS\MITRAL VALVE REPLACEMENT /SDA,1
ACUTE CORONARY SYNDROME; TROPS; NAUSEA AND VOMITING,1
METASTATIC COLON CANCER;NAUSEA;VOMITIN;HEADACHES,1
JAW PAIN;DYSPNEA ON EXERSION,1
UNCONTROLLED HYPERTENSION-NAUSEA-VOMITING,1
S/P KIDNEY;ACUTE RESPIRATORY FAILURE; ? MYOCARDIAL INFARCTION,1
ABDOMINAL PAIN;RISING WBC,1
PNEUMONIA;URINARY TRACT INFECTION;HYPOTENSION,1
AORTIC ANEURYSM\ REPLACEMENT ASCENDING AORTA & PROXIMAL ARCH,1
PNEUMONIA;CELLULITS,1
ARR,1
PERICARDIAL TAMPONADE;TELEMETRY,1
DIABETIC KETOACIDOSIS;NEW ONSET DIABETES,1
PNEUMONIA-LT HIP FRACTURE-EMPHYSEMA,1
"CHF,MR\LEFT AND RIGHT HEART CATHETERIZATION",1
"PNEUMONIA,SEPSIS,HYPOTENSION",1
CORONARY ARTERY DISEASE\CORONARY ARTERY BYPASS GRAFT WITH AVR  BENTAL PROCEDURE /SDA,1
"NO ST ELEVATION MI,PANCREATITIS",1
TRACHEOBROCHOMALACIA\BRONCHOSCOPY FLEXIBLE AND RIGID ,1
S/PO FALL,1
BREAST CANCER;TRACHEAL STENOSIS,1
LIVER CONTUSION;S/P ASSAULT,1
MYASTHENIA GRAVID,1
ASCENDING AORTIC ANEURYSM\BENTALL PROCEDURE; ? VALVE SPARING ROOT REPLACEMENT/SDA,1
HYPOTENSIOM,1
S/P MVA; FACIAL TRAUMA,1
THROMBOTIC THROMBOCYTOPENIC PUPURA;? STROKE,1
RIGHT ANKLE EQUINUS/SDA,1
"SUB ARACHNOID HEMORRHAGE,HEMATOMA",1
CORONARY ARTERY DISEASE\CORONARY ARTERY BYPASS GRAFT; WITH MVR,1
HYPOXIC;SHORTNESS OF BREATH,1
PULMONARY EDEMA;CARDIOGENIC SHOCK\RIGHT HEART CATH,1
CEREBROVASCULAR ACCIDENT;S/P TPA,1
PHARYNGITIS,1
"HYPOXIA,SHOCK",1
ANGINA\CATH WITH ? BRACHY THERAPY,1
CLOSTRIDIA NECROSIS,1
C2 FRACTURE;FACIAL FRACTURES,1
WEAKNESS;ANEMIA;TELEMETRY,1
LOWER EXTREMITY FRACTURES,1
DIABETIC LEG ULCER;CELLULITIS,1
ESOPHAGEAL CANCER;CROHNS DISEASE,1
GANGRENE RIGHT LOWER EXTREMITY,1
VT WITH AICD FITTING,1
HYPERKALEMIA AND CP,1
"BRADYCARDIA,CONGESTIVE HEART FAILURE\CATH",1
SHORTNESS OF BREATH;ATRIAL FIBRILLATION,1
CONGESTIVE HEART FAILURE\CATH/SDA,1
PULMONARY POLYCRONDRITIS,1
CORONARY ARTERY DISEASE\CATH; CABG,1
METASTATIC RENAL CELL CARCINOMA\INTERLEUKIN HD-IL2,1
SUBARACHNOID HEMORRHAGE;INTRAPARENCHYMAL HEMORRHAGE,1
VASCULAR INSUFFICIENCY;RIGHT LEFT GRAFT FAILURE,1
SEVER ANEMIA,1
LEFT KNEE SUPERFICAL CELLULITIS,1
DEHYDRATION-PNEUMONIA-CHANGE IN MENTAL STATUS,1
EMPHYEMA,1
TOXIC SHOCK;SEPSIS,1
ST SEGMENT MYOCARDIQAQL INFARCTION\CATH,1
ADENOCARCINOMA STOMACH/SDA,1
SUBACUTE STROKE,1
ANGIO ADEMA,1
THORACIC ANEURYSM WITHOUT RUPTURE\BENTAL PROCEDURE /SDA,1
GUNSHOT WOUND;TELEMETRY,1
RESPIRATORY DISTRESS;PNEUMONIA;CHRONIC OBST PULM DISEASE,1
CORONARY ARTERY DISEASE\CORONARY ARTERY BYPASS GRAFT; W/ LEFT VENTRICULAR ANEURYSM RESECTION,1
PERFORATED ESPHAGUS,1
MR\MITRAL VALVE REPAIR REPLACEMENT/SDA,1
DYSPNEA;ASCENDING AORTIC ANEURYSM,1
CORONARY ARTERY DISEASE;ICD DISCHARGE\CARDIAC CATHETERIZATION,1
AAA\AORTIC VALVE REPLACEMENT; RESECTION AORTIC ASCENDING ANEURYSM/SDA,1
SMALL BOWEL OBSTRUCION,1
MITRAL STENOSIS\MITRAL VALVE REPLACEMENT REDO;  ? CORONARY ARTERY BYPASS GRAFT /SDA,1
LARYNGEAL INFECTION,1
CARDIAC ARREST; CONGESTIVE HEART FAILURE,1
RESPIRATORY DISTRESS; RENAL FAILURE; CARDIOMYOPATHY,1
ASCENDING AORTIC ANEURYSM\ ASCENDING AORTA REPLACEMENT; HEMI-ARCH REPLACEMENT/SDA,1
RULE OUT TIA,1
"PNEUMONIA,HEPATITIS C",1
ALTERED MENTAL STATUS ,1
CONGESTIVE HEART FAILURE; DM; CRF\COMPLETE HEART CATH,1
VENTRICULAR TACHYCARDIA;CARDIOMYOPATHY,1
LOWER HEMATOMA,1
MULTI SYSTEM ORGAN FAILURE,1
PULMONARY EFFUSION,1
METASTATIC THRYOID CA/SDA,1
HEART FAILURE\PACEMAKER IMPLANT/ABLATION,1
PETECHIAE;HYPOTENSION,1
DYSPHAGIA-ESOPHAGEAL STRICTURE-HYPERTENSION-DIABETES,1
PERICARDIAL EFFUSION WITH TAMPONADE\PERICARDIOCENTESIS,1
HYPONATREMIA;HYPERTENSION;BREAST CANCER;DIABETES MELLITUS,1
CONGESTIVE HEART FAILURE;CORONARY ARTERY DISEASE\COMPLETE HEART CATHERIZATION,1
SEIZURE; BRAIN METASTASES,1
COLO RECTAL CA;LIVER METS/SDA,1
S/P MOTOR VEHICLE ACCIDENT;SUBARACHNOID HEMORRHAGE,1
PNEUMONIA; AMS; THROMBOCYTOPENIA,1
STABLE LEFT FRONT IPH,1
LIVER FAILURE;HEPATIC ENCEPHALOPATHY,1
TRANSIENT HYPOTENSION;NEAR SYNCOPE,1
ASCENDING AORTIC ANEURYSM\ RESECTION AORTIC ASCENDING ANEURYSM; POSSIBLE CORONARY ARTERY BYPASS GRAFT,1
HUMERAL FRACTURE,1
NON Q MI;+ETT\CATH,1
PNEUMONIA-R/O FLU,1
LEFT LEG INFECTION;S/P CABG;EKG CHANGES,1
PNEUMONIA;S/P RENAL TRANSPLANT,1
VENTRICULAR TACHYCARDIA;ISCHEMIA\CARDIAC CATHETERIZATION,1
AKA;DIABETIC KETOACIDOSIS,1
HODGKINS DISEASE;FEVER,1
NECROTIC BOWEL,1
AORTIC VALV INSUFFICIENCY\AORTIC VALVE / ASCENDING AORTA REPLACEMENT  ? CORONARY ARTERY BYPASS GRAFT /SDA,1
ISCHEMIA BOWEL,1
CROHNS STRICTURE OF COLON/SDA,1
TRACHEA MALACIA,1
"GROSS HEMATURIA,CARDIAC ARREST",1
SEPIS,1
CORNARY DISEASE\CORONARY ARTERY BYPASS GRAFT /SDA,1
VOMITING;RULE OUT MYOCARDIAL INFARCTION;DIABETIC KETOACIDOSIS,1
CERVICAL TRACTION,1
THORACIC AORTIC DISSECTION;TELEMETRY,1
LEFT LOWER EXTREMITY DISCOMFORT;PERIPHERAL VASCULAR DISEASE;HYPERTENSION\LEFT LOWER EXTREMITY ANGIOGRAM WITH RUN-OFFS,1
ARTERIOVENOUS FISTULA,1
POSITIVE BLOOD CULTURE,1
HODGKIN'S DISEASE\BONE MARROW TRANSPLANT,1
ANEMIA;SVT,1
PED. STRUCK L2 COMPRESSION FRACTURE;TELEMETRY,1
SEPTIC SHOCK; LIVER ABCESS,1
DIABETES MELLITUS;CHOLANGITIS,1
RIGHT FOOT ULCER;CELLULITIS,1
S/P FALL;WRIST FRACTURE,1
ISCHEMIC LLE,1
"ADENOCARCINOMA, RIGHT COLON/SDA",1
SHORTNESS OF BREATH;PLEURAL EFFUSION,1
HEPATITIS-C;LIVER FAILURE,1
AORTIC REGURGITATION\AORTIC VALVE REPLACEMENT /SDA,1
RIGHT HEMOTHORAX,1
ASCENDING CHOLANGITIS & PANCREATIC MASS,1
AIRWAY OBSTRUCTION\BRONCHOSCOPY FLEXIBLE AND RIGID;STENT REMOVAL; ? CRYO THERAPY,1
ALTERED MENTAL STATUS;CONGESTIVE HEART FAILURE;PNEUMONIA,1
"CHEST PAIN,RENAL FAILURE",1
"MASTOCYTOSIS,GI BLEED",1
VENTRICULAR HEMORRHAGE,1
"AORTIC STENOSIS\AVR, ?CORONARY ARTERY BYPASS GRAFT",1
ADULT RESPIRATORY DISTRESS SYNDROME;CHRONIC OBST PULM DISEASE,1
RIGHT LOWER EXTREMITY FAILED FIXATION/SDA,1
HELP SYNDROME,1
INTRA ABDOMINAL ABCESS; PERIRECTAL ABCESS,1
TRAUMATIC SUBARACHNOID BLEED,1
COMMON BILE DUCT STONES;RESPIRATORY DISTRESS\ERCP  ** REMOTE EAST ** STONEMAN 1,1
RESTENOSIS;ASA ALLERGY;ASPIRIN DESENSITIZATION,1
ABDOMINAL PAIN;OBSTRUCTIVE JAUNDICE,1
SKULL FX;SUBARACHNOID HEMORRHAGE;ACUTE SUBDURAL HEMATOMA,1
S/P FALL-SUBDURAL HEMORRHAGE,1
SOMULENCE/CHANGE IN MENTAL STATUS,1
AORTIC PSEUDOANEURYSM,1
S/P FALL;PAIN CONTROL,1
TUBERCULUM MENINGIOMA/SDA,1
TRACHEOMALASIA,1
LARGE NECK MASS,1
ETOH WITHDRAWAL-SUBTOTAL LOW PLATLETS LT ABNORMALITY,1
BRAIN MASS WITH 12 MM SHIFT,1
CAROTID STENOSIS/CAROTID STENT,1
PULMONARY ALBEOLAR PROPEINOSIS,1
AORTIC STENOSIS; 3 VESSEL DIAGNOSIS,1
RIGHT RIB MASS/SDA,1
FULMINANT HEPATIC FAILURE,1
NSTEMI-PERICARDIAL EFFUSION,1
HEAD INJURIES,1
AORTIC STENOSIS\AV FISTULA;MITRAL VALVE REPLACEMENT; MAZE PROCEDURE,1
PATHOLOGICAL FRACTURES TO SPINE,1
SEPSIS;HYPOXIA,1
RENAL CELL CARCINOMA 189.0\INTERLEOKIN 2,1
LEFT PROXIMAL TIBIAL FRACTURE/SDA,1
ACUTE MYOCARDIAL INFARCTION/S/P CARDIAC ARREST,1
THROMBOEMBOLISM,1
MITRAL VALVE INSUFFICIENCY\MITRAL VALVE REPLACEMENT MAZE;  ? TRICUSPID VALVE REPLACEMENT ,1
RIGHT HILAR MASS/SDA,1
DYSPNEA;HYPOTENSION,1
PNA/AFIB,1
ACUTE MYOCARDIAL INFARCTION-SUBDURAL HEMATOMA,1
RIGHT MIDDLE LOBE MASS,1
SMALL FRONTAL BRAIN TUMOR/SDA,1
CORONARY ARTERY DISEASE\LEFT HEART CATH WITH PERCUTAREOUS CORONARY INTERVENTION TO THE LEFT ANTERIOR DESCENDING ARTERY,1
S/P FALL;DROWNING,1
ABDOMONAL PAIN,1
BACTERIAL PERITONITIS,1
OD HEPATIC FAILURE,1
MULTIPLE FRACTURES;S/P PEDESTRIAN STRUCK BY MOTOR VEHICLE,1
S/P HANGING-CARDIAC ARREST,1
TOXIC ALCOHOL INGESTION,1
CITALOPRAM OVERDOSE,1
AORTIC STENOSIS\AORTIC VALVE /? ASCENDING AORTA REPLACEMENT /SDA,1
ABDOMINAL AORTIC ANEURYSM;,1
SOB;+ETT\CATH,1
ACUTE RENAL FAILURE-UTI-?FASCITIS/HEMATOMA OF THIGH,1
CORONARY ARTERY DISEASE\PERCUTANEOUS INTERVENTION TO RIGHT CORONARY ARTERY,1
ESOPHAGEAL DIVERTICULUM,1
"COPD,PNEUMONIA,PULMONARY EMBOLUS",1
S/P CABG\STERNAL PLATING /SDA,1
SUPERFICIAL FEMORAL ARTERY STENOSIS,1
MYOCARDIAL INFARCTION;UNSTABLE ANGINA\CATH,1
INFECTED THYROGLOSSAL DUCT CYST,1
THROMBOCYTOPENIA\EPISTAXIS,1
VASCULAR BLOCKAGE;R/O MYOCARDIAL INFARCTION,1
END-STAGE LIVE DISEASE,1
MITRAL VALVE INSUFFIECIENY\CORONARY ARTERY BYPASS GRAFT WITH MVR  AORTIC VALVE REPLACEMENT /SDA,1
LEFT DIAPHRAGM INJURY,1
NAUSEA;VOMITING;S/P ABSCESS DRAINAGE,1
PEDESTRIAN STRUCK;MULTIPLE TRAUMA,1
SCROTAL CELLULITIS,1
PELVIC PAIN-? OVARIAN TORSION,1
ELEVATED INR;HYPERKALEMIA,1
CHOLANGIO CARCINOMA /SDA,1
MULTILOBAR PNA,1
"MENTAL STATUS CHANGES, KETOACIDOSIS",1
"GIB, RENAL FAILURE",1
RECURRENT CONJESTIVE HEART FAILURE;ATRAIL FIBRILLATION,1
MR\MITRAL VALVE REPLACEMENT;  VIA RIGHT THORACOTOMY/SDA,1
"CAD, AORTIC STENOSIS\CORONARY ARTERY BYPASS GRAFT WITH AVR  ? MITRAL VALVE REPLACEMENT /SDA",1
HYPERGLYCEMIA;DYSPNEA,1
LEFT SHOULDER HARDWARE REMOVAL/SDA,1
RIGHT MCA STROKE;TELEMETRY,1
CAROTID DISEASE\CAROTID ANGIOGRAM,1
UTI AND AMS,1
RIGHT HIP FRACTURE;HYPONATREMIA,1
RESPIRATORY ARREST;TELEMETRY,1
ACUTE RENAL FAILURE;LYMPHOMA,1
CORONARY ARTERY DISEASE\AORTIC VALVE / ASCENDING AORTA REPLACEMENT;  MVR STANDARD HAGBERG R; CORONARY ARTERY BYPASS GRAFT; HEMI-ARCH/SDA,1
"CLOTTED LEFT AV FISTULA, CRF",1
PERFORATION S/P ERCP,1
SUBCARINAL MASS,1
DYSPNEA-HYPONATREMIA-WEAKNESS,1
LEFT KNEE DJD/SDA,1
RETROPERITONEAL MASS,1
FEVER;HICKMAN LINE INFECTION,1
S/P MOTOR ROLLOR,1
BILATERAL ULCER LOWER EXTREMITY,1
ARM SWELLING;?CLOT,1
ACUTE RENAL FAILURE; HYPERKALEMIA,1
CHRONIC RENAL FAILURE;NAUSEA;UNABLE TO TOLERATE PO'S\REVISION;AV FISTULA; LEFT FOREARM,1
THORACIC AORTIC ANEURYSM;DISSECTION,1
MITRAL VALVE DISORDER\MITRAL VALVE REPLACEMENT; TRICUSPIC VALVE REPLACEMENT; MAZE PROCEDURE /SDA,1
ALTERED MENTAL STATUS;OBSTRUCTING STONE,1
CORONARY ARTERY DISEASE;PVD\R HEART CATH;PERIPHERAL ANGIO,1
CORONARY ARTERY DISEASE\REDO STERNOTOMY/AVR(TISSUE)/CABG X1/SDA,1
"CHRONIC WOUND, RIGHT ABDOMINAL WALL",1
TRACHEOBRONCHOMALASIA/SDA,1
MELANOMA\CHEMO(INTERLEUKIN-2),1
CRITICAL AORTIC STENOSIS; HEART FAILURE,1
S/P MI;ISCHEMIC LEFT LEG,1
"CONFUDION, TEMPORAL MASS/STROKE",1
BREAST CANCER;DYSPNEA,1
"PNEUMONIA, RENAL FAILURE",1
CARDIAC MASS,1
ANAL SQUAMOUS CELL CANCER/SDA,1
BILATERAL SUBDURAL HEMORRHAGE,1
ALCOHOL;HEPATITIS;LIVER FAILURE,1
MISSFIRING ICD,1
INTRACRANIAL HEMMORHHAGE,1
THORACIC ANEURYSM\REPLACEMENT OF ASCENDING AORTA/ MAZE; LIGATION OF LEFT ATRIAL APPENDAGE ** SPECIAL EQUIPTMENT **/SDA,1
CORONARY ARTERY DISEASE;CARDIAC ISCHEMIA\LEFT HEART CATHETERIZATION,1
CORONARY ARTERY DISEASE\CORONARY ARTERY BYPASS GRAFT W/OPEN LUNG BIOPSY/SDA,1
MULITPLE STAB WOUNDS/PENETRATING TRAUMA,1
CONGESTIVE HEART FAILURE;NQWMI,1
PERIPHERAL VASCULAR DUSEASE,1
LEFT FOOT OPEN WOUMD/SDA,1
MITRAL STENOSIS\MITRAL VALVE REPAIR VS REPLACEMENT/SDA,1
PERIPHERAL VASCULAR DISEASE\LEFT LEG ANGIOGRAM,1
AORTIC STENOSIS & CAD\AVR; POSSIBLE CORONARY ARTERY BYPASS GRAFT  /SDA,1
TRACHEAL BRONCHIALMALACIA/SDA,1
AS CAD\CATH-COMPLETE HEART CATH,1
"LARGE PERICARDIAL EFFUSION,MEDIASTINAL MASS",1
ASCENDING AORTIC ARCH THROMBUS\CATH,1
HYPERMAGNESEMIA,1
S/P KIDNEY TRANSPLANT;INCREASED CREATININE,1
AORTIC REGURGITATION,1
BOWEL OBTRUCTION,1
NAUSEA;VOMITING;DEHYDRATION,1
"JAUNDICE,KLATSKIN TUMOR",1
S/P CATH;CHEST PAIN\CATH,1
OBSTRUCTIVE JAUNDICE;ENDOSCOPIC RETROGRADE CHOLANGIOPANCREATOGRAPHY,1
"UROSEPSIS,DEHYDRATION",1
THROMBOCYTOPENIA;ANEMIA,1
PNEUMONIA/SEPSIS/RAPID AFIB,1
THROMBOTIC THROMBOCYTOPENIA PURPURA,1
URINARY TRACT INFECTION;PYELONEP,1
CELLULITIS ULCERS,1
HEMOPHILIA,1
STATUS EPELEPTICUS,1
SKULL METASTASIS/SDA,1
CARDIAC ARREST;GI BLEED,1
DISSECTING ABDOMINAL AORTIC ANEURYSM,1
HYPERTENSION;RENAL ARTERY ARTHEROSCLEROSIS\AORTIC FENESTRATION & ANGIOGRAM W/BILATERAL RENAL STENT,1
HEMOPTYSIS;GASTROINTESTINAL BLEED,1
RESPIRATORY FAILURE/EFFUSION,1
CEREBRAL AVM,1
SEPSIS LIKELY LINE INFECTION,1
CHEST PAIN;PNA,1
? PNA INFILTRATE,1
SMALL BOWELL OBSTRUCTION/UTI,1
"CORONARY ARTERY DISEASE\CORONARY ARTERY BYPASS GRAFT, RE-DO;THORACOTOMY; LEFT; ? OFF PUMP/SDA",1
POST OP STERNAL WOUND,1
"L. HP FRACTURE AOTIC STENOSIS, SHINGLES",1
NECROTIC TOES AND ULCERS,1
INFECTED LEG;SEPSIS,1
"EPIGASTRIC PAIN,R/O MI",1
AORTIC STENOSIS 3VD\CORONARY ARTERY BYPASS GRAFT;BENTALL PROCEDURE; ? HOMOGRAFT,1
SEIZURE;ALCOHOL WITHDRAWAL;TELEMETRY,1
SKULL FRACTURE; IPH,1
ACUTE LEUKEMIC CRISIS,1
CONGESTIVE HEART FAILURE\R HEART CATH WITH SWAN PLACEMENT,1
COMM ACQUIRED VS ASPIRATION PNEUMONIA,1
PULMONARY EMBOLIS;SUPER VENTRICULAR TACHYCARDIA,1
ACUTE MYOCARDIAL INFARCTION; S/P FALL,1
TRACHEOBRONCHIAL FISTULA,1
PNEUMONIA;HYPOGLYCEMIA;GASTROINTESTINAL BLEED;SYNCOPE;TELEMETRY,1
QUESTION OF SAH,1
VENTRICULAR TACHYCARDIA\EP STUDY + ABLATION,1
CHIARIN I MALFORMATION/SDA,1
ASTHMA; WOLFRAM DISEASE,1
METASTATIC RENAL CELL CANCER,1
COLON CANCER;SEPTIC,1
PNEUMONIA;MENTAL STATUS CHANGE,1
OPEN DISTAL ULNAR FRACTURE,1
ABDOMINAL PAIM,1
"ABDOMINAL PAIN,?SEPSIS",1
FACIAL FRACTOR/SDA,1
ST SEGMENT ELEVATION MYOCARDIAL INFARCTION;VENTRICULAR SEPTAL DEFECT;RIGHT TO LEFT SHUNT\CARDIAC CATHETERIZATION,1
"CHANGE IN MENTAL STATUS, HYPOTENSION,BRADYCARDIA",1
FAILED TOTAL HIP RIGHT/SDA,1
FEVER-LINE SEPSIS,1
MI/CARDIAC ARREST\LEFT HEART CATHETERIZATION,1
INTRACRANIAL HEMORRHAGE;ALTERED MENTAL STATUS,1
ELEVATER CREATININE;S/P KIDNEY TRANSPLANT,1
S/P TWELVE FOOT FALL,1
DEEP VEIN THROMBUS;HYPERTENSION;CHRONIC OBST PULM DISEASE;,1
CORONARY ARTERY DISEASE\ANGIOPLASTY;STENT PLACEMENT,1
MITRAL REGURGITATION\MITRAL VALVE REPLACEMENT; MAZE; LEFT ATRIAL APPENDAGE/SDA,1
ANEURSYM HEAD,1
CAVERNOUS SINUS THROMBOSIS,1
LIVER LACERATION;S/P MOTOR VEHICLE ACCIDENT,1
S/P LAP CHOLE WITH LEAK,1
CAROTID STENISIS\RELOOK CAROTID ANGIOGRAM,1
ANAL CANCER,1
PULMONARY ALVEOLAR PROTEINOSIS\ LUNG LAVAGE BILATERAL HOLES,1
HEADACHE;FEVER,1
"SKULL FRACTURE,INTRACRANIAL HEMORRHAGE",1
THYRIOD GOITER/SDA,1
SAGITAL SINUS THROMBOSIS,1
HEADACHE-SEIZURES-R/O SHEEHAN SYNDROME,1
HYPOTENSION;BRADYCARDIA;TELEMETRY,1
DYSPNEA;S/P EGD,1
TIA\PATENT FORAMEN OVALE /SDA,1
ARDS;PNEUMONIA,1
HYPOXIA;CELLULITIS,1
PLEURAL EFFUSION;MEDIASTINAL MASS,1
RECURRENT CAROTID STENOSIS;RIGHT ANGIOGRAM,1
RIGHT UPPER LOBE MASSES/SDA,1
LEFT  FOOT CELLULITIS,1
AORTIC STENOSIS;CORONARY ARTERY DISEASE\LEFT HEART CATH,1
ARTERIAL CLOT,1
VOMITING;FEVER UNKNOWN ORIGEN;HIV,1
PERIPHERAL VASCULAR DS,1
GBS,1
INTRACRANIAL HEMORRHAGE;RUPTURED ANEURYSM,1
L2 FRACTURE/SDA,1
EXERTIONAL CHEST PAIN;MYOCARDIAL ISCHEMIA\LEFT HEART CATHERTERIZATION,1
MYOCARDIAL INFARCTION;+ETT\CATH,1
HIV,1
S/P SPLEENECTOMY,1
"MULTIPLE FRACTURES,FRONTAL CONTUSIONS",1
ACUTE CORONARUY SYNDROME,1
UNSTABLE ANGINA;MITRAL REGURGITATION\CATH,1
HEAD MASS;SEIZURES,1
TRAUMA;INTUBATION,1
NON-ST SEGMENT ELEVATION MYOCARDIAL INFARCTION;PERIPHERAL VASCULAR DISEASE;ISCHEMIA\CARDIAC CATH,1
"NAUSEA,VOMITING,DEHYDRATION",1
AORTIC STENOSIS\AORTIC VALVE REPLACEMENT; ? ACENDING AORTA PROCEDURE   /SDA,1
FEVER;ANEMIA,1
CHF/PNA,1
RIGHT FRONTAL CONTUSION,1
DYSPNEA ON EXERTION-CHROMIC RENAL INSUFFICIENCY,1
AORTIC STENOSIS & CAD\CORONARY ARTERY BYPASS GRAFT WITH AVR /SDA,1
AORTIC STENOSIS\AORTIC VALVE REPLACEMENT; ACENDING AORTA PROCEDURE /SDA,1
PERICARDITITIS,1
METISTATIC LEIOMYOSARCOMA,1
PNEUMONIA-BOOP,1
HYPOTHERMIA;SUBARACHNOID HEMATOMA,1
LOW URINE OUTPUT,1
VOCAL PARALYSIS\LARYNGOSCOPY MICRO SUSPENSION; W/CO2 LASER,1
INTESTINAL FISTULA,1
LEFT ADRENAL NEOPLASM/SDA,1
OCCIPITAL TUMOR/SDA,1
LEG PAIN FROM LYTIC LESIONS,1
OSTEONECROSIS LEFT MAXILLA/SDA,1
LEG CELLULITIS;SPINAL MUSCULAR ATROPHY,1
VESICLE VAGINAL FISTULA/SDA,1
DIABETES;ACUTE PANCREATITIS;RENAL FAILURE,1
CONGESTIVE HEART FAILURE;HYOTHYROIDISM,1
SPINAL LESION/SDA,1
ABNORMAL EEG,1
NEW ONSET SEIZURE,1
RENAL ABSCESS,1
ABDOMINAL PAIN S/P MVC,1
ACUTE ONSET CHF\CATH,1
ESOPHAGUS FOOD BOLUS,1
STABBING;SKULL FRACTURE,1
NEW DIAGNOSIS LEUKEMIA,1
ACUTE CORONARY SYNDROME;PNEUMONIA;INFLUENZA,1
BRAIN TUMOR RIGHT/SDA,1
RULE-OUT MYOCARDIAL INFARCTION;TELEMETRY;PVD,1
STENOSIS\BILATERAL CAROTID ANGIOGRAM,1
ESOPHAGUS CANCER/SDA,1
COLON CANCER;BOWEL OBSTRUCTION,1
"S/P KIDNEY TX,ARF,RESP DISTRESS",1
CORONARY ARTERY DISEASE;TRANSIENT ISCHEMIC ATTACK,1
CHEST PAIN;PRIOR MYOCARDIAL INFARCTION\CARDIAC CATH,1
HYPERCALEMIA,1
CONGESTIVE HEART FAILURE; ATRIAL FIBRILLATION; S/P CVA\BIVENTRICULAR ICD IMPLANTATION/SDA,1
PLEURAL EFFUSION; AIRWAY TUMOR,1
LEFT LEG ISCHEMIA; CHF,1
CORONARY ARTERY DISEASE;TIA,1
RIGHT HIP FRACTURE S/P FALL,1
ESOPHAGEAL CA/SDA\ESOPHAGOGASTRECTOMY LAPAROSCOPIC ,1
CORONARY ARTERY DISEASE\ TOTAL ARCH REPLACEMENT; BENTAL PROCEDURE/SDA,1
TONSIL HYPERTROPHY,1
HYPERTENSION;JAUNDICE,1
RIGHT  SUBCLAVIAN ANEURYSM/SDA,1
PULMONARY EDEMA; S/P MI/CARDIAC CATHERIZATION,1
PERFERATED CECUM/SDA,1
TRACHEAL INJURY,1
BABEIOSIS,1
HEART BLOCK; UTI,1
"CHEST PAIN,HYPERTENSION",1
ASPIRATION SEIZURE,1
GUIANNE BARRE SYNDROME,1
FEVER;NEUTOPENIA,1
PRE OP LIVER,1
CORONARY ARTERY DISEASE\CORONARY ARTERY BYPASS GRAFT W/ ? MVR/SDA,1
LOWER GASTROINTESTIAL BLEED,1
PERICARDIAL EFFUSION;ATRIAL FIBRILLATION\PERICARDIOCENTESIS,1
RIGHT LEG REST PAIN/SDA,1
ANTERIOR NECK INJURY,1
"UROSEPSIS,PNEUMONIA,R/O MI",1
ANGINA;CONGESTIVE HEART FAILURE;MULTIPLE PULMONARY EMBOLI\CARDIAC CATH,1
ABDOMINAL PAIN;SHORTNESS OF BREATH,1
"INTRACRANIAL HEMORRHAGE,MENINGITIS",1
CONGESTIVE HEART FAILURE;KIDNEY FAILURE;ATRIAL AND MITRAL VALVE DISEASE,1
LOWER EXTREMETY EDEMA,1
S/P FALL;RESPIRATORY FAILURE,1
CONGESTIVE HEART FAILURE;ATRIAL FIB,1
INTRACEREBRAL HEMMORHAGE,1
ETOH WITHDRAWAL;TELEMETRY,1
NON ST ELEVATION MYOICARDIAL INFARCTION\CATH,1
AF/HYPOTENSION,1
AAA\RESECTION ANEURYSM THORACIC DESCENDING ,1
CLAUDICATION\L LEG ANGIO ? SFA STENT,1
INFECTED LEFT FOOT;DIABETES MELLITUS,1
UNSTABLE ANGINA\CATH WITH BRACHY S/B,1
IMPLANTABLE CARDIAC DEFIBRILLATOR LEAD MALFUNCTION\IMPLANTABLE CARDIAC DEFIBRILLATOR LEAD PLACEMENT\REVISION,1
ACUTE RENAL FAILURE; HYPOGLYCEMIA,1
SEVERE PANCREATITIS,1
PERIRENAL BLEED HEMATOMA,1
"FEVER, LIKELY LINE SEPSIS",1
CHEST PAIN;BOWEL OBSTRUCTION;ACUTE RENAL FAILURE,1
ABDOMINAL PAIN; HYPOTENSION,1
HAND EMBOLI;THROMBOS GRAFT,1
DISC HERNIATION,1
BACK/FLANK PAIN,1
AORTIC STENOSIS\AORTIC AND MITRAL VALVE REPLACEMENT; ATRIAL MYXOMA REMOVAL;  BENTAL PROCEDURE; ? OF A MAZE/SDA,1
DESCENDING DISSECTING AORTIC ANEURYSM,1
MUTIPLE RIB FRACTURE;RIGHT CLAVICLE FRACTURE;HEMOTHORAX;PNEUMOTHORAX,1
S/P MOTOR VEHICLE ACCIDENT-RT ARM WEAKNESS,1
ALTERED MENTAL STATUS;INTOXICATION,1
DIABETIC KETOACIDOSIS; ACUTE RENAL FAILURE,1
HYPOTENSION;RULE OUT SEPSIS,1
ABDOMINAL PAIN;PORTAL VEIN THROMBOSIS,1
LIVER FAILURE TRANSPLANT,1
UNISOM OVERDOSE,1
HEMORHAGE,1
PULMONARY EMBOLI;HYPOXIA,1
CERREBRAL HEMMORHAGE,1
INFECTED KIDNEY STONE,1
INFECTED BACK WOUND,1
MITRAL REGURGITATION\ MITRAL VALVE REPLACEMENT HEART PORT MINIMALLY INVASIVE/SDA,1
CROHN'S; PERFORATION,1
EXPLORATORY LAPORATOMY/? BOWEL PROLAPSE,1
LEFT CAROTID BODY TUMOR/SDA\ CAROTID ANGIOGRAM; ? WITH EMBOLIZATON,1
MR; CAD\CORONARY ARTERY BYPASS GRAFT;MITRAL VALVE REPLACEMENT/SDA,1
HYPOTENSION;HYPOTHERMIA,1
SHORTNESS OF BREATH;CHRONIC OBST PULM DISEASE;CHF EXACERBATION,1
BASILAR SKULL FRACTURE;TELEMETRY,1
"PREOP HEPARIN/ AORTIC VALVE REPLACEMENT\AORTIC VALVE REPLACEMENT, RE-DO",1
SMALL BOWEL OBSTRUCTION;FISTULA,1
AIRWAY OBSTRUCTION\ BRONCHOSCOPY WITH STENT,1
SUBARACHNOID HEMORRHAGE-HEAD INJURY,1
S/P FALL;CERVICAL SPIN FRACTURE,1
SPINE INFECTION,1
ST ELEVATED MYOCRDIAL INFARCT\CARDIAC CATH,1
BRANCHIAL STENOSIS,1
ANEMIA;GASTROINTESTINAL BLEED,1
BILE LEAK FROM BILIARY DRAIN,1
PACEMAKER FAILURE; TEMPORARY PACING WIRE,1
SUBBARACHNOID HEMORRHAGE/SDA,1
AORTIC STENOSIS\CORONARY ARTERY BYPASS GRAFT WITH AVR  ? ASCENDING AORTA; ? BENTAL PROCEDURE /SDA,1
POLYSUBSTANCE INGESTION,1
BACK PAIN R/O CORD COMPRESSION,1
CHEST SARCOMA/SDA,1
R.U.Q. PAIN,1
CHEST PAIN;CARDIOMYOPATHY\CARDIAC CATH,1
MULTIPLE MYELOMA;RESPIRATORY FAILURE,1
CHEST PAIN;MITRAL REGURGITATION;ELEVATED CREATININE\CATH,1
CHEST PAIN MYOCARDIAL INFARCTION,1
HYPOTENSION;POST DIALYSIS,1
ALTERED MENTAL STATUS;SEIZURE,1
MOTOR VEHICLE ACCIDENT\INJURIES;HEAD INJURY,1
AIRWAY OBSTRUCTION\ BRONCHOSCOPY RIGID,1
BLUNT TRAUMA;PELVIC FRACTURE,1
INTUBATION,1
SQUAMOUS CELL CANCER OF THE HEAD AND NECK,1
ANTERIOR MI;TELEMETRY,1
MITRAL INSUFFICIENCY\CORONARY ARTERY BYPASS GRAFT WITH MVR ,1
PANCREATIC COLONIC FISTULA,1
URINARY TRACT INFECTION;RESPIRATORY FAILURE,1
LOW O2 SATURATION;ACUTE MYELOID LEUKEMIA,1
ANEURYSM;TELEMETRY,1
SEVERE PES;PLANOVALGUS RIGHT FOOT/SDA,1
LYSIS ADHESIONS/SDA,1
"SEIZURE, DT'S",1
RHABDO COMPARTMENT SYNDROME,1
THORACIC AORTIC ANEURYSM\RESECTION ANEURYSM THORACIC/SDA,1
POST INFARCT ANGINA\CATH,1
PANCREATIC DUODENAL ANEURYSM,1
PERICARDIAL ABSCESS,1
AORTIC STENOSIS\AORTIC VALVE REPLACEMENT;REPLACMENT ASCENDING AORTA /SDA,1
OBTUNDED,1
PULMONARY ARTERY STENOSIS\ PULMONARY ARTERY RESECTION AND REPAIR/SDA,1
AORTIC STANOSIS\CORONARY ARTERY BYPASS GRAFT WITH AVR /SDA,1
HYPOTENSION;RULE-OUT MYOCARDIAL INFARCTION,1
ETOH WITHDRAWAL;HYPOMAGNESIUM,1
"CACHEXIA,HYPOXIA",1
DIABETIC KETOACIDOSIS; TTI/PYELONEPHRITIS,1
RULE OUT CORONARY ARTERY DISEASE;CARDIAC ISCHEMIA\LEFT HEART CATHETERIZATION,1
PELVIC TUMOR/SDA,1
INFECTION OF THE SPINAL STIMULATOR;CELLULITIS,1
AGITATION AND GIB,1
LUNG CANCER;NAUSEA;VOMITING,1
METASTATIC CANCER;UNKOWN PRIMARY,1
MYOCARDIAL INFARCTION;V-FIB ARREST,1
SCOLIOSIS,1
"DKA, UROSEPSIS",1
METASTATIC DISEASE TO MENINGES,1
"TRAUMA,INTER CRANIAL HEMORRHAGE",1
RESPIRATORY DISTRESS; PNEUMONIA,1
ENDOCARDITIS\MITRAL VALVE REPLACEMENT /SDA,1
TOXIC MEGACOLON;TELEMETRY,1
ICD LEAD FRACTURE\LEAD REVISION,1
OPIATE INTOXICATION,1
"RESPIRATORY FAILURE,UROSEPSIS",1
AKTERED MENTAL STATUS,1
"ACUTE CORONARY SYNDROME,CHF",1
R/O HEAT STROKE,1
PACEMAKER INSTALLATION\ LEFT VENTRICULAR LEAD PLACEMENT/SDA,1
WIDE COMPLEX TACYCARDIA,1
CAD FOR BALLOON,1
NEW CVA; ESRD,1
CAB,1
FACIAL TRAUMA;S/P FALL,1
FEMUR,1
GI BLEED ,1
SUPRAGLOTTIC MASS/SDA,1
ATRIAL FIBUATION\PERICARDIECTOMY; POSSIBLE MAZE  /SDA,1
? ESOPHAGEAL FB; POSS MEDIASTINITIS,1
UIT;RESPIRATORY FAILURE,1
NOT RESPONSIVE,1
CHEST PAIN;R/O MI,1
PRESYCOPE;RULE-OUT MYOCARDIAL INFARCTION;TELEMETRY,1
S/P TRAUMA-PNEUMOTHORAX,1
RIGHT LOWER LOBE COLLAPSE;SHORTNESS OF BREATH,1
AORTIC STENOSIS\AVR; ? CORONARY ARTERY BYPASS GRAFT WITH /SDA,1
POST OBSTRUCTIVE RENAL FAILURE,1
HYPEREGLYCEMIA,1
CAROLID STENOSIS,1
HIGH LFTS;R/O TRANSPLANT REJECTION,1
AORTIC STENOSIS;ATRIAL FLUTTER,1
ACUTE  RENAL FAILURE,1
FACIAL FRACTURE;TRACH;S/P MOTOR VEHICLE ACCIDENT,1
BILRUBINEMIA,1
LEFT TEMPORAL BRAIN MASS/SDA,1
LIVER FAILURE-RENAL FAILURE,1
CORONARY ARTERY DISEASE;CHEST PAIN\ASPIRIN DESENSITIZATION/3/31 CARDIAC CATH,1
R/O MYOCARDIAL INFARCTION-SYNCOPE,1
CENTRAL MAGLINANT AIRWAY OBSTRUCTION,1
CHRONIC DISLOCATION RIGHT HIP/SDA,1
ST ELEVETAED MYOCARDIAL INFARCTION\CARDIAC CATH,1
AORTIC STENOSIS/AORTIC VALVE REPLACEMENT;MINIMALLY INVASIVE/SDA,1
ACUTE RENAL FAILURE;CHANGE IN MENTAL STATUS,1
ACUTE RENAL FAILURE;HYPERTENSION,1
"CHF, AFIB",1
DIABETES;KETOACIDOSIS,1
"STROKE,MI",1
S/P MOTOR VEHICLE ACCIDENT-HEAD TRAUMA,1
SEPSIS;LEFT FOOT ULCER,1
VP SHUNT MALFUNCTION,1
MYASTHENIC GRAVIS,1
SCALP LACERATION;RESPIRATORY FAILURE,1
FOLLOW-UP EYE EXAM,1
INTRACANIAL HEMORRHAGE,1
CONGESTIVE HEART FAILURE;AORTIC STENOSIS\CATH,1
PATHOLOGIC FRACTURE OF MANDIBLE/SDA,1
STOMACH INFECTION;RESPIRATORY FAILURE,1
FAILED RIGHT TOTAL HIP REPLACEMENT/SDA,1
MITRAL DISORDER\MITRAL VALVE REPLACEMENT ? CORONARY ARTERY BYPASS GRAFT ,1
AFLUTTER\EP STUDY,1
PRE-SYNCOPE,1
MITRAL REGURGITATION\REDO STENOTOMY/MITRAL VALVE REPAIR; ? TRICUSPID REPAIR; ? CORONARY ARTERY BYPASS GRAFT,1
AORTIC STENOSIS\AORTIC VALVE REPLACEMENT REDO; ? CORONARY ARTERY BYPASS GRAFT /SDA,1
SEIZURES;OVARIAN CARCINOMA,1
CHIARI I MALFORMATION/SDA,1
PNEUMOTHORAX-FRACTURED RIBS,1
INTER PARANCHMAL HEMORRHAGE,1
 CORONARY ARTERY DISEASE & MITRAL REGURGITATION\ CORONARY ARTERY BYPASS GRAFT W/MVR/SDA,1
LOWER GI BLEEED,1
AORTIC VALVE INSUFFICIENCY\AVR;? BENTAL PROCEDURE /SDA,1
"PERICARDIAL EFFUSION,SEPSIS",1
MITRAL REGURGITATION\MITRAL VALVE REPLACEMENT/REPAIR HEART PORT MINIMALLY INVASIVE VS STERNOTOMY/SDA,1
CONGESTIVE HEART FAILURE\EPICARDIAL LEFT VENTRICULAR LEAD PLACEMNT /SDA,1
MITRAL VALVE DISORDER \MITRAL VALVE REPLACEMENT; TRICUSPID VALVE REPLACEMENT; REDO STERNOTOMY/SDA,1
RAPID  AFIB;UTI,1
"DKA, SEPSIS",1
SHORTNESS OF BREATH;HYPOXIA;TELEMETRY,1
PLEURAL EFFUSION-CHEST PAIN,1
UNSTABLE ANGINA;GASTROINTESTINAL BLEED;TELEMETRY,1
ALCOHOL WITHDRAWAL;HYPONATREMIA,1
UROSEPSIS;RESPIRATORY DISTRESS,1
CHF\ AORTIC VALVE & MITRAL VALVE REPLACEMENT/SDA,1
RENAL FAILURE; RESPIRATORY FAILURE,1
ANEMIA-ACUTE RENAL FAILURE,1
NAUSEA;VOMITING;JAUNDICE,1
"RECTAL CARCINOMA, DISTAL/SDA",1
"LUNG CANCER,NAUSEA,VOMITING",1
MASTOIDITIS. R. FACIAL MASS,1
AORTIC STENOSIS\AORTIC AND MITRAL VALVE REPLACEMENT ? MAZE,1
CEREBRAL ANEURYSM;FIBROMUSCULAR DYSPLASIA/SDA,1
FACIAL FX;MOTOR VEHICLE ACCIDENT,1
CHIARI MALFORMATION SYRINGOMYELIA/SDA,1
RUE INFECTION,1
HIGH WBC;TELEMETRY,1
CHOKING/RESPIRATORY ARREST,1
CONGESTIVE HEART FAILURE\RIGHT HEART CATH;SWAN LINE,1
TRIGEMINAL NEURALGIA RIGHT SIDE/SDA,1
AORTIC  MASS\ ATRIAL MYXOMA REMOVAL; EXCISION AORTIC MASS/SDA,1
COMPLATE HEART BLOCK;SEPSIS;TRICUSPID VEGETETION\EPICARDIAL PACEMAKER IMPLANT,1
MENTAL STATUS CHANGES-DECREASED SATS,1
CAROTID STENOSIS;CORONARY ARTERY DISEASE\CAROTID ANGIOGRAM;CATH,1
S/P ARREST;COPD FLARE,1
UPPER GASTROINTESTINAL BLEED;PNEUMONIA,1
PUMONARY NODULES/SDA,1
CONGESTIVE HEART FAILURE;COMPLETE HEART BLOCK;ATRIAL FIBRILLATION\BIVENTRICULAR PACEMAKERIMPLANT/SDA,1
PEERFORATION,1
OPEN WOUND OF CHEST/SDA,1
DEHYDRATION;RENAL FAILURE;HYPO MASS,1
BILIARY CIRRHOSIS;RULE OUT TUBERCULOSIS,1
METASTATIC LYMPHOMA,1
C1-2 INSTABILITY/SDA,1
ANXIETY,1
HYPERTENBSIVE EMERGENCY,1
MELANOTIC STOOL,1
LEG PAIN;ELEVATED CREATININE,1
SPINAL CORD INJURY;NSTEMI,1
"SEVERE HYPERTENSION,PAIN CONTROL,PRESSURE CONTROL",1
"SESIS,EMPYEMA",1
CHF\STATUS POST MITRAL VALVE REGURGITATION,1
DYSPNEA\RIGHT + LEFT HEART CATH ,1
SYNCOPE-INTRACRANIAL BLEED,1
STRIDOR/SDA,1
PLEURAL EFFUSION;ELEVATED BILIRUBIN,1
CONGESTIVE HEART FAILURE EXACERBATION;ACUTE CORONARY SYNDROME,1
A/P ARREST,1
LIVER & RENAL FAILURE-CHOLANGITIS,1
SEIZURE;URINARY TRACT INFECTION,1
DYSPNEA\CATH,1
BRAIN TUMOR;HYPERNATREMIA;ALTERED MENTAL STATUS,1
PROFOUND DEHYDRATION,1
SUPAGLOTLITIS,1
ICD POCKET INFECTION AND LEAD REVISION\LEAD REVISION ,1
POSTPARTUM CARDIOMYOPATHY;TELEMETRY,1
ENCEPHELITIS,1
AIRWAY OBSTRUCTION-STERNAL INFECTION,1
AORTIC STENOSIS\ AORTIC VALVE REPLACEMEMT MINIMALLY INVASIVE,1
? RHABDOMYLSIS,1
"CHANGE IN MENTAL STATUS,HYPERTENSIVE URGENCY",1
PANCREATIC CANCER;FEBRILE NEUTROPENIA,1
RIGHT CHEST WALL MASS/SDA,1
AIRWAY OBSTRUCTION/SDA\ BRONCHOSCOPY WITH STENT ,1
NAUSEA W\VOMITING;GASTROINTESTINAL BLEED,1
GASTROINTESTINAL BLEED;COPD EXACERBATION,1
PLEURAL EFFUSION;RENAL FAILURE,1
BRAIN MASS;INTRACRANIAL HEMORRHAGE,1
REVASCULARZATION OF LEFT ARM,1
POLYSUBSTANCE AABUSE,1
RIGHT LOWER LOBE;LARGE VOCAL CORD MASSES,1
ADENO CARCINOMA OF STOMACH/SDA,1
MENTAL STUATUS CHANGE RULE-OUT EPIDURAL ABCESS,1
BENIGN COLON TUMOR/SDA,1
LEFT FACIAL TUMOR/SDA,1
HYPOTENSION;ESLD,1
ANGINA;NEW EKG CHANGES\CARDIAC CATH,1
CHEST PAIN; NON-Q WAVE MI,1
IDIOPATHIC HYPERTROPHIC SUBAORTIC STENOSIS; VENTRICULAR FIBRILLATION\RIGHT VENTRICULAR LEAD EXTRACTION AND REPLACEMENT/SDA,1
RT UPPER EXTREMITY SWELLING,1
ASTHMA/COPD/EXACERBATION,1
ITRAPERITONEAL BLEED,1
"AORTIC VALVE INSUFFICENCY\BENTAL PROCEDURE, ? VALVE SPARING ROOT REPLACEMENT/SDA",1
PNEUMONIA;RAPID AF;HYPOXIA,1
ST ELEVATION MYOCARDIAL INFARCTION\CARDIAC CATHETERIZATION,1
CORONARY ARTERY DISEASE\CORONARY ARTERY BYPASS GRAFT; MYOMECTOMY/SDA,1
C-SPINE FRACTURES,1
ST SEGMENT ELEVATION MYOCARDIAL INFARCTION,1
FACIAL TRAUMA;S/P PEDESTRIAN STRUCK,1
TYLENOL OVERDOSE;ALTERED MENTAL STATUS,1
CHEST PAIN;MYOCARDIAL ISCHEMIA\CARDIAC CATH,1
ACUTE RENAL FAILRUE,1
MITRAL VALVE DISORDER\CORONARY ARTERY BYPASS GRAFT WITH MVR /SDA,1
LEFT IJ CLOT,1
PULMONARY EMBOLISM\THROMBECTOMY,1
LYMPHOMA\CHEMOTHERAPY/ICE,1
LEFT COMPRESSION FRACTURE,1
RETROPHARYNGEAL PHLEGMON\TELEMETRY,1
PELVIC FRACTURE;RETROPERITONEAL BLEED,1
COMMON BILE DUCT OBSTRUCTION;PNEUMONIA,1
?ESOPHAGEAL FB,1
PERICARDIAL AND PLEURAL EFFUSION,1
ATRIAL FIBRILLATION;DYSPNEA,1
ACUTE HEPATIC FAILURE,1
MITRAL REGURGITATION\MITRAL VALVE REPAIR VS REPLACEMENT;CONMANINT MAZE/SDA,1
CLAUDICATION\BILATERAL LOWER EXTREMITY ANGIOGRAM,1
RIGHT WRIST FRACTURE;S/P FALL,1
DELERIUM TREMOR,1
SEAZURES;CVA,1
RESPIRATORY FAILURE;TRACHEAL STENOSIS,1
THORACIC ARTERY ANEURYSM/SDA,1
SPINAL MENINGIOMA/SDA,1
ASTHMA;CHRONIC OBSTRUCTIVE PULMONARY DISEASE,1
ABDOMINAL PAIN-ETOH WITHDRAWAL,1
ENCEPHLOPATHIC;RIGHT PLEURAL EFFUSION;ASCITIES,1
SPINAL EPIDURAL ABCESS,1
UNSTABLE ANGINA;CORONARY ARTERY DISEASE\ANGIOPLASTY WITH STENT,1
MYOCARDIAL INFARCTION;STROKE,1
HYPOKALEMIMA,1
VFIB,1
CONGESTIVE HEART FAILURE;NON ST ELEVATION MI;RESPIRATORY DISTRESS,1
INRESPONSIVE-LIVER FAILURE,1
CEREBROVASCULAR ACCIDENT;PNEUMONIA,1
AORTIC STENOSIS\ BENTAL PROCEDURE W/MECHANICAL VALVE/SDA,1
LUNG NODLE/SDA,1
MITRAL STENOSIS\MITRAL VALVE REPAIR; TRICUSPID VALVE REPAIR; REDO STERNOTOMY; MAZE   ,1
ANEMIA;ACUTE RENAL FAILURE;TELEMETRY,1
UROSEPSIS-HYPOTENSION,1
MR\CORONARY ARTERY BYPASS GRAFT WITH MVR /SDA,1
? SEIZURE,1
AIRWAY OBSTRUCTION\FLEXIBLE BRONCHOSCOPY; RADIAL ENDOBRONCHIAL ULTRASOUND (EBUS); BRONCHIAL AVEOLAR LAVAGE/ BRUSH; POSSIBLE TRANSBRONCHIAL BIOPSY ( LEFT UPPER LOBE); FLUOROSCOPY ,1
CECUM POLYP/SDA,1
SEPTIC MENINGITIS,1
S/P MOTOR VEHICLE ACCIDENT WITH INJURIES;RIGHT FEMUR HEAD FRACTURE;DISLOCATION,1
CVA;HYPOTENSION,1
FACIAL MASS RIGHT,1
ASTHMA FLARE;PNEUMONIA,1
RECURRENT MENINGIOMA/SDA,1
VENTRICULAR TCHYCARDIA,1
"RESPIRATORY FAILURE,GI BLEED",1
MULTIPLE PULMONARY MBOLI,1
CARDIOMYOPATHY\LEAD EXTRACTION;BIVENTRICULAR ICD IMPLANT,1
NON ST ELEVATION MYOCARDIAL INFARCTION/CATH,1
PNEUMONIA; SEPSIS; POSSIBLE CHF,1
ARF,1
FEVER;PANCYTOPENIA;CHRONIC LYMPHOCYTIC LEUKEMIA,1
SHORTNESS OF BREATH;HYPERKALEMIA;TELEMETRY,1
ENCEPHALOPATHY;SEPTIC SHOCK,1
ISCHEMIA LEFT TOE,1
AORTIC VALVE DISORDER\REDO AVR ? BENTAL PROCEDURE /SDA,1
MANDIBULAR MASS,1
S/P MOTOR VEHICLE ACCIDENT; SUBARACHNOID HEMORRHAGE; C2 FRACTURE,1
MITRAL DISORDER\MITRAL VALVE REPLACEMENT /SDA,1
CORONARY ARTERY DISEASE;CHF\BENTAL PROCEDURE  CORONARY ARTERY BYPASS GRAFT  AORTIC AND MITRAL VALVE REPLACEMENT /SDA,1
MITRAL REGURGITATION;TRICUSPID REGURGITATION;AORTIC INSUFFICIENCY\SWAN GANZ CATHETER PLACEMENT/SDA,1
DIZZINESS;RULE-OUT MYOCARDIAL INFARCTION;TELEMETRY,1
GILLIAM BARRE SYNDROME,1
EXERTIONAL CHEST PAIN\LEFT HEART CATH,1
"PNEUMONIA,SICKLE CELL DIZZENESS",1
ELEVATED BLOOD PRESSURE,1
POLYMORPHIC V TACH\CATH,1
SEIZURE;HYPONATREMIA,1
MITRAL STENOSIS\MITRAL VALVE REPAIR ? REPLACEMENT /SDA,1
PCA ANEURYSM/SDA,1
S/P FALL;HEAD LACERATION,1
ANEMIA;OBSTRUCTING COMMON BILE DUCT,1
"FEVER,ABD PAIN",1
"PNEUMONIA,TACHYCARDIA",1
NECK INFECTION,1
RIGHT ANTERIOR CEREBRAL ARTERY STROKE,1
R/O MI N/V,1
RIGHT ANKLE FRACTURE-NECROSIS,1
AORTIC STENOSIS\AORTIC AND MITRAL VALVE REPLACEMENT  ? CORONARY ARTERY BYPASS GRAFT ,1
BLEEDING FROM DIALYSIS CATHETER,1
ALLERGIC/ANAPHYLACTIC REACTION,1
BILATERAL HIP FRACTURES,1
OVERMEDICATED,1
MITRAL VALVE INSUFFICENCY\MITRAL VALVE REPLACEMENT;?TRICOUSTID VALVE REPLACEMENT/SDA,1
HYDRATION;DROP IN HEMACRIT,1
T SPINE FRACTURE,1
"LEG ULCER,END STAGE RENAL DISEASE,DIABETES",1
"CHF,FEVER",1
GROIN CELLULITIS,1
LUNG ABSCESS;FAILURE TO THRIVE,1
METASTATIC LUNG CANCER LEFT/SDA,1
S/P PULSELESS ELECTRICAL ACTIVITY; R/O MI,1
NON ISCHEMIC IDIOPATHIC CARDIOMYOPATHY,1
R/O UROSEPSIS,1
INCREASED INTRAOCULAR PRESSURES,1
AORTIC VALVE INSUFFICIENCY\AORTIC VALVE /? ASCENDING AORTA REPLACEMENT /SDA,1
CORONARY ARTERY DISEASE\CORONARY ARTERY BYPASS GRAFT; REPAIR ATRIAL SEPTAL DEFECT /SDA,1
GASTRIC MASS,1
"HIP FRACTURE,R/O MI",1
PNEUMOTHORAX; PULMONARY CONTUSION,1
S/P JET SKI ACCIDENT,1
SECONDARY MALIGNANT NEOPLASM OF BONE AND BONE MARROW/SDA,1
"SHORTNESS OF BREATH,LUNG CANCER",1
LEFT SHOULDER ROTATOR CUFF TEAR/SDA,1
ACUTE SUBDURAL HEMATOMA;SUBARACHNOID HEMORRHAGE;SKULL FX,1
INFECTED L BKA STUMP,1
CERVICAL OSTEOMYELITIS AND NON UNION/SDA,1
LEFT MAIN ARTERY DISEASE,1
MITRAL VALVE DISORDER\MITRAL VALVE REPLACEMENT; ? AORTIC VALVE REPLACEMENT/SDA,1
CORONARY ARTERY DISEASE;MITRAL STENOSIS,1
SMALL BOWEL OBSTRUCTION;CHRONIC OBST PULM DISEASE,1
STE MI\CATH,1
LEFT HUMERUS FRACTURE/SDA,1
THORACIC ANEURYSM WITHOUT RUPTURE\AORTIC VALVE REPLACEMENT /SDA,1
RECURRENT CHEST PAIN;DYSPNEA ON EXERTION;CORONARY ARTERY DISEASE\CARDIAC CATHETERIZATION,1
SYMPTOMATIC FIBROIDS UTERUS/SDA,1
BRADYCARDIA;DIZZINESS,1
LUNG CANCER-AIRWAY OBSTRUCTION,1
"SEPSIS;TELEMETRY;FEVER,UNKNOWN ORIGIN",1
SEPSIS/CELLULITIS,1
ATRIAL SEPTIC DEFECT\REPAIR ATRIAL SEPTAL DEFECT;MINIMALLY INVASIVE /SDA,1
?AORTIC DISSECTION,1
RIGHT LUNG TUMOR/SDA,1
STROKE;TELEMETRY;TRANSIENT ISCHEMIC ATTACK;SHINGLES,1
ANTERIOR MI\LEFT HEART CATH,1
PULMONARY INFUSION,1
CHOLANGIO CNACER,1
HYPERNATREMIA;HYPERGLYCEMIA,1
RO/MI,1
"STROKE,HEAD BLEED",1
SEVER AORTIC INSUFFICIENCY\AORTIC VALVE REPLACEMENT; PATENT FORAMEN CLOSURE; AORTIC ROOT REPLACEMENT /SDA,1
MITRAL VALVE LEAFLET\MITRAL VALVE REPLACEMENT MINIMALLY INVASIVE APPROACH/SDA,1
GI BLEED;SEPSIS,1
MITRAL STENOSIS\MITRAL VALVE REPLACEMENT; ? AORTIC VALVE REPLACEMENT,1
"PNEUMONIA, HYPOTENSION",1
"BACK PAIN,CANNOT AMBULATE",1
HYPONATREMIA;HYPOTHERMIA,1
CORONARY ARTERY DISEASE;CHEST PAIN\CORONARY ANGIOPLASTY (PTCA),1
VT;SYNCOPE,1
SEVERE AORTIC STENOSIS;CONGESTIVE HEART FAILURE\CATH/SDA,1
INTRACRANIAL HEMORRHAGE;RESPIRTORY FAILURE,1
BLEEDING GUMS,1
RIGHT COLON MASS;ASCITES,1
INFECTED ICD POCKET,1
?SMALL BOWEL OBSTRUCTION,1
EKG CHANGES;CHEST PAIN;PVD\CATH,1
CONGESTIVE HEART FAILURE\TRANSCATHETER AORTIC VALVE IMPLANT (TAVI) PERCUTANEOUS APPROACH   ** NO ASSESSMENT NEEDED **,1
SVC,1
VOCAL FOLD PARALYSIS,1
INFECTED AORTO BIFEM GRAFT/SDA,1
MESENTERIC ARTERY ISCHEMIA/SDA,1
AORTIC STENOSIS;MR\ AORTIC AND MITRAL VALVE; REPLACEMENT,1
? BRAIN TUMOR,1
RIGHT LOWER LOBE MASS/SDA,1
HEART FAILURE\BIVENTRICULAR PACEMAKER IMPLANT/SDA,1
CHEST STAB WOUNDS,1
CERVICAL STENOSIS; CHRONIC INFLAMMATORY DEMYELINATING POLYNEURITIS,1
HEADACHE; R/O SUBARACHNOID HEMORRHAGE,1
PNEUMOMEDIASTINUM,1
SYNCOPE\LEFT HEART CATHERTERIZTION,1
ELECTROCUTION,1
MALIGNANT PERICARDIAL EFFUSION\PERICARDIAL DRAINAGE AND WINDOW,1
ACUTE RENAL FAILURE;NEUTROPENIA,1
ASPIRATION PNEUMONIA; COLON CANCER,1
STEMI/CATH,1
VTAH;SOB,1
ATHEROSCLEROSIS WITH ULCER\RIGHT LOWER EXTREMITY ANGIOGRAM,1
ANUERYSM/SDA,1
ANEMIA JAUNDICE HEART FAILURE,1
CONGESTIVE HEART FAILURE;R/O MI,1
ASTHMA/ COPD EXACERBATION,1
PELVIC FRACTURE; ICH,1
THORACIC LESION/SDA,1
FLUID OVERLOAD;S/P KIDNEY TRANSPLANT,1
MALIGNANT PERICARDIAL EFFUSION,1
VENTRICULAR TACHYCARDIA/VENTRICULAT TACHYCARDIA ABLATION,1
CEREBELLUM MASS;ATAXIA,1
STROKE;HEPATIC ENCEPHALOPATHY,1
AORTIC VALVE DISORDER\AORTIC VALVE REPLACEMENT POSSIBLE CORONARY ARTERY BYPASS GRAFT /SDA,1
PSOAS ASSCESS,1
OCCLUDED RIGHT FEMORAL VEIN\ANGIOPLASTY; RIGHT FEMORAL/SDA,1
PAROXYMAL ATRIAL FIBRILLATION\ATRIOVENTRICULAR JUNCTION ABLATION/ATRIOVENTRICULAR NODE ABLATION,1
CONGESTIVE HEART FAILURE;METHICILLIN RESISTANT STAPH AUREUS,1
PERIPHERAL VASCULAR DISEASE; REST PAIN\RIGHT LOWER EXTREMITY ANGIOGRAM,1
CADAVER KIDNEY TRANSPLANT,1
ABDOMINAL AORTIC OCCLUSION,1
URINARY FREGUENCY/SDA,1
AORTIC VALVE INSUFFICIENCY\AORTIC VALVE / ASCENDING AORTA REPLACEMENT; ? BENTAL PROCEDURE /SDA,1
GASTROPARESIS;DIABETES MELLITUS,1
LEFT URETERAL OBSTRUCTION/SDA,1
LEFT RECURRENT SQUAMOUS CELL CARCINOMA LEFT EYEBROW & FRONTAL SCALP/SDA,1
AROMEGLEY;BURKITTS LYMPHOMA,1
CLOGGED DOBOFF,1
CONGESTIVE HEART FAILURE-ATRIAL FIBRILLATION,1
MALIGNANT MELANOMA; SEIZURES,1
CAROTID STENOSIS;SYNCOPAL EPISODES\LEFT INTERNAL CAROTID ARTERY ANGIOGRAM;STENT PLACEMENT,1
BRADYCARDIA;UTI,1
INFERIOR MYOCARIDL INFARCTION/CATH,1
THROMBOCYTOPENIA;SYNCOPE,1
MULTIPLE GUN SHOT WOUNDS,1
INFERIOR MI;TELEMETRY,1
RIGHT FRONTAL LESION/SDA,1
HYPOXIA/HYPERCAPNIA,1
"CHF, CHEST PAIN",1
ACUTE MYELOGENOUS LEUKEMIA\BONE MARROW TRANSPLANT,1
THORACO ABDOMINAL ANEURYSM\ THORACO ABDOMINAL ANEURYSM REPAIR,1
ASTHMA/COPF EXACERBATION,1
DRUG REFRACTORY ATRIAL FIBRILLATION\LEFT ATRIAL TACHYCARDIA ABLATION ? PVI **REMOTE WEST** /SDA,1
S/P KIDNEY TX,1
UROSEPSIS-ANEMIA-ACUTE RENAL FAILURE,1
PULMONARY HEMMORHAGE,1
CAROTID STENOSIS\R CARITID ANGIOGRAM AND STENT,1
OVERDOSE/ SUICIDIAL IDEATION,1
"MR\MITRAL VALVE REPLACEMENT REDO, ? MYOMECTOMY/SDA",1
PULMONARY INFILTRATES,1
AORTIC VALVE,1
SEPSIS;VOMITING;DIARRHEA,1
RULE OUT CORONARY ARTERY DISEASE;DEPRESSED LEFT VENTRICULAR FUNCTION\CARDIAC CATH RIGHT AND LEFT,1
TRAUMATIC LEFT ARM AMPUTATION,1
FEVER;RESPIRATORY DISTRESS,1
SLENIC LACERATION;TELEMETRY,1
INTRAVETEBRAL SUBARACHNOID BLEED,1
THORACIC AORTIC ANEURYSM WITHOUT RUPTURE\BENTAL PROCEDURE; VENTRAL SEPTAL DEFECT REPAIR; REPAIR PARTIAL ANOMALOUS PULMONARY VENOUS RETURN/SDA,1
PANCREATIC MASS\EUS,1
PERITONSILLAR PHELEGMON,1
"HYPOTENSION;FEVER,ETIOLOGY UNKNOWN",1
ALTERED MENTAL STATUS-HEAD BLEED,1
TRACHEALMALACEA\BRONCHOSCOPY RIGID;STENT REMOVAL/SDA,1
STATUS POST KIDNEY TRANSPLANT;ELEVATED CREATININE,1
OPEN WOUND CHEST,1
CORONARY ARTERY DISEASE;EXERCIONAL DYSPNEA\CATH,1
S/P FALL;FACIAL FRACTURE,1
RIGHT LOWER LOBE PNEUMONIA,1
"STROKE,TIA",1
MEDISTINAL ADENOPATHY,1
CHEST PAIN; SOB\CATH,1
PULMONARY EDEMA;MYOCARDIAL INFARCTION,1
T9 FRACTURE,1
METASTATIC PANCREATIC CANCER TO LIVER/SDA,1
RETROPERITONEAL AND URINARY BLEEDS,1
CORONARY ARTERY DISEASE;+ ETT\CATH,1
MENIGITIS,1
HIV;R/O LUKEMIA,1
CRITICAL AORTIC STENOSIS;CARDIOGENICSHOCK;CONGESTIVE HEART FAILURE,1
RIGHT FRONTAL LOBE STROKE,1
FEMUR FRACTURE;RAF,1
SYNCOPE-VTACH,1
S/P FALL-HEMOTHORAX-SPINE FRACTURE,1
SEIZURE;SEPSIS,1
ATRIAL FIBRILLATION;PERICARDIAL EFFUSION,1
RIGHT CAROTID STENOSIS;CHRONIC RENAL INSUFFCIENCY\RIGHT CAROTID ANGIOGRAM,1
WOUND INFECTION'OSTEOMYELITIS,1
S/P RENAL STENT PLACEMENT,1
S/P MOTOR VEHICLE ACCIDENT;HEMOTHORAX,1
28 WEEKS PANCREATIC CANCER,1
CARCINOMA OF ANTERIOR MEDIASTINUM INVADING CHEST WALL/SDA,1
ISCHEMIC CARDIOMYOPATHY\CATH,1
GASTROINTESTINAL BLEED;NON-ST ELEVATION MYOCARDIAL INFARCTION,1
HEPATIC INSUFFICIENCY,1
CEREBRAL METASTASES;BRAIN TUMOR,1
LUNG CANCER;TRACEAL FISTULA,1
CORONARY ARTERY DISEASE;PVD\CATH AND L SFA INTERVENTION,1
NECK MASS/SDA,1
LUNG MA/SDA,1
UTI/ETOH WITHDRAWL/R HIP FX,1
GANGRENE OF SCROTUM,1
OCCIPITAL FRACTURE;SUBARACHNOID HEMATOMA;SYNCOPE,1
AORTIC INSUFFICIENCY\AORTIC VALVE REPLACEMENT/SDA,1
ASTHMA/COPD EACERBATION,1
EPIDURAL FLUID COLLECTION,1
HAMATEMESIS;UPPER GASTROINTESTINAL BLEED,1
FEVER;NAUSEA;ABDOMINAL PAIN,1
CHF/CAD/BRADYCARDIA/S/P CABG\DDD PACER/DC CV/SDA,1
CHRONIC OBST PULM DISEASE;ASTHMA;CONGESTIVE HEART FAILURE,1
S/P FALL;DEHYDRATION;ALTERED MENTAL CHANGES,1
CLAUDICATION;ELEVATED CREATININE;RENAL FAILURE,1
STATUS POST ESIPHAGOGASTRODUODENOSCOPY,1
AORTIC INSUFFICIENCY\AORTIC VALVE / ASCENDING AORTA REPLACEMENT ,1
MR\MITRAL VALVE REPLACEMENT; ?AORTIC VALVE REPLACEMENT; ?CORONARY ARTERY BYPASS GRAFT,1
DISEASES OF TRICUSPID VALVE\TRICUSPID VALVE REPLACEMENT  ? CORONARY ARTERY BYPASS GRAFT  EPICARDIAL PACE MAKER/SDA,1
ACUTE ASTHMA EXACERBATION,1
S/P MVA;MULTIPLE FRACTURES,1
?TB;SHORTNESS OF BREATH,1
LARGE & SMALL BOWEL OBSTRUCTIONS,1
MITRAL REGUGITATION,1
SEPTIC BURSITIS;RESPIRATORY DISTRESS;CONGESTIVE HEART FAILURE,1
PRIMARY SCLEORSING CHOLANGITIS,1
TRACHEAL-BRONCHIO MALACEA/SDA,1
MITRAL REGURGITATION\ MITRAL VALVE REPLACEMENT; POSSIBLE CORONARY ARTERY BYPASS GRAFT; POSSIBLE RESECTION SUB AORTIC MUSCLE/SDA,1
CORONARY ARTERY DISEASE\ANGIOPLATY W/ STENT PLACEMENT OF LEFT CIRCUMFLEX,1
UROSEPSIS;HYPOTHERMIA,1
CONGESTIVE HEART FAILURE;URINARY TRACT INFECTION;PNEUMONIA,1
CARDIOMYOPATHY\ETHYANOL SEPTAL ABLATION STAND BY,1
DEHYDRATION;EXTERNAL HEMORRHOIDS,1
AORTIC & MITRAL STENOSIS\ AORTIC & MITRAL VALVE REPLACEMENT/SDA,1
ACUTE PULMONARY EMBOLISM,1
MYOCARDIAL INFARCT;TELEMETRY,1
"ACUTE RENAL FAILURE, UREMIC SYNDROME",1
RESPIRATORY FAILURE;LEAKING J TUBE,1
SYNCOPY\LEFT HEART CATHETERIZATION,1
TYPHLITIS,1
ACUTE MYOCARDIAL INFARCTION\CARD CATH,1
"ACUTE RENAL FAILURE,HYPOXIA",1
LEFT INTRAPARENCHYMAL HEMORRAHGE,1
ABDOMINAL PAIN;VOMITING;INSULIN DEPENDENT DIABETES,1
ALVEOLAR HEMORRHAGE,1
CONGESTIVE HEART FAILURE/MITRAL REGURGITATION,1
NECROTIZING FASCIATIS,1
MITRAL REGURGITATION\MITRAL VALVE REPLACEMENT: ? TRICUSPID VALVE REPLACEMENT/SDA,1
MYOCARDIAL INFARCTION;MYOCARDITIS,1
CORONARY ARTERY DISEASE\HIBRID MINIMALY INVASIVE CORONARY ARTERY BYPASS GRAFT AND CORONARY STENTING /SDA,1
R HIP FX,1
PANCREATIC DUCT CANCER/SDA,1
MULTIPLE MYELOMA;TRANSPLANT,1
SEPSIS;RECTAL MASS,1
SEIZURE;BRAIN & LUNG MASSES,1
SUBARACHNOID HEMORRAHAGE,1
STATUS EPILEPITICUS,1
FEMORAL FRACTURE,1
FEVER;DIABETIC KETOACIDOSIS,1
S/P INFARCT\CARDIAC CATH,1
RT FOOT ISCHEMIA,1
MYOCARDIAL INFARCT;SEPSIS;MENTAL STATUS CHANGES,1
AUXILLARY BYPASS FEMORAL BLEEDING,1
CORONARY ARTERY DISEASE;AVR,1
UROSEPSIS;DIABETIC KETOACIDOSIS,1
S/P MVA;MYOCARDIAL INFARCTION,1
HEART FAILURE;FEVER;ABDOMINAL PAIN,1
ATRIAL FLUTTER\ATRIAL VENTRICULAR JUNCTION ABLATION;BIVENTRICULAR IMPLANTABLE CARDIAC DEFIBRILLATOR INPLANT/SDA,1
AMPULLARY MASS,1
LM DISEASE\BALOON PUMP,1
FAILED TOTAL HIP LEFT/SDA,1
CARDIOMYOPATY/PULMONARY EDEMA,1
DEHYDRATION;EDEMA;FAILURE TO THRIVE,1
HAND LACERATION;PARTIAL FINGER AMPUTATION,1
AORTIC STENOSIS\? CORONARY ARTERY BYPASS GRAFT;  AVR /SDA,1
CONGESTIVE HEART FAILURE;ALTERED MENTAL STATUS,1
PNEUMONNIA;? LUNG ABSCESS;ADULT RESPIRATORY DISTRESS SYNDROME,1
UROSEPSIS-CHANGE IN MENTAL STATUS,1
UMBILICAL HERNIA;ASCITES LEAK,1
MITRAL REGURGITATION\MITRAL VALVE REPLACEMENT; W/RIGHT THORACTOMY MAZE,1
ACUTE SHORTNESS OF BREATH;CONFUSION,1
PULMONARY HYPERTENSION;SYSTEMIC SCLEROSIS;ENDSTAGE CHF;ELEVATED INR\RIGHT HEART CATH/SDA,1
COLONIC DISTENTION,1
AIRWAY OBSTRUCTION\BRONCHOSCOPY W/STENT REMOVAL,1
STATUS POST ASSAULT,1
S/P KIDNEY TRANSPLANT;INCREASED CREATINE,1
S/P V TACH ARREST,1
HEMOPTYIS,1
RIGHT PELELLAR FRACTURE;LEFT TIBILAR FRACTURE,1
SPONTANEOUS SAH,1
GANGRENE OF THE TOE,1
 CORONARY ARTERY DISEASE\CORONARY ARTERY BYPASS GRAFT/SDA,1
VENTRICULAR FIBRILLATION ARREST\CATH,1
SYSTOLIC DYSFUNCTION\CATH,1
AFIB-CONGESTIVE HEART FAILURE\CARDIAC  CATH,1
GALLBLADDER SEPSIS,1
PANCEREATITIS\ERCP,1
"HEMOPTYSIS,LUNG CA",1
ISCHEMIC LEG LEFT/SDA,1
ULCERATIVE COLITIS;PNEUMONIA,1
SAH/HYPERTENSION,1
LIVER LESION\RADIOFREQUENCY ABLATION LIVER LESION ** REMOTE WEST **,1
THORACIC ANEURYSM WITHOUT MENTION OF RUPTURE\REPAIR DECENDING AORTIC THORACIC ANEURYSM; ILIAC STENTING LEFT/SDA,1
JNATHJW8,1
HEMMORHAGIC SHOCK,1
B/L DVTS,1
MITRAL VALVE INSUFFICIENCY\MITRAL VALVE REPLACEMENT ? TRICUSPID VALVE REPLACEMENT  ,1
R/O CAD; CARDIAC CATH,1
UNSATABLE ANGINA,1
ATRIAL FIBRILLATION;DECREASED EJECTION,1
INCREASED ANGINA;CORONARY ARTERY DISEASE\LEFT HEART CATHETERIZATION,1
NON Q MI;PULMONART EDEMA\CATH,1
ENTEROCUTANEUS FISTULA,1
EPIDURAL HEMATOMA;TELEMETRY,1
UROSEPSIS;NEPHROLITHIASIS,1
ATHEROSCLEROSIS;CLAUDICATION,1
HARDWARE FAILURE; SPINAL METASTASIS/SDA,1
STERNOTOMY WOUND INFECTION,1
STOMACH POLYP\ENDOSCOPY ,1
DYSPNEA SUSPECTED PE.,1
INTESTINAL VESICAL FISTULA/SDA,1
LEFT LOWER EXTREMITY POPITEAL ANEURYSM,1
CHEST PAIN;RAPID ATRIAL FIBRILLATION\CATH,1
"FEVER,R/O MI",1
MR\MITRAL VALVE REPLACEMENT; WITH MAZE/SDA,1
CORONARY ARTERY DISEASE\PERCUTANEOUS CORONARY INTERVENTION,1
CORONARY ARTERY DISEASE\CORONARY ARTERY BYPASS GRAFT W/VENTRICULAR ASSIST DEVICE BACKUP/SDA,1
HYPERTENSIVE EMERGENCY;DEMAND ISCHEMIA,1
S/P NAIL THROUGH EYE INTO BRAIN,1
ARDS VS SEPSIS,1
NON Q WAVE MYOCARDIAL INFARCTION;GASTROINTESTINAL BLEED,1
ACUTE CHOLENGITIS,1
"VENTRICULAR TACHYCARDIA, HEART FAILURE\VENTRICULAR TACHYCARDIA ABLATION  **REMOTE WEST**/SDA",1
POLYTAUMA,1
CHRONIC OBST PULM DISEASE;SEPSIS,1
"NAUSEA W\VOMITING;DIARRHEA;FEVER,ETIOLOGY UNKNOWN",1
"SEIZURE, BRAIN METS",1
AFLUTTER,1
BREAST CANCER;DEHYDRATION,1
PANCREATIC ABCESS,1
CORONARY ARTERY DISEASE;EXERTIONAL CHEST PAIN\CARDIAC CATH,1
URINARY TRACT INFECTION;BACK PAIN;ATRIAL FIBRILLATION,1
LEFT SIDED HEMIPLEGIA,1
CHF VS PNA,1
CHEST PAIN;?TIA,1
PNEUMONIA;NSTEMI;SEPSIS,1
SPLENOMEGALIA,1
"INFECTED AXILLO-FEM, BYPASS GRAFT",1
DESCENDING AORTIC ANEURYSM; COARCTATION OF DESCENDING AORTA\ DISTAL ARCH REPLACEMENT; DESCENDING THORACIC AORTIC REPLACEMENT; AORTA TO SUBCLAVIAN BYPASS/SDA,1
SYNCOPE;TELEMETRY;ANEMIA;ETOH INTOXICATION,1
ABDOMINAL AORTIC ANEURYSM\ABDOMINAL AORTIC ANEURYSM REPAIR/SDA,1
PANCREATIC PSUEDO CYST,1
RULE OUT MYOCARDIAL INFARCTION\CATH,1
PNEUMONIA;ARDS,1
MITRO VALVE RELAPSE,1
"BREAST CA,METS TO SPINE",1
PARASTOMAL HERNIA LEFT ABDOMEN/SDA,1
"MITRAL VALVE DISORDER\MITRAL VALVE REPLACEMENT, HEART PORT MINIMALLY INVASIVE /SDA",1
GASTROINTESTINAL BLEED;;TELEMETRY,1
ELEVATED TROPONIN,1
FIBRO-THORAX/SDA,1
HTN;ANGINA,1
AORTIC STENOSIS\AORTIC VALVE REPLACEMENT; WITH ASCENDING AORTA/SDA,1
IDIOPATHIC PULMONARY HEMOSIDDEROSIS,1
STATUS POST FALL;ETOH WITHDRAWAL,1
TOXIC MEGACOLON,1
CUDA EQUINA,1
RAPID ATRIAL FIB,1
MESOTHELIOMA,1
CORONARY ARTERY DISEASE\CORONARY ARTERY BYPASS GRAFT WITH AVR; ? MVR REPLACEMENT/SDA,1
RIGHT ANKLE JOINT PAIN/SDA,1
PNEUMONIA-ACUTE RENAL FAILURE-MENTAL STATUS CHANGES,1
ALTERED MENTAL STATUS CHANGES;URINARY TRACT INFECTION;PNEUMONIA;TELEMETRY,1
UNSTABLE ANGINA;PERIPHERAL VASCULAR DISEASE\CATH,1
LIVER LACTERATION,1
"S/P MVA, HEAD BLEED",1
AORTIC STENOSIS\AVR; MVR?; TVR?; CORNARY ARTERY BYPASS?,1
OPEN WOUND RIGHT HEEL/SDA,1
AORTIC VALVE DISORDER\AORTIC VALVE REPLACEMENT; ? CORONARY ARTERY BYPASS GRAFT/SDA,1
AUTONOMIC DYSFUNCTION,1
"WEAKNESS, BACK PAIN",1
LEFT FOOT METATARSAL FRACTURES 2ND THRU 5TH DIGITS/SDA,1
BLUNT HEAD TRAUMA,1
CARDIAC ARREST;URINARY TRACT INFECTION,1
HYPOKALEMIA SHOCK;PELVIC FRACTURE;COMATOSE;STATUS POST MOTOR VEHICLE ACCIDENT WITH INJURIES,1
OD/UNRESPONSIVE,1
ABDOMINAL PAIN-FEVER,1
CAROTID\CATH,1
SUPRAGLOTTIC AIRWAY OBSTRUCTION,1
CYST IN BRAIN,1
SUBENDOCARDIAL MI,1
INTERPARENCHYMAL HEMORRHAGE,1
OVERDOSE OF BUSPAR & ORPHENADRINE CITRATE,1
HEPATIC CIRRHOSIS\SALT STUDY,1
ANEMIA;ALTERED MENTAL STATUS,1
HYPOXIA/HYPOTENSION/NAUSEA/VOMITING,1
R/O TIA,1
ULCERATED LEFT MAIN CORONARY ARTERY,1
"MVC, LIVER LAC X 2",1
S/P MVC R SUBARACHNOID BLEED,1
RIGHT MIDDLE CEREBRAL ANEURYSM/SDA,1
PULMONARY HYPERTENSION;SYNCOPE,1
"METASTATIC MYXOFIBROSARCOMA, TO LEFT LUNG & PLEURA/SDA",1
NQW MI\LEFT HEART CATHETERIZATION,1
AORTIC STENOSIS\CATY;AORTIC VALVULOPLASTY,1
LEFT CAROTID OCCULUSION\LEFT CAROTID TO CAROTID BYPASS; LEFT CAROTID TO SUBCLAVIAN GRAFT LEFT; LEFT FEMORAL AXILLARY BYPASS; DEPLOYMENT OF ENDOSTENT GRAFT  /SDA,1
UROSPEPSIS,1
ATHEROSCLEROSIS;ULCER,1
ISCHEMIC ULCER RIGHT TOE,1
"BLADDER RUPTURE,FRACTURES",1
METASTATIC CA. OF UNKNOWN PRIMARY,1
LEFT CHEST WALL WOUND,1
RIGHT HEART FAILURE;PULMONARY HYPERTENSION,1
LT FEMUR FRACTURE,1
SINUSITIS;CELLULITIS,1
INTRA PARENCHYMAL HEMORRHAGE,1
RENAL CELL CARCINOMA;BACK PAIN,1
TRACHEALBRONCHIOMALACIA,1
CONGESTIVE HEART FAILURE-AML,1
TIB FX;LIVER LACERATION;S/P MOTOR VEHICLE ACCIDENT,1
BATTERY DEPLETION;LEAD MALFUNCTION\ICD LEAD EXTRACTION AND GENERATOR CHANGE/SDA,1
CHEST OAIN,1
DIABETES MELLITUS;FOOT ULCER;CARDIOMYOPATHY,1
PVD\LEFT LEG ANGIOGRAM,1
ACUTE RENAL FAILURE;NAUSIA;VOMOTTING;DIARRHEA,1
GASTRIC VARICIES,1
"SEPSIS,FEVER",1
FEVER;WEAKNESS,1
WEIGHT LOSS;DIARRHEA,1
AORTIC STENOSIS\AORTIC VALVE REPLACEMENT; RESECTION OF ASCENDING AORTA/SDA,1
PNEUMO,1
CONGESTIVE HEART FAILURE;?R/O MI,1
ANGINA;NEEDS URGENT BYPASS SURGERY\CATH,1
GASTROINTESTINAL BLEED;MYOCARDIAL ISCHEMIA,1
LEIOMYO SARCOMA RIGHT LEG/SDA,1
DIABETIC KETOACIDOSIS;HYPERTENSION,1
POLY SUBSTANCE ABUSE,1
TRIGEMINAL NEUROLGIA/SDA,1
CONGESTIVE HEART FAILURE;CORONARY ARTERY DISEASE;ELEVATE TROPONIN;PERIPHERAL VASCULAR DISEASE,1
"SEIZURES,HYPOGLYCEMIA",1
CORONARY ARTERY DISEASE\ARDIAC CATH,1
CEREBRAL  ANEURYSM,1
ARTHEROSCLEROSIS W/ULCER LEFT LOWER EXTREMITY,1
ATRIAL FLUTTER; CHF; CAD; RENAL INSUFFIENCY; DIABETES\ATRIAL FLUTTER ABLATION,1
DECREASE CALCIUM/MAGNISIUM/K+,1
RULE OUT CORONARY ARTERY DISEASE;ABNORMAL STRESS TEST\CARDIAC CATH,1
APNEA;BRADYCARDIA;TELEMETRY,1
SVC SYNDROME\ VENOUS RECANALIZATION/SDA,1
RENAL CELL CARCINOMA\CHEMOTHERAPY(INTERLEUKIN-2),1
RULE-OUT MYOCARDIAL INFARCTION;TELEMETRY;HYPOTENSION,1
IRREGULAR HEART RATE,1
LIVER DISEASE; GI BLEED,1
THROAT HEMATOMA,1
SUBCUTANEOUS EMPHSYEMA,1
METASTATIC BREAST CANCER\CHEMO,1
CORONARY ARTERY DISEASE;CHEST PAIN\RIGHT CORONARY ARTERY STENT PLACEMENT,1
RIGHT INGUINAL HERNIA,1
CORONARY ARTERY DISEASE;ISCHEMIA,1
ROLLOVER MVC,1
HEMOPTYSIS VS.HEMATEMISIS,1
AORTIC STENOSIS\AORTIC VALVE REPLACEMENT; ? SEPTAL MYOMECTOMY/SDA,1
SYNCOPE;AORTIC STENOSIS\CATH,1
FEVER;SEPSIS,1
ACUTE VS. CHRONIC AORTIC DISSECTION,1
LEFT FRONTAL INTRACRANIAL HEMORRHAGE,1
ACUTE INFERIOR MYOCARDIAL INFARCTION,1
KNEE DISLOCATION,1
SEPSIS;TELEMTRY,1
BIL.PLEURAL EFFUSION,1
ISCHEMIC ARM;TELEMETRY,1
INCISON DEHISCENCE,1
MITRAL VALVE INSUFFICIENCY\MITRAL VALVE REPAIR; ? REPLACEMENT  /SDA,1
CAROTID STENISIS\CAROTID STENT,1
DYSPNEA ON ECERTION,1
CHOKING EPISODE,1
CHOLELITHIASIS/ERCP,1
ETOH WITHDRAWAL-? ENDOCARDITIS,1
FOURNIER GANGRENE/SDA,1
PNEUMONIA;URINARY TRACT INFECTION;DEHYDRATION,1
SUBSTERNAL CHEST PAIN,1
"MVR, TVR",1
CHEST TIGHTNESS\CATH,1
RIGHT BRONCHIAL MASS,1
? SPINE INJURY,1
RT TMA-DM-CELLULITIS-RENAL FAILURE,1
ENDOCARDITIS;MITRAL REGURGITATION,1
SEIZURE/TACHYCARDIA,1
? PSTERIOR FOSSA MASS,1
SUPERGLOTTITIS,1
MV PROLAPSE\MITRAL VALVE REPLACEMENT/SDA,1
CONGESTIVE HEART FAILURE-SYNCOPE,1
AIRWAY EDEMA;S/P RADIATION,1
CORONARY ARTERY DISEASE\CORONARY ARTERY BYPASS GRAFT W/ VENTRICULAR ACCESS DEVICE/SDA,1
"SEPTIC SHOCK,RENAL FAILURE",1
CARTID STENOSIS;SEVERE AORTIC STENOSIS\CAROTID ANGIOGRAM,1
HYPOTENSION;AAA REPAIR,1
MINIMALLY INVASIVE OVAL,1
NEW AFIB;FLUTTER,1
GASTROINTESTINAL BLEED;HEPETITIS C,1
INTRATHECAL MASS,1
"ACIDOSIS, RULE OUT  SEPSIS",1
HYPERGLYCEMIA-DIABETIC KETOACIDOSIS,1
UNSTABLE ANGINA;CORONARY ARTERY DISEASE,1
RULE OUT MYOCARDIAL INFARCTION PNEUMONIA ,1
PNEUMONIA;URINARY TRACT INFECTION;SACRAL DECUB,1
SUBDURAL HEMORRHAGE;CHANGE IN MENTAL STATUS,1
THORACIC PHLEGMON,1
SYMPTOMATIC 3RD DEGREE HEART BLOCK,1
DIABETIC KETOACIDOSIS;PNEUMONIA,1
SEPSIS;RESPIRATORY FAILURE;ACUTE RENAL FAILURE,1
CAROTID ARTERY STENOSIS\CAROTID ANGIOGRAM WITH STENT PLACEMENT/SDA,1
SYNCOPE;WEAKNESS,1
SUICIDAL IDEATION;RAZOR INGESTION,1
MITAL VALVE DISORDER\MITRAL VALVE REPLACEMENT ,1
ANGINA;+ ETT\CARDIAC CATH,1
"INFECTION,UNSPECIIED ETIOLOGY;SHORTNESS OF BREATH;TELEMETRY",1
VIRAL GASTROENTERITIS,1
TRICUSPID REGURGITATION\TRICUSPID VALVE REPLACEMENT; REPAIR/SDA,1
BREAST CANCER-RESPIRATORY FAILURE,1
LIVER LACERATION;RENAL FAILURE,1
V-TACK;ASPIRATION PNEUMONIA,1
BACTEREMIA;LOWER BACK PAIN,1
CORONARY ARTERY DISEASE\CORONARY ARTERY BYPASS GRAFTWITH RADIAL ARTERY /SDA,1
CORONARY ARTERY DISEASE\CORONARY ARTERY BYPASS GRAFT WITH AVR; RE-DO STERNOTOMY /SDA,1
RIGHT KNEE OPEN WOUND INFECTION,1
"FEVER,HEMOPTYSIS",1
C4 FRACTURE,1
ASPIRATION PNEUMONIA;C5 CERVICAL FRACTURE,1
LEFT CHEST SPINDLE CELL TUMOR/SDA,1
ST ELEVATION MI;CONGESTIVE HEART FAILURE,1
GASTROINTESTINAL BLEED;ASCITES;FEVER,1
CORONARY ARTERY DISEASE\INNOMINATE ARTERY BYPASS/SDA,1
LOWER EXTREMITY ARTHROSLOROSIS/SDA,1
"S/P LIVER TX, FEVER",1
POST OP WOUND INFECTION;ATRIAL FIBRILLATION,1
"CHEST PAIN, HYPOGLYCEMIA",1
RESPIRATORY FAILURE;HYPERTENSION,1
"SEPSIS,SUBDURAL HEMATOMA",1
CAD\CORONARY ARTERY BYPASS GRAFT /SDA,1
BILATERAL FLANK PAIN,1
INFECTED PACEMAKER POCKET\LEAD EXTRACTION **REMOTE WEST**/SDA,1
C-SPINE FRACTURE;S/P FALL,1
SMALL BOWEL OBSTRUCTION;TELEMETRY,1
SHORTNESS OF BREATH;NON-ST SEGMENT ELEVATION MYOCARDIAL INFARCTION\CARDIAC CATHETERIZATION,1
COMMON BILE DUCT STONE\ERCP //DUODENAL MASS W\OBSTRUCTIVE JAUNDICE,1
FEMUR FRACTURE;VASCULAR INJURY,1
RESPITORY FAILURE;ACUTE KIDNEY INJURY,1
SEPTAL DEFECT\REPAIR ATRIAL-SEPTAL DEFECT/SDA,1
CORONARY ARTERTY DISEASE\CORONARY ARTERY BYPASS GRAFT /SDA,1
SPINAL INSTABILITY,1
MARFAN'S AORTA\ DAVID PROCEDURE; REPLACEMENT OF ASCENDING AORTA & ARCH/SDA,1
POSTERIOR NOSE BLEED,1
RASH/UTI,1
ARTERIOVENOUS MALFORMATION/SDA,1
POLYTRAUMA S/P MVC,1
A. FIB,1
INCREASING SHORTNESS OF BREATH\RIGHT HEART CATHETERIZATION; ? LEFT HEART CATHETERIZATION,1
ACIDOSIS;ALTERED MENTAL STATUS,1
ATRIAL SEPTAL DEFECT\ASD CLOSURE **REMOTE WEST**/SDA,1
RIGHT RENAL CELL CANCER/SDA,1
EVACUATION OF SUBDURAL HEMATOMA;EMERGENT CRANIOTOMY,1
MULTIPLE STROKE,1
RECURRENT PLEURAL EFFUSIONS,1
CARDIOGENIC SHOCK;CARDIAC ARREST,1
COLITIS-GASTROENTERITIS,1
"S/P FALL,L2 BURST FX",1
CORONARY ARTERY DISEASE\THORACOSCOPIC CORONARY ARTERY BYPASS GRAFT VIA MINI THORACOTOMY  /SDA,1
VOMITING;ALCOHOL WITHDRAWAL,1
POST BIOPSY BLOOD,1
SPLENIC LACERATION-S/P MOTOR VEHICLE ACCIDENT,1
PNEUMONIA;SHOULDER PAIN,1
"ANION GAP ACIDOSIS, ETOH INTOXICATION",1
PNEUMOTHORAX;CHEST WOUND,1
GRADE 2 LIVER LACERATION,1
PHENOBARBITAL TOXICITY,1
CORONARY ARTERY DISEASE\CARD CATH,1
"HYPOTHERMIA,BRADYCARDIA",1
ANEURSYMAL BLEED,1
LOWER GASTOINTESTINAL BLEED,1
RENAL FAILURE;RESPIRATORY FAILURE,1
BRIGHT RED BLOOD PER RECTUM;URINARY TRACT INFECTION,1
EPIGLOTITITIS,1
PNEUMATOSIS OF BOWEL,1
UREMIA;TELEMETRY,1
CARDIAC TAMPONADE/ PNEUMOTHORAX,1
NON ST ELEVATED MYOCARDIAL INFARCTION\CATH,1
AORLTIC STENOSIS\AORTIC VALVE REPLACEMENT ,1
CARDIOGENIC SHOCK;PULMONARY EMBOLIS,1
CORONARY ARTERY DISEASE\CAROTID ANGIOGRAM,1
PNEUMOMEDIASTINUM;RHABDO;GASTROINTESTINAL BLEED,1
AORTIC STENOSIS;ANGINA\CARDIAC CATH,1
AORTIC INSUFFICIENCY\APICO AORTIC VALVE CONDUIT/SDA,1
LEFT CAROTID STENOSIS\LEFT CAROTID ANGIOGRAM;POSSIBLE STENT PLACEMENT,1
TRACHEOMALACIA\ RIGID BRONCHOSCOPY WITH STENT REMOVAL; LASER RESECTION/SDA,1
AORTIC ULCERATION,1
REFRACTORY GI BLEED,1
DIABETES MELLITUS-PRE-OP PANCREAS TRANSPLANT,1
MITRAL VALVE REGURGITATION\MITRAL VALVE REPLACEMENT; ? TVR,1
"AVR\AORTIC VALVE REPLACEMENT, RE-DO/SDA",1
AORTIC VALVE STENOSIS\AORTIC VALVE REPLACEMENT; W/MAZE,1
REFRACTORY ASCITES,1
"AORTIC STENOSIS\AORTIC VALVE REPLACEMENT, ? BENTAL PROCEDURE, ?CORONARY ARTERY BYPASS GRAFT /SDA",1
MITRAL REGURGITATION\ AORTIC & MITRAL VALVE REPLACEMENT/SDA,1
RIGHT THYROID NEOPLASM/SDA,1
R/O MENINGOENCEPHALITIS,1
LUNG CANCER;WEAKNESS,1
S/P MI\LEFT HEART CATH,1
MYOCARDIAL INFARCTION;ST ELEVATED MYOCARDIAL INFARCTION,1
LUNG CANFER;CHRONIC OBST PULM DISEASE;PNEUMONIA,1
"CHRON'S DISEASE, NAUSEA, ANEMIA",1
LEFT SIDED WEAKNESS;2/2 BRAIN MASS,1
UROSEPSIS;NSTEMI,1
BRIGHT RED BLOOD BANITING/HEMIPTHSIS,1
SKULL BASE MENINGIOMA/SDA,1
OPEN WOUND SCALP/SDA,1
SCOLIOSIS /SDA,1
S/P MOTORCYCLE ACCIDENT;BLUNT TRAUMA,1
HEPATIC ENCEEPHALOPATHY,1
HEART DISEASE,1
PULMONARY VALVE DISORDER\REDO PULMONARY VALVE REPLACEMENT /SDA,1
SDH/SAH/ETOH WITHDRAWL,1
NEW PERICARDIAL EFFUSION,1
PROBABLE PNA,1
PERICARDITIS;TELEMETRY,1
ASTHMA;COPD EXACEREBATION,1
NON Q MI;COPD\CATH,1
GULLIAN BARRE,1
SUBDURAL HEMATOMA;RIGHT GLUTEAL HEMATOMA,1
AORTIC STENOSIS;MITRAL INSUFFIENCY;CONGESTIVE HEART FAILURE,1
FEVER OF UNKNOWN ORIGEN;JAUNDICE,1
SP FALL,1
ATRIAL SEPTAL DEFECT\ REPAIR ATRIAL SEPTAL DEFECT LIMITED ACCESS,1
SYNCOPE;ATRIAL FIBRILLATION\PACEMAKER IMPLANT/SDA,1
MITRAL STENOSIS\? CORONARY ARTERY BYPASS GRAFT; MVR ,1
BRAIN METASTASES/SDA,1
INTRAPARITAL HEMORRHAGE,1
URINARY TRACT INFECTION;PYELONEPHRITIS;TELEMETRY,1
RIGHT ACOUSTIC NEUROMA/SDA,1
HEMOPTYSIS; INTRACTIBLE DIARRHEA,1
DISECTING THORACIC ANEURYSM,1
S/P MOTOR VEHICLE ACCIDENT-BILAT FEMUR FRACTURES,1
FEVER;LINE INFECTION,1
CIRRHOSIS;VARICEAL BLEED,1
BILATERAL PNEUMOTHORAX,1
SPONTANEOUS RETROPERITONEAL BLEED,1
HEADACHE;ANEURYSM,1
NON HEALING ULCER LEFT FOOT,1
"7 DAYS PP,PULMONARY EDEMA",1
BRUGADA SYNDROME;SYNCOPE;TELEMETRY;DEHYDRATION,1
ABDOMINAL ANEURYSM; NO RUPTURE/SDA,1
? SPINAL INJURY,1
INFECTED ICD WIRE;BACTEREMIA,1
CORONARY ARTERY DISEASE;SHORTNESS OF BREATH;PULMONARY EDEMA\CATH,1
PNA/THYROID STORM,1
INTRACRANIAL HEMORRHAGE;BRADYCARDIA,1
AIRWAY OBSTRUCTION\RIGID BRONCHOSCOPY WITH STENT ,1
"BRBPR, DIARRHEA",1
B BLOCKER TOXICITY; CHF; R/O MI RENAL IMPAIRMENT,1
CORONARY ARTERY DISEASE\CORONARY ARTERY BYPASS GRAFT WITH AVR;  ? MITRAL VALVE REPLACEMENT /SDA,1
CDIFF,1
CONGESTIVE HEART FAILURE;CORONARY ARTERY DISEASE;SEVERE PERIPHERAL VASCULAR DISEASE\CATH,1
FAILED BACK SYNDROME,1
ARDS;PVD;RENAL INSUFFICIENCY;DIABETES MELLITUS,1
"ACUTE REPIRATORY FAILURE,ACUTERENAL FAILURE",1
ENCEPHALOPATHY;ASCITES,1
DESCENDING AORTIC REPAIR,1
UTI.PYLONEPHRITIS,1
FAILURE TO THRIVE;RENAL CELL CARCINOMA,1
"SPONTANEOUS BACTERIAL PERITONITIS,SEPSIS",1
MITRAL VALVE INSUFFICIENCY\MITRAL VALVE REPLACEMENT; ?MAZE: ? TRICUSPID VALVE REPLACEMENT; ? CORONARY ARTERY BYPASS GRAFT ,1
ACUTE RENAL FAILURE;ALTERED MENTAL STATUS,1
LOLWER GI BLEED,1
ANION GAP 33 WITH VOMITING,1
TRACHEOBRONCHO MALACEA/SDA,1
LOWER GO BLEED,1
METASTATIC PRIMARY UNKNOWN,1
PULMONAARY EDEMA,1
NON-HEALING LEFT LEG ULCER,1
URO-SEPSIS,1
AORTIC VALVE INSUFFICIENCY\AORTIC VALVE REPLACEMENT ? ASCENDING AORTA/SDA,1
PANCREATITIS-DIABETIC KETOACIDOSIS,1
METASTATIC BREAST CANCER;SHORTNESS OF BREATH\PLEURODESIS,1
ALCOHOLIC ACIDOSIS,1
METASTATIC BREAST CANCER;LEG SWELLING;FEVER,1
CORONARY ARTERY DISEASE\CORONARY ARTERY BYPASS GRAFT;CATH,1
PYELONEPHRITIS-KIDNEY STONE,1
INTRACRANIAL HEMORRHAGE;FALL,1
UNSTABLE ANGINA\CATHETER,1
TRANSPLANT SITE BLEEDING,1
CLL;C-DIFF;FTT,1
SEPTICEMIA,1
RECURRENT INCISIONAL HERNIAS X2/SDA,1
CHEST PAIN/DYSPNEA,1
HYPERGLYCEMIA-DIABETES,1
C3 C4 ABSCESS;S/P DISCECTOMY,1
ESOPHAGEAL CANCER\EGD,1
COROANRY ARTERY STENOSIS\RIGHT CAROTID STENT PLACEMENT/SDA,1
CHEST PAIN;AORTIC STENOSIS,1
GLIOBLASTOMA;MENTAL STATUS CHANGE,1
AORTIC STENOSIS\CORONARY ARTERY BYPASS GRAFT?  AVR REDO /SDA,1
VENTRICULAR TACHYCARDIA;SYNCOPE,1
A-FIB\MINI MAZE PROCEDURE BILATERAL; PULMONARY VEIN ISOLATION;VIDEO ASSISTED WITH RESECTION LEFT ATRIAL APPENDAGE  /SDA,1
MITRAL STENOSIS\REDO/ REDO MITRAL VAVLE REPLACEMENT; ?CORONARY ARTERY BYPASS GRAFT ,1
PERICARDIAL EFFUSION/SDA,1
MITRAL VALVE INSUFFICENCY\MITRAL VALVE REPAIR,1
MANDIBULAR ABSCESS,1
"ASCENDING AORTIC ANEURYSM\BENTAL PROCEDURE, W/STENT GRAFT",1
DIAPHRAMATIC HERNIA; S/P MVC,1
ELEVATED LFT'S,1
RUPTURED GRAFT,1
CELLULITIS RIGHT ARM AND ELBOW,1
AORTIC STENOSIS\ AORTIC & ? MITRAL VALVE REPLACEMNT/SDA,1
HYPOGLYCEMIA;HYPOTENSION,1
INFECTED LEFT FOOT; CELLULITIS; DIABETES,1
HTN CRISIS,1
FEVERS;DECREASED PLATELET COUNT;HEADACHE;HIV,1
"C 3-4-5, SPINAL CORD COMPRESSION",1
S/P MCA,1
ACTIVE HEMOPTYSIS,1
BRADYCARDIA WITH MENTAL STATUS CHANGES,1
INGUINAL & UMBILICAL HERNIA,1
MITRAL STENOSIS\TRANSESOPHAGEAL ECHOCARDIOGRAM;MITRAL VALVULOPLASTY,1
CHEST PAIN; ACUTE MI\CATH,1
SUPERIOR VENA CAVA SYNDROME\VENOGRAM;THROMBOLISIS/SDA,1
CHEST PAIN; CATH ,1
HERNIA;SMALL BOWEL OBSTRUCTION,1
CHOLANGITIS;MOBITZ TWO,1
CHEST PAIN;NON-Q WAVE MI,1
TRAUM,1
CAD & MR\CORONARY ARTERY BYPASS GRAFT WITH MVR REDO VIA STERNOTOMY/SDA,1
BLUNT TRAUMA;HAND FRACTURE;LACERATION,1
"R/O MI, FEVER",1
ATHEROSCLEROSIS OF EXTREMITY ANGIOGRAM,1
HYPERTENSIVE;BLEEDING,1
C-SPINE BURST FRACTURE,1
ACUTE RENAL FAILURE;HEART FAILURE;MITRAL REGURGITATION,1
S/P APPY LARGE LEG PE,1
STATUS POST C5-T2 FUSION;STATUS POST FALL WITH FRACTURE,1
RENAL INSUFFICIENCY;HYPERTENSION,1
AORTIC STENOSIS\AORTIC VALVE REPLACEMENT; REPAIR,1
CHEST PAIN R/O ISCHEMIA,1
SEPSIS;ILEUS;RESPIRATORY FAILURE,1
CONGESTIVE HEART FAILURE; NEW LEFT BUNDLE BRANCH BLOCK,1
SVC SYNDROME \ UPPER STERNAL SPLIT; LEFT SUBCLAVIAN TUBE; RIGHT ATRIAL BYPASS/SDA,1
ATRIAL FIBRIALLTION;CONGESTIVE HEART FAILURE,1
HEPATOCELLULAR CARCINOMA\CHEMO EMBOLIZATION/SDA,1
ABDOMINAL PAIN;INABILITY TO TOLERATE PO,1
"SUBDURAL HEMATOMA,CRF,L WRIST FX",1
"CARDIOGENIC,S/P MI, SHOCK, VF ARREST",1
ABDOMINAL PAIN INCREASED BILIRUBIN,1
RIGHT PLEURAL EFFUSION;LOWER EXTREMITY EDEMA,1
S/P MOTOR VEHICLE ACCIDENT-CHEST TRAUMA,1
HIP DYSPLASIA WITH A POSSIBLE LABIAL TEAR/SDA,1
SCIATIC NEUROPATHY,1
"CELLULITIS, NECK/SDA",1
SLURRED SPEECH,1
PNEUMONIA;OVERDOSE,1
MEDIAL STINAL TUMOR/SDA,1
ETOH WITHDRAWAL;SHORTNESS OF BREATH,1
DEHYDRATION;METASTATIC COLON CANCER,1
CONGESTIVE HEART FAILURE;PNEUMONIA;URINARY TRACT INFECTION,1
? CARDIOMYOPATHY,1
AORTIC STENOSIS;SHORTNESS OF BREATH; PERIPHERAL VASCULAR DISEASE\RIGHT AND LEFT HEART CATH,1
CORONARY ARTERY DISEASE; ACUTE CORONARY SYNDROME\CORONARY STENT,1
SEIZURE;GLIOBLASTOMA MULTIFORME,1
OSTEOMYLITIS;SEPSIS,1
STROKE.TIA,1
NON ST MI\CATH,1
TACHYCARDIA;PNEUMONIA,1
DURAL AVM\ CEREBRAL ANGIOGRAM WITH COILING/SDA,1
CELLULITIS LEFT WRIST AND ANKLE,1
SHORTNESS OF BREATH;ANEMIA;TELEMETRY,1
INTRAPARENCHYMAL,1
"S/P FALL,FRONTAL CONTUSIONS,R RIB/WRIST FX",1
S/P FALL-NECK LACERATION-SUBARACHNOID HEMATOMA,1
PARSPINAL TUMOR/SDA,1
POST PARTUM FEVER,1
NON QWAVE MI,1
CECUM PERFORATION,1
ACUTE CHOLEYCYSTITIS,1
CHEST PAIN;NON Q MI\CATH,1
"LUNG CA,AIRWAY OBSTRUCTION",1
MITRAL STENOSIS\MINIMALLY INVASIVE VS STERNOTOMY MVR/SDA,1
S/P MOTOR VEHICLE ACCCIDENT,1
LEFT CAROTID ARTERY DISEASE\LEFT CAROTID ANGIOGRAM;POSSIBLE STENT PLACEMENT,1
STATUS EPILEPTIOUS,1
BARRET ESOPHAGUS/SDA,1
PRIMARY SCLEROSING CHOLANGITIS,1
CIRRHOSIS BACTEREMIA;VANCOMYCIN RESISTANT ENTEROCOCCUS;METHICILLIN RESISTANT STAPH AUREUS,1
CERBRAL VASCULAR ACCIDENT,1
MITRAL VALVE INSUFFIENCY\MITRAL VALVE REPLACEMENT W/ MAZE,1
RULE-OUT MYOCARDIAL INFARCTION;TELEMETRY;RIGHT PNEUMOTHORAX,1
THROMBOCYTOPENIA/ANEMIA/?SEPSIS,1
SCLEROSING CHOLANGITIS,1
AORTIC REGURGITATION\AORTIC AND MITRAL VALVE REPLACEMENT /SDA,1
ALTERED MENTAL STATUS;HEAD INJURY;HYPERCARBIA,1
CHEST PAIN;CORONARY ARTERY DISEASE\LEFT HEART CATH,1
CHF/SOB,1
RENAL FAILURE;CHEST PAIN,1
BO,1
SINUS PAUSE,1
INGESTED GLASS,1
CORONARY ARTERY DISEASE\CORONARY ARTERY BYPASS GRAFT; ?? MITRAL VALVE REPLACEMENT,1
"CRITICAL AS , LEFT MAIN",1
S/P HERNIA REPAIR,1
CORONARY ARTERY DISEASE; DYSPNEA; POSITIVE STRESS TESST FOR ISCHEMIA\LEFT HEART CATHETERIZATION,1
PRE-OP FOR MVR ON 1/21/02,1
"NQWMI,CRI,AS,CHF\LEFT HEART CATHETERIZATION",1
RT PARICTO-OCCIPATAL HEMORRHAGIC STROKE,1
BRADYCARDIA;RENAL FAILURE,1
DIABETICE KETOACIDOSIS;STATUS POST RENAL TRANSPLANT,1
LEFT LEG CELLULITIS\COLONOSCOPY,1
"BARRETT'S ESOPHAGUS, HIGH GRADE DYSPHAGIA/SDA",1
"CONGESTIVE HEART FAILURE, A-FIB",1
RIGHT UPPER LOBE LUNG NODULE/SDA,1
C6-7 TUMOR/SDA,1
SYMPTOMATIC CAROTID STENOSIS RIGHT,1
SEVERE MITRAL REGURGITATION\MITRAL VALVE REPLACEMENT MINIMALLY INVASIVE APPROACH/SDA,1
ABDOMINAL PAIN-RENAL INSUFFICIENCY,1
RIGHT THALMIC HEMORRHAGE,1
NECROTZING FASCIITIS,1
ETOH INTOXICATION;DIVERTICULITIS,1
AORTIC STENOSIS\AORTIC VALVE REPLACEMENT; ?ASCENDING AORTA REPLACEMENT/SDA,1
SUBDURAL HEMATOMA;SAH;GASTROINTESTINAL BLEED,1
DEMENTIA;CONGESTIVE HEART FAILURE;CHRONIC ATRIAL FIBRILLATION;C2 FRACTURE;HIP FRACTURE,1
S/P GUN SHOT WOUND-COCAINE OVERDOSE,1
HYPOXIA;A-FIB,1
CONGESTIVE HEART FAILURE; HYPERCARBIC RESP FAILURE,1
SUBDURAL COLLETION/SDA,1
"THORACIC ASCENDING AORTIC ANEURYSM\RESECTION; AORTIC ASCENDING ANEURYSM, REPLACEMENT PROXIMAL ARCH/SDA",1
AORTIC INSUFFICIENY\AORTIC VALVE REPLACEMENT  BENTAL PROCEDURE  ASCENDING AORTA/SDA,1
ICH/STROKE,1
DISTAL BILE DUCT TUMOR/SDA,1
NECK PAIN;ARM PAIN,1
CEREMROVASCULAR ACCIDENT,1
PERFORATED ANUS,1
PULMONARY EMBOLIS-DIABETIC KETOACIDOSIS,1
CEREBRAL ARTERIOVENOUS MALFORMATION/SDA,1
"VOMITTING, DEHYDRATION, DIARRHEA",1
ICH/SAH,1
TACHYCARDIA;GASTROINTESTINAL BLEED,1
OVARIAN CANCER;NAUSEA;VOMITTING;RULE OUT OBSTRUCTION,1
GASSTROINTESTINAL BLEED,1
"LITHIUM TOXICITY,SCHIZOPHRENIA",1
ACCENDING AORTIC ANEURSYM\ASSCENDING AORTA REPLACEMENT/ MAZE/SDA,1
CA ANTRUM OF STOMACH/SDA,1
"CHF EXACERBATION,R/O MI",1
GANGRENE BILATERAL LOWER EXTREMITIES,1
"ALTERED MS, UROSEPSIS",1
SYMPTOMATIC PERIRENAL ANEURYSM,1
DEPRESSION W/SUICIDIAL IDEATION,1
ESOPHAGEAL ADENOMA CARCINOMA/SDA,1
ANGIO,1
TRACHEOESOPHEAL FISTULA,1
INTRACRANIAL HEMORRHAGE-HYPOTENSION,1
FREE AIR IN ABDOMEN,1
RENAL TRANSPLANT,1
PULSELESS FOOT;TELEMETRY,1
LIVER LESION\RADIOFREQUENCY ABLATION OF LIVER LESION ** REMOTE WEST **,1
RIGHT ROTATOR CUFF TEAR;POORBLOOD GASES;TELEMETRY,1
UPPER RESPIRATORY INFECTION;PYELONEPHRITIS,1
ALTERED MENTAL STATUS;MENINGITIS,1
MVR\MITRAL VALVE REPLACEMENT,1
AORTIC STENOSIS;MR\ AORTIC AND MITRIAL VALVE REPLACEMENT/SDA,1
AORTIC STENOSIS\AVR?; MVR? CORONARY ARTERY BYPASS GRAFT ,1
UTERINE RUPTURE\D&C,1
URINARY TRACT INFECTION;R/O MRSA,1
MITRAL REGURGITATION\MITRAL VALVE REPLACEMENT/REPAIR ,1
AORTIC STENOSIS\AORTIC VALVE REPLACEMENT; ? MITRAL VALVE REPLACEMENT/SDA,1
RIGHT MIDDLE LOBE COLLAPSED;SEPSIS/SDA,1
C. DIFF COLITIS;HYPOTENSION,1
NEUROCYSTERCYCOSIS,1
AORTIC VALVE DISORDER\RE-DO STERNOTOMY; BENTAL PROCEDURE/SDA,1
MULTIPLE INGESTIONS,1
SP DEPRESSED SCULL FX,1
CONGESTIVE HEART FAILURE; SHORTNESS OF BREATH,1
CORONARY ARTERY DISEASE\AORTIC VALVE REPLACEMENT; MINIMALLY INVASIVE/SDA,1
CAROTID STENOSIS;INTRACRANIAL STENT PLACEMENT,1
AORTIC VASCULAR TIME/SDA,1
PULMONARY CONTUSION,1
DUODENAL OBSTRUCTION,1
BRAIN METASTASIS/LESION/SDA,1
VENTURAL HERIA,1
AORTIC STENOSIS\AORTIC VALVE REPLACEMT / ? ASCENDING AORTA  /SDA,1
"DYSPNEA,HYPOXIA",1
L2 COMPRESSION FRACTURE;HYPOTENSION,1
CHEST PAIN;TELEMETRY;? PARTIAL SBO,1
"S/P FALL 30FT, UNRESPONSIVE",1
SEIZURE;STROKE;TELEMETRY;TELEMETRY,1
MITRAL REGURGITATION\AORTIC AND MITRAL VALVE REPLACEMENT /SDA,1
L ARM INFECTION,1
MITRAL STENOSIS\MITRAL VALVE REPLACEMENT/ MAZE; ? CORONARY ARTERY BYPASS GRAFT WITH ,1
"URINARY TRACT INFECTION, SYNCOPE, DKA",1
CRITICAL AORTIC STENOSIS;TRANSPLANT EVALUATION,1
TRACHEAL STENOSIS\BRONCHOSCOPY FLEXIBLE AND RIGID; BALLOON DILATION,1
SPINAL ARTERIOVENOUS MALFORMATION,1
METASTATIC SQUAMOS CELL RIGHT NECK/SDA,1
"SEPSIS,PNEUMONIA,SMALL BOWEL OBSTRUCTION",1
GUILLIAN BARRE SYNDROME,1
BREAST CANCER WITH BRAIN METASTASIS,1
EXTERNAL FIXATION LEFT TIBIAL FRACTURE,1
HEPARIN INDUCED THROMBOCYTOPENIA,1
MYASTHENIA GRAVIS;TELEMETRY,1
NECK PHLEGMON,1
COLON MASS/SDA,1
POST OP KNEE INFECTION,1
SECOND DEGREE AV BLOCK,1
L LUNG COLLAPSE,1
S/P MOTOR VEHICLE ACCIDENT;SUBDURAL HEMATOMA,1
CORONARY ARTERY DISEASE\CORONARY ARTERY BYPASS GRAFT? WITH MVR REDO /SDA,1
 THORACIC ANEURYSM\REPLACEMENT OF ASCENDING AORTIC / HEMI ARCH UNDER DEEP HYPOTHERMIC CIRCULATORY ARREST /SDA,1
CORONARY ARTERY DISEASE\CORONARY ARTERY BYPASS GRAFT W/ BILATERAL MAMMARY/SDA,1
CRANI,1
SADDLE PULMONARY EDEMA,1
BACK WOUND,1
TACHYPNEA;TELEMETRY,1
THIGH HEMATOMA; TRANSFUSION REACTION,1
CHF;OVARIAN CANCER;TELEMETRY;WEAKNESS,1
POST-POLYPECTOMY BLEED,1
MR;AF\MITRAL VALVE REPLACEMENT; MAZE PROCEDURE/SDA,1
"DIG. TOXICITY,BRADYCARDIA",1
RULE-OUT MYOCARDIAL INFARCTION;CONGESTIVE HEART FAILURE;ACUTE RENAL FAILURE,1
CEREBRAL ANIOGRAM,1
0681,1
CERVICAL SPONDYLOSIS,1
T8 FRACTURE AND HEMOTHORAX,1
DILATION AND EVACUATION;DILATION AND CURETTAGE,1
DYSPNEA;CORONARY ARTERY DISEASE;ANGINA\LEFT HEART CATH,1
"RLE CELLULITIS, LIVER FAILURE",1
HYPOGLCEMIA;FEVER;HYPERKALEMIA,1
FOREIGN  BODY IN STOMACH,1
ESOPH CA; FB IN ESOPH,1
"MELANOMA, LEFT FACIAL REGION/SDA",1
SEPSI,1
HYPERTROPHIC OBSTRUCTIVE CARDIOMYOPATHY\ETHENOL SEPTAL ABLATION,1
DYSPNEA;TELEMTRY,1
URINARY TRACT INFECTION;HEMATEMASIS,1
LEFT MAIN DISEASE;CAD,1
S/P FALL-CHEST HEMATOMA-POSSIBLE TRAUMA TO KIDNEY,1
"TE FISTULA,ASPIRATION",1
CHF;AORTIC STENOSIS,1
SOB;HYPOTENSION,1
ETOH WITHDRAWAL;SEIZURE;HYPOTHERMIA,1
UPPER GASTROINTESTINAL ,1
FEVER;DEHYDRATION;NECK MASS,1
NON-Q WAVE MYOCARDIAL INFARCTION\CARDIAC CATH,1
ATRIAL FIBRILLATION;(+) TRAPONIN,1
"L ANEURYSM,S/P ANGIOGRAM",1
THYROID TUMOR MALIGNANT/SDA,1
SKULL FX; INTRACRANIAL,1
TRIPLE AAA;TELEMETRY,1
BEHYDRATION,1
"INTRACRANIAL HEMORRHAGE, SYNCOPE",1
SEPSIS;URINARY TRACT INFECTION;PNEUMONIA,1
CORONARY ARTERY DISEASE\CORONARY ARTERY BYPASS GRAFT;? ASCENDING AORTA/SDA,1
LEFT INTERNAL CAROTID ARTERY ANEURYSM/SDA,1
HYPOTENSION;UROSEPSIS;ACUTE RENAL FAILURE,1
S/P TOTAL COLECTOMY,1
S/P FALL-MULTIPLE INJURIES,1
SUICIDE ATTEMPT;GLASS IN GI TRACT,1
T-SPINE ABCESS; KYPHOSIS,1
INFECTED LEFT TOE ULCER,1
BLEEDING BRAIN METS,1
CLAUDICATION\R ILIAC ANGIO WITH SWAN GANZ,1
"UNRESPONSIVENESS, CVA VS. SEIZURE",1
PELVIC FRACTURE;HUMERUS FRACTURE,1
GASTROINTESTINAL BLEED/JAUNDICE,1
OCCLUDED GRAFT/SDA,1
FRACTURES THORACIC AND LUMBAR/SDA,1
OA BILATERAL KNEE/SDA,1
RIGHT THALAMIC BLEED,1
+ETT;DYSPNEA\CATH,1
CHRONIC MYELOID LEUKEMIA;LEFT FOOT OSTEOMYELITIS,1
UNSTABLE ANGINA; ELEVATED TROPONIN\CATH,1
BLADDER OUTLET OBSTRUCTION/SDA,1
"SEPSIS,RENAL FAILURE",1
"BARRETT'S ESOPHAGUS, HIGH GRADE DYSPLASIA/SDA",1
END ST ELEVATED MYOCARDIAL INFARCTION,1
HERNIA STRANGULATION,1
MYCOPLASMA;PNEUMONIA,1
"HEPATITIS C, CIRRHOSIS/SDA",1
SEIZURE;BRAIN METS,1
INTRACRANIAL HEMMORRHAGE;TELEMETRY,1
ALCOHOLIC LIVER FAILURE,1
ALTERED MENTAL STATUS; ARF; RESPIRATORY FAILURE,1
ISCEHMIC COLITIS,1
SHORTNESS OF BREATH;CONGESTIVE HEART FAILURE;ATRIAL FIBRILLATION\RIGHT AND LEFT HEART CATH,1
"HYPERKALEMIA, HEART BLOCK",1
AORTIC STENOSIS\AORTIC VALVE REPLACEMENT; ? MAZE /SDA,1
BRADYCARDIA;HYPOTENSION,1
"L1 FRACTURE,RT RADIUS FRACTURE",1
INFECTED AORTA,1
CORONARY ARTERY DISEASE;RENAL ARTERY STENOSIS\CATH,1
"HEPATITIS C,LIVER FAILURE,ASCITES",1
MVA;TRAUMA,1
HIP FRACTURE;SUBDURAL HEMORRHAGE;TELEMETRY,1
LLIVER FAILURE,1
HEMOPNEUMOTHORAX,1
RIGHT GROIN SARCOMA,1
ST ELEVATED MYOCARDIAL INFARCTION\CARDIAC CARTH,1
RESPIRATORY FAILURE;TRACHEAL OBSTRUCTION,1
ATRIAL SEPTAL DEFECT \ATRIAL SEPTAL DEFECT FOR PATENT FORMEN OVAL CLOSURE/SDA,1
LIVER FAILURE-PRE-OP LIVER TX,1
ATRIAL FLUTTER\FLUTTER ABLATION/PACEMAKER IMPLANT,1
CORONARY ARTERY DISEASE\RIGHT AND LEFT HEART CATHETERIZATION,1
ASCITES;EDEMA,1
ACUTE LIVER DISEASE; TYLENOL TOXICITY,1
ENDOSCOPIC RETROGRADE CHOLANGIOPANCREATOGRAPHY;SPHINCTEROTOMY,1
AORTIC STENSIS\? CORONARY ARTERY BYPASS GRAFT WITH AVR REDO /SDA,1
SEPSIS;?SBP,1
CAROTID PSEUDOANEURYSM,1
MVC;PELVIC FRACTURE,1
ATRIAL FIBRILLATION; RIGHT UPPER LOBE NODULES\MINI MAZE SIMULTANEOUSLY WITH RIGHT UPPER LOBE BIOPSY;THORACOSCOPY VIDEO ASSISTED WEDGE RESECTION/SDA,1
BILIARY ASCITES,1
BLOCKED PORT-A-CATH,1
CIRRHOSIS;CHRONIC PANCREATITIS,1
THORACOABDOMINAL ANEURYSM\ THORACO ABDOMINAL ANEURYSM REPAIR/SDA,1
"SOB,RAPID AFIB;CONSTIPATION",1
MULTIPLE FACIAL FRACTURES,1
"ACUTE JAUNDICE, HEPATITIS",1
S/P FALL;SUBARACHNOID HEMORRHAGE;TELEMETRY,1
LIVER CANCER;MELENA,1
FEVER-HYPERTENSION,1
RIGHT TEMPORAL MENIGIOMA/SDA,1
ENCEPHALOCLE/SDA,1
FEVERS;FOOT ABSCESS,1
HYPOTENSION;HYPOTHERMIA;HYPOXIA;MENTAL STATUS CHANGES;BRADYCARDIA,1
DIVERTICULITIES OF COLON,1
THORACIC AORTIC ANEURYSM\ENDOVASCULAR THORACIC ANEURYSM REPAIR /SDA,1
BRIGHT RED BLOOD PER RECTUM;GASTROINTESTINAL BLEED,1
HYPOTENTION;HYPOGLYCEMIA,1
"S/P ,VC;R RIB FRACTURE;L FIB -TIB FRACTURE",1
NON-STEM MI/INFLUENZA/PNA,1
MYASTHEMIA GRAVIS & THYMIC MASS/SDA,1
UPPER EXTREMITY THROMBOSIS,1
"CAD, CAROTID STENOSIS LEFT\CORONARY ARTERY BYPASS GRAFT  ENDARTERECTOMY CAROTID LEFT/SDA",1
? SEPTIC ARTHRITIS,1
RECURRENT HIATAL HERNIA/SDA,1
CAROTID STENOSIS\CARITID ANGIO,1
MULTIPLE SCLEROSIS;DEEP VEIN THROMBOSIS;MENTAL STATUS CHANGES,1
PNEUMO FIBROSIS,1
TRACHEAL BRONCHOMALASIA,1
ADENOID CYSTTIC CARCINOMA/SDA,1
RIGHT HIP FRACTURE;LOWER EXTREMITY CELLULITIS,1
MITRAL INSUFFICIENCY\RE STERNOTOMY VS RIGHT THORACOTOMY; MITRAL VALVE REPLACEMENT ,1
RIGHT SHOULDER FRACTURE/SDA,1
GALLBLADDER MASS,1
"FASCIITIS,RT LEG",1
CELLULITIS; MENTAL STATUS CHANGES,1
ETOH CIRRHOSIS;GASTROINTESTINAL BLEED,1
S/P REINPLANT RIGHT INDEX FINGER,1
CHRONIC OBST PULM DISEASE;TELEMETRY,1
AORTIC VALVE DISORDER\RE-DO STERNOTOMY; REPAIR OF ASCENDING AORTA ? ANEURYSMAL; ? REPLACEMENT OF ASCENDING AORTA; ? BENTAL PROCEDURE /SDA,1
"HEADACHE,R/O SUBARACHNOID HEMORRHAGE",1
PVD\AA R UNOFFS,1
CORONARY ARTERY DISEASE\LEFT ANTERIOR DESCENDING PERCUTANEOUS CORONARY INTERVENTION,1
JAUNDICE;S/P ERCP;UNRESOLVED BILIARY OBSTRUCTION,1
UPPER GASTROINTESTINAL BLEED;ALTERED MENTAL STATUS,1
CARDIAC DISEASE;CATH,1
PNEUMONIA;FEVER;TACHYCARDIA,1
"RIGHT,LEFT EX-FIX HOWEDIC",1
CERVICAL SPINE DISLOCATION,1
RF,1
CORONARY ARTERY DISEASE;PULMONARY EDEMA\ANGIOPLASTY,1
CONGESTIVE HEART FAILURE;HYPERKALEMIA;ALTERED MENTAL STATUS;TELEMETRY,1
LUMBAR DISC HERNIATION L3/SDA,1
SMALL BOWEL OBSTRUCTION;HYPOXIA,1
OA LEFT KNEE,1
?PCP PNEUMONIA VS. COPD EXACERBATION,1
CIRRHOSIS FOR TIPSS\TIPSS,1
PRIMARY PULMONARY HYPERTENSION\SWAN-GANZ CATHERER PLACEMENT,1
BRADICARDIA;RENAL FAILURE,1
POSTERIOR FOSSA BLEED,1
BRAIN STEM CVA,1
"GASTROPARESIS,HYPERTENSION",1
AORTIC STENISIS\AORTIC VALVE REPLACEMENT; MINIMALLY INVASIVE/SDA,1
PNEUMOTHORAX;SYCOPE;C SPINE FRACTURE,1
SORE THROAT;IMMUNOSUPRESSION,1
"DKA, R/O MI",1
PNEUMONIA;SEPSIS;TELEMETRY,1
METASTATIC BRAIN CANCER,1
"SDH, S/P FALL",1
S/P PLEUROSCOPY WITH PLEURIDESIS;CHEST TUBE PLACEMENT;PLEURX CATHETER PLACEMENT;PNEUMOTHORAX,1
FEVER;PNEUMONIA,1
HEAD BLEED WITH SHIFT,1
CORONARY ARTERY DISEASE;CHEST PAIN;RULE-OUT MYOCARDIAL INFARCTION;TELEMETRY\MULTIVESSEL STENTING,1
S/P MVC;SUBARACHNOID HEMORRHAGE,1
"MITRAL VALVE INSUFFICENCY\MITRAL VALVE REPLACEMENT; TRICUSPID VALVE REPLACEMENT; ? CORONARY ARTERY BYPASS GRAFT, ? MAZE ",1
MITRAL VALVE PROLAPSE;NEW ONSET ATRIAL FIBRILLATION\CATH,1
LOWER LEG ISCHEMIA; ACUTE RENAL FAILURE,1
REPEAT CABG,1
PNEUMONIA;ZOSTER RASH,1
PANCREATIC MASS /SDA,1
RIGHT INGUNAL HERNIA,1
"HYPOXIA,HYPOTENSION",1
CHEST APIN;CORONARY ARTERY DISEASE\CARDIAC CATH,1
TRAUMA-HEAD INJURY,1
SUBDURAL HEMATOMA;FALL,1
FLANK PAIN;HYPOTENSION,1
CORONARY ARTERY DISEASE;MR;AORTIC STENOSIS\CORONARY ARTERY BYPASS GRAFT;AORTIC VALVE REPLACEMENT;MITRAL VALVE REPLACEMENT/SDA,1
PAROXYSMAL VENTRICULAR TACHYCARDIA\VENTRICULAR TACHYCARDIA ABLATION  ICD LEAD EXTRACTION/REIMPLANT /SDA,1
CAROTID ARTERY STENOSIS\CAROTID ANGIOGRAM  AND STENT,1
NON-ST SEGMENT ELEVATION MYOCARDIAL INFARCTION;GI BLEED ;PNEUMONIA,1
INTRACRANIAL BLEEDING MASS;TELEMETRY,1
SEPSIS VS CARDIOGENIC SHOCK,1
R/O SMALL BOWEL OBSTRUCTION,1
RESP FAILURE-RENAL FAILURE-CONGESTIVE HEART FAILURE,1
MULTIPLE MYELOMA;SHORTNESS OF BREATH;MEDIASTINAL MASS,1
INTRCRANIAL HEMORRHAGE,1
AORTIC DISECTION\ REPAIR OF AN ASCENDING AORTIC DISECTION/SDA,1
CORONARY ARTERY DISEASE;MITRAL RESURGE,1
INCISION DRAINAGE,1
CHEST PAIN\T,1
CORONARY ARTERY DISEASE\CORONARY ARTERY BYPASS GRAFT; MAZE PROCEDURE; LEFT VENTRICULAR LEAD PLACEMENT/SDA,1
HYPONATREMIA;HYPERKALEMIA;WEAKNESS;BREAST CANCER,1
COLON CANCER\CHEMOTHERAPY,1
ATRIAL FIBRILLATION\TRANSESOPHAGEAL ECHOCARDIOGRAM;CARDIOVERSION,1
CORONARY ARTERY DISEASE\CORONARY ARTERY BYPASS GRAFT  ENDARTERECTORY FEMORAL RIGHT/SDA,1
FLARE OF ULCERATIVE CHOLITIS;STATUS POST VATS PROCEDURE,1
BILATERAL DVT,1
ATRIAL AFRIBILLATION\BILATERAL THORACOSCOPIC MINI MAZE PROCEDURE WITH LEFT ATRIAL APPENDAGE RESECTION ,1
CP.+ETT\LEFT HEART CATHETERIZATION,1
VTACH\EP STUDY,1
? TB,1
RESPIRATORY FAILURE;CARDIAC ARREST,1
GI BLEED;,1
S/P MOTOR VEHICLE CRASH WITH SUBRACHNOID HEMORRHAGE,1
CHR;AFIB WITH RVR,1
POST MI;HYPERGLYCEMIA,1
R/O CVA;SYNCOPE,1
ACENDING AORTIC ANEYRYS\BENTAL PROCEDURE /SDA,1
ASTHMA W\COPD EXACERBATION,1
HYYPERBILIRUBINEMIA,1
METHICILLIN RESISTANT STAPH AUREUS;FEVER;HYPOTENSION;TELEMETRY,1
RIGHT KNEE FRACTURE,1
MYOCARDIAL INFARCTION;ANGINA\CATH,1
MENTAL STATUS CHANGE WITH FEVER,1
RESPIRATORY FAILURE;TM,1
RIGHT CAROTID STENOSIS\RIGHT CAROTID ANGIOGRAM;ANGIOPLASTY,1
HYPOXIA;SHORTNESS OF BREATH;TELEMETRY,1
"HEPATITIS,JAUNDICE",1
PERIPHERAL VASCULAR DISEASE;ISCHEMIA;HYPERTENSION\CATH,1
ACUTE BILATERAL SDH,1
SEPSIS;MYOCARDIAL INFARCTION,1
RECURRENT ENDOMETRIAL SARCOMA/SDA,1
"COPD, PNEUMONIA, ACUTE CORONARY SYNDROME",1
ELBOW FRACTURE,1
AML/FEVER/DEHYDRATION,1
HYPEROSMOLAR SYNDROME,1
HYPERGLYCEMIA-SEIZURE,1
STAB WOUND CHEST,1
SICK SINUS SYNDROME\PACEMAKER INSERTION,1
URINARY TRACK INFECTION;SEPSIS,1
SUPRATHERAPEUTIC INR; HYPOTENSION,1
"ATRIAL FIBRILLATION\MINI-MAZE PROCEDURE, PULMONARY VEIN ABLATION,  BILATERAL/SDA",1
CORONARY ARTERY DISEASE;SOB;TELEMETRY,1
RESPIRATORY FAILURE-ASTHMA FLARE,1
LARGE PFO\ PATENT FORAMEN OVALE/SDA,1
FEVER/SHORTNESS OF BREATH,1
ST WAVE MYOCARDIAL INFARCTION\CATH,1
BRADYCARDIA;RENAL FAILURE;HYPERKALEMIA,1
VENTRAL HERNIA; SKIN LAXITY ABDOMEN & BREASTS/SDA,1
MR\ MITRAL VALVE REPLACEMENT ; HEART PORT MINIMALLY ; INVASIVE/SDA,1
CONFUSION;LOW OXYGEN,1
TVR,1
FOUND DOWN;ALTERED MENTAL STATUS,1
?CAD\CARDIAC CATH,1
LEFT FRONTAL MASS;BLEED,1
"MR\MITRAL VALVE REPLACEMENT,HEART PORT MINIMALLY INVASIVE; ? CORONARY ARTERY BYPASS GRAFT /SDA",1
SEVER HEAD INJURY,1
KIDNEY LESION LEFT SIDE/SDA,1
CHOLANGITIS;SEPTIC SHOCK,1
? SEPSIS;S/P PANCREATIC STENT,1
NON-HEALING ULCER/SDA,1
DIABETIC KETOACIDOSIS;GROIN CELLULITIS,1
AORTIC ANEURYSM;BACK PAIN,1
MET CHOLANGIOCARCINOMA,1
SEIZURE-MRSA IN SPUTUM,1
HYPERGLYCEMIC HYPEROSMOLAR SYNDROME,1
HARDWARE FAILURE/SDA,1
ASCENDING AORTA\ASCENDING AORTA REPLACEMENT/SDA,1
SECONDARY MALIGNANT NEOPLASM BONE AND BONE MARROW LEFT FEMUR/SDA,1
"AORTIC STENOSIS\AVR, ? CORONARY ARTERY BYPASS GRAFT ",1
PERICARDIAL EFFUSION; DYSPNEA; METASTATIC BREAST CA\PERICARDIAL TAP,1
ACUTE CORONARY ARTERY SYNDROME,1
SEIZURE;? CVA,1
LOWER EXTREMETY EDEMA;CONGESTIVE HEART FAILURE,1
"VENTRAL HERNIA, ABDOMINAL PANNUS",1
OVARIAN CA; ASCITES,1
ANEMIA;S/P MI,1
CHF & ANKLE INFECTION,1
TOE GANGRENE;R/O MI,1
S/P MOTOR VEHICLE ACCIDENT-SPLENIC LACERATION',1
LIVER FAILURE;S/P LIVER TRANSPLANT,1
ANGINA;+ STRESS TEST\CATH,1
LUNG CANCER /SDA,1
MITRAL VALVE INSUFFICIENCY\MITRAL VALVE REPLACEMENT REDO /SDA,1
METHEMOGLOBINEMIA;ACUTE RENAL FAILURE,1
ANGINA;NON-SUSTAINED VENTRICULAR TACHYCARDIA;ASCITES\CARDIAC CATH,1
EPIDURAL ABSCESS;TELEMETRY,1
LIVER FAILURE-TYLENOL OVERDOSE,1
AORTIC ANEURYSM \ASCENDING AORTA * HEMI ARCH REPLACEMENT /SDA,1
CHOLELITHIASIS; INCISIONAL HERNIA/SDA,1
PNEUMONIA-R/O MYOCARDIAL INFARCTIOM,1
RULE-OUT MYOCARDIAL INFARCTION;TELEMETRY;S/P FALL,1
GASTROINTESTINAL BLEED;RULE-OUT MYOCARDIAL INFARCTION;TELEMETRY;ST DEPRESSION,1
GASTROINTESTINAL BLEED;,1
"SHORTNESS OF BREATH,R/O MI",1
MR\MITRAL VALVE REPLACEMENT MINIMALLY INVASIVE /SDA,1
BRONCHOSCOPY;RE-INTUBATION FOR LOW TIDAL VOLUME,1
AORTIC VALVE DISORDER\CORONARY ARTERY BYPASS GRAFT WITH AVR /SDA,1
MITRAL REGURGE;TRICUSPID REGURGE,1
C6 SPINOUS FRACTURE,1
SUBARACHNOID HEMATOMA; C7-FRACTURE,1
"ETOH, INTUBATED",1
TACHYCARDIA;HYPOTENSION,1
"TRAUMATIC BRAIN INJURY,ALCOHOL INTOXICATION",1
TIA;CEREBRAL STENOSIS;TELEMTRY,1
"SUBDURAL, PELVIC FRACTURE",1
MITRAL STENOSIS\MITRAL VALVE REPLACEMENT; TRICUSPIC VALVE REPLACEMENT; MAZE ,1
HYPOGLYCEMIA/HYPOKALEMIA,1
RENAL ARTERY THROMBOSIS,1
COPD/PNA,1
LOWER EXTREMITY CRUSH INJURIES,1
JUNCTIONAL BRADCARDIA,1
LEFT HEMI COLECTOMY,1
HYPOGLYCEMIA;ALTERED MENTAL STATUS;TELEMETRY,1
PARIETAL MASS,1
GASTROINTESTINAL BLEED;ACUTE CORONARY SYNDROME,1
HYPOXEMIA;HYPOTENSION;CONGESTIVE HEART FAILURE;HYPERKALEMIA,1
PATENT FORAMEN OVALE,1
PELVIC ORGAN PROLAPSE /SDA,1
L SUBDURAL HEMATOMA,1
MITRAL STENOSIS;ATRIAL FIBRILLATION\CATHETERIZATION;INITIATION OF ANTIARRHYTHMIC MEDICATION DOFETILIDE/SDA,1
CHEST PAIN;LATERAL ISCHEMIA\CARDIAC CATH,1
CONGESTIVE HEART FAILURE;ATRIAL CLOT,1
DELTA MS/HYPERTENSION,1
COMPLETE MAINSTEM OBSTRUCTION,1
PNEUMONIA/CONGESTIVE HEART FAILURE/NSTEMI,1
R/O CAD;CHEST PAIN\CARDIAC CATH,1
AROTIC STENOSIS\AORTIC VALVE / ASCENDING AORTA REPLACEMENT /SDA,1
HEAD BLEED;URINARY TRACT INFECTION;PNEUMONIA,1
R/O SEPTIC SHOCK,1
PRES SYNDROME,1
"CP,CARDIOMYOPATHY;RULE OUT CORONARY ARTERY DISEASE\CARDIAC CATH",1
SEVERE MR\MITRAL VALVE REPLACEMENT; ? CORONARY ARTERY BYPASS GRAFT,1
"LIVER FAILURE, ABDOMINAL PAIN",1
SEPSIS/ CHEST PAIN,1
AORTIC VALVE INSUFFICENCY\CORONARY ARTERY BYPASS GRAFT WITH AVR /SDA,1
ANGINA\CARDIAC CATHETERIZATION,1
HYPERKALEMIA;HYPOTENSION,1
ACUTE MYOCARDIAL INFARCT\CARDIAC CATH,1
AORTIC DISSECTION\AORTIC DISSECTION,1
COUGH;DYSPNEA,1
OLIGODENDROGLIOMA RIGHT /SDA,1
NON-ST SEGMENT ELEVATION MYCOARDIAL INFRACTION,1
POLYSUBSTNACE ABUSE;FOUND DOWN,1
RENAL CANCER;RESPIRATORY DISTRESS,1
? ACUTE MI\CATH,1
ESOPHAGEAL PERF,1
INTRA-ABD ABSCESS,1
BRAINSTEM STROKE,1
PNEUMONIA;HYPOTHERMIA,1
S/P MOTOR VEHICAL ACCIDENT,1
? SYNCOPE,1
STERNAL DEHISCENCE,1
ATRIAL SEPTAL DEFECT\ MINIMALLY INVASIVE ATRIAL/SEPTAL DEFECT REPAIR/SDA,1
CORONARY ARTERY DISEASE;AORTIC STENOSIS;MR\CORONARY ARTERY BYPASS GRAFT; WITH AVR; MITRAL VALVE REPLACEMENT/SDA,1
CORONARY ARTERY DISEASE\CORONARY ARTERY BYPASS GRAFT; RADIAL ARTERY RIGHT/SDA,1
INFECTED RIGHT THIGH GRAFT,1
LYMPHOMA\CHEMOTHERAPY ( ICE),1
VETRICULAR FIBRILLATION\LEFT HEART CATH,1
LEFT MAIN CARDIAC DISEASE;CORONARY ARTERY DISEASE;ANGINA,1
INCARCERATED PARASTOMAL HERNIA,1
"MITRAL DISORDER\MITRAL VALVE REPLACEMENT,HEART PORT MINIMALLY INVASIVE /SDA",1
RESPIRATORY FAILURE;KIDNEY FAILURE;METHICILLIN RESISTANT STAPH AUREUS;VRE,1
GROSS HEMOPTYSIS,1
GUN SHOT WOUND TO CHEST AND ABDOMEN,1
LEFT PATIETAL MASS,1
RIGHT SIDED MENINGIOMA/SDA,1
OSTEOMYLITIS,1
SEZIZURES,1
KIDNEY RUPTURE,1
L1 BURST FRACTURE/SDA,1
RUPTURED BLADDER,1
? STERNAL WOUND INFECTION,1
RUPTURED MEMBRANES,1
AORTIC STENOSIS\AORTIC VALVE REPLACEMENT; W/RE-DO STERNOTOMY/SDA,1
VASOSPASM,1
"FEVER,DIARRHEA,DEHYDRATION",1
GANGRENE\ANAGRADE LOWER EXTREMITH ANGIOGRAM,1
CAROL'S SYNDROME/SDA,1
AORTIC STENOSIS\Transcatheter Aortic Valve Implant (TAVI) with Pump Stand-by (CoreValve)  ,1
"MITRAL INSUFFICIENCY\MITRAL VALVE REPLACEMENT,HEART PORT MINIMALLY INVASIVE /SDA",1
HYPOKALEMIA/HEPATITIS,1
G-J TUBE PULLED,1
SEVERE DYSMENORRHEA/SDA,1
HEMATOMA-ANEMIA,1
LEFT EMPHYSEMIC PYELONEPHRITIS,1
"ARDS, UROSEPSIS",1
CORONARY ARTERY DISEASE\BiV ICD IMPLANT IN O.R. /SDA,1
CLAUDICATOIN\CATH,1
HYPERGLYCEMIA/DKA,1
"GI BLEED,MI",1
BILE DUCT CANCER,1
S/P FALL-SEIZURE,1
ACUTE SUBDURAL HEMATOMA;SEIZURE,1
CORONARY ARTERY DISEASE\BENTALL PROCEDURE;CORONARY ARTERY BYPASS GRAFT,1
B-CELL LYMPHOMA\BONE MARROW TRANSPLANT,1
CEREBELLER STOKE,1
HTN URGENCY/ARF,1
CHEST PAIN;POST INFARCT ANGINA\CATH,1
MR\MITRAL VALVE REPLACEMENT; HEART PORT MINIMALY INVASIVE/SDA,1
"CHF, HYPOGLYCEMIA",1
PERI RECTAL ABSCESS,1
HYPERKALEMIA-ACUTE RENAL FAILURE-RECTAL BLEEDING,1
RIGHT RIB FRACTURE,1
"HYPOXIA, ACUTE RENAL FAILURE",1
HYPERTENSIVE CRISIS;?ENCEPHALOPATHY,1
ATRIAL FIBRILLATION;ESRD,1
CORONARY ARTERY DISEASE\REDO STERNOTOMY EPICARDIAL ALBATION FOR VENTRICAL TACHYCARDIA?CORONARY ARTERY BYPASS GRAFT ,1
FEVER;S/P FALL,1
AS\CP,1
CN 111 PALSY,1
CHEST PAIN;EKG CHANGES,1
RIGHT ANKLE ARTHOPATHY/SDA,1
ALS;COMMON BILE DUCT STONE,1
NON-Q-WAVE MYOCARDIAL INFARCTION\LEFT HEART CATH,1
CHEST PAIN;AORTIC STENOSIS;CORONARY ARTERY DISEASE\RIGHT AND LEFT HEART CATH,1
"ETOH WITHDRAWAL,ABD PAIN",1
TRACH REPLACEMENT,1
ANEMIA; UNABLE TO AMBULATE,1
MITRAL VALVE REGURGITAION\MITRAL VALVE REPLACEMENT,1
AKI;HYPERKALEMIA,1
LEFT PROXIMAL FEMUR; CHONDRO SACOMA/SDA,1
"MR\MITRAL VALVE REPLACEMENT MINIMALLY INVASIVE APPROACH,HEART PORT;CORONARY ARTERY DISEASE;TELEMETRY",1
SEPSIS;THROMBOCYTOPENIA;MENTAL STATUS CHANGES,1
MR\ MINIMALLY INVASIVE WITH HEART PORT; AND ENDOSCOPIC/SDA,1
T5 FRACTURE,1
APLASTIC ANEMIA;FEVERS;NEUTROPENIC,1
CHRONIC RENAL FAILURE;INFECTED AV GRAFT,1
SYNCOPE-BLUNT HEAD TRAUMA-INTRACRANIAL HEMORRHAGE,1
"HYPOXIA, SEIZURES",1
"CMML,GOUT,DEHYDRATION",1
ISCHEMIC ENTERITIS,1
AORTIC STENOSIS\AORTIC VALVE REPLACEMENT; ? CORONARY ARTERY BYPASS GRAFT /SDA,1
PVD\LEFT LEG ANGIO,1
LT FOOT GANGRENE,1
OBSTRUCTED COLON,1
CARDIAC CATHERIZATION,1
DRUG INGESTION,1
THYMUS/SDA,1
CHEST PAIN\CARDIAC CATHETREIZATION,1
CAD/UA,1
CBC DILITAION;HYPOTENSION,1
ACSITES,1
"PNEUMONIA,ACUTE RENAL FAILURE",1
RIGHT KNEE INFECTION,1
S/P RECENT MI AND AS/MR,1
FRACTURES;THROMBOCYTOPENIA,1
LUNG CA\ BRONCHOSCOPY WITH LASER/SDA,1
TURBT,1
CARDIOGENIC SHOCK/MI,1
"CAD, AS\CORONARY ARTERY BYPASS GRAFT; W/ AVR/SDA",1
"HYPERNATREMIA,MENTAL STATUS CHANGE",1
SPONDYLOLISTHESIS/SDA,1
EXERCIONAL CHEST PAIN\CATH,1
PAROTIDITIS,1
CHEST PAIN;TELEMETRY;CORONARY ARTERY DISEASE,1
INFERIOR ST-SEGMENT ELEVATION MYOCARDIAL INFARCTION\CARDIAC CATH,1
FALL;RIB FRACTURES,1
ANTERIOR COMMUNICATOR ARTERY ANEURYSM/SDA,1
S/P STAB WOUND TO CHEST,1
STEMI;GASTROINTETINAL BLEED,1
COLON NEOPLASM/SDA,1
CORONARY ARTERY DISEASE\CORONARY ARTERY BYPASS GRAFT; W/LIMA RIMA ? LRA/SDA,1
URI PERICARDIAL EFFUSION,1
GASTROINTETINAL BLEED,1
"CORONARY ARTERY DISEASE\CORONARY ARTERY BYPASS GRAFT, ?  MVR /SDA",1
LIVER HEMOANGIOMA,1
"TRAUMA,S/P FALL",1
PACEMAKER ESTRACTION,1
PNEUMONIA;AIRWAY OBSTRUCTION,1
SKIN LAXITY,1
LUNG CA;PULMONARY EMBOLIS,1
NASOPHARYNGEAL CARCINOMA,1
PARASTOMAL HERNIA,1
HYPERCAPNEIC RESPIRATORY FAILURE,1
CONGESTIVE HEART FAILURE;HYPOTENSION;FEVER,1
"CELLULITIS,INABILITY TO URINATE",1
ANEMIA;ACUTE RENAL FAILURE,1
PNEUMONIA-SEPSIS,1
MR\CORONARY ARTERY BYPASS GRAFT; WITH MVR/SDA,1
NEED GI SCOPE,1
HYPOTENSION;ATRIAL FIBRILLATION;TELEMETRY,1
3RD AV BLOCK,1
FB IN TACHEA,1
DYSPNEA;BRADYCARDIA,1
ACUTE PANCREATITIS;ARDS,1
INFERIOR LATERAL MYOCARDIAL INFARCTION,1
INTRACRANIAL HEMORRHAGE;C1 FRACTURE,1
"CHANGE IN MENTAL STATUS,INTUBATED",1
"S/P LIVER TX,NAUSEA,VOMITING",1
AORTIC STENISIS,1
3RD DEGREE HEART BLOCK SARCOID,1
AORTIC STENOSIS\AORTIC VALVE REPLACEMENT; ? MITRAL VALVE REPLACEMENT; ? MAZE /SDA,1
MULTIPLE PULMONARY EMBOLI,1
"OVER DOSE,HYPOXIC RESPIRATORY FAILURE",1
NEW ONSET ATRIAL FIBRILLATION,1
SP CABG\CATH,1
CUSHING SYNDROME HYPERGLYCEMIA,1
PER OP LIVER,1
CHEST PAIN;NON Q-WAVE MYOCARDIAL INFARCTION\CARDIAC CATH,1
SEPSIS;ACUTE PANCREATITIS;RENAL FAILURE,1
URESPONSIVE,1
R/O DISSECTION,1
ASCENDING AORTA\RE-DO STERNOTOMY; REPLACEMENT ACCENDING AORTA; TOTAL ARCH PLACEMENT W/ RIGHT AXILLARY & CANNULATION DEEP HYPOTHERMIC ARREST/SDA,1
LEFT SUBOCCIPITAL TUMOR/SDA,1
"LOWER LOBE NODULE, LEFT LUNG/SDA",1
L.LOWER EXTREMITY ARTERIAL OCCLUSION,1
CHEST PAIN\CORONARY ANGIOGRAM,1
LEFT SIDED HEMIPARESIS,1
CORONARY ARTERY DISEASE\LEFT CIRCUMFLEX INTERVENTION,1
NECROTIC MASTITIS OF THE RIGHT BREAST,1
"GI BLEED,ESOPHAGEAL VARICIES",1
GANGRENOUS RIGHT LEG,1
LARGE COLONIC POLYP/SDA,1
POST-CONCUSSION SYNDROME,1
PRESTHETIC VALVE ENDOCARDITIS;1ST &2ND AV BLOCK,1
"LIVER FAILURE,TYLENOL OVERDOSE",1
HEMATURIA;RENAL MASS,1
DESCENDING THORACIC ANEURYSM,1
ARTHEROSCLEROSIS WITH ISCHEMIC REST PAIN,1
CORONARY ARTERY DISEASE-UNSTABLE ANGINA,1
GALLBLADDER FISTULA,1
CONGESTIVE HEART FAILURE\Transcatheter Aortic Valve Implant (TAVI)VIA DIRECT AORTIC ACCESS with Pump Stand-by (CoreValve) ,1
THORACIC ANEUYSM WITHOUT MENTION RUPTURE\BENTAL PROCEDURE(METRONIC FREESTYLE)/ ACENDING AORTA; HEMI ARCH REPLACEMENT  W/ DEEP HYPERTHERMIC ARREST/SDA,1
ASTHMA / COPD EXACERBATION,1
BENIGN LIVER MASS/SDA,1
ATRIAL FIBRILLATION;TELEMETRY;WITHDRAWAL,1
LEUKEMIA/PNEUMONIA,1
CHRONIC DISTAL COMMON BILE DUCT/SDA,1
? SEPTIC KNEE,1
ABDOMINAL PAIN;EXPLORATORY LAP,1
JAW SPASM,1
ALTERED MENTAL STATUA,1
"ANAPHYLAXIS, RESPIRATORY DISTRESS",1
NSTEMI;HIP FRACTURE,1
MYXOMA\ ATRIAL MYXOMA REMOVAL/SDA,1
CELLULITIS NECK,1
HYPONATREMIA;NAUSEA;VOMITING,1
"ASTHA,SHORTNESS OF BREATH",1
S/P MOTOR VEHICLE ACCIDENT-BLUNT TRAUMA,1
CLL,1
END STAGE RENAL DISEASE; RASH,1
ADENAL CARCINOMA OF STOMACH/SDA,1
CHEST WALL HEMATOMA,1
CORONARY ARTERY DISEASE;DYSPNEA\LEFT HEART CATHETERIZATION,1
L.L.E.ARTERIAL OCCLUSION,1
ETOH WITHDRAWAL;RT FLANK PAIN,1
LUMPHOMA,1
+ETT; CHEST PAIN\CATH,1
HYPOGLYCEMIA;CHRONIC RENAL INSUFFICIENCY,1
ABNORMAL ENDOMETRIUM,1
UPPER EXTREMITY DEEP VEIN THROMBUS,1
MITRA\MITRAL VALVE REPLACEMENT/SDA,1
LYNPHOMA;TUBERCULOSIS,1
PVD;END STAGE RENAL DISEASE;CHEST PAIN\CATH,1
ALTERED MENTAL STATUS-HYPOGLYCEMIA,1
SUPERIOR MESENTERIC EMBOLUS,1
HYPOXIA;ASPIRATION PNEUMONIA;ATRIAL FIBRILLATION,1
"PNEUMONIA,RT PLEURAL EFFUSION",1
MITRAL VALVE INSUFFICIENCY\MITRAL VALVE REPLACEMENT; MAZE; ?TVR AND AVR ,1
COMMON BILE DUCT STONE;ERCP;METHEMOGLOBIN ANEMIA\ERCP,1
MET BREAST CA,1
"CONGESTIVE HEART FAILURE,SHORTNESS OF BREATH",1
FEBRILE NEUTROPENIA-? SEPSIS,1
PNEUMONIA;URINARY TRACT INFECTION;RULE-OUT MYOCARDIAL INFARCTION,1
"ETOH WITHDRAWAL,ALCOHOLIC HEPATITIS,LACTIC ACIDOSIS",1
LEFT ARM SPASMS,1
MELANOMA; AIRWAY OBTRUCTION,1
JAW PAIN,1
HEPATO RENAL FAILURE,1
GASTROINTESTINAL BLEED-ETOH WITHDRAWAL,1
S/P CVA;CAROTID STENOSIS\CAROTID ANGIOGRAM,1
ACUTE RENAL FAILURE;DIABETIC KETOACIDOSIS,1
GASTRIOINTESTINAL BLEED,1
RIGHT INTRACRANIAL HEMORRHAGE;TELEMETRY,1
LEUKEMIA; PNEUMONIA,1
HYPEROSMOTOR NONKETOIC COMA,1
CORONARY ARTERY DISEASE\CORONARY ARTERY BYPASS GRAFT; ? AORTIC VALVE REPLACEMENT/SDA,1
FAILURE TO WEAN;RESP FAILURE,1
CARDIOMYOPATHY;CORONARY ARTERY DISEASE;PNUEMONIA;ABDOMINAL AORTIC ANEURYSM\CARDIAC CATHETERIZATION,1
RECURRENT VT\EP STUDY,1
POLYTRAUMA-SUBDURAL HEMORRHAGE-FACIAL FRACTURES,1
PARASTOMAL HERNIA/SDA,1
ATRIAL FIBRILLATION; RVR,1
SYMTOMATIC FIBROIDS/SDA,1
INTRAPRANCHYMECAL BLEED,1
ASA TOXICITY,1
FEVER;NEUTROPENIA;SAH,1
FEVERS;HYPOTENSION,1
HYPOTENSION/UNCLEAER ETIOLOGY,1
LYMPHOMA;HYPERTENSION,1
PNA:TELEMETRY,1
ASCENDING ANEURYSM \ASCENDIONG AORTA/ HEMI-ARCH REPLACEMENT; W/ DEEP HYPERTHERMIC CIRCULATORY ARREST/SDA,1
AORTIC INSUFFICIENCY\ASCENDING AORTA REPLACEMENT; ? AVR/SDA,1
S/P  CHOLECYSTECTOMY/BILE LEAK,1
"METASTATIC RECTAL CA,R/O SPINAL CORD COMPRESSION",1
SLEEVE DEHISCENCE,1
LEFT HEMISPHERE STROKE,1
CARDIAC ISCHEMIA;GASTROINTESTINAL BLEED,1
"USA,SEVERE MR\CATH",1
RIGHT COLON MASS/SDA,1
CARDIOMYOPATHY;END STAGE RENAL DISEASE\LEFT HEART CATHETERIZATION,1
ACUTE PANCREATITIS/SDA,1
LEFT SIDED WEAKNESS;BRADYCARDIA,1
AORTIC STENOSIS\AORTIC VALVE REPLACEMENT; ? ASCENDING AORTIC ANEURYSM REPAIR/SDA,1
LUNG CANCER;COPD;PNEUMONIA,1
SPINAL ABSCESS;PNEUMONIA,1
CONGESTIVE HEART FAILURE;CHRONIC RENAL INSUFFICIENCY;ANEMIA,1
ATRIAL MYXOMA\REPAIR ATRIAL MYXOMA,1
CHEST PAIN-PNEUMONIA,1
"SUBDURAL HEMATOMA,SEIZURE,C3 FRACTURE",1
"ABDOMINAL PAIN,SHORTNESS OF BREATH",1
MITRAL REGURGITATION\MITRAL VALVE REPLACEMENT  CORONARY ARTERY BYPASS GRAFT REDO ,1
PROSTATE NODULE;S/P AORTIC VALVE REPLACEMENT\COLONOSCOPY;PROSTATE BIOPSY,1
AORTIC STENOSIS\AORTIC VALVE REPLACEMENT; ? RESECTION AORTIC ASCENDING; ANEURYSM/SDA,1
INCREASED INR;ACUTE RENAL FAILURE,1
GARBLED SPEECH,1
SWALLOWED FOREIGN BODY;TELEMETRY,1
BRIGHT RED BLOOD PER RECTUM; HCT 20; BRIEF HYPOTENSION,1
FREE AIR,1
"LIVER FAILURE, HEPATITIS",1
CHF;SEVERE AORTIC STENOSIS,1
CAD & AS\CORONARY ARTERY BYPASS GRAFT; W/ AVR/SDA,1
METASTATIC CA/SDA,1
LEFT HAND WOUND/SDA,1
UTI/HYPERNATREMIA,1
S/P FALL;RIB FRACTURES,1
PERICARDIAL EFFUSION; CHEST PAIN,1
CORONARY ARTERY DISEASE\CORONARY ARTERY BYPASS GRAFT WITH RADIAL ARTERY /SDA,1
ABNORMAL LABS,1
C2 FRACTURE-S/P MOTOR VEHICLE ACCIDENT,1
BATTERY DEPLETION; HEART FAILURE\IMPLANTABLE CARDIOVERTER DEFIBRILLATOR EXPLANT; PACEMAKER IMPLANT; DIURISIS POST PROCEDURE/SDA,1
THORASIC SPINE TUMOR,1
MOTOR VEHICLE COLLISION;LIVER HEMATOMA,1
PERICARDIAL EFFUSION;CARDIAC ARREST,1
PSEUDOANEURYSM RUPTURE,1
CIRRHOSIS;HYPOXIA,1
"RIB FRACTURE, HEMOTHORAX",1
TEMPORAL BLEED,1
NAUSEA;VOMITING;ALCOHOL WITHDRAWAL,1
FEVER;S/P BIOPSY,1
"ANEURYSM\REPLACMENT OF ASCENDING AORTA, BENTAL PROCEDURE /SDA",1
S/P FALL TRAUMA,1
HEMOPTYSIS;PULM HEMORRHAGE,1
GASTROINTESTINAL BLEED;PANCREATIC CANCER,1
FOOD OBSTRUCTION,1
OSTEOMYELITIS; LEFT UPPER LOBE LUNG CANCER/SDA,1
CAV\CORONARY ARTERY BYPASS GRAFT ,1
URINARY TRACT INFECTION/ MENTAL STATUS CHANGES,1
BRADYCARDIA-SYNCOPE,1
NEW ONSET CHF;BRADYCARDIA,1
BACK PAIN-WEAKNESS,1
SEVERE OBSTRUCTIVE HYPERTROPHIC CARDIOMYOPATHY\SEPTAL ETHANOL ABLATION,1
"ANEMIA,GI BLEED",1
FACIAL FRACTURES;INTRACRANIAL HEMORRHAGE,1
CORONARY ARTERY DISEASE;MRSA,1
 CORONARY ARTERY DISEASE\ BENTAL PROCEDURE; ? CORONARY ARTERY BYPASS GRAFT/SDA,1
CONGESTIVE HEART FAILURE;DELTA MS,1
PNEUMONIA;MASS,1
NON-ST SEGMENT ELEVATION MYOCARDIAL INFARCTION;CONGESTIVE HEART FAILURE;PNA,1
PENILE CANCER/SDA,1
SEIZURE;POSSIBLE STROKE,1
S/P RENAL TRANSPLANT;HYPERTENSIVE URGENCY,1
"AORTIC STENOSIS\REDO STERNOTOMY, AORTIC VALVE REPLACEMENT /SDA",1
NEUROSYPHILLIS,1
RIGHT HAND ISCHEMIA/SDA,1
INFECTED SHUNT,1
RIGHT ARM SWELLING,1
AIRWAY OBSTRUCTION\ RIGID BRONCHOSCOPY W/STENT PLACEMENT,1
MULTITRAUMA;RIB FRACTURES,1
"ASPIRATION PNEUMONIA,SEPSIS",1
SPINAL DETRUSOR HYERREFLEXIA,1
CORONARY ARTERY DISEASE;CARDIAC ISCHEMIA;CHEST PAIN\LEFT HEART CATHETERIZATION,1
CHEST PAIN;ABNORMAL ETT\CATH,1
SHORTNESS OF BREATH WITH EXERTION\CATH,1
RIGHT FRONTAL PARIETAL STROKE,1
SOB;CONGESTIVE HEART FAILURE,1
PANCREATITIS;SICK SINUS SYNDROME,1
CORONARY ARTERY DISEASE\ENDOSCOPIC CORONARY ARTERY BYPASS GRAFT ? STERNOTOMY/SDA,1
ACUTE KIDNEY FAILURE;HYPERKALEMIA,1
BILATERAL FOOT GANGRENE,1
MITRAL VALVE INSUFFIENCY\MVR/ ? CORONARY ARTERY BYPASS; ? MAZE/SDA,1
SEIZURE;HYPOGLYCEMIA;TELEMETRY,1
RT LOWER LOBE PNEUMONIA,1
ORAL ABSCESS,1
LEAKING AORTIC ANEURYSM,1
FEVER;HYPOTENSIVE URGENCY;METHICILLIN RESISTANT STAPH AUREUS,1
PERICARDIAL CONSTRICTION,1
MITRAL REGURITATION\ MVR; MINIMALLY INVASIVE/SDA,1
GBM;APHASIA,1
PNEUMONIA/HYPOGLCEMIA/SYNCOPE,1
PETITONITIS,1
G-J TUBE DISLODGED,1
CORONARY ARTERY DISEASE;+ETT\CARDIAC CATH,1
CRASH INJURY FOREARM,1
DILATED ASCENDING AORTA\BENTALL PROCEDURE,1
CARCINOID LUNG TUMOR LEFT/SDA,1
LEFT RADIUS FRACTURE,1
GASTROINTESTINAL BLEED;VANCOMYCIN RESISTANT ENTEROCOCCUS,1
RECURRENT SYMPTOMATIC BRADYCARDIA,1
CORONARY ARTERTY BYPASS ,1
STARVATION KETOSIS,1
BILE DUCT OBSTRUCTIOM,1
HIGH BILIRUBIN,1
S/P FALL;SPLENIC LACERATION,1
EPIGASTRIC ABDOMINAL PAIN\ERCP ,1
VENOUS CLAUDICATION,1
AORTIC STENOSIS\? CORONARY ARTERY BYPASS GRAFT:  WITH AVR REDO /SDA,1
HYPERGLYCEMIA;SUBDURAL HEMATOMA,1
SPINAL ANTERIAL VENOUS MALFORMATION/SDA,1
VOMITING;DIARRHEA;HYPOTENSION,1
AORTIC REPLACEMENT,1
ACUTE MITRAL REGURITATION R/O MI,1
EFFUSION;TELEMETRY,1
CHEST PAIN;UNSTABLE ANGINA;TELEMETRY;+ETT\CATH,1
CHANGES IN MENTAL STATUS;S/P FALLS,1
LEFT FOOT FX/SDA,1
GI BLEED/PVD,1
"CAD,CHF,S/P V-FIB ARREST,S/P CATH",1
GASTROINTESTINAL BLEED;CIRRHOSIS,1
AORTIC VAVLE DISORDER\AORTIC VALVE REPLACEMENT; ? CORONARY ARTERY BYPASS GRAFT; ? REPLACE ASCENDING AORTA/SDA,1
"ATRIAL SEPTAL DEFECT\MINIMALY INVASIVE REPAIR ATRIAL SEPTAL DEFECT, ? STERNOTOMY /SDA",1
NAUSEA-HEADACHE,1
TRACHEAL STENOSIS/AIRWAY OBSTRUCTION,1
DEHYDRATION;VOMITING W\DIARRHEA,1
R/O SAH,1
DISSECTING ASCENDING AORTIC ANEURYSM,1
HEPATIC ENCEP,1
MEDIASTINAL SARCOMA/SDA,1
CHEST PAIN;CORONARY ARTERY DISEASE\CATH/STENT PLACEMENT,1
AORTIC INSUFFICENCY\AORTIC VALVE REPLACEMENT /SDA,1
METS TO BRAIN/SDA,1
CORONARY ARTERY DISEASE;POSITIVE STRESS TEST\CATH,1
CORONARY ARTERY DISEASE\CORONARY ARTERY BYPASS GRAFT x4 /SDA,1
ABDOMINAL PAIN;SHORTNESS OF BREATH;HYPERKALEMIA,1
"V-TACH, HEART FAILURE",1
"ENTEROCUTANEOUS FISTULA, VENTRAL HERNIA/SDA",1
CHF/A-FIB,1
CONGESTIVE HEART FAILURE;URINARY TRACT INFECTION,1
CORONARY ARTERY DISEASE\MITRAL VALVE REPLACEMENT REDO W/TARGET VESSEL REVASCULARIZATION/SDA,1
BASAL SKULL MASS/SDA,1
COCAINE OD,1
CHEST PAIN/NQWMI,1
CONGESTIVE HEART FAILURE\TRANSCATHETER AORTIC VALVE IMPLANT (TAVI) PERCUTANEOUS APPROACH WITH SAPIEN ,1
RIGHT PULMONARY NODULES/SDA,1
G I BLEED,1
CHOLECYSTITIS;TELEMETRY,1
ATRIAL SEPTAL DEFECT\ REPAIR ATRIAL SEPTAL DEFECT; REDO W/RIGHT ATRIAL MASS EXCISION/SDA,1
ABDOMINAL PAIN-CHEST PAIN,1
RENAL FAILURE;NEPHROLITHIASIS,1
DILATED ASCENDING AORTA\AORTIC VALVE REPLACEMENT /SDA,1
ACUTE/CHRONIC LIVER FAILURE,1
 CORONATY ARTERY DISEASE\CORONARY ARTERY BYPASS GRAFT/SDA,1
INFECTED BKA; RIGHT/SDA,1
INTRAHEPATIC BILIARY DILATION,1
LEFT FRONTAL BLEED,1
VERTRICULAR TACHYCARDIA,1
ATRIAL FIBRILLATION;TELEMETRY;RVR;TELEMETRY,1
 STEMI,1
DIABETES;HYPERGLYCEMIA,1
AORTIC STENOSIS\AORTIC VALVE / ASCENDING AORTA REPLACEMENT VS BENTAL PROCEDURE ,1
INTRAHEPATIC HEMATOMA,1
OVERDOSE ON DEPAKOTE,1
"HEART FAILURE,CHOLECYSTITIS",1
PLEURAL FLUID,1
CORONARY ARTERY DISEASE;\CATH,1
ATRIAL FIBRILLATION\BILATERAL THORACOSCOPIC MINI MAZE PROCEDURE WITH LEFT ATRIAL APPENDAGE RESECTION/SDA,1
ABDOMINAL PAIN/ CIRRHOSIS,1
GASTROINTESTINAL INFECTION,1
RESP FAILURE-HYPOTENSION-PNEUMONIA,1
CHOLEDOCHOLITHIADSIS,1
ESOPHOGEAL CANCER;DYPSNEA,1
TRACHEOMALASIA;FAILED EXTUBATION,1
"FAILURE TO THRIVE,WEAKNESS",1
NSTEMYOCARDIAL INFARCTION,1
SUBDURAL HEMORRHAGE;SUBARACHNOID HEMATOMA;FRACTURES,1
CORONARY ARTERY DISEASE\AORTIC VALVE / ASCENDING AORTA REPLACEMENT;  CORONARY ARTERY BYPASS GRAFT /SDA,1
AORTIC INSUFFIENCY\AORTIC VALVE REPLACEMENT; ? MAZE,1
LYMPHEPIT HELIOMA,1
SYMPTOMATIC R CAROTID STENOSIS,1
COMPLETE HEART BLOCK\PACEMAKER,1
DYSPNEA-RENAL FAILURE,1
CHEST PAIN;NON-ST SEGMENT ELEVATION MYOCARDIAL INFARCTION;ELEVATED TROPONIN\CARDIAC CATH,1
DEHYDRATION;NAUSEA W\VOMITING;VRE,1
SHORTNESS OF BREADTH; HYPERTENSION; AFIBRILLATION\MITRAL VALVE REPLACEMENT REDO /SDA,1
ATRIAL TACHYCARDIA/ MECHANICAL VALVE\ATRIAL TACHYCARDIA ABLATION,1
GRAM NEGATIVE RODS;BACTEREMIA,1
MI/S/P TRANSPLANT\CATH,1
MUSCLE WEAKNESS,1
ARM INJURY,1
"TRAUMATIC BRAIN HEMORRHAGE, LEFT /SDA",1
 ADENOID CYSTIC CARCINOMA/SDA,1
AMI,1
OCCLUDED GRAFT,1
PULMONARY SEPTIC EMBOLI,1
INFERIOR MYOCARDIAL INFARCTION\CARDIAC CATHETER,1
LEFT ANKLE ULCER,1
BREAST CANCER;SUPRIOR VENA CAVA THROMBUS,1
S/P TRAUMA;CHRONIC ALCOHOLISM;DT,1
INTER CRANIAL HEMMORHAGE,1
"AORTIC STENOSIS/CAD\CORONARY ARTERY BYPASS GRAFT, RE-DO;AORTIC VALVE REPLACEMENT/SDA",1
OPEN WOUND OF THE SACRUM/SDA,1
PARKINSON'S/SDA,1
BRAIN MASS; SEIZURES,1
? BRONCHOPLEURAL FISTULA,1
ALTERED MENTAL STATUS;HYPERCARBIA,1
RIGHT COMMON CAROTID ARTERY DISECTION,1
PNEUMONIA; ACUTE RESPIRATORY DISTRESS SYNDROME,1
PVD\LEFT HEART CATHETERIZATION,1
MITRAL STENOSIS\ AORTIC & MITRAL VALVE REPLACEMENT/SDA,1
PNEUMNOIA,1
TACHYCARDIA;ALCOHOL WITHDRAWAL,1
CORONARY ARTERY DISEASE\CORONARY ARTERY BYPASS GRAFT; ? LEFT RADIAL ARTERY/SDA,1
FIBROID UTERUS;MENORRHAGIA/SDA,1
TRAUMATIC RIGHT UPPER EXTREMITY INJURY/SDA,1
CHRONIC RENAL FAILURE-DIABETES MELLITUS,1
CHEST PAIN;RULE OUT TUBERCULOSIS,1
"ABD TRAUMA,FREE FLUID IN ABD",1
EXPOSURE,1
THROAT MASS;BLEEDING,1
ABDOMINAL MASS/SDA,1
RIGHT FAILED TOTAL HIP REPLACEMENT/SDA,1
BACOFLEN OD,1
INFECTED VP SHUNT,1
DEFIBRILLATOR FIRING,1
ANEURYSM LEFT SIDE/SDA,1
ACUTE MYOCARDIAL INFARCTION-HEMOPTYSIS,1
PNEUMONIA;CHOLECYSTITIS,1
BACK PAIN;URINARY RETENTION;LEG WEAKNESS,1
ETOH TOXICITY,1
ENDOCARDITIS;INFECTED PACEMAKER LEAD,1
CHRONIC OBST PULM DISEASE;RULE-OUT MYOCARDIAL INFARCTION;TELEMETRY,1
LT ARM WEAKNESS;R/P CVA,1
 OPEN WOUND TO THE CHEST/SDA,1
MYOCARDIAL INFARCT;DIABETIC KETOACIDOSIS,1
PELVIC INFLAMMATORY DISEASE;SEPSIS;TELEMETRY,1
PNEUMONIA;ATRIAL FIBRILLATION,1
"HYPERKALEMIA,HYPERGLYCEMIA,UNRESPONSIVE",1
SEPSIS;SIGMOID VOLVULUS,1
HPERTENSIVE URGENCY,1
SAH/S/P FALL,1
 STATUS/POST RIGHT COLON ESCHEMIA REQUIRING ILEOSTOMY/SDA,1
AIRWAY OBSTRUCTION\BRONCHOSCOPY RIGID,1
MESENTERIC BLEED,1
MYOCARDIAL INFARCTION\CARDIAC CATHETERIZATION,1
CHEST PAIN;DYSPNEA;R/O MYOCARDIAL INFARCTION\LEFT HEART CATHETERIZATION,1
S/P FALL; SPINE FX,1
CORONARY ARTERY DISEASE;ISCHEMIA\CATH,1
AORTIC STENOSIS; CAD\CORONARY ARTERY BYPASS GRAFT; WITH AVR/SDA,1
S/P FALL INTRACRANIAL HEMORRHAGE,1
SVT;HYPOTENSION,1
ANEMIA;GASTRIC ULCERS,1
AORTIC INSUFFICIENCY\AORTIC VALVE / ASCENDING AORTA REPLACEMENT W/ CIRCULATORY ARREST/SDA,1
MITRO VALVE DISECTION,1
SEPTIC PULMONARY EMBOLI,1
AORTIC VALVE DISORDER\AVR ? CORONARY ARTERY BYPASS GRAFT ,1
CHF;PLUERAL EFFUSION,1
S/P LIVER TX-GASTROINTESTINAL BLEED,1
CONNECTIVE TISSUE TUMOR LEFT TEMPORAL REGION/SDA,1
"SEPSIS,INFECTED LEG ULCERS",1
TONSILLECTOMY BLEED,1
LEG SWELLING,1
INTERPARENCHYMAL BLEED,1
STERNAL WOUND INFECTION\ STERNAL WOUND EXPLORATION/SDA,1
SUPERIOR VENA CAVA SYNDROME\MEDIAN STERNOTOMY SUPERIOR VENA CAVA RECONSTRUCTION WITH PUMP STANDBY/SDA,1
RECURRENT ANGINA\CARDIAC CATH,1
PAROTID TUMOR/SDA,1
ANGINA;SHORTNESS OF BREATH\CATH/SDA,1
TRAUMATIC SUBARACHNOID HEMMORHAGE,1
SUBDURAL HEMATORA,1
ETOH WITHDRAWLS,1
FEVER;LEFT PLEURAL EFFUSION,1
ALTEREED MENTAL STATUS,1
S/P MVA;RULE-OUT MYOCARDIAL INFARCTION,1
IVC THROMBOS,1
"LEFT SUBMANDIBULAR STONE, CHRONIC SIALODENITIS/SDA",1
SYNCOPE;AICD FIRED,1
PANCYTOPENIA;PANCREATITIS,1
SKULL BASED LESION/SDA,1
POLYCHONDRITIS WITH AIRWAY MANISFESTATION\ STERNATOMY CARDIOPULMONARY; BYPASS; ANTERIOR TRACHEAL SPLITTING; TY STENT PLACEMENT; LAPAROTOMY/SDA,1
"THORACIC AORTIC ANUERYSM\BENTAL/VALVE SPARING ROUTE REPLACEMENT, ASCEDNING AORTA & ARCH W/ ELEPHANT TRUNK  /SDA",1
INTRACRANIAL HEMORRHAGE;SZ,1
METASTATIC MELANOMA\CHEMO (HIGH DOSE INTERLEUKIN-2),1
SP MVC;TENSION PTX,1
MITRAL VALVE DISORDER\CORONARY ARTERY BYPASS GRAFT WITH MVR REDO & REDO STERNOTOMY/SDA,1
CHANGE IN MENTAL STATUS;LOW PLATELETS;LEUKEMA,1
CORONARY ARTERY DISEASE\RE-DO STERNOTOMY; AVT; ? CORONARY ARTERY BYPASS GRAFT /SDA,1
VOCAL CORD TUMOR,1
AORTIC ANEURYSM\BENTALL PROCEDURE/SDA,1
MULTILOBULAR PNEUMONIA,1
MESENTERIC BLEEDING,1
HEART BLOCKAGE,1
CORONARY ARTERY DISEASE\CORONARY ARTERY BYPASS GRAFT; ? AVR AND MVR/SDA,1
PLURAL EFFUSION,1
CORONARY ARTERY DISEASE;URINARY TRACT INFECTION;ELEVATED TROPONIN,1
POST ANGIOGRAM,1
AIWARY OBSTRUCTION/SDA,1
AORTIC STENOSIS\RE-DO STERNOTOMY; TOTAL ARCH REPLACEMENT; MVR; AVR; REMOVAL OF STENT FROM RIGHT MAIN PULMONARY ARTERY; ? CORONARY ARTERY BYPASS GRAFT,1
AV FISTULA;HEMODYNAMIC INSTABILITY,1
RELAPSING POLYCHONDRIPIS;SHORTNESS OF BREATH,1
AORTIC ANEURSYM\ASCENDING AORTA REPLACEMENT /SDA,1
ACUTE RESPIRATORY DISTRESS SYNDROME;RENAL FAILURE,1
"PULMONARY EMBOLISM,PERICARDIAL EFFUSION",1
CARDIOMYOPATHY;MITRAL REGURGITATION\RIGHT AND LEFT HEART CATH,1
NON-ST SEGMENT ELEVATION MYOCARDIAL INFARCTION;TELEMETRY\CARDIAC CATHERIZATION,1
AIRWAY OBSTRUCTION;LUNG CA\BRONCHOSCOPY FLEXIBLE; AND RIGID,1
PERICARDIAL EFFUSION;DYSPNEA,1
CHRONIC OBSTRUVTIVE PULMONARY DISEASE,1
SEGMENT ELEVATION MYOCARDIAL INFACTION,1
HYPERGLYCEMIA-PNEUMONIA,1
"INTRACRANIAL HEMORRHAGE,S/P ASSAULT",1
SEIZURE-HYDROCEPHALUS,1
DIABETIC KETOACIDOOSIS,1
RECTAL CA/GIB,1
CORONARY ARTERY DISEASE\CORONARY ARTERY BYPASS GRAFT WITH MVR LVAD,1
HYPOTENSION;SUBARACHNOID HEMORRHAGE,1
CECAL VOLVULOUS,1
CRITICAL AORTIC STENOSIS;CORONARY ARTERY DISEASE,1
NASAL POLYPS LEFT;PULMONARY EDEMA\SINUS SURGERY ENDOSCOPIC CT GUIDED WITH SEPTOPLASTY; LEFT NASAL POLYPECTOMY,1
STAB WOUNDS-CORD INJURY,1
MYELODYSPLASTIC SYNDROME;FEVER;LOW BLOOD COUNT,1
AORTIC ANEURYSM\AORTIC VALVE / ASCENDING AORTA REPLACEMENT;AORTIC ARCH REPLACEMENT /SDA,1
S/P MOTOR VEHICLE ACCIDENT-DISSECTING ANEURYSM,1
NON ST SEGMENT MI,1
WOUND HEMATOMA,1
AORTIC INSUFFICIENCY\AORTIC VALVE REPLACEMENT REDO /SDA,1
RIGHT INTERNAL CAROTID ARTERY ANEURYSM/SDA,1
SHORTNESS OF BREATH/R/O PULMONARY EMBOLISM,1
CORONARY ARTERY DISEASE\CORONARY ARTERY BYPASS GRAFT RIMA/SDA,1
ATHEROSCLEROSIS;SYNCOPE,1
MULTIPLE RIB FX,1
"HYPERTENSIVE CRISIS, ALTERED MENTAL STATUS",1
TRANSIENT ISCHEMIC ATTACK\CAROTID STENT,1
ACUTE MYELOGENOUS LEUKEMIA;FEVER;NEUTROPENIA;R/O TOOTH INFECTION,1
L INTERCRANIAL BLEED,1
GASTROINTESTINAL BLEED;ACUTE MI,1
S/P FALL;FAILURE TO THRIVE,1
SEPSIS;SINUS TRACT DRAINAGE,1
LEFT FOOT ISCHEMIA,1
QUESTION OF OVERDOSE,1
LEFT KNEE FRACTURE,1
CARDIAC ARREST\VT ABLATION,1
+MIBI;CATH;DEHYDRATION\CATH,1
INTRAABDOMINAL BLEEDING,1
PVD\AORTIC RUN-OFFS,1
"GANGRENE,LT LOWER EXTREMITY",1
"GASTROPARESIS, HYPERTENTIVE URGENCY",1
CORONARY ARTERY DISEASE;AORTIC INSUFFICIENCY,1
HYPOTENSION/PNEUMONIA,1
RESPIRATORY FAILURE/G TUBE MALFUNCTION,1
NEUROGENIC BLADDER/SDA,1
INFECTED RENAL STONE,1
STATUS POST KIDNEY TRANSPLANT; MULTIPLE SCLEROSIS CHANGES,1
PACREATITIS/SEPSIS,1
LEFT THALMIC BLEED,1
"SAH,SDH,S/P FALL",1
KIDNEY INJURY,1
STERNAL WOUND INFECTION;CONGESTIVE HEART FAILURE,1
TRIGEMIANAL NEURALGIA/SDA,1
RIGHT HEEL INFECTION,1
"GI BLEED,BREAST CANCER",1
RUPTURED AORTIC ANEURYSM,1
RIGHT ANKLE FRACTURE/SDA,1
CIRRHOSIS;PORTAL HYPERTENSION;ESOPHAGEAL VARICES,1
THORACIC MYEOLOPATHY/SDA,1
SAH;ANKLE FX,1
S/P MCC;OPEN TIB/FIB FRACTURE,1
SOB;PERICARDIAL INFARCTION,1
CORONARY ARTERY DISEASE;NON-ST SEGMENT ELEVATION MYOCARDIAL INFARCTION\CORONARY STENT PLACEMENT,1
S/P KIDNEY TX-PULMONARY EDEMA,1
CAV\CORONARY ARTERY BYPASS GRAFT /SDA,1
COLON CA IDDM,1
FEMURE FRACTURE,1
"PNA, UTI, ANASARCA",1
ETOH INDUCED CIRRHOSIS,1
ANGINA;NEAR SYNCOPE;VENTRICULAR TACHYCARDIA,1
TBA\ BRONCHOSCOPY W/ STENT/SDA,1
DHOULDER DISLOCATION,1
MITRAL STENOSIS\AORTIC AND MITRAL VALVE REPLACEMENT  ** NO ASSESSMENT NEEDED **,1
L INTRACRANIAL HEMORRAHAGE,1
LEFT MAINSTEM LUNG OBSTRUCTION,1
CORONARY ARTERY DISEASE; RECURRENT CHEST PAIN,1
"BRAIN MASS, BLEED",1
TRACHEAL/BRONCHIAL ACHALSIA/SDA,1
"GANGRENE, RIGHT FOOT",1
INSULIN OVERDOSE,1
HYPOXIA;FALL,1
"PALPITATIONS, SOB, ATRIAL MYXOMA",1
COLOCUTANEOUS FISTULA/SDA,1
AFIB/PNA,1
LOWER EXTREMITY REST PAIN,1
TRACHEAL FRACTURE,1
ANEMIA;DYSPNEA ON EXERTION,1
29WKS & 2DAYS HYPERTENSION,1
REPLACE DIALYSIS LINE,1
AOTRIC VALVE DISEASE,1
"AORTIC STENOSIS,\CATH",1
TORN MENISCUS;SEVERE ASTHMA ATTACK\ARTHROSCOPY KNEE; RIGHT,1
HYPOTENSION;LEFT PERINEPHRO HEMATO,1
CARDIOMYOPATHY;VENTRICULAR FIBRILLATION ARREST,1
DIGOXIN TOXICITY,1
SMALL BOWEL OBSTRUCTION;SEPSIS,1
SEPSIS;FAILURE TO WEAN,1
MOTORCYCLE CRASH;TELEMETRY,1
RIB FRACTURE; STERNAL FRACTURE,1
MVD\ MITIRAL VALVE REPAIR VS REPLACEMENT   ? CORONARY ARTERY BYPASS GRAFT    ,1
INFECTED DIALYSIS CATHETER,1
CORONARY ARTERY DISEASE\CATH WITH BRACHY STANDBY,1
RIGHT FRONTAL GLIOBASTOMA/SDA,1
M/I; PULMONARY EDEMA,1
AORTIC STENOSIS\AVR; ? CORONARY ARTERY BYPASS GRAFT,1
OSTEMOYELITIS,1
METASTATIC BREAST CANCER;CENTRAL AIR OBSTRUCTION,1
CORONARY ARTERY DISEASE;CHEST PAIN SYNDROME\LEFT HEART CATHETERIZATION WITH ANGIOPLASTY,1
MITRAL VALVE PROLAPSE\MITRAL VALVE REPLACEMENT MINIMALLY INVASIVE APPROACH; HEARTPORT/SDA,1
POST OP BOWEL RESECTION,1
CHEST PAIN;ATRIAL FIBRILLATION\CATH,1
TAMPONADE;PLEURAL EFFUSION,1
METASTATIC RENAL CELL CARCINOMA/SDA,1
ALLERGIC REACTON,1
BRADYCARDIA;ACUTE RENAL FAILURE,1
LUNG CANCER;PLEURAL EFFUSION,1
ACUTE CEREBRAL VASCULAR ACCIDENT VS SEIZURES,1
CORNARY ARTERY DISEASE\CORONARY ARTERY BYPASS GRAFT /SDA,1
ANEMIA;RESPIRATORY FAILURE;PNEUMONIA;AAA,1
CONGENITAL HEART DISEASE\CORONARY ARTERY BYPASS GRAFT; RIGHT VENTRICULAR ANEURYSM; BI-ATRIAL MAZE PROCEDURE,1
PVD\PARIPHERAL ANGIOGRAM,1
AORTIC STENOSIS\BENTAL PROCEDURE; REDO STERNOTOMY/SDA,1
LYMPHOMA/COUGH/R/O PULMONARY INFECTION,1
"HERNIA,HEMATURIA,S/P LIVER TX",1
S/P FALL;CHANGE IN MENTAL STATUS,1
HEMOCHROMATOSIS;LIVER FAILURE,1
NON-ST SEGMENT ELEVATION MYOCARDIAL INFARCTION;STROKE,1
NON-ST SEGMENT ELEVATION MYOCARDIAL INFARCTION;CHEST PAIN\CARDIAC CATH,1
MITRAL INSUFFICIENCY\MITRAL VALVE REPAIR; ? REPLACEMENT VIA STERNOTOMY OR MINIMALLY INVASIVE,1
SUBDURAL & SUBARACHNOID HEMORRHAGE,1
MYOCARDIAL INFARCTION-SEPSIS,1
CHEST PAIN;TELEMETRY;TACHYCARDIA,1
MITRAL VALVE INSUFFIENCY\MITRAL VALVE REPLACEMENT ,1
"NAUSEA,VOMITING,ABD PAIN,?UTI",1
"CLOSED HEAD INJURY,S/P FALL",1
HYPOTENSION;RAPID AFIB;GI BLEED,1
RECURRENT COLON CANCER/SDA,1
LEFT FRONTAL BRAIN TUMOR/SDA,1
PFO\AORTIC VALVE REPLACEMENT; PFU; MAZE PROCEDURE; ? MVR,1
METASTATIC BONE CANCER/SDA,1
? GUILLIAN BARRE,1
INABILITY  TO AMBULATE-HYPONATREMIA,1
ACUTE MYOCARDIAL INFARCTION; CHF;SHORTNESS OF BREATH\CATH,1
MITRAL REGURGITATION\SEPTAL MYOMECTOMY ? MITRAL VALVE REPLACEMENT /SDA,1
GANGRENE LEFT BIG TOE AND SECOND TOE,1
NODULAR HISTIOCYTIC LYMPHOMA\BONE MARROW TRANSPLANT,1
PERIPHERAL VASCULAR DIEASE;HYPERTENSION;CORONARY ARTERY DISEASE\RIGHT LEG ANGIOGRAM,1
ENCEPHELOPATHY AND R/O MI,1
MR;AORTIC STENOSIS\AORTIC AND MITRAL VALVE REPLACEMENT /SDA,1
TRACHEALBRONCHIALMALACIA/SDA,1
AORTIC VALVE DISORDER\AORTIC AND MITRAL VALVE REPLACEMENT ,1
CAPSULAR HEMATOMA,1
PERSISTENT ANGINA\CATH,1
METASTATIC PANCREATIC CA/SDA,1
CHEST PAIN;CONGESTIVE HEART FAILURE\CARDIAC CATH,1
ACUTE,1
HYPONATREMIA;HYPOXIC DILANTIN TOXICITY,1
DEEP TISSUE INFECTION,1
CORONARY ARTERY DISEASE;HYPERTENSION,1
HYPOTENSION;ANEMIA;HYPONATREMIA,1
ATRIAL SEPTAL DEFECT\ MINIMALLY INVASIVE REPAIR ATRIAL SEPTAL DEFECT/SDA,1
HYPOTENSION;NEUTROPENIA,1
METRAL STENOSIS\MITRAL VALVE REPLACEMENT ,1
SUBARACHNOID HEMATOMA;CLAVICLE FRACTURE,1
FEVER;FLANK PAIN,1
VTACH;FATIGUE,1
"CHRONIC AORTIC DISSECTION,R/O MYOCARDIAL INFARCTION;TELEMETRY",1
FALL; HYPOXIC,1
"HYPOGLYCEMIA, ",1
CORONARY ARTERY DISEASE;CARDIACTAMPONADE,1
AORTIC STENOSIS\AORTIC VALVE REPLACEMENT; ? BENTAL PROCEDURE /SDA,1
THROMBOSED STENT;ACUTE MYOCARDIAL INFARCTION,1
CHANGE IN MENTAL STATUS;METHICILLIN RESISTANT STAPH AUREUS;TELEMETRY,1
SHORTNESS OF BREATH;AORTIC STENOSIS\LEFT HEART CATH,1
PNEUMONIA/SEPSIS,1
"HYPOXIA, NEW LUNG MASS",1
WOUND INFECTION;HYPOTENSION,1
CERVICAL SPINAL TUMOR/SDA,1
BILE LEAK;CONGESTIVE HEART FAILURE,1
ESOPHAGEAL CENCER/SDA,1
?ANEURYSM,1
CERVICAL EPIDURAL ABCESS,1
NON-SMALL CELL LUNG CANCER,1
"CHEST PAIN,ARM NUMBNESS",1
"RESPIRATORY FAILURE,S/P FALL HIP FRACTURE, SHOULDER FRAXTURE",1
THIGH HEAMTOMA,1
GASTROINTESTINAL BLEED;COMMON VARIABLE IMMUNODEFICIENCY,1
AORTIC AND MITRAL VALVE REPLACEMENT\AORTIC VALVE REPLACEMENT;MITRAL VALVE REPLACEMENT/SDA,1
LUNG COLLAPSE,1
DYSPNEA;WEAKNESS;TELEMETRY,1
AORTIC VALVE INSUFFICIENCY\BENTAL PROCEDURE W/ ASCENDING AORTA & HEMI ARCH REPLACEMENT,1
MYOCARDIAL INFARCTION;TELEMETRY;CARDIAC CATHERIZATION,1
ACETAMINOPHEN OVER DOSE;LIVER FAILURE,1
ANEMIA;THROMBOCYTOPENIA;PROSTATE CANCER,1
MITRAL VALVE MASS,1
SHORTNESS OF BREATH;NEW ASCITES,1
PERICARDIAL EFFUSION;PLUERAL EFFUSIONS,1
CANCER OF ORAL PHARYNX/SDA,1
CELLULITIS;CONGESTIVE HEART FAILURE,1
PERINATAL DEPRESSION,1
VENTRICULAR TACHYCARDIA\VENTRICULAR TACHYCARDIA ABLATION/SDA,1
CONGESTIVE HEART FAILURE-SEPSIS,1
L SIDED WEAKNESS,1
SEPSIS;JYPOTENSION,1
"CELLULITIS,NECROTIZING FASCIITIS",1
RESPIRATORY DISTRESS;VOLUME OVERLO,1
ORIF LEFT ELBOW;EXP LAPAROTOMY,1
LOWER GASTROINTESTINAL BLEED;TUMOR,1
RIB FRACTURE; ALCOHOL INTOXICATION,1
SKULL FX,1
S/P FALL;MULTIPLE FRACTURE,1
CHOLANGITIS;TELEMETRY,1
CONGESTIVE HEART FAILURE\COMPLETE HEART CATH,1
25 WEEKS ABDOMINAL PAIN,1
ACUTE RENAL FAILURE ; BRADYCARDIA,1
A-FLUTTER,1
"NAUSEA/VOMITING,GASTROPARESIS",1
SPLENIC INFARCT;OBSTRUCTIVE JAUNDICE,1
ESOPHAGEAL GASTRIC VARICEAL BLEED,1
ATRIAL FIBRILLATION;AORTIC STENOSIS;TELEMETRY\IV HEPARIN,1
"TRACHEAL LEAK, RESPIRATORY FAILURE",1
RAPID AFIB;CONGESTIVE HEART FAILURE,1
"S/P KIDNEY TRANSPLANT,FEVER",1
BILATERAL ADNEXAL MASS,1
ACUTE PULMONARY EDEMA,1
CHEMICAL PNEUMONITIS,1
CEREBRAL MASS AND BLEED,1
PERICARDIAL EFFUSION;PLEURAL EFFUSION,1
CHF;MITRAL REGURGITATION,1
ISCHEMIC TOES,1
RIGHT TEMPORAL MASS;SEIZURE,1
OGILVE'S SYNDROME,1
CORONARY ARTERY DISEASE;DYSPNEA;CHF,1
LEUKO ENCEPHALOPATHY,1
PNEUMONIA-ALTERED MENTAL STATUS,1
S/P FALL TEMP. FRACTURE,1
"AORTIC STENOSIS\AORTIC VALVE REPLACEMENT REDO, ? MITRAL VALVE REPLACEMENT, ? BENTAL PROCEDURE /SDA",1
S/P HEAD BLEED,1
ICD LEAD INFECTION,1
"CHRONIC LYMPHOCYTIC LEUKEMIA,ASCITES,? SMALL BOWEL OBSTRUCTION",1
MV\MITRAL VALVE REPLACEMENT; ?MINIMALLY INVASIVE/SDA,1
BILATERAL BREAST MASSES;RESPIRATORY FAILURE,1
FRACTURED RIBS,1
KIDNEY FAILURE FOR KIDNEY TRANSPLANT,1
WEAKNESS;R/O GUILLAIN BARRE,1
DYSPNEA;ABOMINAL PAIN,1
BREAST CANCER;RENAL FAILURE;HYDRONEPHROSIS,1
CEREBRAL VASCULAR ACCIDENT;TELEMETRY,1
"GI BLEED,ABDOMINAL PAIN",1
PNEUMONIA;CARDIOGENIC SHOCK,1
DYSPNEA ON EXERTION\LEFT HEART CATHETERIZATION,1
ISCHEMIC HEART DISEASE,1
LUMBAR DEGENERATION/SDA,1
CORNARY ARTERY DISEASE\CORONARY ARTERY BYPASS GRAFT WITH AVR ,1
ATRIAL FIBRILLATION;CORONARY ARTERY DISEASE,1
DESCENDING AORTIC ANEURYSM,1
PNEUMONIA; POST RESPIRATORY ARREST,1
PNEUMONIA; CELLULITIS,1
HYPOGLYCEMIA;ACUTE RENAL FAILURE,1
MALFUCTION ICD,1
S/P JUMP,1
DIABETES MELLITUS;HIP FRACTURE;DECUBITIS ULCER,1
SPINAL INJURY,1
ANOMOLOUS RCA,1
"GI BLEED,ARRYTHMIA",1
FEVER UNKNOWN ORIGIN-SEPSIS,1
ATRIAL SEPTAL DEFECT\REPAIR ATRIAL SEPTAL DEFECT LIMITED ACCESS MINIMALL INVASIVE/SDA,1
BI PASS GRAFT OCCLUSION,1
PONTINE STROKE,1
L BASAL GANGLIA BLEED,1
DRUG REFRACTORY ATRIAL FIBRILLATION\LEFT ATRIAL TACHYCARDIA ABLATION **REMOTE WEST**/SDA,1
"HYPOTENSION, RENAL FAILURE",1
SUBAORTIC MEMBRANE\ RESECTION SUBAORTIC MEMBRANE/SDA,1
SUPRAGLOTITIS,1
"AORTIC REGURGITATION\AORTIC VALVE REPLACEMENT, RE-DO",1
CONGESTIVE HEART FAILURE/V TACH,1
MITRAL REGURGITATION\CORONARY ARTERY BYPASS GRAFT WITH MVR /SDA,1
DEPAKOTE OD,1
RESIDUAL PITUITARY TUMOR/SDA,1
HYPOTENSION;DIARRHEA,1
PANCREATIC CYST\EUS,1
? VOLVULUS,1
AORTIC STENOSIS;CHRONIC OBSTRUCTIVE PULMONARY DISEASE FLARE,1
LEFT LEG COMPARTMENT SYNDROME,1
ASTHMA;COPD ,1
BRAIN MASS/SEIZURE,1
LEUKEMIA\BONE MARROW TRANSPLANT,1
CEREBELLA TUMOR,1
PULMONARY HYPERTENSION;MITRAL STENOSIS,1
"AS,MR\AORTIC VALVE REPLACEMENT;MITRAL VALVE REPLACEMENT/SDA",1
HYPOTHERMIA/ABDOMINAL PAIN,1
"BENIGN NEOPLASM RIB,STERNUM,& CLAVICLE/SDA",1
INTRAPARENCHGMAL HEMORRAGE,1
PNEUMONIA;EFFUSION;DELIRUM;SUICIDAL IDEATION,1
DIAPHRAGMATIC INJURY,1
RIGHT ADRENAL MASS/SDA,1
CONGESTIVE HEART FAILURE;NON Q WAVE MYOCARDIAL INFARCT,1
AORTIC VALVE REPLACEMENT;CORONARY ARTERY DISEASE,1
EXPLORATORY LAP/SIGMOID COLECTOMY,1
"PEDESTRIAN STRUCK,HEAD INJURY",1
? FOREIGN BODY INGESTION,1
CHORDAE RUPTURE,1
AORTIC STENOSIS\CORONARY ARTERY BYPASS GRAFT; AVR,1
GASTROINTESTINAL BLEED;S/P COLONOSCOPY;HEMODYNAMIC INSTABILITY POST PROCEDURE;,1
ABDOMINAL PAIN;PERICARDIAL EFFUSION,1
ACUTE RENAL FAILURE;LOW PLATELET COUNT\RENAL BIOPSY,1
CORONARY ARTERY DISEASE;ANGINA;STATUS POST CORONARY ARTERY BYPASS GRAFT\LEFT HEART CATH;RENAL ANGIOGRAPHY,1
L3-L4 STENOSIS/LESION/SDA,1
LEFT ATRIAL THROMBUS,1
CORONARY ARTERY DISEASE\BENTAL HEMI ARCH REPLACEMENT; CORONARY ARTERY BYPASS GRAFT; ? STERNAL PLATING /SDA,1
BRADYCARDIA;CHEST PAIN,1
S/P FALL-PNEUMOTHORAX RIB FRACTURE,1
AORTIC STENOSIS;? MITRAL REGURGITATION\AORTIC VALVE REPLACEMENT; ? MVR/SDA,1
"FEVER,ALTERED MENTAL STATUS",1
INTRACRANIAL HEMORRHAGE;FINGER DISLOCATION,1
PANCREATIC  CYST/SDA,1
RETRO ORBITAL ABCESS,1
RIP FRACTURES,1
THROMBUS,1
RENAL FAILURE/SEIZURES,1
PHEO CHROMACYTOMA/SDA,1
NAUSEA; VOMITING; RENAL FAILURE,1
EPISTAXIS;R/O GASTROINTESTINAL BLEED,1
S/P MVC;COMPAT SYNDROME;TIB FRACTURE,1
ESOPHAGEAL STRICTURE,1
ARTIAL FIBRILLATION,1
"OSTEOMYELITIS C5,C6",1
RENAL CELL CARCINOMA\CHEMOTHERAPY (INTERLEUKIN2 HD-IL2),1
VENTRICULOMEGALY,1
NECROTIZING PANCREATITIS;ALCOHOL DELIRIUM TREMENS,1
UVEITIS,1
HEPATIC ARTERY STENOSIS,1
PARANEOPLASTIC NEUROPATHY;RESPIRATORY FAILURE,1
HYPOTENSION;THROMOCYTOPENIA,1
CHEST PAIN\ANGIOPLASTY WITH BRACHY THERAPY,1
ACUTE MYELOGENOUS LEUKEMIA;FEVER,1
RECURRENT ATRIAL FIBRILLATION\PULMONARY VEIN ISOLATION  **REMOTE WEST**,1
ESOPHAGEAL CANCER;PAIN CONTROL,1
SYNCOPE;EDEMA,1
COLON CA OF CECUM/SDA,1
CELLULITIS SEPSIS,1
RT LEG SWELLING,1
DEHYDRATION;ABDOMINAL PAIN,1
CAROTID STENOSIS;IV HEPARIN,1
"PALPITATIONS,SYNCOPE,SOB",1
SEPSIS;S/P CHOLY,1
STATUS POST MYOCARDIAL INFARCTION\CARDIAC CATH,1
ASTHMA /COPD EXACERBATION,1
S/P VF ARREST;CORONARY ARTERY DISEASE,1
S/P BRONCHOSCOPY,1
VENTRICULAR BIGEMINY,1
"WEAKNESS, DIARRHEA",1
MET ALKALOSIS,1
CORONARY ARTERY DISEASE;MI,1
GROSS HEMATURIA,1
ABDOMINAL PAIN;MELENA,1
NON HODGKINS LYMPHOMA\BONE MARROW TRANSPLANT,1
CORONARY ARTERY DISEASE\CORONARY ARTERY BYPASS GRAFT WITH MVR; ? OF MAZE PROCEDURE /SDA,1
SEIZURES;EPILEPSY,1
"ICH,RIB FRACTURE;S/P MOTOR VEHICLE ACCIDENT",1
MOTOR VEHICLE ACCIDENT;BILATERAL PNEUMOTHORAX,1
SEIZURE;ALTERED MENTAL STATUS,1
CHEST PAIN 3 VESSEL DISEASE,1
INCOMPLETE T9 FRACTURE,1
SOB;TELEMETRY,1
"S/P MVC,HEAD INJURY",1
POSTERIOR FOSSA MENIGIOMA LEFT/SDA,1
HYPERGLYCEMIA-PNEUMONIA-R/O MYOCARDIAL INFARCTION,1
ASPIRATION EVENT/SEPSIS,1
LEFT URETERAL CANCER/SDA,1
MITRAL VALVE INSUFFICIENCY\MITRAL VALVE REPLACEMENT/?CABG/? TRICUSPID VALVE REPLACEMENT/SDA,1
HYPOXIA;FEVER,1
URINARY TRACT INFECTION;ACUTE RENAL FAILURE;ELEVATED INR,1
RESPIRATORY FAILURE;DIALYSIS LINE OCCLUSION,1
MITRAL REGURGITATION & CAD\CORONARY ARTERY BYPASS GRAFT WITH MVR; ? MAZE PROCEDURE,1
CORONARY ARTERY DISEASE\CORONARY ARTERY BYPASS GRAFT WITH MVR REPAIR; ? REPLACEMENT/SDA,1
UPPER GI BLLED,1
POSITIVE ETT\CATH,1
AORTIC LESION,1
"HEAD INJURY,C SPINE FX",1
"PNEUMONIN, R/O MI",1
HYPOXIA;PLEURAL EFFUSION,1
PELVIS FRACTURE;FACIAL FRACTURE,1
AORTIC STENOSIS\AORTIC VALVE REPLACEMENT; HEART PORT MINIMALLY INVASIVE/SDA,1
CHEST PAIN;NON-Q-WAVE MYOCARDIAL INFARCTION\CARDIAC CATH,1
SEIZURES;RAPID HEART RATE,1
CHEST PAIN;GASTROINTESTINAL BLEED,1
END STEGE LIVER DISEASE,1
CHRONIC OBST PULMONARY DISEASE,1
CARDIAC ISCHEMIA,1
R/O CEREBRITIS,1
BRAIN CYST,1
SEPSIS;FEVER;NEUTROPENIA,1
PANCREATITIS;DTS,1
SEPSIS OBSTRUCTIVE UROPATHY ,1
ACUTE CHOLECYSTITIS/ACS,1
CORONARY ARTERY DISEASE;S/P CATHERIZATION,1
DEHYDRATION;HYPERNATREMIA,1
S/P FALL;C2 FRACTURE,1
ANGINA;DYSPNEA,1
CAD ? TMR\CORONARY ARTERY BYPASS GRAFT; ? TRANS MYOCARDIAL; REVASCULARIZATION/SDA,1
CIRRHOSIS GI BLEED,1
CHEST PAIN-STEMI\CARDIAC CATH,1
DICA-HEMATEMESIS,1
"ANEMIS,SHORTNESS OF BREATH",1
SUBDURAL BLEED;TELEMETRY,1
VENTRICULAR FIBRILLATION \CATH,1
OCAINE CHEST PAIN;PLEURAL EFFUSION,1
NEUMONIA,1
AMYL NITRATE OVERDOSE,1
AVM;BLOOD LOSS;ANEMIA;UMBILICAL HERNIA,1
LEFT TEMPORAL LOBE LESION-S/P SEIZURE,1
"S/P FALL, L EYE INJURY",1
POST-ARREST,1
DIARRHEA/TACHYCARDIA,1
SEPSIS; PERITONITIS,1
? BABESIOSIS,1
SKULL FRACTURE; HEAD BLEED,1
GUN SHOT WOUND RIGHT HAND/SDA,1
FALL;FACIAL FRACTURE,1
COLITIS;DEHYDRATION,1
RENAL FAILURE;PANCREATITIS,1
LIVER INSUFFICIENCY,1
CHEST PAIN;DYSPNEA;CARDIAC ISCHEMIA\LEFT HEART CATHETERIZATION,1
LARGE VILLOUS ADENOMA/SDA,1
"AORTIC STENOSIS\REDO STERNOTOMY, ? AVR, ? BENTAL PROCEDURE, ? CORONARY ARTERY BYPASS GRAFT /SDA",1
TRACHEAL BRONCOMALASIA,1
PANCREATITIS;ETOH WITHDRAWL,1
HYPERTENSIVE URGENCY;NAUSEA;VOMITING,1
"COUGH, FEVER, GASTRIC OUTLET OBSTRUCTION",1
GI BLEED/SDA,1
35.5 WKS TWINS FOR C/SECTION,1
HYPOXIA;PLEURAL EFFUSIONS,1
ETOH WITHDRAWAL / ABDOMINAL PAIN,1
STAB WOUND;TELEMETRY,1
RIGHT LOWER LOBE LUNG MASS/SDA,1
TRICUSPID VALVE DISORDER\REDO STERNOTOMY TVR ,1
LYPHANOPATHY/FAILURE TO THRIVE/ABNORMAL LIVER FUNCTION TEST,1
SYNCOPE/BRADYCARDIA/SEIZURES\PACEMAKER IMPLANT/SDA,1
ESOPHAGITIS,1
INFECTED ORTHOPEDIC HARDWARE,1
ANGIODEMA,1
CHRONIC LYMPHOCYTIC LEUKEMIA;FAILURE TO THRIVE,1
HYPOTENSION;ACITIES,1
CRITICAL AORTIC STRESS,1
CRONIC OBSTRUCTIVE PULMONARY DISEASE,1
INTRAPARENCHYMAL BRAIN MASS/BLEED,1
CORONARY ARTERY DISEASE\STENT TO RIGHT LAD,1
CHEST PAIN;CARDIAC ARREST\LEFT HEART CATHETERIZATION,1
GUN SHOT WOUND TO ABDOMEN,1
S/P MVC;C-1 FRACTURE,1
RECTAL AND ANAL STENOSIS/SDA,1
S/P MOTOR VEHICLE ACCIDENT;SPLENIC LACERATION,1
"RABDO,RESPIRATORY FAILURE",1
ACUTE ANTERIOR MYOCARDIAL INFARCTION,1
NESOTHELIOMA/SDA,1
ANGINA\LEFT HEART CATHETERIZATION/SDA,1
CRANIAL BLEED,1
GASTROINTESTINAL BLEED-R/O MYOCARDIAL INFARCTION,1
"ICH, PNEUMONIA",1
HEART FAILURE; NONSUSTAINED VT; S/P MITRAL VALVE REPLACEMENT\ICD LEAD REVISION,1
BILATERAL UPPER ARM CELLULITIS;ABDOMINAL DISTENSION;ELEVATED HR,1
RIGHT CEREBELLAR HEMORRHAGE,1
CORONARY ARTERY DISEASE;HYPERLIPIDEMIA\CATH,1
"STROKE,ENDOCARDITIS",1
SUBDURAL HEMATOMA;SEIZURE,1
PLEURAL EFFUSION\CATH,1
INFECTION RIGHT KNEE,1
CHOLECYSTITIS;SEPSIS,1
SUBARACHNOID HEMATOMA;CSPINE FRACTURES,1
BILATERAL FEMORAL FRACTURES,1
CARDIOMYOPATHY\BIVENTRICULAR LEFT VENTRICLE LEAD PLACEMENT VIA LEFT THORACOTOMY; SINGLE LUNG VENTILATION NO LINES LEFT ARM  /SDA,1
ABNORMAL EKG\CATH,1
SUBDURAL HEMOTOMA,1
ANTERIOR MYOCARDIAL INFARCTION,1
AORTIC STENOSIS\AORTIC VALVE REPLACEMENT W/? BENTAL PROCEDURE /SDA,1
COMMON BILE STRICTURE/SDA,1
"ANEMIA,THROMBOCYTOPENIA",1
OVER DOSE/SUICIDAL IDEATION,1
STATUS POST CARDIAC ARREST;UNABLE TO WEAN,1
ATRIAL FIBRILLATION\AFIB ABLATION; PHARMACOLOGICAL/NONPHARMACOLOGICAL MANAGEMENT OF AFIB,1
ACUTE RENAL FAILURE;CONGESTIVE HEART FAILURE;PNEUMONIA,1
BASAL GANGLIA INFARCT,1
TCA TOXICITY-TACYCARDIA,1
METABOLIC ABNORMALTIES,1
ACUTE MYELOGENOUS LEUKEMIA;CHANGE IN MENTAL STATUS,1
RV THROMBIS,1
GASTROINTESTINAL BLEED-LOW HAMATOCRIT,1
METASTATIC MELANOMA;BRAIN METASTASIS,1
AORTIC AND MITRAL STENOSIS\AORTIC AND MITRAL VALVE REPLACEMENT REDO ,1
SYMPTOMATIC VENTRICULAR TACHYCARDIA,1
DEHYDRATION/ WEAKNESS,1
UNSTABLE ANGINA\CORONARY ANGIOGRAM,1
MITRAL STENOSIS\MITRAL VALVE REPLACEMENT/ TRI-CUSPID VALVE REPLACEMENT/SDA,1
STAGE III LUNG CA/SDA,1
PEA ARREST;MYOCARDIAL INFARCTION,1
"FEVER, SHORTNESS OF BREATH",1
INFECTED DEVICE\REMOVAL OF IMPLANTED CARDIOVERTER DEFIBRILLATOR,1
PAN;PERICARDIAL EFFUSION,1
PLEURAL HEMATOMA,1
S/P CADAVER RENAL TRANSPLANT,1
HYPOTENSION;SHORTNESS OF BREATH,1
MOTOR VEHICLE ACCIDENT',1
GANGRENE R LEG,1
HYPONATREMIA;HYPOTENSION,1
AORTIC STENOSIS\REDO AVR; MVR; ? CORONARY ARTERY BYPASS GRAFT; ? LEFT ATRIAL APPENDAGE LIGATION; ? MAZE ,1
FX HUMERUS;RENAL CELL CA,1
LEFT UPPER POLE RENAL LESION/SDA,1
G-TUBE LEAK,1
LOWER EXTREMITY ISCHEMIA,1
ANEMIA;METHICILLIN RESISTANT STAPH AUREUS,1
DIAPHRAGMATIC HERNIA,1
SEPSIS;CHOLEDOCHOLITHIASIS,1
INTESTINAL MELAPTSIA/SDA,1
MULTI RIB FRACTURE-HYPOXIA,1
PAINFUL RIGHT TOTAL HIP/SDA,1
ICD BATTERY  FAILURE,1
RIGHT SIDED WEAKNESS;ANEMIA,1
STATUS POST LEFT NEPHRECTOMY;PANCREATIC LEAK,1
TYPE B THORAUA AORTIC DISSECTION,1
ASA INGESTION,1
MITRAL REGURGITATION\AORTIC VALVE REPLACEMENT;  TRICUSTID VALVE REPLACEMENT; ? OF A MAZE,1
CIRRHOSIS;S/P CARDIAC ARREST,1
TACCHYCARDIA/BRADYCARDIA;ATRIAL FLUTTER\A-FLUTTER ABLATION;BV PACER,1
AORTIC VALVE DISORDER\AORTIC VALVE / ASCENDING AORTA REPLACEMENT?  BENTAL PROCEDURE ? HEMI ARCH/SDA,1
CEREBROVASCULAR ACCIDENT;CAROTID DISSECTION,1
ACUTE COROMARY SYNDROME;PEUMONIA,1
LARGE HIATAL HERNIA/SDA,1
C5-6 FRACTURE,1
GASTRO CUTANEOUS FISTULA,1
INTESTINAL LYMPHADENOPATHY,1
UPPER GASTROINTESTINAL BLEED;TELEMETRY,1
"ABDOMINAL PAIN, NAUSEA, VOMITING",1
ATRIAL FIBRILLATION;ANGINA,1
R/O OBSTRUCTION,1
MULTIPLE MYELOMA;SHORTNESS OF BREATH,1
PNEUMONIA;ATRIAL FLUTTER,1
"SEIZURE,NAUSEA,VOMITING",1
UNRESPONSIVE-DRUG OVERDOSE,1
TRACHEALBRONCHEAL MALACEA/SDA,1
"AORTIC STENOSIS\AORTIC VALVE REPLACEMENT, RE-DO; MITRAL VALVE REPLACEMENT; QUESTION OF, ALSO PERICARDECTOMY/SDA",1
FREQUENT FALLS-HYPOTENSION,1
RIGHT SIDED CEREBRAL MENINGIOMA/SDA,1
FEVER-S/P LIVER TRANSPLANT,1
FEVER; MS FLARE,1
SEVERE MITRAL VALVE REGURGITATION,1
(AML) ACUTE MYELOGENOUS LEUKEMIA\BONE MARROW TRANSPLANT,1
SUBDURAL HEMORRHAGE;LEFT HIP FRACTURE,1
EXPLORATORY LAPAROTOMY,1
VENTRICULAR TACHYCARDIA\POSSIBLE SUPRAVENTRICULAR TACHYCARDIA ABLATION,1
SIGMOID MASS;RECTAL BLEEDING,1
GRADE 4 LIVER LACERATION,1
PRIMARY BILIARY CIRRHOSIS;END STAGE LIVER DISEASE,1
DIABETIC KETOCIDOSIS,1
EXERTIONAL ANGINA;RULE OUT CORONARY ARTERY DISEASE\CARDIAC CATH,1
SVA CLOT;TELEMETRY,1
"PULONARY NODULE, RIGHT /SDA",1
THORACIC MASS/SDA,1
UPPER & LOWER EXTREMITY WEAKNESS,1
"OPEN WOUND, RIGHT FACE/SDA",1
RUPTURED DUODENAL ULCER,1
S/P MYOCARDIAL INFARCTION\CATH,1
PNEUMOCYSTIS PNEUMONIA,1
CRUSH TRAUMA,1
DILAUDID,1
SUBDURAL HEMATOMA;HYPERTENSIVE URGENCY,1
"ARF, BACK PAIN",1
OSTEOMYLELITIS SPINE/SDA,1
SYMTOMATIC FIBROID UTERUS/SDA,1
"AORTIC STENOSIS\AVR, ? CORONARY ARTERY BYPASS GRAFT /SDA",1
CHEST PAIN;TELEMETRY;RULE-OUT MYOCARDIAL INFARCTION;TELEMETRY,1
INFECTED KIDNEY STONE;PYELONEPHRITIS,1
CORONARY ARTERY DISEASE;SEVERE 3VESSELS DISEASE,1
CHEMOTHERAPY,1
URINARY TRACT INFECTION-PNEUMONIA-TRACH INFECTION,1
LEUKOCYTOSIS;FEVER;END STAGE RENAL DISESE,1
ICH AND FACIAL FRACTURES,1
STROKE;TELEMETRY;TRANSINET ISCHEMIC ATTACK,1
PULMONARY EMBOLIS;,1
OCCIPITAL MASS,1
PERIPHERAL VASCULAR DISEASE;HYPERTENSION;CLAUDICATION;CORONARY ARTERY DISEASE\LEFT LEG ANGIOGRAM,1
CIRRHOSIS;VOMITING,1
FORAMEN OVALE DEFECT\PATENT FORAMEN OVALE MINIMALLY INVASIVE,1
AORTIC VALVE STENOSIS\AORTIC VALVE REPLACEMENT; MINIMALLY INVASIVE/SDA,1
FEVER;PLEURAL EFFUSION,1
S/P PEDESTRIAN STRUCK:INTRACRANIAL HEMORRHAGE,1
CONGESTIVE HEART FAILURE\CORONARY ARTERY BYPASS GRAFT;MITRAL VALVE REPLACEMENT,1
FLATBACK SYNDROME AND SCOLIOSIS/SDA,1
DYSPNEA ON EXERTION\AORTIC VALVE REPLACEMENT/SDA,1
MITRAL REGURGITATION\MITRAL VALVE REPLACEMENT; HEART PORT MINIMALLY INVASIVE/SDA,1
ESOPHAGEAL DIVERTICULUM/SDA,1
AORTIC STENOSIS\AORTIC VALVE REPLACEMENT; TALON CLOSURE ** NO ASSESSMENT NEEDED **,1
EPILEPSY AND EPILEPIC SYNDROMES/SDA,1
PE/DVT,1
RIGHT COLONIC MASS/SDA,1
SHORTNESS OF BREATH;DYSPNEA ON EXERTION,1
CAD/CATH\CATH,1
ST SEGMENT ELEVATION MI,1
SHORTNESS OF BREATH;RULE-OUT MYOCARDIAL INFARCTION;TELEMETRY;HYPERGLYCEMIA,1
ANEURYSM\REDO STERNOTOMY; REPLACEMENT ASCENDING AORTA; ? CORONARY ARTERY BYPASS GRAFT ,1
"HYPERTENSION,CONGESTIVE HEART FAILURE",1
RIGHT INFECTED TOTAL HIP /SDA,1
NUMBNESS IN LIP,1
INTEROCUTANEOUS FISTULA,1
"TYELNOL OD,HEPATITIS C",1
OPEN WOUND RIGHT FOOT,1
S/P ASSAULT;SUBDURAL HEMATOMA,1
MITRAL VALVE INSUFFICIENT\AORTIC VALVE REPLACEMENT /SDA,1
"FACIAL FRACTURES,S/P FALL",1
HYPERTENSIVE URENCY,1
MITRAL DISORDER\MITRAL VALVE REPLACEMENT VERSUS REPAIR ,1
MITRAL VALVE DISORDER\AORTIC AND MITRAL VALVE REPLACEMENT; ASCENDING AORTA REPLACEMENT; ? TRICUSPID VALVE REPAIR/SDA,1
PNEUMONIA/ASTHMA,1
MVP\MITRAL VALVE REPLACEMENT; HEART PORT MINIMALLY INVASIVE/SDA,1
SHORTNESS OF BREATH-PULMONARY EMBOLISM,1
SYNCOPE\LEFT HEART CATH,1
MULTIFOCAL PNEUMONIA,1
LYMPHOMA;SHORTNESS OF BREATH,1
DESENSITIZATION,1
"DYSPNEA, RESPIRATORY DISTRESS",1
GANGREEN LEFT FOOT,1
UNSTABLE ANGINA\CARD CATH,1
ACUTE RENAL FAILURE;CHOLECYSTITIS,1
A FIB;PNEUMONIA,1
S/P NOTOR VEHICLE ACCIDENT,1
LEFT MCA AND LEFT OPHTHALMIC ARTERY ANEURYSM,1
PITUITARY ABSCESS,1
LEFT LEG ISCHEMIA /SDA,1
SEPSIS;ATRIAL FLUTTER,1
MYOCARDIAL INFARCTION\ CATH,1
PANCREATITIS;CHOLANGITIS,1
CARCINOMATOSIS;ASCITES,1
DYSPNEA ON EXERTION\LEFT HEART CATHERIZATION,1
S/P STABBIMG,1
DIARRHEA;ACUTE RENAL FAILURE,1
LOBAR PNEUMONIA,1
DISSECTING ABDOMINAL AORTA ANEURYSM,1
DILATED CARDIOMYOPATHY\RIGHT SIDED HEART CATHETERIZATION; EP STUDY; ICD IMPLANT ; DFT **REMOTE WEST**/SDA,1
RIGHT COLLASPE LUNG,1
DEHYDRATION;DYSPHAGIA,1
MITRAL STENOSIS\MITRAL VALVE REPAIR VS REPLACEMENT /SDA,1
"RECURRENT ENDOCARDITIS, ENLARGED AORTIC ROOT\ BENTAL PROCEDURE HOMOGRAFT REDO/SDA",1
SUBDURAL SUBARACHNOID HEMMORRHAGE,1
DRUG REFRACTORY ATRIAL FIBRILLATION\PULMONARY VEIN ISOLATION  **REMOTE WEST** **JET VENTILATION** **CARDIAC ANESTHESIA**/SDA,1
RIB FRACTURE;PNEUMOTHORAX,1
ATRIAL STENOSIS\BENTALL PROCEDURE/SDA,1
STATUS POST MITRAL VALVE REPLACEMENT;PROBABLE COLON CANCER\COLONOSCOPY,1
BRAIN HEMMORRHAGE,1
AVR;ASCENDING AORTA,1
NON Q WAVE MI\CARDIAC CATH,1
CHEST PAIN;RULE-OUT MYOCARDIAL INFARCTION;TELEMETRY;HYPOTENSION,1
ENDOBRONCHIAL LUNG CANCER,1
CHANGE MENTAL STATUS,1
MYOCARDIAL INFARCTION;PULMONARY EDEMA,1
LUMBAR DISC DEGENERATION/SDA,1
HIGH GRADE DYSPLASIA/BARRETT'S ESOPHAGUS/SDA,1
MITRAL STENOSIS\MITRAL VALVE REPLACEMENT;  ? CORONARY ARTERY BYPASS GRAFT /SDA,1
NON ISCHEMIC CARDIOMYOPATHY\IMPLANTABLE CARDIOVERTER DEFIBRILLATOR UPGRADE TO BIVENTRICULAR IMPLANTABLE CARDIOVERTER DEFIBRILLATOR/SDA,1
SCI,1
R/O CORONARY ARTERY DISEASE;HEART CATHERIZATION\LEFT HEART CATHETERIZATION,1
"CHI,TRAUMA",1
FETAL ABNORMALITY @ 15 WEEKS\D&C,1
ATRIAL FIBRILLATION;MITRAL VALVE PROLAPSE AND REGURGITATION\RIGHT AND LEFT HEART CATH,1
CLOTTED DIALYSIS FISTULA;GASTROINTESTINAL BLEED;LIVER FAILURE,1
CODE SPESIS,1
ADENOCARCINOMA OF THE ESOPHAGUS/SDA,1
CHEST PAIN;+ETT\CARDIAC CATH,1
HYDRONEPHROSIS\ROUTINE PERCUTANEOUS NEPHROSTOMY TUBE CHANGE; PERFORM RENAL BIOPSY RIGHT KIDNEY **REMOTE WEST** ,1
THROMBOCYTOPENIA;MALARIA;TELEMETRY,1
RETROPHARYNGEAL ABSCESS,1
LUNG AND BRAIN MASS,1
NECK PAIN/SDA,1
NON-ST SEGMENT ELEVATION MYOCARDIAL INFARCTION;PNEUMONIA\CARDIAC CATH,1
FEBER,1
TRAUMATIC AORTIC DISSECTION,1
CORONARY ARTERY DISEASE;DM,1
"HYPONATREMIA,HYPOTHROMBONEMIA",1
?OVERDOSE,1
"ANEMIA,THROMBOCYTOPENIA,ACUTE RENAL FAILURE",1
BRONCHIATISIS;BRONCHOSCOPY,1
MVR CABG\MVR CABG,1
ENCEPHALOPATHY;HYPOXIC;TRANSPLANT EVAL,1
MALAISE S/P SLEEVE GASTRECTOMY,1
RIGHT NASAL CARCINOMA,1
CONGESTIVE HEART FAILURE;DIARRHEA,1
PANCREATIC CANCER\CHEMO EMBOLIZATION LIVER/SDA,1
S/P CHEST CONTUSION/CATH,1
MYELOMA;SEVERE ANEMIA,1
ETOH/COCAINE INTOXICATION,1
SPLENIC MARGINAL ZONE LYMPHOMA\CHEMOTHERAPY,1
CEREBROBASVULAR ACCIDENT,1
S/P THROMBECTOMY,1
ST ELEVATED MYOCARDIAL INFARCTION;HYPOTENSION,1
SUPRAVENTRICULAR TACHYCARDIA\SUPRAVENTRICULAR TACHYCARDIA ABLATION,1
ASD\ REPAIR ATRIAL SEPTAL DEFECT/SDA,1
CORONARY ARTERY DISEASE\CORONARY ARTERY BYPASS GRAFT ITH AVR /SDA,1
CHRONIC CHOLECYSTITIS,1
L1BURST FRACTURE,1
HYPONATREMIS;ASCITES,1
SUBARACHNOID HEMORRAGE,1
RIGHT FEMORAL NECK FRACTURE,1
ABDOMINAL AORTIC ANEURYSM DISECTION,1
TUMOR RIGHT TUMOR/SDA,1
PRESYNCOPE;PALPITATIONS;CORONARY ARTERY DISEASE;HYPERTENSION\CATH,1
SMALL CELL LUNG CANCER;PERICARDIAL EFFUSION,1
RIGHT COLON TUMOR/SDA,1
ASTHMA EXACERBATION;CHRONIC OBST PULM DISEASE;TELEMETRY,1
ALTERED MENTALSTATUS;HEROIN OVERDOSE,1
AORTIC STENOSIS\BENTAL PROCEDURE W/ TOTAL ARCH UNDER DEEP HYPOTHERMIC CIRCULATION ARREST; CORONARY ARTERY BYPASS GRAFT    /SDA,1
PREMATURITY;POOR RESPIRATORY EFFORT,1
MIDLINE HERNIA/SDA,1
CHRONIC MYELOGENOUS LEUKEMIA;LOW WBC,1
SEIZURES;FEVER,1
LEFT LEG AMPUTATION,1
ANEMIA;BLADDER CANCER,1
RENAL FAILURE;DIABETES MELLITUS;FEVER UNKNOWN ORIGIN,1
"CHF, MENTAL STATUS CHANGES",1
"DEHYDRATION,NAUSEA,ANEMIA,GI BLEED",1
MULTI SYSTEM FAILURE,1
PULMONARY EMBOLIS;SUBDURAL HEMATOMA,1
BRIGHT RED BLOOD PER RECTUM;METHICILLIN RESISTANT STAPH AUREUS,1
TYLENOL,1
INYTRACRANIAL HEMORRHAGE,1
FEMORAL ARTERY ANEURYSM,1
HYPOTENSION-BRADYCARDIA,1
RIGHT CTS/SDA,1
"CAD,R/O MI",1
"STROKE,DEHYDRATION,ALTERED MENTAL STATUS",1
AORTIC VALVE REGURGITATION;ATRIAL FIBRILLATION,1
HYPOXIA RESPIRATORY FAILURE,1
LEFT GROIN MASS;HEMATOMA,1
CERVICAL HEMATOMA,1
PANNUS HEMATOMA,1
"FEVER,R/O MENINGITIS",1
RT CAROTID STENOSIS/SDA,1
TRACHEAL-BRONCHO MALACEA/SDA,1
"PNEUMONIA,HEMATASIS",1
WORSENING SHORTNESS OF BREAT;CONGESTIVE HEART FAILURE\RIGHT AND LEFT HEART CATHETERIZATION,1
THORACIC ANEURYSM\REPAIR SINUS ANEURYSM/VALVE SPARING ROOT VS BENTAL VS PATCH REPAIR ROOT/SDA,1
ASCENDING AORTA\ASCENDING AORTA REPLACEMENT; AORTIC VALVE REPLACEMENT /SDA,1
AORTIC STENOSIS\ASCENDING AORTA REPLACEMENT; ? AORTIC VALVE REPLACEMENT; ? BENTAL PROCEDURE/SDA,1
CORONARY ARTERY DISEASE\CORONARY ARTERY BYPASS GRAFT; ? MVR /SDA,1
COPD FLARE;SHORTNESS OF BREATH;RULE OUT MYOCARDIAL INFARCTION,1
SMALL CELL CANCER,1
CHEST PAIN;ABNORMAL STRESS TEST\CARDIAC CATH,1
FAILURE TO THRIVE;VOMITING,1
"ABDOMINAL PAIN,R/O PANCREATIC CANCER IN COMMON BILE DUCT",1
INTRAMURAL HEMATOMA ASCENDING AORTA,1
POSTERIOR FOSSA MASS,1
NECK FX;HAND WOUND,1
HYPERGLYCEMIA-LEFT SIDED WEAKNESS,1
CSPINE FRACTURES,1
S/P LIVER & KIDNEY TX-HYPERKALEMIA,1
"FEVER,DYSPNEA",1
MYOCARDIAL INFARCTION;LOWER VALVE THROMBUS\CATH,1
HYPOTENSION-GASTROINTESTINAL BLEED,1
CORONARY ARTERY DISEASE\PERICARDIAL WINDOW W/? OF PLEURAL EFFUSION ,1
CHEST PAIN/S/P CATH,1
RENAL FAILURE; PANC,1
FEVERS AND LEUKOCYTOSIS,1
OPEN LEFT TIBIA FIB FX,1
BILE DUCT STONE;GENERAL ANESTHESIA-TOO SEDATED TO GO HOME,1
SYNCOPE;PACEMAKER,1
TAMPONADE\PERICARDIAL TAP,1
ARDS COAGULAPATHY,1
ACUTE GASTROINTESTINAL BLEED,1
CORD COMPRESSION;PNEUMONIA,1
HERION OD,1
CHRONIC RESPIRATORY FAILURE,1
ST SEGMENT ELEVATION MYOCARDIAL INFARCTION;DIABETIC KETOACIDOSIS,1
BOVINE MITRAL VALVE\CATH/SDA,1
THALAMIC BLEED;TELEMETRY,1
RESPIRATORY FAILURE;R/O TB,1
T 11 INTRADURAL TUMOR,1
RIGHT VENTRICULAR INFARCTION;TELEMETRY,1
GI BLEED;ASPIRATION PNEUMONIA;URINARY TRACT INFECTION,1
INTRAPARENCYMAL HEMORRHAGE,1
CORARTID STENOSIS /SDA,1
S/P STAB WOUND TO EYE,1
FEVER;SHORTNESS OF BREATH;? PNEUMONIA,1
SUBARACHNOID HEMORRHAGE;C2 FRACTURE,1
NECROTIZING FASCILITIS,1
DENS FX/SDA,1
"HYPOXIA, MENTAL STATUS CHANGES",1
"HYPERGLYCEMIA,RENAL FAILURE",1
NON0Q0WAVE MYOCARDIAL INFARCTION;HYPOTENSION\CARDIAC CATH,1
UNSTABLE ANGIN-CONGESTIVE HEART FAILURE,1
"ALTER MENTAL STATUS, HYPOGLYCEMIA",1
PELVIC FRACTURE;HYPOXIA,1
"DKA,SEIZURES",1
LEFT LOWER LOBE LUNG CA/SDA,1
LEFT INTERNAL CAROTID ANEURYSM/SDA,1
SPONTANOUS BACTERIAL PERITONITIS,1
R/O MYOCARDIAL INFARCTION-FAILURE TO THRIVE-ABD PAIN,1
HEMORRHAGE;CEREBRAL VASCULAR ACCIDENT,1
C-SPINE FRACTURE-S/P MOTOR VEHICLE ACCIDENT,1
BRADYCARDIA-DYSPNEA,1
HYMOPTYSIS,1
PNA SEIZURE,1
ACUTE RENAL FAILURE;CONGESTIVE HEART FAILURE;PERICARDIAL EFFUSION,1
UNSTABLE ANGINA;MYOCARDIAL INFARCTION\UPDATE,1
MITRAL VALVE DISEASE\ RE-DO;MITRAL VALVE REPLACEMENT,1
ACUTE VASCULAR OCCLUSION,1
ST ELEVATION MYOCARDIAL INFARCTION\CORONARY ANGIOGRAPHY,1
INFECTED LEAD\LEAD EXTRACTION,1
FEVER;HEPATITIS;HYPOTENSION\HYPOTENSION,1
ISCHEMIC LEGS,1
CORONARY ARTERY DISEASE\CORONARY ARTERY BYPASS GRAFT WITH AVR RE-DO STERNOTOMY ,1
39WKS LABOR,1
"SYNCOPE,RECTAL PROLAPSE,HIP PAIN",1
LUMBAR SPINAL INSTABILITY/SDA,1
"MITRAL VALVE DISORDER\MITRAL VALVE REPLACEMENT, ? AORTIC VALVE REPLACEMENT /SDA",1
CARDIOMYOPATHY;RUQ PAIN,1
3 VESSEL CAD; ANGINA\CORONARY ARTERY BYPASS GRAFT/SDA,1
S/P FALL;SYNCOPE;R/O ISCHEMIC EVENT,1
RENAL FAILURE/KIDNEY TRANSPLANT,1
PERSISTENT AFRIBULATION\ MINI MAZE PROCEDURE W/ BILATERAL THORACOTOMIES/SDA,1
ACOUSTIC NEUROMA RIGHT EAR/SDA,1
SUBARACHNOID,1
PNEUMONIA-S/P LIVER TRANSPLANT,1
HYPERGLYCEMIA;NECROTIC TOE,1
METASTATIC RENAL CA-SPINAL MASS,1
R/O MYOCARDIAL INFARCTION-ACUTE CORONARY SYNDROME,1
SEPTIC RIGHT HIP,1
"S/P ASSAULT, ICH",1
AORTIC STENOSIS\AORTIC VALVE REPLACEMENT; ? CORONARY ARTERY BYPASS GRAFT; ? RESECTION AORTIC ASCENDING; ANEURYSM/SDA,1
TRACHEOBRONCOMALICIA/SDA,1
HYPOTENSION;CONGESTIVE HEART FAILURE;PNEUMONIA,1
CONGESTIVE HEART FAILURE\BIVENTRICULAR IMPLANTABLE CARDIOVERTER DEFIBRILLATOR PLACEMENT,1
ATRIAL FLUTTER\ELECTROPHYSIOLOGY STUDY; ATRIAL FLUTTER ABLATION,1
38 WK INDUCTION,1
FAILED RIGHT TOTAL KNEE REPLACEMENT/SDA,1
SMALL BOWEL LEAK;BLADDER CANCER,1
ATRIAL FLUTTER\ATRIAL FLUTTER ABLATION + ICD TEST,1
"NON HEALING ULCER, RIGHT LEG/SDA",1
METASTATIS CANCER,1
METASTATIC HCC,1
CHOLANGITIS;SEPSIS,1
AORTIC STENOSIS\AORTIC VALVE /? ASCENDING AORTA REPLACEMENT ,1
AVR\LEFT HEART CATHETERIZATION/SDA,1
S/P EPILEPTICUS,1
LIVER TRANSPLANT EVAL,1
OVERDOSE;APNEA;TELEMETRY,1
PNEUMONIA;C-DIFF,1
LIVER MASS;BACK PAIN,1
BACTEREMIA; ALTERED MENTAL STATUS; C DIFF,1
CLAUDICATION\BILATERAL ANGIOGRAM WITH RUN-OFFS,1
PYELONEPHRITIS;RIGHT KIDNEY OBSTRUCTION,1
"LEFT FINGER CELLULITIS, INFECTION",1
BRADYCARDIA DIGOXIN TOXICITY,1
CLOTTED AV GRAFT LEFT/SDA,1
PACER MALFUNCTION,1
AORTIC VALVE DISORDER\AORTIC VALVE REPLACEMENT REDO /SDA,1
CADIAC ARREST,1
PERIPHERAL INSUFFICIENCY;RIGHT FOOT,1
CORONARY ARTERY DISEASE\ CORONOARY ARTERY BYPASS GRAFT WITH MVR/SDA,1
PERIRECTAL ABCESS WITH GANGRENE,1
CELLULITIS;AND SEPSIS,1
ETOH CIRRHOSIS;PANCREATITIS\ERCP,1
HERNIA LOCALIZED ADIPOSITY/SDA,1
ACUTE RENAL FAILURE;RESPIRATORY DISTRESS,1
SUBDURAL HEMORRHAGE;JAW FRACTURE,1
HEART FAILURE; NSVT\EP STUDY +/-ICD IMPLANTATION,1
AORTIC STENOSIS\ AORTIC VALVE REPLACEMENT; MINIMALLY INVASIVE; POSSIBLE RESECTION AORTIC ASCENDING ANEURYSM/SDA,1
ACUTE GI BLEED;VARICOSIS,1
PRE OP LIVER TRANSPLANT,1
LEG LACERATION;ELEVATAD INR;HYPOTENSION;RENAL FAILURE,1
"ACUTE MYELOGENOUS LEUKEMIA,PHEUMOTHORAX",1
CORONARY ARTERY DISEASE\CARDIAC CATHETER,1
NON Q MI;CHEST PAIN\CATH,1
URINARY OBSTRUCTION;? NEW MALIGNANCY,1
ASTHMA;COPD EXACERBATION\TRABECULECTOMY/PHACO LEFT EYE,1
AORTIC STENOSIS\AORTIC VALVE REPLACEMENT;CORONARY ARTERY BYPASS GRAFT; ?/SDA,1
TRACHEOBRONCHOMALACIA;DYSPNEA,1
SPINE FRACTURE;TELEMETRY,1
MYESTHENIA GRAVIS/SDA,1
ABDOMINAL PAIN/?CHOLANGITIS,1
UROSEPSIS;HYPERKALMIA,1
HYPOXIA;TELEMETRY;METHICILLIN RESISTANT STAPH AUREUS,1
HYPERBILIRUBINA,1
S/P  MOTORCYCLE ACCIDENT,1
CARINAL MASS/SDA,1
MONO,1
LEFT ANKLE BIMALLEOLAR FRACTURE,1
ABSCESS CELLULITIS,1
"BACTEREMIA,STAPH INFECTION",1
FIBROIDS,1
OPEN WOUND,1
RECURRENT LEFT TUBERCULUM CELLA MENIGIOMA/SDA,1
ACUTE ST SEGMENT MYOCARDIAL INFARCTION,1
CHEST PAIN;TELEMETRY;POSSIBLE PERICARDITIS;FEVER,1
ATRIAL/SEPTAL DEFECT\ PATENT FORAMEN OVALE/SDA,1
INTUSSUSCEPTION,1
SEPSIS;PACEMAKER SITE INFECTION\EPICARDIAL PACEMAKER PLACEMENT,1
RIGHT CRANIAL FLUID COLLECTION,1
ABDOMINAL PAIN;CIRRHOSIS,1
BACK PAIN;TACHYCARDIA;TELEMETRY,1
HEADACHES\ CEREBRAL EMBOLIZATION/SDA,1
S/P MVA; LX IPH,1
PELVIC ADHESIONS AND BREAST CANCER/SDA,1
SHUNT FAILURE,1
SELLA MASS,1
DUEODENAL AMPULLARY MASS/SDA,1
SUBDURAL HEMATOMA/CONTUSION,1
RENAL CELL CANER; RESP DISTRESS,1
UPPER GASTROINTESTINAL BLEED;POSITIVE TROP;CHRONIC OBST PULM DISEASE,1
EXPLORATORY LAPAROTOMY;LYSIS OF ASHESION;BOWEL RESECTION,1
PNUEMOCOCCAL PNEUMONIA; ARDS,1
SYNCOPE;TELEMETRY;LEFT HIP FRACTURE,1
"CHEST PAIN,S/P CATH",1
"DELERIUM TREMONS,ANKLE FRACTURE",1
20 WKS;ABD PAIN,1
FEVER;BILIARY SLUDGE,1
METASTATIC RENAL CELL CANCER RIGHT FEMUR/SDA,1
ETOH CIRRHOSIS/SDA,1
"PULMONARY EDEMA, MITRAL VALVE REGURGITATION",1
RETROPERITONEAL BLADDER RUPTURE,1
RIGHT PHARYNGEAL LESION,1
PULMONARY HYPERTENSION\INITIATION OF FLOLAN,1
CIRRHOSIS;NEW ASCITES,1
TRACHEAL MALACIA;SPONTANEOUS PNEUMOTHORAX,1
HYPERBILI,1
AVR\ AORTIC VALVE REPLACEMENT HEART PORT MINIMALLY INVASIVE/SDA,1
S/P RIGID BRONCH,1
CHOLANGITIS;FAILED ERCP,1
HEMMORRHAGIC ENCEPHALOMYELITIS,1
AORTIC STANOSIS\AVR ? CORONARY ARTERY BYPASS GRAFT ,1
PNEUMONIA;TROPONIN LEAK,1
ASSAULT- STAB WOUND,1
ETOH WITHDRAWAL-? GASTROINTESTINAL BLEED,1
CECUM/SDA,1
SUBCORTICAL STROKE,1
SHORTNESS OF BREATH-R/O MYOCARDIAL INFARCTION,1
S/P FALL;L4 BURST FRACTURE;RIB FRACTURE,1
ACUTE RENAL FAILURE;PERICARDIAL EFFUSION;CHOLE,1
RESPIRATORY FAILURE; LYMPHADENOPATHY,1
EPIDURAL HEMATOMA; CSPINE FRACTURES,1
INFLAMED GALLBLADDER,1
AORTIC VALVE INSUFFICIENCY\AORTIC VALVE REPLACEMENT REDO  BENTAL PROCEDURE /SDA,1
DISSECTION AORTIC,1
"CONGESTIVE HEART FAILURE,R/O MI",1
AVR\AORTIC VALVE REPLACEMENT; *3RD CASE*/SDA,1
TRIGEMINAL NEURALGIA,1
FEVERE,1
S/P LIVER TRANSPLANT;MENTAL STATUS CHANGES,1
PERICARDIAL RUB,1
MITRAL VALVE INSUFFICIENCY\MVR ? CORONARY ARTERY BYPASS GRAFT /SDA,1
SEVERE AORTIC VALUE STENOSIS\LEFT HEART CATH,1
THORACIC ANEURYSM WITH MENTION OF RUPTURE\OPEN DESCENDING THORACIC AORTIC ANEURYSM REPAIR /SDA,1
ENDOMETRIAL CA/SDA,1
LOWER EXTEMITY ISHEMIA,1
BACK PAIN/S/P FALL,1
MR\MITRAL VALVE REPLACEMENT; REDO/SDA,1
PAINFUL HARDWARE RIGHT FOOT/SDA,1
CHOLECITHIASIS,1
LUMBAR HERNIATED DISC/SDA,1
? NON-ST SEGMENT ELEVATION MYOCARDIAL INFARCTION\CATH,1
FRONTAL LOBE SEIZURE/SDA,1
ISCHEMIC BOWEL\MESENTERIC ANGIOGRAM,1
SUBDURAL HEMATOMA/S/P FALL,1
COLITIS/PNA,1
LEFT HIP PERI PROSTHETIC FRACTURE/SDA,1
A-FIB\TEE; CARDIOVERSION,1
"CONGESTIVE HEART FAILURE,AFLUTTER",1
R/O TAMPONADE,1
AORTIC & MITRAL STENOSIS\AORTIC AND MITRAL VALVE REPLACEMENT ,1
PROSTATE ABSCESS,1
MULTI LOBE PNEUMONIA,1
ATRIAL FIBRILLATION\THORACOSCOPIC MINI MAZE PROCEDURE /SDA,1
MOTOR VEHICLE COLLISON;? SEIZURES,1
"HYPOTENSION, S/P FALL URINARY TRACT INFECTION",1
VENTRICULAR TACHYARRHYTHMIA STORM,1
MYOCARDIAL INFARCTION;PULMONARY EDEMA\CATH,1
SEVERE AORTIC STENOSIS\ AORTIC VALVE LIMITED ACCESS/SDA,1
URINARY TRACT INFECTION;FEVER,1
ANGIOEDEMA;ABD PAIN,1
INTRAPARANCHYMAL BLEED,1
PRE-SEPSIS,1
"DRA, SAH",1
FEVER; S/P LIVER TRANSPLANT,1
LOWER GI BLEED; L FIBULAR FX,1
SUBARACHNOID HEMARRHAGE;TELEMETRY,1
"SUB DURAL HEMATOMA,S/P FALL",1
EXERTIONAL ANGINA;PERIPHERAL VASCULAR DISEASE\CARDIAC CATH/BILATERAL PERIPHERAL ANGIOGRAM,1
ENDOSCOPY,1
TREMOR,1
SUPERVENTRICULAR TACHYCARDIA;NON-HODGKINS LYMPHOMAWEAKNESS,1
ATRIAL FIBRILLATION;WOUND INFECTION,1
URINARY TRACT INFECTION;WEAKNESS,1
UPPER BI BLED/SDA,1
RENAL CELL CARCINOMA\CHEMOTHERAPY (INTERLEUKIN (HD-IL),1
ACUTE CORONARY SYNDROME;CONGESTIVE HEART FAILURE,1
ACUTE RESPIRATORY DISTRESS SYNDROME;PNEUMONITIS,1
NON HEALING ULCER LEFT LEG EXTREMITIES,1
VFIB ARREST;TELEMETRY,1
AORTIC STENOSIS\ATRIAL VALVE REPLACEMENT TISSUE ? CORONARY ARTERY BYPASS GRAFT ,1
VULVA CANCER/SDA,1
PORTAL VEIN OCCLUSION,1
NEUTROPENIA;SEIZURE,1
METATASTIC BRAIN TUMOR,1
BACTEREMIA; KIDNEY STONES,1
RUPTURED AORTIC PLAQUE,1
WEIGHT LOSS,1
CONGESTIVE HEART FAILURE;LEFT BUNDLE BRANCH BLOCK;CARDIOMYOPATHY\BIVENTRICULAR IMPLANTABLE CARDIAC DEFIBRILLATOR IMPLANT/SDA,1
HEMOPTESIS;RESPIRATORY FAILURE;LEUKEMIA,1
GSW R NECK,1
BRADYARRHYTHMIA,1
"CONGESTIVE HEART FAILURE,MITRAL CORD TEAR",1
"CHEST PAIN,STE MI",1
"MENINGIOMA, RIGHT SIDE/SDA",1
HYPOTENSION; URINARY TRACT INFECTION,1
AORTIC STENOSIS\AORTIC AND MITRAL VALVE REPLACEMENT REDO; ? TVR,1
MITRAL VALUE REPLACEMENT,1
S/P ILEOSTOMY; DIABETES INSIPIDIS; SCHIZO-AFFECTIVE DISORDER,1
DIABETES MELLITUS FOR PANCREAS TRANSPLANT,1
ALTERED MENTAL STATUS;METASTATIC CANCER,1
"TRACHEAL BRONCHIAL MALACIA, RIGHT SIDE",1
"MENINGITIS, STATUS POST CARDIAC ARREST",1
RIGHT AKA STUMP INFECTION,1
ONGOING ANGINA,1
ACUTE PANCREATITITIS,1
AORTIC STENOSIS\AORTIC VALVULOPLASTY ,1
HYPOTENSION-BLEEDING CATH SITE,1
S/P TRACHEAL STENT;FAILURE TO WEAN,1
AORTIC STENOSIS\AORTIC VALVE REPLACEMENT; POSSIBLE CORONARY ARTERY BYPASS GRAFT,1
GASTRO ESOPHAGEAL REFLEX/SDA,1
BILIARY COLIC\PERCUTANEUOS BILIARY DRAINAGE,1
RIGHT RECURRENT PLEURAL EFFUSION/SDA,1
MITRAL VALVE DISORDER\MITRAL VALVE REPLACEMENT; MAZE ,1
PANCREATITIS;ENDOSCOPIC RETROGRADE CHOLANGIOPANCREATOGRAPHY,1
MEDIASTINALMASS;POSTOP RESPIRATORY INSUFFICENCY,1
DM FOOT ULCER,1
S/P CHOLECYSTECTOMY;? BILE LEAK,1
RIGHT FRONTAL SUBARACHNOID HEMORRHAGE,1
AORTIC STENOSIS\BENTAL; ? CORONARY ARTERY BYPASS GRAFT/SDA,1
ESOPHAGEAL DYSPLAGIA/SDA,1
CONGESTIVE HEART FAILURE\LEFT HEART CATHETERIZATION,1
LYMPHOMA/ PLURAL EFFUSION,1
UNSPECIFIED TRAUMA;TELEMETRY,1
AFIB WITH RVR;LIVER FAILURE;HF,1
S/P WITHDRAWAL SEIZURE,1
"SYNCOPE, EPIDURAL",1
RIGHT ADRENAL NEOPLASM/SDA,1
CORONARY ARTERY DISEASE\AORTIC VALVE REPLACEMENT; ? CORONARY ARTERY BYPASS GRAFT; ? HOMO GRAFT/SDA,1
INFECTION AND EPISTAXIS,1
DUODENAL FOREIGN BODY,1
"GI BLEED, POSITIVE TROPONIN",1
R/O BILIARY PERFERATION,1
RULE-OUT PULMONARY EMBOLIS;CHRONIC OBST PULM DISEASE,1
ABDOMINAL LAXITY/SDA,1
AORTIC STENOSIS\AVR ? CABG,1
SEIZURE;DIABETIC KETOACIDOSIS;TELEMETRY,1
MITRAL VALVE INSUFFICENCY\PERCARDIAL STRIPPING W/ MITRAL VALVE REPLACEMENT /SDA,1
"SEPSIS,CHF",1
RIGHT CEREBELLA LESION/SDA,1
LEFT ZYGOMA AND LEFORTH FX,1
BILE OBSTRUCTION;TELEMETRY,1
DTS;ALCOHOL WITHDRAWAL,1
PNEUMOTHORAX;MYASTHENIA GRAVIS,1
"NAUSEA/VOMITING,S/P TRANSPLANT",1
ANEMIA;TELEMETRY;NEUTROPENIA,1
FEVER;HYPERTENSIVE,1
CORONARY ARTERY DISEASE\CORONARY ARTERY BYPASS GRAFT; W/ LIMA/REMA/SDA,1
ATRIAL FIBRILLATION\MINIMALLY INVASIVE MAZE W/ LEFT ATRIAL APPENDAGE LIGATION/SDA,1
"VENTRAL, BILATERAL INGUINAL HERNIAS/SDA",1
BLADDER PERFORATION,1
ANEYRYSM,1
BACTERIAL ENDOCARDITIS,1
ASCITIS,1
AORTIC STENOSIS\ LIMITED ACCESS HEART PORT AV REPAIR/REPLACMENT/SDA,1
A-FIB;MR\ AORTIC & MITRAL VALVE REPLACEMENT;MAZE,1
HYPOTENSIVE EPISODE,1
LEFT CAROTID STENOSIS\CAROTID STENOSIS,1
R/O SEPSIS ANAPLASTIC  ASTROYTOMA,1
AORTIC STENOSIS\? CORONARY ARTERY BYPASS GRAFT; REDO STENOTOMY AVR/SDA,1
TYLENOL;BARBITUATE INGESTION,1
HYPOTENSION;BILIARY PATHOLOGY,1
ISCHEMIC RIGHT LOWER LEG,1
ALTERED MENTAL STATUS CHANGES;METHICILLIN RESISTANT STAPH AUREUS,1
HYDROCEPHALUS;HYPONATREMIA,1
CONGESTIVE HEART FAILURE; EKG CHANGES,1
"AFIB,SYNCOPE",1
AOROTOENTERIC FISTULA,1
RHABDO;LIVER FAILURE;ALTERED MENTAL STATUS,1
AORTIC VALVE STENOSIS\CORONARY ARTERY BYPASS GRAFT WITH AVR /SDA,1
"AORTIC STENOSIS\AORTIC VALVE REPLACEMENT, ? MITRAL VALVE REPLACEMENT /SDA",1
MITRAL VALVE DISORDER\MVR  REPAIR VS REPLACEMENT; ? CORONARY ARTERY BYPASS GRAFT; MAZE   /SDA,1
HYPERGLYCEMIA;FATIGUE,1
ENLARGED AORTIC ROOT\BENTALL PROCEDURE/SDA,1
ANAL STRICTURE,1
NON HODGKIN'S LYMPHOMA,1
RAPID AFIB;FEVER;ABDOMINAL PAIN,1
CONGESTIVE HEART FAILURE\EPICARDIAL LEAD PLACEMENT ,1
AORTIC STENOSIS\ AORTIC VALVE REPLACEMENT W/MAZE/SDA,1
VAGINAL VAULT PROLAPSE/SDA,1
HYPERKALEMIA;CONGESTIVE HEART FAILURE,1
CHRONIC STABLE ANGINA;HYPERTENSION;CORONARY ARTERY DISEASE\CATH,1
MITRAL VALVE INSUFFICIENCY\MITRAL VALVE REPLACEMENT; ? TRICUSPID VALVE REPLACMENT; ? MAZE,1
"RIB FRACTURES, PNEUMOTHORAX",1
RENAL FAILURE;LUNG CANCER;MELENA,1
MITRAL STENOSIS\REPAIR VS REPLACEMENT MITRAL VALVE,1
R/O HERSCH.,1
"TIBIAL FX, PELVIC FX.",1
UTI/URINARY RETENTION,1
AORTIC STENOSIS \BENTAL VERSUS AVR ACCENDING AORTA/SDA,1
GASTROINTESTINAL BLEED;SUBDURAL HEMORRHAGE,1
PNEUMONIA;DELIRIUM;HYPERCALCEMIA,1
LT MAIN DISEASE,1
BENIGN PROSTATIC HYPERPLASIA/SDA,1
S/P SMALL BOWEL OBSTRUCTION;SEPSIS,1
AMPUTATION RIGHT HAND 2ND DIGIT/SDA,1
RENAL BLEED,1
CHEST PAIN;ANGINA PECTORIS\CARDIAC CATH,1
CHF;LEFT MAIN DISEASE;3 VESSEL DISEASE,1
COOL RIGHT LOWER EXTREMITY,1
AORTIC STENOSIS\REDO STERNOTOMY; AVR; ? CABG,1
"RIB FX, S/P FALL",1
HX AORTIC STENOSIS;\ THORASCOPY;TRACHEAL STOMA DILATION; APICAL AORTIC CONDUIT;FEMORAL FEMORAL BYPASS/SDA,1
ABDOMINAL HEMORRHAGE,1
ICA ANEURYSM,1
ACUTE RENAL FAILURE-ALTERED MENTAL STATUS-HYPOCALCEMIA-LUNG CANCER,1
HEAD LACERATION,1
RIGHT LEG CLAUDICATION,1
"LUNG CANCER,AIRWAY OBSTRUCTION",1
HUMERUS FRACTURE;RENAL FAILURE;LIVER DISEASE,1
OSTEOARTHRITIS LEFT KNEE/SDA,1
CORONARY ARTERY DISEASE;EXERTIONAL ANGINA\CATH,1
LEFT PLEURO EFFUSION,1
HYPERTROPHIC OBSTRUCTIVE CARDIOMYOPATHY\ETHANOL SEPTAL ABLATION/SDA,1
ESOPHAGEAL BLEED,1
CHOLANGITIS;DISTAL COMMON BILE DUCT STONE IMPACTION,1
MITRAL REGURGITATION;RECENT IMI;+ETT\CATH,1
ANEYRYSM\CATH,1
CHANGE MS,1
RENAL FAILURE;ACIDOSIS;HYPERKALEMIA,1
URETERAL STICTURE,1
BLEEDING LOW HCT,1
LUNG NODULE; EPITHELIUM/SDA,1
HEPATOCELLULAR CARCINOMA (155.0)\CHEMOEMBOLIZATION (AGENT-ADRIAMYCIN),1
AORTIC INSUFFIENCY\AORTIC VALVE REPLACEMENT /SDA,1
PERIPHERAL VASCULAR DISEASE\BILATERAL LEG ANGIOGRAM,1
"HYPOXIA,PNEUMONITIS",1
CYSTIC INTRA ABDOMINAL MASS/SDA,1
COMPRESS\ VERTEBROPLASTY; (WEST CC5)/SDA,1
USA +ETT FOR CATHERIZATION\CATHERIZATION,1
S/P 20FT FALL,1
PERICARDITIS\PERICARDECTOMY,1
CAROTID STENOSIS\BYPASS AXILLO BIFEMORAL GRAFT; RIGHT; CAROTID CAROTID BYPASS GRAFT,1
CORONARY ARTERY DISEASE/SDA\AORTIC VALVE REPLACEMENT WITH STERNOTOMY,1
DYSPNEA;RULE OUT PULMONARY HYPERTENSION\RIGHT HEART CATH,1
AROTIC VALVE INSUFFICIENCY\AVR; ? OF MVR & CORONARY ARTERY BYPASS GRAFT /SDA,1
RESP. FAILURE;TRACHEAL STENOSIS,1
RIGHT CHEST HEMATOMA,1
"OSTEOARTHRITIS, LEFT SHOULDER/SDA",1
SEVERE HYPERTROPHIS CARDIO MYOPATHY\SEPTAL ETHANOL ABLATION,1
S/O MOTOR VEHICLE ACCIDEMT,1
CONGESTIVE HEART FAILURE;GI BLEED;DEHYDRATION,1
MYOCARDIAL INFARCTION;CONGESTIVE HEART FAILURE\CATH,1
LUMBAR SPONDYLOSIS,1
TRICYCLIC ANTIDEPRESSANT OVERDOSE,1
AORTIC VALVE INSUFFICENCY\REDO REDO AORTIC VALVE REPLACEMENT /SDA,1
SDH; HEMATOMAS,1
PNEUMONIA;CHANGE IN MENTAL STATUS;TELEMETRY;,1
CHRONIC PANCREATITIS W/ PSEUDOCYST/SDA,1
ASD\ASD CLOSURE **REMOTE WEST** **CATH LAB ROOM 1**/SDA,1
APPARENT INTOXICATION; SI,1
AORTIC STENOSIS\AVR ? CORONARY ARTERY BYPASS GRAFT ,1
+ETT/CATH/BALLOON PUMP/?CABG\CATH,1
"RULE IN MI, CHEST PAIN",1
NON HEALING LEFT LOWER EXTREMITY ULCER,1
DIG TOXICITY,1
AORTIC STENOSIS\AVR W/? CORONARY ARTERY BYPASS GRAFT; ? LEFT ATRIAL APPENDAGE RESECTION ,1
AORTIC STENOSIS;MYOCARDIAL INFARCTION,1
"MITRAL VALVE INSUFFCENCY\MITRAL VALVE REPLACEMENT,HEART PORT MINIMALLY INVASIVE /SDA",1
AML-SEPSIS,1
HYPONATREMIA;ESOPHAGEAL CA;PULMONARY EMBOLIS,1
ATRIAL SEPTAL DEFECT\MINIMMALY INVASIVE ATRIAL SEPTAL DEFECT CLOSURE /SDA,1
RIGHT BLOODY PLEURAL EFFUSION,1
"RENAL FAILURE,HYPOKALEMIA,DEHYDRATION",1
"ASCITES,ABDOMINAL PAIN",1
"SEPSIS,HYPERGLYCEMIA",1
"CHOLANGITIS,UPPER GI BLEED",1
AORTIC STENOSIS\BENTAL PROCEDURE ? MVR/SDA,1
"SEIZURES,MULTIPLE SCLEROSIS",1
DIABETIC KETOACIDOSIS;PERICARDITIS,1
CHEST PAIN;AORTIC STENOSIS;CONGESTIVE HEART FAILURE,1
HIP FRACTURE;ELEVATED TRAPEIN,1
CHIARI MALFORMATION BILATERAL/SDA,1
UNSTABLE ANGINA;ABNORMAL ECHO\CATH,1
ASTHMA EXACERBATION;TELEMETRY,1
OSTIUM SECONDUM TYPE ATRIAL DEFECT\REPAIR ATRIAL SEPTAL DEFECT /SDA,1
HIGH BILIRUBEN,1
DEEP VEIN THROMBOSIS;LEFT LEG WEAKNESS,1
R/O TB-ADENOCARCINOMA-UNKNOWN PAIN-FEVER-R/O INFECTION,1
DEHYDRATION;RULE-OUT MYOCARDIAL INFARCTION,1
CHRONIC OSTEOMYELITIS,1
ANEURYSM CRANIOTOMY,1
FOUND DOWN;SCALP LACS,1
"CONGESTIVE HEART FAILURE,HYPERTENSION,HYPOGLYCEMIA",1
"BREAST CANCER/FEVER, BACK PAIN",1
COMPOUND FRACTURE;URINARY TRACT INFECTION,1
ERCP FAILED TO CANNULATE;PTC,1
CAUDATE TUMOR/SDA,1
UPPER GI BLEED;FEVER;COUGH,1
RIGHT URETERAL CALCULI\URETEROSCOPY WITH LASER LITHOTRIPSY RIGHT,1
KIDNEY LESION;S/P KIDNEY;BLOOD IN URINE,1
"CHEST PAIN,FOR CABG\CATH",1
AORTIC STENOSIS;CHEST PAIN;DYSPNEA\CARDIAC CATH,1
CORONARY ARTERY DISEASE\RIGHT VENTRICULAR OUTFLOW TRACK/PULMONIC ARTERY RECONSTRUCTION ? CORONARY ARTERY BYPASS GRAFT WITH AVR  ? TRISCUPID VALVE REPLACEMENT ,1
RHEUMATIC HEART DISEASE;ATRIAL FIBRILLATION,1
ANEMIA/ GI BLEED ?,1
"TRAUMA,HEAD BLEED,HIP FRACTURE",1
J TUBE DISPLACEMENT-CHRONIC VENT,1
MITRAL VALVE DISORDER\THORACOSCOPIC MAZE PROCEDURE LEFT; MITRAL VALVE REPLACEMENT /SDA,1
ASCENDING AORTA\REPLACEMENT ASCENDING AORTA & HEMI ARCH; ? CORONARY ARTERY BYPASS GRAFT WITH AVR /SDA,1
AORTIC VALVE REGURGATATION,1
"R/O MI, UNSTABLE ANGINA",1
CONGESTIVE HEART DISEASE,1
LIVER MASS;PVT;HEAD BLEED,1
CORONARY ARTERY DISEASE;AORTIC INSUFFICIENCY\CORONARY ARTERY BYPASS GRAFT WITH AVR  ? ASCENDING AORTA REPLACEMENT/SDA,1
+ETT\CARDIAC CATHERIZATION,1
LEFT FOOT GANGRENE\LEFT LOWER EXTREMITY ANGIOGRAM,1
SCOLIOSIS;RESPIRAORY FAILURE,1
MITRAL DISORDER\CORONARY ARTERY BYPASS GRAFT WITH MVR /SDA,1
SADDLE EMBOLUA,1
MALNUTRISION;RENAL FAILURE,1
CRITICAL AS;COMPLETE HEART BLOCK\CATH,1
NON-Q-WAVE MYOCARDIAL INFARTION\CARDIAC CATH,1
RIGHT VENTRICULAR TUMOR,1
HEADACHE;BLURRED VISION,1
CERVICAL SPONDYLOSIS WITH MYELOPATHY/SDA,1
PARENCHYMAL BLEED,1
S/P CABG,1
FEVER; DEHYDRATION; EVAL FOR C-DIFF,1
MTIRAL REGURGITATION\MINIMALLY INVASIVE MITRAL VALVE REPAIR/SDA,1
SEVERE MR\MITRAL VALVE REPLACEMENT;REPAIR ATRIAL-SEPTAL DEFECT; VENTRICULAR SEPTAL DEFECT; TRICUSPID VALVE REPAIR; ? REPLACEMENT/SDA,1
TRAUMA FALL,1
HYPERECLEMIA,1
HYPOTENSION;L1 FRACTURE,1
MV ENDOCARDITIS\MITRAL VALVE REPLACEMENT /SDA,1
PNEUMONIA/HYPOTENSION,1
L4-S1 SPONDYLOLISTHESIS/SDA,1
CARDIOMYOPATHY;RENAL FAILURE,1
AORTIC  STEOSIS\CORONARY ARTERY BYPASS GRAFT WITH AVR /SDA,1
A FIB;PACER LEAD INFECTION\ PACER LEAD EXTRACTION W/ PUMP STANDY,1
PNEUMONIA-? MULTIPLE MELANOMA,1
?PANCREATITIS,1
PACEMAKER PLACEMENT\ LEFT VENTRICULAR LEAD PLACEMENT/SDA,1
"INTRACRANIAL BLEED,SEIZURE",1
RHADOMYOLYSIS;SUBDURAL HEMORRHAGE,1
HYPOTENSION;GASTROINTESTINAL BLEED;ACUTE RENAL FAILURE;SEPSIS,1
POST TRAUMATIC ARTHRITIS INFECTION LEFT KNEE/SDA,1
INTRACEREBRAL HEMORRHAGE; SAH; SDH,1
CHEST PAIN; PULMONARY EDEMA,1
AIRWAY OBSTRUCTION\ TRACH TUBE PLACEMENT;BRONCHOSCOPY FLEXIBLE; AND RIGID,1
PANCREATIC HEAD CANCER,1
PERSISTANT TACHYCARDIA;?HYPOTHYROID,1
LUNG CANCER;SVC SYNDROME,1
AORTIC STENOSIS/STENT/\CATH,1
THIRD DEGREE AV BLOCK,1
ASPIRATION-ATRIAL FIB,1
PNEUMONIA;ABDOMINAL DISTENTION,1
"MI,RIGHT IJ CLOT",1
IVC OBSTRUCTION,1
CLAUDICATION BILATERAL LOWER EXTREMITY/SDA,1
AORTIC STENOSIS\ AORTIC VALVE REPLACEMENT,1
URINARY TRACT INFECTION;DEMENTIA;SUICIDAL IDEATION,1
CAD/ MITRAL VALVE REGURGITATION\CORONARY ARTERY BYPASS GRAFT; ? W/ MVR/SDA,1
PNEUMOTHORAX/RIB FRACTURES,1
HEROIN OVERDOSE-TACHYCARDIA,1
ASCITES; CIRRHOSIS,1
RIGHT LUNG MASS,1
PNEUMONIA;MYOCARDIAL INFARCT,1
CORONARY ARTERY DISEASE\CORONARY ARTERY BYPASS GRAFT WITH AVR; ? BENTAL PROCEDURE /SDA,1
"CAD,AORTIC STENOSIS\CORONARY ARTERY BYPASS GRAFT;AORTIC VALVE REPLACEMENT/SDA",1
RT UPPER QUADRANT ABSCESS,1
CARDIAC,1
AORTIC ROOT STENOSIS\BENTALL PROCEDURE/SDA,1
CHEST PAIT;+ETT\CATH,1
RESPIRATORY FAILURE; MITRAL REGURGITATION,1
PNAUMONIA,1
CORONARY ARTERY DISEASE;ELEVATED CREATININE\CATH,1
.\VENTRICULAR TACHYCARDIA ABLATION  **REMOTE WEST**,1
PANCREATITIS;CHRONIC OBST PULM DISEASE,1
CHEST PAIN;RENAL FAILURE,1
HCT DROP,1
PULOMONARY FIBROSIS,1
ABD ABSCESS,1
LEUKEMIA\BMT,1
RESPIRATORY DISTRESS;? BOWEL ISCHEMIA,1
PULMONARY EDEMA;ANEMIA; NON ST ELEVATION MYOCARDIAL INFARCTION,1
CORONARY ARTERY DISEASE;ACUTE ANTERIOR MYOCARDIAL INFARCTION,1
TERTIARY SYPHILIS,1
AORTIC VALVE INSUFFIENCY\AVR STANDARD KHABBAZ /SDA,1
FALL;NEUTROPENIA,1
R/O PULMONARY EMBOLUS-CHEST PAIN,1
S/P FAL,1
THORACIC ANEURYSM\THORACO-ABDOMINAL ANEURSYM REPAIR W/PARTIAL RIGHT HEART BYPASS & LUMBAR DRAIN  /SDA,1
SHORTNESS OF BREATH/MULT MYELOMA,1
SUBARACHNOID HEMORRHAGE-S/P MOTOR VEHICLE ACDICENT,1
HYPOTENSION;CEREBRAL VASCULAR ACCIDENT,1
THORACIC METASTATIC TUMOR/SDA,1
SKULL BASED TUMOR/SDA,1
FOURNIER GANGGRENE,1
DIASTOLIC HEART FAILURE,1
AORTIC DISSECTION TYPE B,1
DECREASED BLOOD PRESSURE,1
ANEMIA;HEMATURIA,1
TRACHEO BRONCHOMALACIA,1
CELLULITIS;R/O DKA;AXILLARY ABSCESS,1
"ACUTE HEPATITISB, HYPOTENSION",1
METASTATIC CANCER TO SPINE,1
CORONARY ARTERY DISEASE\CORONARY ARTERY BYPASS GRAFT WITH AVR; ? MITRAL VALVE REPLACEMENT ,1
HYPOXIA;BENZO OVERDOSE,1
HYPOXIA-INTRACRANIAL HEMORRHAGE,1
R/O LYMPHOMA;CHRONIC OBSTRUCTIVE PULMONARY DISEASE,1
R/O MESENTERICISCHEMIA,1
ANEMIA WITH POSITIVE STOOL,1
LT SUB DURAL HEMATOMA,1
MR;AR\ AORTIC & MITRAL VALVE REPLACEMENT/SDA,1
"MYXOMA\REMOVAL LEFT ATRIAL MASS, MYXOMA/SDA",1
"NAUSEA,UNABLE TO TAKE PO",1
MELANOMA;FEVER,1
CORONARY ARTERY DISEASE;RECURRENT CHEST PAIN;DYSPNEA;RENAL INSUFFICIENCY\RIGHT AND LEFT HEART CATHETERIZATION,1
INTERSTITIAL  PULMONARY FIBROSIS,1
RETROPERITONEAL & LEFT LEG PSEUDOANEURYSM/SDA,1
HYPOTENSION;RESPIRATORY FAILURE,1
SUBARACHNOID HEMATOMA;S/P FALL,1
BRAIN MASS;SEIZURE,1
AORTIC STENOSIS; CONGESTIVE HEART FAILURE,1
PORTAL HYPERTENSION/SDA,1
ANTERIOR MEDIASTINAL MASS/SDA,1
HEMIPLEGIA,1
MYOCARDIAL INFARCTION; CHEST PAIN\CATH,1
"HEP C, CIRRHOSIS, ARF",1
COLITIS/SDA,1
"S/P MVA,SPLENIC LACERATION",1
CORONARY ARTERY DISEASE; AF,1
S/P RIGHT CRANIOTOMY,1
RENAL FAILURE; ASPIRATION PNEUMONIA; BILATERAL DVT'S; THROMBOCYTOPENIA,1
CHRONIC OBSTRUCTIVE PULMONARY DISEASE;HEMOPTYSIS,1
CARDIAC TAMPIONADE,1
LOWER GI BLEED;SYNCOPE,1
PANCREATIC CYST PLANNED WHIPPLE PROCEDURE,1
ASPIRATION PNEUMONIA;TELEMETRY,1
AORTIC STENOSIS\? CORONARY ARTERY BYPASS GRAFT; AVR /SDA,1
PITUITARY BLEED,1
BRADYCARDIA;UNSTABLE ANGINA,1
S/P JUMP FROM MOVING VEHICLE ,1
"CIRRHOSIS, HEP C",1
HYPOKALEMIA;DIABETIC KETOACIDOSIS,1
STRIDOR;NEUTROPENIA;FEVER,1
POSSIBLE STROKE,1
PULMONARY EMBOLIS;HYPOXIA;NEW CA DX,1
ATRIAL FLUTTER\EPS AND ATRIAL FLUTTER ABLATION **REMOTE WEST** /SDA,1
FACIAL FX,1
UTI,1
S\P MOTOR VEHICLE ACCIDENT,1
SEIZURES/SDA,1
BACTERIAL ENDOCARDITIS;LEFT ARM EMBOLUS,1
PERFED DUODENUM,1
EKG CHANGES;R/O ISCHEMIA,1
RECURRENT SPINE METASTASIS/SDA,1
TACHYCARDIA/HYPOTENSION,1
A. FLUTTER,1
POLY-TRAUMA,1
INTRACEREBRAL BLEED;KNEE FRACTURE,1
S/P FALL; ANEMIA,1
"HYPOTHYRIOD,HYPOGLYCEMIC,HYPOGLYCEMIC",1
EXPANDING HEMATOMA,1
MITRAL REGURGITATION\ MITRAL VALVE REPLACEMENT; HEART PORT MINIMALLY INVASIVE/SDA,1
STAB WOUND TO FACE AND CHEST,1
METASTASIS OCCULAR MELANOMA TO LIVER/SDA,1
AORTIC STENOSIS\AORTIC VALVE REPLACEMENT WITH ? BENTAL/SDA,1
ARTERIAL CLOTS;BACTEREMIA,1
PLEURAL EFFUSION;PULMONARY EMBOLUS,1
CA IN SITE OF RECTUM/SDA,1
S/P MOTOR VEHICLE ACCIDENT;BRACHIAL ARTERY INJURY,1
SVC SYNDROME\ RECANALIZATION/SDA,1
"CML,FEVER",1
CONGESTIVE HEART FAILURE; AORTIC STENOSIS\COREVALVE; AORTIC VALVE REPLACEMENT,1
"ANEURYSM,PERICARDIAL EFFUSION",1
RHABDOMYALASIS;TELEMETRY,1
LEFT FRONTAL LOBE HEMATOMA,1
INTRACTABLE FRONTAL LOBE SEIZURES,1
"RENAL MASS, CAVA THROMBUS/SDA",1
VOLUME OVERLOAD HYPERKALEMIA,1
PULMONARY EMBOLUS-S/P IVC FILTER,1
BRAIN MASS OF THE MIDLINE SHIFT,1
LUPUS;GASTROINTESTINAL BLEED,1
CEREBROVASCULAR ACCIDENT;SEIZURES,1
UNSTABLE ANGINA\ANGIOPLASTY,1
"HIGH RISK PREG, INDUCTION",1
PERICARDIAL EFFUSION;DYSPNEA\PERICARDIOCENTESIS,1
INTRACRANIAL BLEED;MYOCARDIAL INFARCTION;TELEMETRY,1
CORONARY ARTERY DISEASE\AORTIC VALVE REPLACEMENT; WITH MINIMALLY INVASIVE/SDA,1
NAUSEA;HEADACHE,1
HEMOPTYSIS;HTN,1
SEVERE CAD\TRICUSPID VALVE REPLACEMENT /SDA,1
CHOLANGITIS;STENT PLACEMENT,1
RULE OUT MYOCARDIAL INFARCTION;CHEST PAIN;HYPERTENSION;TELEMETRY,1
MITRAL REGURGITATION\MITRAL VALVE REPLACEMENT; ? AORTIC VALVE REPLACEMENT MAZE,1
PAINFUL HARDWARE LEFT KNEE/SDA,1
GASTROINTESTINAL BLEED;PNEUMONIA,1
LARGE B CELL LYMPHOMA,1
SINUS BRADY;RIGHT BUNDLE BRANCH BLOCK;ATRIAL FLUTTER\ELECTROPHYSIOLOGIC STUDY;POSSIBLE ABLATION;POSSIBLE PACEMAKER IMPLANT,1
MULTIPLE SCLEROSIS FLARE,1
C4 COMPRESSION FRACTURE,1
SUBARRACHNOID HEMMORAGE,1
?AORTIC DISSECTION\ VALVE SPARING AND AORTIC ROUTE ARCH/SDA,1
THORACIC AORTIC DISSECTION/SDA,1
AORTIC INSUFFINCIENCY\BENTAL PROCEDURE VS AVR DECENDING AORTA /SDA,1
INTOXICATION;AGITATION,1
FEVER;SEPSIS;HYPOXIA,1
MYESTHENIA GRAVIS EXACERBATION,1
DEXTROMETHORPHAN OD,1
R/O NECROTISING FASCITIS,1
ANTERIOR COMMUNICATED ARTERY ANEURYSM/SDA,1
MITRAL STENOSIS\ MITRAL VALVE REPLACEMENT; MINIMALLY INVASIVE/SDA,1
ACUTE INFERIOR MYOCARDIAL INFARCTION\RIGHT CORONARY ARTERY ANGIOPLASTY;STENT PLACEMENT,1
LEFT TIBIAL PLATEAU FRACTURE,1
CIRRHOSIS-PORTAL VEIN THROMBOSIS,1
HYPOXIA; A-FIB,1
SUBFILAMENT HEPATIC FAILURE,1
GASTROINTESTINAL BLEED;DEHYDRATION;PNEUMONIA,1
BRADYCARDIA;ATRIAL FIBRILLATION,1
TAMPONEDE ,1
SUICIDAL IDEATION;ALCOHOL INTOXICATION,1
GALLSTONE PANCREATITIS-CHOLANGITIS,1
ACUTE MIU\CATH,1
RIGHT RENAL STENOSIS;CORONARY ARTERY DISEASE;RENAL INSUFFICIENCY\RIGHT RENAL ARTERY ANGIOGRAM;STENT PLACEMENT;CORONARY ANGIOGRAPHY,1
THORACIC ANEURYSM\ASCENDING AND HEMI-ARCH REPLACEMENT W/ FULL MAZE   ,1
C-SPINE,1
CHEST PAIN;TELEMETRY;MELENA,1
ENDOSCOPIC RETROGRADE CHOLANGIOPANCREATOGRAPHY\ERCP ,1
SHORTNESS OF BREATH ,1
"CHEST PAIN,RULE OUT MI",1
LEFT VENTRICULAR DYSFUNCTION;CORONARY ARTERY DISEASE\LEFT HEART CATHETERIZATION;IMPLANTABLE CARDIVOERTER DEFIBRILLATOR IMPLANT,1
L5 METASTATIC TUMOR/SDA,1
PNEUMONIA;DYSPHAGIA,1
MELANOMA;WEAKNESS,1
ICD SHOCK X2;VENTRICULAR TACHYCARDIA;CARDIOMYOPATHY,1
"CHEST PAIN, A-FIB",1
BRAIN AVM,1
NARROWING OF AIRWAY,1
CVA VS.SEIZURES,1
RENAL PELVIC CA/SDA,1
PMEUMONIA/SEPSIS,1
TACHYARRYTHMIA,1
TRACH OCCLUSION,1
CELLULITIS;DIABETES,1
PORCELAIN GALLBLADDER/SDA,1
HEAD TRAUMA;S/P MOTOR VEHICLE ACCIDENT,1
A- FLUTTER,1
CHF EXACERBATION;END STAGE RENAL DISEASE,1
ACUTE RENAL FAILURE-HYPOTHERMIA,1
MORBID OBESITY/GALLSTONES/SDA,1
JUNCTIONAL RHYTHM-GASTROINTESTINAL BLEED,1
POLYSUBTANCE OVERDOSE,1
"ANEMIA,SHORTNESS OF BREATH,RENAL INSUFFICIENCY",1
HYPOTENSION/ ALTERED MENTAL STATUS,1
CHEST PAIN;RULE OUT CORONARY ARTERY DISEASE\LEFT HEART CATH,1
SHOTRNESS OF BREATH/PLERAL EFFISION\PLEUROSCOPY/PLEURODESIS,1
"NEPHROLITHIASIS, RENAL INSUFFICIENCY",1
LUNG CANCER;FAILURE TO THRIVE,1
UNSTABLE ANGINA;AORTIC STENOSIS\CARDIAC CATH,1
CHEST PAIN;DYSPNEA,1
HYDRO HEPHROSIS,1
LOW HCT;HYPOXIA;FEVER,1
"MITRAL VALVE ENDOCARDITIS\MITRAL VALVE REPLACEMENT,HEART PORT MINIMALLY INVASIVE ",1
ACHALASIA;DEHYDRATION,1
RECURRENT PNEUMOTHORAX,1
BRAIN METS;TELEMETRY,1
UNSTABLE ANGINA;S/P MI\CATH,1
CHEST PAIN;DYSPENIA\CORONARY ANGIOGRAM,1
MYOCARDIAL INFARCTION;CORONARY ARTERY DISEASE;CONGESTIVE HEART FAILURE\CATH,1
FAMILY HX OF BREAST CA/SDA,1
RIGHT AND LEFT HEART CATH\CARDIAC CATH,1
R/O SEPSIS;SMALL BOWEL OBSTRUCTION,1
S/P FALL-HEAD INJURY,1
CHEST WALL PAIN,1
CLEANSER INGESTION-RESPIRATORY DISTRESS,1
"MARFAN'S SYNDROME\BENTALL PROCEDURE; TOTAL VALVE SPARING ROOT REPLACEMENT VS; HOMOGRAFT  ROOT REPLACEMENT; REPLACEMENT OF ARCH, PROXIMAL ROOT/SDA",1
?SEPSIS,1
LEFT LEG HEMATOMA-CELLULITIS,1
HYPOGLYCEMIA AND HYPECARBIA,1
HYPERCARBIC RESPIRATORY FAILURE-PULSELESS ELECTRICAL,1
RIGHT  CORONARY INTERVENTION\RIGHT CORONARY ARTERY DISSECTION,1
TRACHEAL OBSTRUCTION;ACUTE NAD CRONIC RESPIRATORY FAILURE,1
AHF\CATH,1
LEFT INTRA-ATRIAL MASS\LEFT INTRATRIAL MASS RESECTION/SDA,1
HEAD TRAUMA;ETOH,1
ADENOCARCINOMA OF STOMACH; UMBILICAL HERNIA/SDA,1
OSTEOMYELITIS W/EPIDERAL EMPYEMA PARA/SDA,1
SKULL FRACTURE;HEAD INJURY;SAH,1
LIVER FAILURE;SUBDURAL HEMATOMA,1
NEUROLOGIC SYMPTOMS; ABMORMAL MRI,1
LRG PAIN,1
MITRAL VALVE INSUFFICIENCY\MITRAL VALVE REPAIR VS REPLACEMENT /SDA,1
ULNAR FRACTURE;SUBARACHNOID HEMATOMA;C5 FRACTURE,1
PNEUMONIA;S/P LIVER TRANSPLANT,1
RT FLANK STABBING,1
T8 SPINAL CORD COMPRESSION AND CELLULITIS,1
ANAPHYLAIXIS,1
S/P MOTOR VEHICLE ACCIDENT-CERVICAL SPINE FX,1
HIP FRACTURE; COPD OB-HYPO SYNDROME,1
REIMPLANTATION OF THUMB,1
INCREASED FLUID AT GRAFT SITE,1
"ABDOMINAL PAIN,HYPOTENSION",1
CIRRHOSIS;?SBP,1
CAD/MITRAL REGURGITATION\CORONARY ARTERY BYPASS GRAFT; W/MVR/SDA,1
DIABETIC KETOACIDOSIS;STEMI,1
HYPOTENSION;DEYDRATION,1
CONGESTIVE,1
HYPERTENSION/PERINEPHRIC HEMATOMA,1
SEIZURE/DIABETIC KETOACIDOSIS/ALTERED MENTAL STATUS,1
JAUNDICE;COMMON BILE DUCT STONE,1
"OPEN WOUND, CHEST/SDA",1
AORTIC STENOSIS;CARDIOMYOPATHY\RIGHT AND LEFT HEART CATH;AORTIC VALVULOPLASTY,1
"THORACIC AORTIC ANEURYSM DISSECTION\ 2ND RE-DO TOTAL AORTIC ARCH REPLACEMENT, MEDUSA GRAFT/SDA",1
CORONARY ARTERY DISEASE\STENT PLACEMANT,1
RECURRENT HODGKINS LYMPHOMA;DYSPNEA,1
ABDOMINAL PAIN-DIARRHEA,1
URINARY TRACT INFECTION;AKI,1
TRAUMA;MANDIBULAR FX,1
KETOACIDOSIS,1
HEMOLYTIC UREMIC SYNDROME,1
INTESTINAL DISORDER/SDA,1
STENOSIS OF LARYNX /SDA,1
ADDISON'S,1
NEUTROPENIA;ANEMIA,1
"VENTRICULAR TACHYCARDIA, STATUS POST MYOCARDIAL INFARCTION \ELECTROPHYSIOLOGY STUDY; VENTRICULAR TACHYCARDIA ABLATION /SDA",1
ICSHEMIC BOWEL,1
"CHEST PAIN;TELEMETRY,HYPOPHOSPHATEMIA",1
MORPHINE OVERDOSE;ACUTE RENAL FAILURE,1
RIGHT LUNG MASSES/SDA,1
NONHODGKINS LYMPHOMA/FEVER,1
CORONARY ARTERY DISEASE\RIGID BRONCHOSCOPY WITH Y-STENT PLACEMENT; CORONARY ARTERY BYPASS GRAFT  /SDA,1
"EPISTAXIX,HYPOXIA",1
SCHATZKI'S RING,1
BRADYCARDIA-NAUSEA-VOMITINH,1
GALLBLADDER CANCER/SDA,1
QUESTION OF SEIZURES;HYPONATREMIA;PNEUMONIA,1
ASTHA/COPD EXACERBATION,1
SHORTNESS OF BREATH; HEPATIC HYDROTHORAX,1
"CHF, R/O MI, ARF",1
C2-FX,1
POLY SUBSTANCE OD,1
SHORTNESS OF BREATH;ABDOMINAL PAIN,1
L2 METASTOSIS/SDA,1
CORONARY ARTERY DISEASE\REMOVAL CARDIAC MASS /SDA,1
SMALL BOWEL ISCHEMIA-CLOTTED DIALYSIS ACCESS,1
AORTIC REGURGITATION\AORTIC VALVE REPLACEMENT REDO;  BENTAL PROCEDURE;  CORONARY ARTERY BYPASS GRAFT WITH MVR ,1
LEAKING TRIPLE A;PSEUDOANEURYSM,1
LEFT ATRIAL THROMBUS; ATRIAL FIBRILLATION,1
AORTIC STENOSIS\ REDO AORTIC VALVE REPLACEMENT,1
PERFORATED DUODEUM,1
MYXOMA\EXCISION LEFT ATRIAL MASS/MYXOMA /SDA,1
MOTORCYCLE CRASH;LEG FRACTURE,1
CORONARY ARTERY DISEASE\RE-DO CORONARY ARTERY BYPASS GRAFT WITH AVR ,1
CORONARY ARTERY DISEASE;CONGESTIVE HEART FAILURE\LEFT AND RIGHT HEART CATH,1
CERVICAL MYELOPATHAY/SDA,1
S/P KIDNEY/TRANSPLANT RENAL FAILURE,1
INTRACRANIAL HEMORRHAGE;SPELINEC LACERATION,1
SHORTNESS OF BREATH;URINARY TRACT INFECTION,1
FEVER/HYPER K/ AFIB RVR,1
PULMONARY EDEMA;MYOCARDIAL INFARCTION\CATH;POSSIBLE ANGIOPLASTY\STENTPLACEMENT,1
TEMPORAL HEMORRHAGE,1
AORTIC STENOSIS\AORTIC VALVULOPLASTY/SDA,1
EHRILICHIOSIS VS CHOLEDOCHOLITHIASIS,1
SKULL FRACTURE;SDH;SAH;TELEMETRY,1
FLU RESPIRATORY DISTRESS,1
"CHEST MASS\ATRIAL MYXOMA REMOVAL, SEPTAL MYOMECTOMY/SDA",1
JOINT INFECTION,1
LUNG NODULE RIGHT/SDA,1
PALATE CANCER/SDA,1
CONGESTIVE HEART FAILURE;HEART BLOCK\BIVENTRICULAR PACEMAKER IMPLANT/SDA,1
CORONARY ARTERY DISEASE\CORONARY ARTERY BYPASS GRAFT WITH MVR; ? MAZE,1
INJURIES FROM BIKE VS. AUTOMOBILE COLLISION,1
AORTIC DISSECTION\ASCENDING AORTA REPLACEMENT,1
SUBDURAL HEMORRHAGE;UTI;FRACTURES,1
"NON Q-WAVE MI,S/P CABG",1
PERFORATED CHRON'S COLITIS,1
CORONARY ARTERY DISEASE;LEAD INFECTION,1
HYPERTENSION;S/P BRONCH,1
SEVERE HYPOTENSION,1
LOWER GASTROINTESTINAL BLEED;SUPRATHERAPEUTIC INR,1
ANEURYSM AORTA;TELEMETRY,1
S/P MOTOR  VEHICLE ACCIDENT,1
UNRESPONSIVE/? STROKE,1
CHEST PAIN;+ETT,1
DEHYDRATION;PAIN CONTROL,1
INCREASING SHORTNESS OF BREATH,1
RIGHT ARM WOUND,1
? CABGE,1
? GALLSTONES; PANCREATITIS,1
SEPSIS;METHICILLIN RESISTANT STAPH AUREUS,1
ACUTE CORONARY SYNDROM,1
S/P BKA;GANGRENE LEFT FOOT/SDA,1
LEFT MIDDLE CEREBRAL ARTERY ANEURYSM/SDA,1
PORTAL HYPERTENSION W/ ASCITES/SDA,1
CONGESTIVE HEART FAILURE;S/P CARDIAC INTERVENTION,1
PORTA CATH OBSTRUCTION,1
PEDISTRIAN STUCK;INFERIOR RAMUS PELVIC FRACTURE,1
RETROPERITONEAL MASS/SDA,1
CORONARY ARTERY DISEASE;CAROTID STENOSIS\CAROTIS ANGIOGRAM,1
S/P FALL WITH AORTIC INJURY,1
CAROTIS STENOSIS\CAROTID ANGIOGRAM,1
"UTI,LOW BLOOD PRESSURE",1
SPINAL CORD TRANSECTION,1
GASTROINTESTINAL BLEED;RENAL FAILURE,1
"RECURRENT PMB, ENDOMETRIAL HYPOPLASIA/SDA",1
SUBACUTE MYOCARDIAL INFARCTION\CATH,1
CONGESTIVE HEART FAILURE EXACERBATION;PNEUMONIA,1
"S/P MVC,TRAUMA",1
CORONARY ARTERY DISEASE;NON-Q-WAVE MYOCARDIAL INFARCTION\CARDIAC CATH,1
S/P FALL;PTX;RIB FRACTURE;SUBARACHNOID HEMATOMA,1
MYOCARDIAL INFARCTION\CARDICA CATH,1
HYPERTENSIVE URGENCY;CHEST PAIN,1
CAROTID STENOSIS\CAROTID ANGIOGTAM AND STENT,1
SHORTNESS OF BREATH;SEVERE ANEMIA;NECK MASS,1
METASTATIC LESION LEFT FEMUR/SDA,1
TACHYCARDIA;? COCAINE USE,1
ISOPROYL ETOH INGESTIOM,1
SUBDURAL HEMORRHAGE; BILATERAL PE; TRAUMA,1
"ACUTE RENAL FAILURE,HYPOXIA,CONGESTIVE HEART FAILURE",1
PNEUMONIA;SEVERE AORTIC STENOSIS,1
CORONARY ARTERY DISEASE; AORTIC STENOSIS\CORONARY ARTERY BYPASS GRAFT  AORTIC AND MITRAL VALVE REPLACEMENT W/MAZE,1
CHRON'S FLARE;RENAL FAILURE,1
DIARRHEA AND BRBPR,1
PERICARDIAL EFFUAION,1
CHRONIC MYELOGENOUS LEUKEMIA;TRANSFUSION REACTION,1
HEPATIC DECOMPENSATION,1
LT FEMUR FRACTURE;PULMONARY EDEMA,1
LUNG TUMOR;HEMOPTYSIS,1
ENTERO CUTANEOUS FISTULA/SDA,1
RULE OUT CEREBROVASCULAR ACCIDENT;TELEMETRY,1
"HYPOTENSION R/O CAD,S/P LAPAROSCOPIC CHOLECYSTECTOMY",1
PERF APPENDIX,1
SUBDURAL HEMATOMA;HEAD INJURIES,1
LIVING UNRELATED LIVER DONOR/SDA,1
HEPATO-BILI SYNDROME,1
SBP VS INCARCERATED HERNIA,1
RIB FRACTURE AND LUNG PUNCTURE,1
"SEIZURE,ASPIRATION",1
CORONARY ARTERY DISEASE; NEW ANGINA\LEFT HEART CATHETERIZATION,1
INTRACRANIAL HEMORRHAGE;GASTROINTESTINAL BLEED,1
BENZODIAZEPINE WITHDRAWL,1
S/P MOTOR VEHICLE ACCIDENT;FACIAL FRACTURES,1
ANURIC RENAL FAILURE; GI BLEED,1
CORONARY ARTERY DISEASE; MR\CORONARY ARTERY BYPASS GRAFT;MITRAL VALVE REPLACEMENT/SDA,1
LIVER FAILURE;RENAL INSUFICIENCY;HEPATORENAL SYNDROME,1
AICD FIRE;V TACH,1
"S/P LIVERTX,ELEVATED LFT'S",1
LEFT ATRIAL MYXOMA\ ATRIAL MYXOMA REMOVAL/SDA,1
PULMONAR EDEMA,1
CORONARY ARTERY DISEASE\CORONARY ARTERY BYPASS GRAFT; OFF PUMP; SINGLE VESSEL/SDA,1
"ASTHAM,COPD EXACERBATION",1
ST ELEVATION MYOCARDIAL INFARCT,1
NON Q MI;VTACH\CATH,1
TIB/FIB FRACTURE-LEFT ELBOW FRACTURE,1
PANCREATIC CA\ASSESS BILIARY STRICTURES **REMOTE WEST**,1
AORTIC STENOSIS\AORTIC VALVE REPLACEMENT W/ ? CORONARY ARTERY BYPASS GRAFT /SDA,1
S/P LIVER TX ASCTES CONFUSION,1
HEART FAILURE;VT,1
"ATRIAL MASS,RIGHT\ EXCISION ATRIAL MASS,RIGHT/SDA",1
? PULMONARY TUBERCULOSIS,1
"MITRAL INSUFFICENCY\MVR, ? CORONARY ARTERY BYPASS GRAFT /SDA",1
"PEDESTRIAN STRUCK,SUBARACHNOID HEMORRHAGE,ANKLE FRACTURE",1
RECURRENT CANCER ABDOMINAL SUTURE LINE,1
HAND AMPUTATION,1
LEFT MIDDLE CEREBRAL ARTERY STROKE;R/O MI,1
ETOH INTOXICATION/INGESTION,1
CELLUILITIS,1
S/P CARDIAC ARREST;CATH LAB,1
"NAUSEA, VOMITING/CHOLONGITIS",1
CONTRICTIVE PERICARDITIS\PERI CARDECTOMY/SDA,1
BLEEDING LIVER MASS,1
FEVER-PNEUMONIA,1
RIGHT CAROTID STENOSIS;CORONARY ARTERY DISEASE\RIGHT INTERNAL CAROTID ARTERY ANGIOGRAM;STENT PLACEMENT,1
SMALL BOWEL OBSTRUCTION;GALLBLADDER CANCER,1
FRACTURES,1
?SEPSIS;PYELONEPHRITIS,1
"HYPOGLYCEMIA, HYPONATREMIA",1
SUBARACHNOID HEMATOMA;FACIAL FRACTURE,1
"PELVIC MASS, OVARIAN CA/SDA",1
CERVICAL CORD INJURY,1
POST TRAUMATIC STRESS DISCORDER,1
VERTEBRAL BASALAR INSUFFICENCY/SDA,1
BRADYCARDIA-RENAL FAILURE-HYPERKALEMIA,1
ELEVATED TEMPERATURE/SEPTIC,1
"DT'S,ETOH WITHDRAWAL",1
PLEURAL EFFUSION AND RIGHT NODE NODULE /SDA,1
CONGESTIVE HEART FAILURE; NON ST ELEVATION MYOCARDIAL INFARCTION\RIGHT AND LEFT HEART CATHETERIZATION,1
CHARCOT DEFORMITY RIGHT FOOT/SDA,1
UNRESPONSIVE/FOUND DOWN/? PNEUMONIA,1
LUMBAR SCOLIOSIS;SPONDYLOSIS/SDA,1
CA OF LEFT BUCKLE FOSSA/SDA,1
INTERIOR/POSTERIOR MI,1
PANCREATIC CYST\ERCP ,1
"FEVER,UNKNOWN ETIOLOGY",1
PULMONARY EMBOLIS;POSSIBLE CARCINOMA,1
RIGHT ATRIAL CLOT;PULMONARY EMBOLUS,1
L. NECK ADENOPATHY,1
UPPER LOBE LESION/SDA,1
ATRIAL FIBRILLATION W/ RVR,1
RIGHT FRONTAL SINUS FRACTURE,1
ETOH CIRRHOSIS;UPPER GI BLEED,1
INTRACRANIAL HEMORRAHGE;HEAD BLEED;TELEMETRY,1
CEREBRAL ANEURYSM LEFT/SDA,1
SHORTNESS OF BREATH;DIZZINESS,1
POSSIBLE ISCHEMIA,1
DRUG REFRACTORY ATRIA FIBRILLATION\PULMONARY VEIN ISOLATION  **REMOTE WEST**/SDA,1
PE;AORTIC DISSECTION,1
OPEN WOUND TO CHEST/SDA,1
S/P PEDESTRIAN STRUCK-INTRACRANIAL BLEED,1
CORONARY ARTERY DISEASE\CORONARY ARTERY BYPASS GRAFT WITH; ? MVR /SDA,1
UGIB;HYPERKALEMIA,1
SUBDURAL HEMORRHAGE;SKULL FRACTURE,1
MOTOR VEHICLE ACCIDENT WITH UNSPECIFIED INJURIES;INTRACRANIAL HEMORRHAGE,1
S/P VF ARREST,1
"CONGESTIVE HEART FAILURE,ACUTE RENAL FAILOURE",1
PROSTETIC VALVE ENDOCARDITIS,1
"DELERIUM, AFIB RVR",1
ISCHEMIC INDEX FINGER,1
ANEMIA;GI BLEED,1
"RENAL FAILURE,RESPIRATORY FAILURE",1
BREAST CANCER;BRAIN METS;SEIZURE,1
LEFT SUBCLAVIAN DISEASE\SUBCLAVIAN INTERVENTION ,1
RIGHT BRAIN MASS/SDA,1
ALTERED MENTQL STATUS,1
AORTIC VALVE INSUFICIENCY\AORTIC VALVE REPLACEMENT ? MVR/SDA,1
AORTIC STENOSIS\AVR; ?CORONARY ARTERY BYPASS GRAFT ,1
VENTRICULAR TACHYCARDIA\SYMPATHETIC NERVE RESECTION,1
AVM/SDA,1
SEPTAL DEFECT\PATENT FORAMEN OVALE MINIMALLY INVASIVE /SDA,1
UNRESPONSIVE;FEVER,1
LIVER CANCER;?ESOPHAGEAL VARICIES,1
CHF\CORONARY ARTERY BYPASS GRAFT; EPICARDIAL LEAD PLACEMENT/SDA,1
CAROTID STENOSIS\RIGHT CAROTID ANGIOGRAM WITH INTERVENTION/SDA,1
UNSTABLE ANGINA; R/O MI,1
PNEUMOTHORAX;PEA ARREST,1
CARDIOMYOPATHY\MITRAL VALVE REPLACEMENT;REPAIR ATRIAL-SEPTAL DEFECT; ? LVAD,1
 AORTIC ABDOMINAL ANEURYSM/SDA,1
"SUB ARACHNOID HEMORRHAGE,INTER CRANIAL BLEED",1
"ATRIAL FIBRILLATION\THORACOSCOPIC MAZE PROCEDURE, BILATERAL",1
NBB,1
BILATERAL LOWER EXTEMITY FRACTURE,1
MALIGNANT NEOPLASM ESOPHAGUS UNSPECIFIED/SDA,1
BILIARY DILITATION,1
ABDOMINAL AORTIC ANURISM REPAIR,1
ANEMIA;CELLULITIS CHEST WALL,1
4TH VENTRICULAR TUMOR/SDA,1
MITRAL REGURGITATION;AORTIC INSUFFICIENCY,1
PARENCHYMAL HEMORRHAGE,1
AORTIC STENOSIS\AORTIC VALVE REPLACEMENT; TISSUE VALVE /SDA,1
AORTIC VALVE DISORDER\AORTIC VALVE REPLACEMENT; ? ASCENDING AORTA REPLACEMENT/SDA,1
MCC;PULMCONTUSION;SPLENIC INJURY,1
ATRIAL AND VENTRICULAR LEAD MALFUNCTION\ATRIAL & VENTRICULAR LEAD EXTRACTION; DDD PACEMAKER REPLACEMENT /SDA,1
AR\ AORTIC AND MITRAL VALVE REPLACEMENT REDO,1
PNEUMONIA',1
AORTIC STENOSIS \AORTIC VALVE REPLACEMENT /SDA,1
TONGUE SWELLING ALLERGIC REACTION,1
"ANGINA,CORONARY ARTERY DISEASE\LEFT HEART CATHETERIZATION",1
PRE/OP PANCREAS TRANSPLANT,1
ANEMIA;HYPOTENSION,1
CHEST PAIN/SDA,1
ALTERED MENTAL STATUS;LIVER FAILURE;URINARY TRACT INFECTION,1
INTESTINAL OBSTRUCTION/SDA,1
MITRAL STENOSIS\ANGIOPLASTY,1
TONGUE AND FLOOR OF MOUTH SQUAMOUS CELL CA,1
HYPOTENSION AND RESPIRATORY FAILURE,1
INTRA-CEREBRAL HEMMORHAGE/SDA,1
MENTAL STATUS CHANGES;LOWER GI BLEED,1
SEPTIC SHOCK;CHOLANGITIS,1
FAILED INTRATHECAL PUMP REMOVE /REPLACE/SDA,1
FOLLOCULAR LYMPHOMA\CHEMOTHERAPY,1
PELVIC PAIN/SDA,1
SPINAL NEOPLASM/SDA,1
CAROTID ARTERY STENOSIS\CAROTID ANGIOGRAM;POSSIBLE STENT PLACEMENT,1
TRAZADONE OD,1
BLUNT TRAUM,1
ISCHEMIC FOOT;ABDOMINAL PAIN;TELEMETRY,1
"ESOPHAGITIS,FEVER",1
"A-FIB,RVR/CHF,R/O MI",1
"DIABETIC KETOACIDOSIS,R/O MI",1
AR\ TOTAL AORTIC ROOT VS VALVE SPARING AORTIC REPAIR/SDA,1
CORONARY ARTERY DISEASE\CATH;ANGIOPLASTY,1
CIRRHOSIS;ASCITES;CHEST PAIN;TELEMETRY,1
RENAL FAILURE;TELEMETRY,1
SZ/HYPOTENSION,1
WOUND DRAINAGE,1
ASPIRATION FOREIGN BODY,1
"SEPSIS, GI BLEED, ESOPHAGEAL CA",1
MYELODYSPLASTIC SYNDROME,1
TRACHEAL FISTULA,1
LEFT SIDED WEAKNESS-PNEUMONIA,1
"?CBD STONES, ABSCESS IN LIVER, BILE LEAK",1
RIGHT FRONTAL COLLOID CYST/SDA,1
12-AQV,1
"UTI,CHF",1
MVC;HEAD BLEED,1
MR;AORTIC STENOSIS\AORTIC VALVE REPLACEMENT;MITRAL VALVE REPLACEMENT/SDA,1
PULMONARY EDEMA;HYPERTENSION,1
PYELONEPHRITIS;SEPSIS,1
CONGESTIVE HEART FAILURE; CARDIOMYOPATHY\ICD IMPLANTATION +/- BIVENTRICULAR,1
DYSPNEA;PNEUMONIA,1
GANGRENE BILATERAL FEET,1
UNCONTROLLED EPISTAXIS,1
PNEUMONIA;SEIZURE;FALL,1
AAA\ ASCENDING AORTIC ANEURYSM/SDA,1
CORONARY ARTERY DISEASE;UNSTABLE ANGINE;RENAL INSUFFICIENCY\LEFT HEART CATH,1
IP BLEED,1
"UTI, ALTERED MENTAL STATE",1
DYSPNEA;COPD EXACERBATION,1
DIABETES MELLITUS;HYPOXIA;RT SIDED HEMIPARESIS;SEIZURES ,1
STRANGULATION/ ? ENDOCARDITIS,1
CHRONIC OBST PULM DISEASE;CONGESTIVE HEART FAILURE;END STAGE RENAL DISEASE;DIABETES MELLITUS;PNEUMONIA,1
HYPONATREMIA;HYPOKALEMIA,1
BLUNT ABDOMINAL TRAUMA,1
ILEUS ASCITES,1
L ORBITAL FX,1
MITRAL VALVE INFECTION;COPD;CONGESTIVE HEART FAILURE,1
CHRONIC OBST PULM DISEASE; RIGHT MAINSTREAM OBSTRUCTION,1
MITRAL VALVE INSUFFICIENCY/MITRAL VALVE REPLACEMENT,1
S/P TRANSPLANT,1
BURKITTS LYMPHOMA,1
INFECTED SEROMA,1
ACUTE MYOCARDIAL INFARCTION-SEPSIS,1
LEFT NON-HEALING FOOT ULCER,1
"LIVER BLEED & HEMATOMA, HEMOPERITON",1
ACUTE RENAL FAILURE;CHEST PAIN;TELEMETRY,1
DRAIN LEAKAGE,1
MITRAL VALVE INSUFFICIENCY\MITRAL VALVE REPLACEMENT ,1
ULCER LEFT FOOT/SDA,1
OROPHARYNGEAL MASS,1
DIABETIC KEDOACIDOSIS,1
RAPID AFIB-URINARY TRACT INFECTION,1
TRIGEMINAL NEURALGA,1
CORONARY ARTERY DISEASE\CORONARY ARTERY BYPASS GRAFT; WITH AVR;MITRAL VALVE REPLACEMENT/SDA,1
RHABDO;RENAL FAILURE,1
WORSENING DYSPNEA ON EXERTION;AORTIC STENOSIS\RIGHT AND LEFT HEART CATHETERIZATION,1
CELLULIIS,1
"HEMATURIA,HYPOTENSION",1
FEVER; R/O MENINGITIS,1
INFERIOR LATERAL MI\CATH,1
PNEUMONIA;MI,1
ACUTE CORONARY SYNDROME;TELEMTRY,1
VERTIGO,1
AORTIC STENOSIS\AVR;? CORONARY ARTERY BYPASS GRAFT  /SDA,1
"N/V, HYPERGLYCEMIA,NEW ONSET A-FIB",1
CONGESTIVE HEART FAILURE;END-STAGE RENAL DISEASE;ALTERED MENTAL STATUS;TELEMETRY,1
SHORT GUT SYNDROME\ TUNNELLED CATHETER,1
LT FEMORAL SHAFT FRACTURE,1
RIGHT ICA STENOSIS,1
CARCINOMA COLON/SDA,1
UGIB;HEMATEMESIS,1
CARDIOMYOPATHY\IMPLANTABLE CARDIOVERTER DEFIBRILLATOR IMPLANT,1
BETA BLOCKER OD,1
COGIATED DELIRUM,1
"RAPID A-FIB,SDH, PELVIC FRACTURE",1
"NAUSA,VOMITING",1
"FALLS,BACK PAIN WEAKNESS",1
HEART FAILURE;ABDOMINAL PAIN,1
MITRAL STENOSIS\AORTIC AND MITRAL VALVE REPLACEMENT /SDA,1
INFECTED AXILLO FEMORAL GRAFT/SDA,1
"POLY SUBSTANCE ABUSE,DT",1
THALMUS BLEED,1
COPD FLARE-RESPIRATORY DISTRESS,1
"MOTORCYCLE ACCIDENT ,MBC",1
LOWER INTESTINAL BLEED,1
QUESTION OF OSTEOMYLITIS,1
S/P APPENDECTOMY;NAUSEA;VOMTING,1
URINARY TRACT INFECTION;ANTI COAGULATION,1
WOUND DEHISCENCE INFECTION,1
"HEPATITIS B, HEPITOMA/SDA",1
HYPERGLYCEMIA;HYPOTENSION;ACIDOSIS;,1
DYSPNEA;MAST CELL DEGRANULATION,1
POSSIBLE OVARIAN CA/SDA,1
MITRAL REGURGITATION\BENTALL PROCEDURE; ? CORONARY ARTERY BYPASS GRAFT/SDA,1
GTUBE EVALUATION,1
NEWLY DIAGNOSED BRAIN MASS;LACKS CAPACITY,1
SPLENIC LAC;FALL;WRIST FRACTURE,1
PERICARDIAL DRAIN,1
PULMONARY HYPERTENSION\CENTRAL LINE PLACEMENT/REMODULIN INFUSION,1
CONGESTIVE HEART FAILURE-SUBDURAL HEMATOMA,1
AORTIC STENOSIS\AORTIC VALVE REPLACEMENT  ? MAZE ? RESECTION OF LEFT ARTERAL APPENDAGE ? MITRAL VALVE REPLACEMENT ,1
"OSTEOARTHRITIS, BILATERAL KNEES/SDA",1
CRONIC MYELOGENOUS LEUKEMIA\FEVER,1
HYPERGLYCEMIA;SEIZURE,1
SEVERE AORTIC STENOSIS;CONGESTIVE HEART FAILURE\CARDIAC CATH WITH AORTIC VALVULOPLASTY,1
URINARY TRACT INFECTION-COLITIS,1
CHOLANGIO CA/SDA,1
CORONARY ARTERY DISEASE;MITRAL REGURGITATION\PERCUTANEOUS TRANSLUMINAL CORONARY ANGIOGRAM\STENT PLACEMENT,1
VISUAL CHANGES,1
LEFT LEG CELLULIIS;SEPSIS,1
MYOCARDIAL INFARCTION;S/P CARDIAC ARREST\CATH,1
DISC DEGENERATION LUMBAR SPINE/SDA,1
HIP FRACTURE;RENAL INSUFFIENCY,1
LEFT THALAMIC BLEED,1
ACUTE CHOLEYCISTITIS,1
RIGHT HEMORRHAGIC CVA,1
ACUTE MENTAL STATUS CHANGES/RESPIRATORY DISTRESS,1
FEVER;ACUTE LYMPHATIC LEUKEMIA,1
SEPSIS.,1
THROMBOYTIC THROMBOCYTOPENIC PURPURA,1
PULMONARY VEIN INJURY\THORACOSCOPIC MAZE PROCEDURE LEFT;MINI MAZE;BILATERAL MINI THORACOTOMY;PULMONARY VEIN ISOLATION;RESECTION OF LEFT ATRIAL APPENDAGE/SDA,1
CHRONIC RESPIRATORY FAILURE;AIRWAY OBSTRUCTION,1
CONGESTIVE HEART FAILURE;CHRONIC OBSTRUCTIVE PULMONARY DISEASE\CATH,1
MITRAL REGURGITATION\MITRAL VALVE REPLACEMENT REDO AND VRA THORACOTOMY,1
HEPATOCELLULAR CA,1
RACH DISLODGED,1
CEREBROVASCULAR ANOMALY/SDA,1
VTACH\CATHERIZATION,1
MULTIPLE TRAUMA;TELEMETRY,1
PLEURAL EFFUSION;QUESTION OF EMPYEMA,1
V-F ARREST,1
LEFT LOWER EXTREMITY PVD\LEFT LOWER EXTREMITY ANGIOGRAM PROCEDURE  **REMOTE WEST**,1
PNEUMONIA;ANEMIA,1
SUSPECTED OSTEOMYELITIS,1
PERSISTANT NAUSEA AND VOMITING,1
MULTI VESSEL CORONARY ARTERY DISEASE;CHEST PAIN\CATH,1
URINARY TRACT INFECTION;CELLULITIS;HYPERGLYCEMIA,1
BI-LATERAL SUBDURAL HEMATOMA,1
COLD RIGHT LEG,1
STATUS POST VENTRICULAR FIBRILLATION ARREST;CHEST PAIN\CATH,1
AIRWAY OBSTRUCTION\RIGID BRONCHOSCOPY WITH TUMOR DEBRIDEMENT ,1
RIB FRACTURE;SUBARACHNOID HEMATOMA,1
KIDNEY LESION/SDA,1
VENTRICULAR TACKYCARDIA,1
SPINAL SEPSIS,1
TRACHEOBRONCHIOMALECIA,1
PULM FIBROSIS FLARE,1
BRADYCARDIA;CARDIAC ARREST,1
PERFORATED BOWEL ,1
FEVER (WITH CENTRAL LINE),1
ATRIAL FLUTTER\CARIAC CATHETERIZATION,1
S/PFALL,1
PRIMARY SCLEROSIS CHOLANGITIS,1
ENDOCARDITIS;MRSA,1
EPIDIRAL ABSCESS,1
"ORBITAL MENINGIOMA, LEFT/SDA",1
"AORTIC DISSECTION,TYPE A",1
CONGESTIVE HEART FAILURE;ATRIAL FIBRILLATION;HYPOXIA,1
TRAUMA;S/P FALL;CERVICAL FRACTURE,1
NEW ONSET AFIB;;LEG PAIN;HYPOXIA,1
AORTIC VALVE INSUFFICIENCY\AORTIC VALVE REPLACEMENT; ? ASCENDING AORTA REPLACEMENT/SDA,1
HEPATIC INSUFFIENCY,1
"NONHEALING ULCERS R LEG,SEVERE ISCHEMIA",1
ACUTE RENAL INSUFFICIENCY;HYPOXIA,1
"CELLULITIS,RIGHT LEG",1
HD CATHETER LINE INFECTION,1
AMMONIUM NITRATE INGESTION,1
BILATERAL PULMONARY NODULES/SDA,1
STATUS POST CARDIAC ARREST\CARDIAC CATHETERIZATION,1
HYPERNATREMIA; UTI; ALTERED MS,1
INTRAPARENCHYMAL HEMORRHAGE;SUBDURAL HEMATOMA;SUBARACHNOID HEMORRHAGE,1
HYPERTENSION;GALLSTONE PANCREATITIS,1
AAA CAD\BENTALL PROCEDURE;CORONARY ARTERY BYPASS GRAFT/SDA,1
FEBRILE/NEUTROPENIA,1
LEFT ELBOW FX/SDA,1
CARDIOMYOPATHY;ACUTE CORONARY SYNDROME,1
CORONARY ARTERY DISEASE\CORONARY ARTERY BYPASS GRAFT; W/MVR,1
"TRAUMA,BICYCLE VS CAR",1
ALTERED MENTAL STATUS;NAUSEA,1
AORTIC STENOSIS\LEFT HEART CATH,1
R/O TB,1
PNA; FEVER,1
AORTIC STENOSIS\AORTIC VALVE REPLACEMENT;RADIOFREQUENCY MAZE PROCEDURE/SDA,1
MITRAL VALVE THICKENING,1
ALCOHOL WITHDRAWAL WITH AKA,1
MITRAL STENOSIS\AORTIC VALVE REPLACEMENT?; MITRAL VALVE REPLACEMENT /SDA,1
POLTRAUMA,1
RIGHT UPPER LOBE LUNG CANCER/SDA,1
TRAUMA;LEFT SUBDURAL HEMATOMA,1
ALTERED MENTAL STATUS-HYPOTENSION,1
S/P LIVER TRANSPLANT;R/O CMV,1
PNEUMONIA;UROSEPSIS,1
MITRAL REGURGITATION\MVR; ? CORONARY ARTERY BYPASS GRAFT /SDA,1
"PNA,UTI",1
TORSADES,1
GALLSTONE PANCREATITIS;CHOLECYSTITIS,1
ASTHMA-CHRONIC OBSTRUCTIVE PULMONARY DISEASE EXACERBATION,1
NON STEMI MI,1
PORTAL VEIN THROMBOSIS/S/P LIVER TX,1
S/P SVT;RULE-OUT MYOCARDIAL INFARCTION,1
? CORD COMPRESSION,1
COMPLETE HEART BLOCK\PACEMAKER IMPLANT,1
MOTOR VEHICLE ACCIDENT;PELVIC FRACTURE;RIB FRACTURE,1
SOB;CHEST PAIN,1
CHOLECYSTITIS;CHOLELITHIASIS,1
DYSARATHRIA,1
"ARF, HEPATITIS",1
ATERIAL EMBOLIZATION,1
CORONARY ARTERY DISEASE\CORONARY ARTERY BYPASS GRAFT; ? OFF PUMP CORONARY ARTERY BYPASS GRAFT/SDA,1
MENTAL STATUS CHANGES;PERFORATED VISCUS,1
"DIABETIC KETOACIDOSIS,RENAL FAILURE",1
RIGHT HEEL OSTEOMYELITIS;CORONARY ARTERY DISEASE,1
SHORTNESS OF BREATH;PNEUMONIA,1
ETOH-PANCREATITIS,1
HIP FRACTURE;PNEUMONIA,1
LITHIUM/TCA OD,1
PNEUMONIA-ABDOMINAL PAIN,1
HYPOTENSION; HYPOXIA,1
ROP;SEIZURES,1
NECROTIZING PNEUMONIA;SEPSIS,1
CHANGE IN MENTAL STATUS;TELEMETRY,1
CHF\CORONARY ARTERY BYPASS GRAFT /SDA,1
BOERHAAVE SYNDROME,1
DIABETIC KETOACIDOSIS-CONGESTIVE HEART FAILURE,1
TRAUMA;MULTUPLE FRACTURES,1
ATRIAL SEPTAL DEFECT\MINIMALLY INVASIVE ATRIAL SEPTUM DEFECT CLOSURE ,1
PANCREATITIS;ATRIAL FIBRILLATION;TELEMETRY,1
MRV\MITRAL VALVE REPLACEMENT/SDA,1
EXPLORATORY LAPAROTOMY FOR SMALL BOWEL OBSTRUCTION,1
V-FIB ARREST/ S/P CATH,1
ASSUALT,1
ACOUSTIC NEUROMA LEFT EAR/SDA,1
CORONARY ARTERY DISEASE;TIA;CAROTID STENOSIS\CATH/STENT PLACEMENT,1
"SUBARACHNOID HEMORRHAGE,ANEURYSM",1
NEW ONSET CGEST PAIN\CATH,1
FATIGUE;MALAISE;POSTIVE TROPONIN,1
ALTERED MENTAL STATUS\INTUBATED,1
LEFT SIDED HEMATOMA;STATUS POST MOTOR VEHICLE ACCIDENT WITH INJURIES,1
HYPERNATREMIA;UROSEPSIS,1
DYSPNEA;HEMOPTYSIS;HIV,1
NON-ST-ELEVATION MYOCARDIAL INFARCTION; CONGESTIVE HEART FAILURE ,1
NAUSEA VOMITING WEAKNESS,1
R/O PERICARDITIS;UROSEPSIS,1
ACUTE PANCREATITIS;R/O HEPATITIS\ERCP,1
SEVERE AORTIC STENOSIS;? ISCHEMIA\CATH,1
HYPERBILIRUBINEMA,1
LEFT OCCIPITAL STROKE,1
CORNARY ARTERY DISEASE\ENDOSCOPIC CORONARY BYPASS/SDA,1
HYPOTENSION;INSULIN DEPENDENT DIABETES MELLITUS;ESRD,1
RIB FRACTURE;PULMONARY CONTUSION,1
CONGESTIVE HEART FAILURE; SUDDEN CARDIAC DEATH RISK; CAD\ICD IMPLANTATION +/- BIVENTRICULAR,1
STATUS POST MOTOR VEHICLE ACCIDENT WITH INJURIES;MULTI TRAUM,1
CARDIAC CATH S/P CARDIAC ARREST,1
CONGESTIVE HEART FAILURE;HIP FAILURE,1
MITRAL REGURGITATION\MITRAL VALVE REPLACEMENT REDO /SDA,1
MYELODYSPLASTIC SYNDROME\CHEMOTHERAPY,1
RP HEMATOMA,1
PNEUMONIA;PULMONARY EMBOLIS,1
ANEMIA/ GASTROINTESTINAL BLEED,1
CORONARY ARTERY DISEASE;CHEST PAIN;TELEMETRY,1
HYPER BILIRUBINEMIA,1
ELECTROLYTE ABNORMALITIES,1
MYOCARDIAL INFARCTION;PNEUMONIA,1
HYPOTENSION;FEMUR FX,1
BACTEREMIA; ? ENDOCARDITIS,1
CORONARY ARTERY DISEASE;MR\CORONARY ARTERY BYPASS GRAFT WITH MVR  TVR/SDA,1
MITRAL REGURGITATION\RIGHT AND LEFT HEART CATHETERIZATION,1
PERICARDIAL EFFUSION\BALLOOM PERICARDIOTOMY,1
RIGHT ACETABULAR FRACTURE,1
AFIB\CAD,1
PANCREATITIS;PSEUDOCYST,1
CORONARY ARTERY DISEASE\CORONARY ARTERY BYPASS GRAFT; ? OFF PUMP/SDA,1
SUBDURAL HEMORRHAGE;IPH,1
FEVER;ABSCESS,1
"CONGESTIVE HEART FAILURE;TELEMETRY\THORASCOPIC VS LEFT THORACOTOMY, LEFT  VENTRICULAR EPICARDIAL LEAD PLACEMENT, AUTOMATIC INTERNAL CARDIAC DEFIBRILLATOR/PERMANENT PACEMEKER GENERATOR CHANGE ",1
R/O VERTEBRAL ARTERY DISSECTION,1
HYPOTENSION;NEW CARDIOMYOPATHY;RESPIRATORY DISTRESS,1
ESOPHAGEAL CANCER;AIRWAY OBSTRUCTION,1
NUERO SARCOIDOSIS,1
CIRRHOSIS-VARICEAL BLEED\TIPS,1
C-SPINE INJURY;S/P FALL,1
LEFT FRONTAL LESION/SDA,1
ACUTE PANCREATITIS;GI BLEED,1
"DKA,  DEHYDRATION",1
"BLEEDING,INTERNAL",1
ACUTE MYELOGENOUS LEUKEMIA;PAIN,1
AIRWAY OBSTRUCTION\ BRONCHOSCOPY W/ STENT/SDA,1
S/P STRANGULATION,1
HYPONATREMIA;RULE-OUT MYOCARDIAL INFARCTION;TELEMETRY,1
STATUS POST MOTOR VEHICLE ACCIDENT WITH INJURIES;TRAUMA;HEAD LACERATION,1
"CERVICAL FRACTURE, TRAUMATIC ARREST",1
PARATHYROID CANCER,1
SEIZURE-TRAUMA-C-SPINEFRACTURE,1
MENTAL STATUS CHANGES;R/O SEPSIS,1
DIAPHRAMATIC PARALYSIS/SDA,1
ALCOHOL WITHDRAWAL;CHEST PAIN;TELEMETRY,1
"SOB, WEAKNESS, N/V & RENAL FAILURE",1
CAROTID STENOSIS'/SDA,1
MANDIBLE ABSCESS,1
NEW ONSET AFIB;SOB,1
"CAROTID STENOSIS, RIGHT",1
"HYPERTENSION, ACUTE RENAL FAILURE",1
PDA/PREMATURITY,1
PNEUMONIA;CHRONIC OBST PULM DISEASE;HYPERTENSION,1
"CAROTID,STENOSIS\CAROTID ANGIOGRAM",1
S/P BLEED;DECREASED BP,1
MYOCARDIAL INFARCTION/CARDIAC CATH,1
FEVER;ACUTE RESPIRATORY FAILURE,1
RIGHT FRONTAL MENINGIOMA;SEIZURE,1
"S/P GASTRIC BYPASS,CHEST PAIN",1
LEFT NON-UNION FEMUR FRACTURE/SDA,1
"PANCREATITIS, BLEED",1
HYPOVENTILATION,1
ABDOMINAL PAIN;S/P ERCP,1
SHORTNESS OF BREATH;INCREASED CREATININE,1
HYPOGLYCEMIA;URINARY TRACT INFECTION,1
INTRA ABDOMINAL BLEEDING-AAA,1
CHOLANGIOCARCINOMA\ PTC/SDA,1
ACUTE GASTROENTERISTIS,1
SUBARACHNOID HEMORRHAGE;BASILAR TIP ANEURYSM,1
AIRWAY COMPRESSION;LUNG CANCER,1
LARGE GASTOINTESTINAL BLEED,1
THORACIC MENINGIOMA/SDA,1
HEADACHE;R/O TB,1
COMPLICATION OF DEVICE/SDA,1
S/P FALL;ABDOMINAL PAIN,1
MALIGNANT EFFUSION;TELEMETRY,1
"DEHYDRATION,SEPSIS",1
RIGHT URETERAL CA/SDA,1
AORTIC THROMBOSIS,1
PNEUMONIA-ASTHMA,1
S/P MVC;SYNCOPE,1
R/O OBSTRUCTION-ABDOMINAL PAIN,1
INTRAPARENCHMAL,1
HYPERKALEMIA;TELEMETRU,1
SEVERE MR\MITRAL VALVE REPLACEMENT;TRICUSPID VALVE REPLACEMENT; MAZE,1
LATE EFFECT RADIATION; CERVICAL SPONDYLOSIS/SDA,1
RIGHT PARIETAL BLEED,1
PRE OP LIVER TX,1
ETOH IMTOXICATION,1
TACHYCARDIA-INR 22,1
"TRICUSPID REGURGITATION\TRICUSPID VALVE REPLACEMENT, LEFT VALVE LEAD PLACEMENT/SDA",1
QUESTION OF STROKE,1
HX OF POLYPS\COLONOSCOPY,1
AVGS INFECTION,1
CIRRHOSIS OF LIVER,1
VENOUS SINUS THROMBOSIS,1
INGESTION OVERDOSE,1
UTI;VOMITING,1
AORTIC STENOSIS\AORTIC VALVE; ? ASCENDING AORTA REPLACEMENT ,1
SEPSIS;DISSEMINATED INTRAVASCULAR CLOTTING,1
VERTEBRAL ARTERY OCCLUSION,1
"DEHYDRATION,DIARRHEA",1
LUNG LESION,1
ACUTE MYOCARDIAL INFARCTION\LEFT HEART CATHETERIZATION,1
SEPSIS-INTRACRANIAL HEMORRHAGE,1
HYPERGLYCEMIA;HYPERNATREMIA,1
V-TACH\EP STUDY,1
CORONARY ARTERY DISEASE\CAROTID ANGIOGRAPHY,1
BILATERAL KNEE OSTEOARTHRITIS/SDA,1
MULTIPLE DRUG OVERDOSE,1
FOURNIER GANGRENE,1
PRENEPHRIC HEMATOMA,1
ABDOMINAL WOUND EXPLORATION,1
STENT,1
HEAD BLEED;S/P FALL;TELEMETRY,1
ACUTE MYOCARDIAL INFARCTION;CARDIOGENIC SHOCK,1
RIGHT TEMPORAL/SDA,1
POST ARREST ? SEPSIS,1
HYPERNATREMIA;TELEMETRY,1
RUPTURED ABDOMINAL AORTIC ANEURYSM,1
INFECTED LEFT FOOT;CELLULITIS,1
CHANGE IN MENTAL STATUS;RHABDOMYOLYSIS,1
INTRAPARENCHYAL HEMORRHAGE,1
HEADACHE;TELEMETRY,1
AORTIC STENOSIS;CORONARY ARTERY DISEASE\CORONARY ARTERY BYPASS GRAFT; WITH AVR/SDA,1
SICK SINUS SYNDROME\PACEMAKER IMPLANT,1
CRF,1
MR\ MITRAL VALVE REPLACEMENT REDO; ? MAZE/SDA,1
CHEST PAIN;ELEVATED TROPONIN\CARDIAC CATH,1
INTRAABDOMINAL SEPSIS,1
CAROTID ANGIOGRAM\CAROTID ANGIOGRAM,1
PTC FOR CHOLESTASIS,1
"FEVER, A-FIB",1
R/O SMV THROMBOSIS,1
UNRESPONSIVE/RESPIRATORY DISTRESS,1
OVARIAN CANCER;ABDOMINAL PAIN,1
POSSIBLE CEREBROVASCULAR ACCIDENT,1
AORTIC STENOSIS\AORTIC AND MITRAL VALVE REPLACEMENT  CORONARY ARTERY BYPASS GRAFT /SDA,1
S/P  FALL,1
STATUS POST VENTRICULAR FIBRILLATION ARREST,1
RT VERTEBRAL ARTERY STENOSIS,1
RIGHT INTERNAL ARTERY STENOSIS;CHEST PAIN;LOWER EXTREMITY CLAUDICATION,1
LEFT MAINSTEM OBSTRUCTION,1
? INTRACRANIAL HEMORRHAGE,1
MITRAL STENOSIS\MITRAL VALVE REPLACEMENT;CORONARY ARTERY BYPASS GRAFT; ?,1
NEOPLASM SOFT TISSUE HEAD/SDA,1
NEW ONSET ANGINA\CATH,1
CORONARY ARTERY DISEASE;MITRAL REGURGITATION\CORONARY ARTERY BYPASS GRAFT WITH MVR /SDA,1
IDIOPATHIC PULMONARY HEMOSIDEEROSIS,1
HYDROCEPHALIC/SDA,1
VENTRICULAR TACHYCARDIA\TEE; VENTRICULAR TACHYCARDIA ABLATION; ? PVI **REMOTE WEST**/SDA,1
PNEUMONIA-FEVER-POST-OP,1
ISCHEMIS BOWEL,1
SKULL INFECTION,1
POSTOPERATIVE INFECTION/SDA,1
"ACUTE RESPIRATORY DISTRESS,FEVER",1
SUBURAL HEMATOMA;TELEMETRY,1
URETERAL STONES LEFT,1
NON-HODGKINS LYMPHOMA\BONE MARROW TRANSPLANT,1
"OPEN FRACTURE, NULTIPLE SPINE FRACTURES",1
ACUTE MYOCARDIAL INFARCTION;S/P VFIB ARREST,1
"CORONARY ARTERY DISEASE,PERFORATED LAD",1
R. THUMB AMPUTATION,1
ACUTE EPIGLOTTITIS ,1
CORONARY ARTERY DISEASE;ABNORMAL STRESS TEST\CATH,1
STATUS POST MOTOR VEHICLE ACCIDENT; EXPLORATORY LAPAROTOMY,1
SIGMOID COLON CANCER/SDA,1
FEVER TACHY CARDIA,1
PANCREATIC TAIL MASS/SDA,1
"BRAIN TUMOR,INTRA CEREBRAL HEMORRHAGE",1
BACTERIEMA,1
GASTRIC BLEED,1
HYPOTENSION;GI BLEED;ACUTE RENAL FAILURE,1
SUBACUTE SUBDURAL HEMATOMA,1
ACUTE MYOCARDIAL INFARCTION;AFIB W/RVR,1
LHC;CATHPLACEMENT,1
UPPER GASTROINTESTINAL BLEED/ FEVER,1
S/P 30 FEET FALL,1
ASCENDING PARALYSIS;TELEMETRY,1
L2 BURST FRACTURE,1
S/P FALL 10 FEET;RIB FRACTURES,1
HYPOTHERMIA/SEIZURE,1
RESOLVED UPPER GI BLEED,1
NON KETOTIC DIABETIC HYPERGLYCEMIA,1
SPINE INJURY;TELEMETRY,1
"BENIGN NEOPLASM, HEART\PULMONARY VALVE REPAIR, ? REPLACEMENT /SDA",1
LOW PLATLETS;GASTROINTESTINAL BLEED,1
R/O SEIZURE VS STROKE,1
ESOPHAGEAL ADENOCARCINOMA AT GE JUNCTION/SDA,1
"SEIZURE,RESPIRATORY FAILURE",1
CAROTID STENOSIS\LEFT CAROTID ANGIOGRAM VIA RIGHT GROIN ACCESS,1
CEREBROVASCULAR ACCIDENT;CHF,1
CORONARY ARTERY DISEASE;SEVERE AORTIC STENOSIS,1
END STAGE KIDNEY DISEASE,1
THORACIC ANEURYSM/SDA\REDO STERNOTOMY; REPAIR AORTIC ARCH ANEURYSM  ,1
THROMBOCYTOPENIA;NEUTROPENIA,1
"ACUTE RESPIRATORY DISTRESS SYNDROME,MESENTERIC THROMBOSIS",1
MALIGNANT VERTIBRAL NEOPLASM/SDA,1
ILEOSTOMY W/ COMPLICATION/SDA,1
HIP FRACTURE/ESRD,1
S/P MEGA COLON/SDA,1
SEIZURES;OVERDOSE,1
RECURRENT RIGHT RETROPERITONEAL SARCOMA/SDA,1
"SQUAMOUS CELL CARCINOMA, ORAL CAVITY/SDA",1
CREST SYNDROME; NECROTIZING BRONCHIAL STUMP,1
"PNEUMONIA,DEHYDRATION,ANEMIA",1
AORTIC ANEURYSM\BENTALL PROCEDURE; MECHANICAL VALVE/SDA,1
PANNUS ULCERS,1
UNRESPONSIVE/INTUBATED,1
"OSTEOARTHRITIS, LEFT HIP/SDA",1
HEROIN OVERDOSE-ARDS,1
LIVER CONTUSION,1
AMS/UTI,1
RULE OTU CORONARY ARTERY DISEASE; SEVERE MITRAL REGURGITATION\RIGHT AND LEFT HEART CATHETERIZATION,1
PERIPHERAL VASCULAR DISEASE;HYPERTENSION\CATH,1
C4 FRACTURE;SYNCOPE,1
S/P AV GRAFT,1
RESPIRATORY FAILURE;RULE-OUT MYOCARDIAL INFARCTION,1
LEFT EXTREMITY EDEMA,1
KNEE AMPUTATION,1
"STROKE,RIGHT MCA",1
ASCENDING AORTIC ANEURYSM\ASCENDING AORTA REPLACEMENT ,1
METASTATIC PANCREATIC CANCER,1
COMMON BILE DUCT STONE;STONE EXTRACTION;SPHINCTEROTOMY,1
MULTIPLE INJURIES,1
BRAIN  MASS,1
"ABDOMINAL TRAUMA,IMPALED BRANCH",1
AIRWAY OBSTRUCTION\BRONCHOSCOPY RIGID W/MICRODEBRIDER;  MITOMYCIN C; ? BALLOON DILITATION; ? STENT PLACEMENT,1
FEVER;SEIZURE,1
GALLBLADDER INFECTION,1
"BULEMIA,HYPOKALEMIA",1
ASCENDING AORTIC ANEURYSM\REPLACEMENT ASCENDING AORTA & HEMIARCH;? AVR/SDA,1
PNEUMONIA;COPD EXACERBATION,1
NEEDS CASPOFUNGIN DESENSITIVITY,1
CANCER/RENAL FAILURE,1
GASTROINTESTINAL BLEED-SUBDURAL BLEED,1
URINARY TRACT INFECTION;FEMUR FX;S/P FALL,1
PERSISTENT PNEUMONIA,1
CORONARY ARTERY DISEASE;MR\CORONARY ARTERY BYPASS GRAFT;MITRAL VALVE REPLACEMENT/SDA,1
ACUTE HEPATITIS,1
BLEEDING LIVER METASTATIC,1
FEVER;BACK PAIN;NAUSEA,1
CORONARY ARTERY DISEASE\CORONARY ARTERY BYPASS GRAFT; RESECTION AORTIC ASCENDING ANEURYSM/SDA,1
RIGHT TUMOR FRONTAL/SDA,1
"LEFT LUNG NODULE, MEDIASTINALADENOPATHY/SDA",1
"MITRAL VALVE DISORDER, CORONARY ARTERY DISEASE\CORONARY ARTERY BYPASS GRAFT WITH MVR ",1
L2 BURST FRACTURE; LUMBAR STENOSIS/SDA,1
GASTROINTESTINAL BLEED-MYOCARDIAL INFARCTION,1
BASAL GANGLIA BLEED,1
PVD\AAA RUNOFFS,1
"ACUTE RENAL FAILURE,UROSEPSIS,HYPOTENSION,HYPOXIA",1
RIB FRACTURES/VOMITING/,1
"SEPSIS, PE, RENAL FAILURE",1
CORNARY ARTERY DISEASE\CORONARY ARTERY BYPASS GRAFT WITH AVR /SDA,1
PFO\PATENT FORAMEN OVALE CLOSURE ,1
"AORTIC VALVE INSUFFICENCY\AORTIC VALVE REPLACEMENT REDO, ? BENTAL PROCEDURE /SDA",1
COLITIS WITH ANEMIA,1
RETROPERITONEAL HEMORRHAGE;TELEMETRY,1
GOODPASTURES,1
FEVER-FLU,1
"CORONARY ARTERY DISEASE\CORONARY ARTERY BYPASS GRAFT,  ? AVR /SDA",1
DRAINAGE OF BURRHOLE,1
CALVARIAL LESION/SDA,1
ACUTE MYELOGENOUS LEUKEMIA\CHEMO,1
INTRACARANIAL HEMORRHAGE,1
ATRIAL FLUTTER\ATRAIL FLUTTER ABLATION,1
ANEMIA;PNEUMONIA,1
NON HEALING ULCER/SDA,1
LOW PLATE COUNT,1
PULMONARY FIBROSIS; PNEUMONIA,1
LEFT SUPRACLINOID ARTERY ANEURYSM/SDA,1
MENINGOMA/SDA,1
ASTHMA; S/P ANGINA; CHF,1
MYOCARDIAL INFRCTION,1
 MELANOMA LOWER BACK/SDA,1
CORONARY ARTERY DISEASE\CORONARY ARTERY BYPASS GRAFT; PFO CLOSURE; ? AVR/SDA,1
INABILITY TO WALK;VANCOMYCIN RESISTANT ENTEROCOCCUS,1
MITRAL VALVE DISEASE\MITRAL VALVE REPLACEMENT /SDA,1
AORTIC DISSECTION ,1
RIGHT PARIETAL METASTATIC LESION/SDA,1
PNEUMONIA;BRONCHIECTASIS,1
HEART FAILURE;CARDIAC ARREST\INTRA-AORTIC BALLOON PUMP PLACEMENT,1
PEDESTRIAN STRUCK BU MOTORCYCLE,1
CORONARY ARTERY DISEASE;ELEVATED TROPONIN,1
HEADACH,1
MR\ ? MITRAL VALVE REPLACEMENT; HOMOGRAFT ROOT REPLACEMENT/SDA,1
? GATROINTESTINAL BLEED,1
FEVER; PANCREATITIS; ETHANOL WITHDRAWAL,1
CORONARY ARTERY DISEASE\PATENT FORAMENOVALE CLOSURE; CORONARY ARTERY BYPASS GRAFT /SDA,1
C2 FXS;RIB FXS,1
PULMONARY EDEMA-R/O MI,1
CORONARY ARTERY DISEASE; ST ELEVATED MYOCARDIAL INFARCTION\CORONARY ANGIOGRAPHY,1
RIGHT CAROTID STENOSIS\RIGHT CAROTID ANGIOGRAM;POSSIBLE ANGIOPLASTY\STENT PLACEMENT,1
ACUTE CORONARY SYNDROMES,1
RULE-OUT MYOCARDIAL INFARCTION;CONGESTIVE HEART FAILURE,1
BRAIN STEM MASS,1
CORONARY ARTERY DISEASE\CATH;RIGHT CORONARY ARTERY ANGIOPLASTY,1
LOWER GI BLEED;DIABETES MELLITUS;ATRIAL FIBRILLATION;TELEMETRY,1
S/P MVA-MESENTERIC HEMATOMA,1
ETHLYENE GLYCOL INGESTION,1
PNEUMONI,1
GASTROENTERITIS/OI,1
RESPIRATORY DISTRESS SYNDROME,1
ANGINA PECTORIS;HYPERTENSION\LEFT HEART CATHETERIZATION,1
SUBARACHNOID HEMORRHAGE;,1
MITRAL VALVE STENOSIS; SHORTNESS OF BREATH\LEFT HEART CATHETERIZATION,1
TRAUMA;PEDESTRIAN STRUCK,1
PNEUMONIA;GI BLEED,1
LEFT TIBIA AND FIBULA FRACTURE,1
SAMILIAL POLYPOSIS COLI/SDA,1
PROBABLE DELERIUM TREMONS,1
BILATERAL DVT;LIKELY PE,1
NONHEALING ULCER LEFT LOWER EXTREMITY,1
   DUODENAL MASS/SDA,1
GASTRIC FUNDAL VARICES STAGE 4/SDA,1
CORONARY ARTERY DISEASE\CORONARY ARTERY BYPASS GRAFT WITH ? PFO CLOSURE/SDA,1
ACUTE CHOLYCYSTITIS,1
ACUTE RENAL FAILURE;LIVER FAILURE,1
ATRIAL FIBRILATION\BILATERAL THORACOSCOPIC MINI MAZE PROCEDURE ,1
VENTRICULAR TACHYCARDIA ,1
S/P FALL;THORACIC FRACTURE;METHICILLIN RESISTANT STAPH AUREUS,1
RT BASAL GANGLIA BLEEDING,1
BRAIN MASS/SZ,1
SHORTNESS OF BREATH;STATUS POST STENT PLACEMENT,1
INTRACRANIAL HEMORRHAGE;MASS,1
DYSPNEA;ST ELEVATION MYOCARDIAL INFARCTION\CARIDAC CATHETERIZATIONL,1
"MITRAL VALVE DISEASE\MITRAL VALVE REPLACEMENT,HEART PORT MINIMALLY INVASIVE; ? PATENT FORAMEN OVALE CLOSURE /SDA",1
HAND AMPUTATION;TELEMETRY,1
RENAL CELL CANCER;NAUSEA;VOMITING,1
HAND LACERATION,1
POST PARTUM CARDIOMYOPATHY,1
S/P FALL;HIP FRACTURE,1
"AORTIC AND MITRA STENOSIS AND TRICUSPIC INSUFFICIENCY\AORTIC, MITRAL AND TRICUSPIC VALVE REPLACEMENT ",1
"NON STE MI,URINARY TRACT INFECTION,INTRAPARYNCHYMAL HEMORRHAGE",1
UNRESPONSIVE AND SEIZED,1
MITRAL REGURGITATION\MINIMALLY INVASIVE MITRAL VALVE REPLACEMENT /SDA,1
DISSECTION FOR BENTALL PROCEDURE,1
HEPATOCELLULAR CANCER,1
ABDOMINAL AORTIC ANEURYSM LEAK,1
AORTIC STENOSIS\REDO STERNOTOMY W/ AORTIC VALVE REPLACEMENT /SDA,1
PROGRESSIVE ANGINA;STENOSIS\CARDIAC CATH,1
CORONARY ARTERY DISEASE;VENTRICULAR TACHYCARDIA\LEFT HEART CATH,1
CAROTID STENOSI/SDA,1
HEP C CIRRHOSIS,1
PERINEAL ABSCESS ,1
ALTEREDMENTAL STATUS,1
PNEMOTHORAX,1
BILE LEAK S/P LIVING DONOR HEPATECTOMY/SDA,1
MALIGNANT NEOPLASM HARD PALATE/SDA,1
DRUG REFRACTORY ATRIAL FIBRILLATION\PULMONARY VEIN ISOLATION **REMOTE WEST** ,1
"ADENOCARCINOMA, SIGMOID COLON/SDA",1
MYOCARDIAL INFARCTION;CONGESTIVE HEART FAILURE;CORONARY ARTERY DISEASE\CORONARY STENT PLACEMENT,1
RECURRENT ATRIAL TACHYCARDIA\PULMONARY VEIN ISOLATION  **REMOTE WEST**/SDA,1
ACUTE RENAL FAILURE;GASTROINTESTINAL BLEED,1
BILATERAL CEREBELLAR STROKE,1
R/O BOWL ISCHEMIA,1
AV BLOCK; CARDIAC CATH,1
FACIAL FRACTURE/PELVIC FRACTURE,1
HYPERTENSION/HEADACHE,1
PULMONARY EMBOLIS; SEPSIS,1
URETERAL STONE,1
STERNAL WOUND INFECTION/SDA,1
CHRONIC INTERSISTIAL CYSTISTIS/SDA,1
SHORTNESS OF BREATH;NAUSEA W\VOMITING,1
GI BLEED; GASTRIC MASS,1
RIGHT UPPER QUADRANT PAIN;OLD AORTIC DISSECTION,1
SEPTIC SHOCK & PNEUMONIA,1
"DYSPNEA,DECREASED O2",1
"PNA,LOW HCT, HYPOGLYCEMIA",1
GI BLEED/MASS TO HEPATIC FLEXURE,1
INTRACRANIAL,1
3-VESSEL CORONARY ARTERY DISEASE,1
NEW ONSET ANGINA;POSSIBLE AORTIC STENOSIS\CARDIAC CATHETERIZATION,1
SUBARCHANOID HEMORRHAGE,1
"STROKE;RHABDO,URINARY TRACT INFECTION",1
CORONARY ARTERY DISEASE\ CORONARY ARTERY BYPASS GRAFT W/AVR; ASCENDING AORTA REPAIR/SDA,1
VERTEBRAL ARTERY ANEURYSM/SDA,1
BREAST CANCER;HYPOXIA,1
AORTIC VALVE INSIFFICIENCY\AORTIC AND MITRAL VALVE REPLACEMENT /SDA,1
CHEST PAIN;RULE OUT CORONARY ARTERY DISEASE\CATH,1
CHEST PAIN;HEART FAILURE,1
INTRACRANIAL CONTUSION;TELEMETRY,1
NEUTROPENIA;DIARRHEA,1
AORTIC ANEURYSM\CARDIAC CATH,1
HEAD MASS;UTI,1
SEPTIC SHOCK;URINARY TRACT INFECTION,1
FISTULA INFECTION,1
"LEFT HIP PAIN, PATIENT UNABLE TO WALK",1
"ABDOMINAL PAIN, HYPERKALEMIA",1
CORONARY ARTERY DISEASE;DYSPNEA;COPD,1
OPEN WOUND CHEST/SDA,1
RENAL FAILURE;PNEUMONIA;RESPIRATORY FAILURE,1
FOOT INFECTION;HYPERGLYCEMIA,1
STERNAL WOUND DEHISCENCE,1
RULE OUT MYCARDIAL INFRACTION,1
CHEST PAIN;CARDIOMYOPATHY; RULE OUT MYOCARDIAL INFARCTION\CARDIAC CATH,1
DIVERTICULITIS/UNSTABLE ANGINA,1
AORTIC STENOSIS\ BENTAL PROCEDURE ; ASCENDING AORTIC REPLACEMENT MINIMMALLY INVASIVE AVR/SDA,1
LEFT PARIETAL LOBE LESION/SDA,1
UTERINE TUMOR/BILATERAL HYDRONEPHROSIS,1
EXERTIONAL ANGINA\CARDIAC CATHETERIZATION,1
CHANGE IN MENTAL STATUS;GASTROINTESTINAL BLEED;TELEMETRY,1
S/P GUNSHOT WOUND TO ABD;PARALYSIS,1
SEPSIS/ AFIB,1
CAD;CHF,1
HIP/WRIST FRACTURE;HEAD LACERATION,1
ILIAC DISEASE BILATERAL,1
STRUCK BY A CAR,1
POUCHITIS,1
LLE DVT,1
PNEUMONIA/ANEMIA,1
RIGHT FRONTAL CAVENOMA/SDA,1
DISLODGED TRACH,1
NEW CHF,1
MCC WITH LEFT. LOWER EXTREMITY INJURY,1
ACUTE MYOCARDIAL INFARCTION; GI BLEED\CATH,1
ANOMALOUS PULMONARY VEIN;TOTAL ANOMALOUS PULMONARY VEIN REPAIR,1
"S/P CHOCKING,PERFORATED BOWEL",1
ETOH-UNRESPONSIVE,1
AORTIC ANEURYSM\ BENTAL PROCEDURE VS VALVE SPARING AORTIC ROOT REPLACEMENT/SDA,1
METASTATIC BREAST CANCER/SDA,1
GI BLEED;CECUM MASS,1
INTUSSUCEPTION,1
BLADDER CANCER; PROSTATE CANCER/SDA,1
CONGESTIVE HEART FAILURE/S/P MI AT RISK/DYSPNEA\BIVENTRICULAR INTRACARDIAC DEVICE IMPLANT,1
ASPERGILLOSIS\BRONCHOSCOPY RIGID; FLEXIBLE ,1
"CHF,ACUTE CORONARY SYNDROME",1
COLD DISTAL FOOT,1
RIGHT FRONTAL LOBE TUMOR;LOW PLATELETS,1
HARDARE FAILURE/SDA,1
VOCAL CORD DISFUNCTION,1
OOZING BELOW KNEE AMPUTATION,1
OSTEOMYLITIS LEFT KNEE/SDA,1
"CORONARY ARTERY DISEASE;AORTIC STENOSIS\CORONARY ARTERY BYPASS GRAFT;AORTIC VALVE REPLACEMENT, RE-DO/SDA",1
"PULMONARY EDEMA, MI",1
CORONARY ARTERY DISEASE\CORONARY ARTERY BYPASS GRAFT WITH AVR;  MITRAL VALVE REPLACEMENT /SDA,1
AORTIC STENOSIS\AORTIC AND MITRAL VALVE REPLACEMENT  ? CORONARY ARTERY BYPASS GRAFT /SDA,1
HYPONATREMIA;RENAL INSUFFICIENCY,1
INTERIOR MYOCARDIAL INFARCTION;CATH,1
L MCA ANEURYSM,1
CORONARY ARTERY DISEASE\CORONARY ARTERY BYPASS GRAFT;AORTIC VALVE REPLACEMENT; ? MAZE/SDA,1
ISCHEMIC ULCER LEFT ANKLE W/EXPOSED ACHILLES TENDON/SDA,1
RENAL FAILURE;CONGESTIVE HEART FAILURE;EKG CHANGES,1
SIGMOID VULVULOS,1
ENCEPHALOCELE/SDA,1
COLLOID CYST RIGHT/SDA,1
NECTROTIZING FASCIITIS,1
ACUTE INTOXICATION,1
CHOALNGITIS;R/O ESOPHAGEAL RUPTURE,1
"MITRAL VALVE INSUFFICENCY\MITRAL VALVE REPLACEMENT,HEART PORT MINIMALLY INVASIVE /SDA",1
IV HEPARIN\ PATENT FORAMEN OVALE,1
S/P FALL; FACE TRAUMA,1
CORONARY ARTERY DISEASE\ BENTAL PROCEDURE WITH HEMOGRAFT/SDA,1
ACUTE MYOCARDIAL INFARCTION;COLON CANCER,1
PULMONARY INFILTRATE,1
RIGHT SIDED TRIGEMINAL NEURALGIA/SDA,1
FAILED LEFT HIP HEMI-ARTHROPLASTY/SDA,1
AIR IN PLEURAL SPACE,1
PORTAL HTN,1
POLY SUBSTANCE INTOXICA,1
"ABDOMINAL PAIN,FEVER",1
"CYCLIST STRUCK, SEIZURE",1
AORTIC STENOSIS\AORTIC AND MITRAL VALVE REPLACEMENT  ASCENDING AORTA REPLACEMENT/SDA,1
PLEURAL CUT FISTULA PE,1
CHRONIC OBST PULM DISEASE;PNEUMONIA;METHICILLIN RESISTANT STAPH AUREUS;VANCOMYCIN RESISTANT ENTEROCOCCUS,1
MULTIPLE FRACTURE;S/P PEDESTRIAN V. CAR,1
URIMARY TRACT INFECTION;PYELONEPHRITIS,1
HYPOTENSION; HYPOGLYCEMIA,1
ELEVATED CREATININE,1
HYPOKALEMIA;TELEMETRY,1
GLIOBLASTOMA;DYSPNEA,1
VERTEBRAL BASILAR STENOSIS,1
LUNG TUMOR,1
ST ELEVATED MYOCARDIAL INFARCTION;S/P VF ARREST,1
PYRAMETHAMINE DESENSITIZATION,1
AORTIC ROOT DISSECTION,1
RAPID ATRIAL FIBRILLATION;AORTIC ANEURYSM;ANEMIA,1
"URINARY TRACT INFECTION,ALTERED MENTAL STATUS,NON STE MI",1
BILATERAL ANKLE FX; LACERATED PERINEUM,1
OD/HYPOVOLEMIA,1
RENAL CELL CA,1
CJR EXACERBATION & HIP DISLOCATION,1
ANTERIOR MYOCARDIAL INFARCTION\CARDIAC CATH,1
TONSILLAR HYPERTROPHY;HEMOPTYSIS,1
"UROSEPSIS,FEVER",1
PNEUMOPERITONEM,1
CAROTID STENOSIS\CAROTID ANGIOGRAM\INTERVENTION,1
"SHORT GUT SYNDROME\ SHARP RECANELIZATION,  SVG OCCLUSION, UPPER CHEST/SDA",1
HYPOTENSION; SEPSIS VERSUS GI BLEED,1
TOXIC SHOCK,1
MITRAL STENOSIS\MITRAL VALVE REPLACEMENT REDO; ? TVR   /SDA,1
RIB; FX/ ETOH,1
PVD\RIGHT LEG ANGIO,1
SPLEEN;LACERATION;TELEMETRY,1
RIGHT ILIAC ARTERY ANEURYSM,1
FEVER;ALTERED MENTAL STATUS,1
"CONGESTIVE HEART FAILURE,CORONARY ARTERY DISEASE",1
? PULMONARY EMBOLUS WITH DESATURATION,1
TIB;FIB;FEMUR FRACTURE,1
"ACUTE RENAL FAILURE,RESPIRATORY DISTRESS",1
"MVR\AORTIC VALVE REPLACEMENT, RE-DO/SDA",1
PNEUMONIA; HEART FAILURE,1
MYOCARDIAL INFARCTION/PNEUMONIA,1
AORTIC ANEURYSM\ AORTIC VALVE REPLACEMENT; RESECTION ANEURYSM THORACIC; (ASCENDING AORTA) VIS; AORTIC VALVE REPLACEMENT WITH HOMOGRAFT/SDA,1
HYPERTENSIVE ICH,1
RIGHT PERIATAL TUMOR/SDA,1
UTI/ PYELONEPHRITIS,1
NON Q WAVE MI;HYPOTENSION\CATH,1
ABDOMINAL PAIN/ETOH INTOXICATION,1
ANEMIA;ANTERIOR MEDIASTINAL MASS,1
PROLONGED PREMATURE RUPT OF MEMB,1
CORONARY ARTERY DISEASE\MITRAL VALVE REPLACEMENT; RE-DO STERNOTOMY ,1
CLAUDICATION\LEFT LOWER EXTREMITY ANGIOGRAM WITH RUN-OFFS,1
NON-ST ELEVATED MYOCARDIAL INFARCTION,1
RIGHT ICA STENOSIS/SDA,1
IRREGULAR HEART RHYTHM,1
CONGESTIVE HEART FAILURE;CARDIOMYOPATHY,1
DIABETIC KETOACIDOSIS;UPPER GASTROINTESTINAL BLEED,1
INFECTED AICD,1
LEFT CAROTID BODY TUMOR/SDA,1
AORTIC STENOSIS\AORTIC VALVE REPLACEMENT; RE-DO STERNOTOMY/SDA,1
CORONARY ARTERY DISEASE\CORONARY ARTERY BYPASS GRAFT WITH MVR; ? left ventricular aneurysm repair,1
BRADYCADIA,1
SEIZURE;SUBDURAL HEMORRHAGE,1
TACHYCARDIA;ABDOMINAL PAIN,1
TONSILLAR HYPERTROPHY W/ SLEEP APNEA/SDA,1
? UPPER GASTROINTESTINAL BLEED-NAUSEA-VOMITING,1
SUBDURAL HEMATOMA;GASTROINTESTINAL BLEED,1
"SPLENIC LACERATION,HIP FRACTURE",1
INTRACRANIAL LESION,1
3RD. DEGREE AV BLOCK,1
AORTIC STENOSIS\AORTIC VALVE REPLACEMENT  BENTAL PROCEDURE vs ASCENDING AORTA REPLACEMENT/SDA,1
ODONTOID FRACTURE,1
CHEST PAIN;SYNCOPE,1
ANEMIA;HYPONATREMIA;CELLULITIS,1
CORONARY ARTERY DISEASE; APRTIC STENOSIS\LEFT AND RIGHT HEART CATHETERIZATION,1
CLAUDICATION LEFT ,1
DELTA MENTAL STATUS CHANGES,1
PNEUMONIA/R/O FLU,1
LUNG LESION\ RADIO FREQUENCY TUMOR ABLATION LEFT LUNG,1
R/O MI-CONGESTIVE HEART FAILURE,1
LOWER EXTREMITY EDEMA;ACUTE RENAL FAILURE,1
PNEUMONIA-CONGESTIVE HEART FAILURE,1
MITRAL REGURGITATION\MITRAL VALVE REPAIR VS REPLACEMENT /SDA,1
CHRONIC OBST PULM DISEASE;DEHYDRATION,1
CEREBROVASCULAR ACCIDENT-RT HEMIPARESIS,1
CORONARY ARTERY DISEASE\LEFT ANTERIOR DESCENDING ANGIOPLASTY,1
DEHYDRATION/CELLULITIS,1
ABDOMINAL AORTIC ANEURYSM THROMBOSIS,1
S/P KIDNEY TRANSPLANT-ELEVATED CREATININE,1
HEPATOPULMONARY SYNDROME,1
MYOCARDIAL INFARCTION;LEFT HIP FRACTURE,1
CELEXA OVERDOSE,1
NEW ONSET SEIZURES;BRAIN METS,1
"CHOLELITHIASIS, CHOLECYSTITIS/SDA",1
"PNEUMONIA,FEVER",1
CONGESTIVE HEART FAILURE;CHEST PAIN\CATH,1
RECURRENT VENTRICULAR TACHYCARDIA;STATUS POST IMPLANTABLE CARDIOVERTER DEFIBRILLATOR FIRING\VENTRICULAR TACHYCARDIA ABLATION,1
TRACH PLACEMENT,1
"ANEMIA,PEPTIC ULCER DISEASE",1
SEIZURE DISORDER;PNEUMONIA;URINARY TRACT INFECTION,1
FEVER;BACK PAIN;SEPTICEMIA,1
PULMONARY HTN,1
EPIDURAL MASS,1
AORTIC DISSESTION,1
SPINA BIFIDA;LEG ULCERS,1
CHF/GIB/RLL PNEUMONIA,1
RIGID BRONCHOSCOPY\RIGID BRONCHOSCOPY,1
"FEVER, MENTAL STATUS CHANGE",1
"NON ST ELEVATION MI, CATH",1
RENAL CELL METASTASES/SDA,1
POSSIBLE CROHN'S FLARE,1
"RIGHT SIDED FACAIL WEAKNESS, DYSPHAGIA, DIPLOPIA",1
AORTIC VALVE INSUFFICIENCY\BENTAL PROCEDURE W/ HEMIARCH REPLACEMENT/MAZE/SDA,1
CONGESTIVE HEART FAILURE;NON Q WAVE MYOCARDIAL INFARCTION,1
S/P KIDNEY/PANCREAS TX-LEFT LEG CELLULITIS,1
ETOH WITHDRAWAL/ PANCREATITIS,1
CORONARY ARTERY DISEASE;CONGESTIVE HEART FAILURE;CHEST PAIN,1
UPPER GASTROINTENSTINAL BLEED;HIP FRACTURE;ETOH WITHDRAWAL,1
ACUTE RENAL FAILURE-PELVIC MASS,1
ABDOMINAL BLEED,1
BULLOUS LUNG DISEASE,1
RIGHT UPPER EXTREMITY HEMATOMA,1
ENDOMETRIAL HYPERPLASIA/SDA,1
MOTOR CYCLE ACCIDENT,1
ESOPHEGEAL CA WITH BRAIN METS,1
AORTIC STENOSIS\AVR; CORONARY ARTERY BYPASS GRAFT/SDA,1
"LUNG CANCER,HYPERKALEMIA",1
"RT TIBIA,FIBULA FRACTURES",1
AORTIC INSUFFICENCY\AORTIC VALVE REPLACEMENT W/? CORONARY ARTERY BYPASS GRAFT,1
LOWER GI BLEED\RIGHT LOWER EXTREMITY ANGIOGRAM,1
URINARY TRACT INFECTION; CHF,1
ANEMIA/UPPER GI BLEED,1
LEFT SIDED CVA,1
MUCUS PLUGGING,1
CORONARY ARTERY DISEASE\CORONARY ARTERY BYPASS GRAFT WITH MVR AND TVR/SDA,1
HIGH-ANION GAP HYPERGLYCEMIA,1
DYSPNEA;CELLULITIS,1
LEFT EFFUSION;PNEUMONIA,1
INTAMURAL AORTA THROMBUS,1
URINARY TRACT INFECTION;HIATAL HERNIA,1
DM;MR;PULMONARY EDEMA,1
CORONARY ARTERY DISEASE\MINIMALLY INVASIVE ENDOSCOPIC CABG/SDA,1
AORTIC ANEURYSM;TRACEAL BICUSPID AOTRIC VALVE\CARDIAC CATH/SDA,1
VENTRICULAR TACHYCARDIA; SYNCOPE\VENTRICULAR TACHYCARDIA ABLATION ? TANDEM HEART,1
MITRAL STENOSIS\MITRAL VALVE REPLACEMENT VS REPAIR/SDA,1
ACUTE RENAL FAILURE;ANEMIA,1
AORTIC STENOSIS\CORONARY ARTERY BYPASS GRAFT WITH AVR REDO /SDA,1
CONGESTIVE HEART FAILURE;TELEMETRY\TRANSCATHETER AORTIC VALVE IMPLANT (TAVI) W/ DIRECT AORTIC APPROACH  ,1
CORONARY ARTERY DISEASE;MR\MITRAL VALVE REPLACEMENT; ; REDO;REPAIR ATRIAL-SEPTAL DEFECT; ?AVR/SDA,1
AORTIC STENOSIS & AAA\AORTIC VALVE REPLACEMENT / ASCENDING AORTA REPLACEMENT /SDA,1
GLASS INGESTION;GI SCOPE,1
CHEST PAIN;TELEMETRY;HYPOXIA,1
ICH ,1
CONGESTIVE HEART FAILURE;TELEMETERY,1
HYPOGLYCEMMIA,1
RIGHT LOWER LOBE CAVITARY NODULE;MULTIPLE SMALL PULMONARY EMBOLISM,1
INTRACRANIAL HEMORRHAGE;SEIZURE;TACHYCARDIA,1
C3-4 DISC HERNIATION,1
RENAL FAILURE;ANGINA\CATH,1
"PELVIC FRACTURE,MULTIPLE TRAUMA",1
BILIARY COLIC; CHRONIC PANCREATITIS,1
CHOLEDOCHOLITHIASIS ; SUBQ EMPHYSEMA,1
PNEUMONIA;FLUID OVERLOAD,1
CONGESTIVE HEART FAILURE/SDA,1
"CHRONIC OBSTRUCTIVE PULMONARY DISEASE,SYNCOPE",1
AORTIC STENOSIS\AORTIC VALVE REPLACEMENT;CORONARY ARTERY BYPASS GRAFT; ?MVR/SDA,1
"HYPOTENSION,DIARRHEA",1
CHOLECYSTITIS; GALLSTONES/SDA,1
"TYLENOL,OVERDOSE;LIVER FAILURE",1
PNEUMONIA;BACK PAIN,1
S/P ERCP W/ SPHINCTOROTOMY,1
HYPOTENSION FEVER,1
S/P ASSAULT-SUBARACHNOID HEMORRHAGE,1
ANEMIA;RETROPERITONEAL BLEED,1
AR\AORTIC VALVE REPLACEMENT /SDA,1
S/P MCC;PNEUMOTHORAX;OPEN TIBIA FIBULA FRACTURE,1
SUPRAVENTRICULAR TACHYCARDIA\VT ABLATION,1
DIABETIC KETOACIDOSIS;HYPOTENTION,1
S/P SHUNT,1
SOB;CORONARY ARTERY DISEASE,1
"URINARY TRACT INFECTION,HEEL HEMATOMA",1
RIGHT PARIETAL SUBARACHNOID BLEED,1
LIVER FAILURE;STATUS POST TYLENOL OVERDOSE,1
MALIGNANT PLEURAL EFFUSION,1
RIGHT LEG CELLULITIS,1
"COPD FLARE, CORD COMPRESSION",1
STRIKE;TRANSIENT ISCHEMIC ATTACK,1
ESOPHAGEAL REFLUX/SDA,1
CHEST PAIN; NON ST ELEVATION MI,1
ANGINA;SHORTNESS OF BREATH,1
PHENOBARBITAL OVERDOSE,1
CARDIOMYOPATHY\RIGHT AND LEFT HEART CATH,1
SHORTNESS OF BREATH;ISCHEMIA\CATH,1
SUBDURAL HEMATOMA;HYPERTENSION,1
PROGRESSIVE ANGINA\LEFT HEART CATHETERIZATION,1
SYNCOPE;TELEMETRY;SUBDURAL HEMATOMA; BASILAR SKULL FRACTURE,1
OVERDOSE-RIGHT PARIETAL MASS,1
AORTIC STENOSIS\AORTIC AND MITRAL VALVE REPLACEMENT  BENTAL PROCEDURE /SDA,1
MS CHANGES;ACUTE RENAL FAILURE,1
SARCOMA SCALP/SDA,1
CAD/AS\CORONARY ARTERY BYPASS GRAFT;AORTIC VALVE REPLACEMENT/SDA,1
ATRIAL MYXOMA,1
PNEUMONIA;PROBABLE PCP,1
GRAND MAL SEIZURES,1
MYOCARDIAL INFARCTION;S/P ARREST,1
? FAILURE GRAFT/SDA,1
"MR;\MITRAL VALVE REPLACEMENT REDO, WITH MAZE",1
COPD EXACERBATION;HEMOPTOSIS,1
RENAL CANCER LEFT SIDE/SDA,1
BRAIN TUMOR WITH EDEMA/SHIFT,1
HEAD CONTUSION-SUBDURAL S\P MVA,1
BILIARY STRICTURE;ERCP;RESPIRATORY FAILURE\ERCP,1
ALTERED NENTAL STATUS,1
CLOTTED AVG,1
CODE STEMI,1
ABDOMINAL PAIN;JAUNDICE,1
RIGHT SIDED HEART FAILURE;CONGENITAL HEART DISEASE,1
AORTA STENOSIS\AVR/ ASCENDING AORTA VS BENTAL PROCEDURE /SDA,1
BRAIN MASS LEFT/SDA,1
INSULIN DEPENDENT DIABETES,1
BRACHEAL OCCULISON,1
CELLULITIS;DYSPNEA,1
POST MENOPAUSAL BLEEDING\HYSTEROSCOPY ,1
MED,1
AORTIC STENOSIS\AORTIC AND MITRAL VALVE REPLACEMENT;? REPLACEMENT OF ASCENDING AORTA/SDA,1
PERFORATED BILE DUCT,1
PERINEPHRIC BLEEDING,1
CIRRHOSIS;ABDOMINAL PAIN,1
LEFT FEMUR LESION,1
"SPINAL STENOSIS, CAUDA EQUINA",1
GASTROINTESTINAL BLEED;VARICES,1
"LEUKOCYTOSIS,BANDEMIA",1
CARCINO SARCOMA RIGHT THIGH/SDA,1
BILATERAL ISCHEMIC ULCERATION,1
RENAL HEPATIC FAILURE,1
INTRACRANIAL HEMORRHAGE;ANEURYSM,1
DEHYDRATION;HYPERNATREMIA;URINARY TRACT INFECTION,1
SUBDURAL HEMATOMA;GI BLEED,1
T10 SPINAL MASS,1
DECOMPENSATED CONGESTIVE HEART FAILURE,1
S/P AORTIC DISSECTION,1
SAH;PEDISTRIAN STRUCK,1
ENDOCARDITIS/SEPSIS,1
BRADY ARRYTHMIA,1
SUBARACHNOID HEMATOMA;SUBDURAL HEMORRHAGE,1
BRAIN MASS;CEREBRAL VASCULAR ACCIDENT,1
"ARTIFICAL VALVE, ATRIAL FIBRULATION, ANTICOAGULATION",1
MITRAL INSUFFICIENCY\MITRAL VALVE REPLACEMENT; ? REPAIR; HEART PORT MINIMALLY INVASIVE; PERCUTANEOUS FEMORAL CANNULATION/SDA,1
CORONARY ARTERY DISEASE\PERCUTANEOUS CORONARY INTERVENTION OF DIAGNAL BRANCH;CATH,1
"CONGESTIVE HEART FAILURE,COPD FLARE",1
METHEMOGLOBINEMIA,1
SUBARACHNOID HEMORRHAGE;STROKE;TELEMETRY,1
DISSECTING AAA,1
CORONARY ARTERY DISEASE\CORONARY ARTERY BYPASS GRAFT;AORTIC VALVE REPLACEMENT; ?MVR/SDA,1
MYOCARDIAL INFARCTION',1
CONGETIVE HEART FAILURE,1
ALTERED ENTAL STATUS,1
SPONDYLOLOTHIASIS/SDA,1
S/P HEAD TRAUMA,1
RCC WITH METS TO CEREBELLUM,1
"ELEVATED WBC,ACUTE RENAL FAILURE",1
PANCREATIC PSEDUDAL,1
"DKA, GI BLEED",1
FLUID OVERLOAD;RENAL FAILURE;TELEMETRY,1
CIRRHOSIS;ESOPHAGEAL VARICES,1
ALTERED MENTAL STATUS;ACUTE RENAL FAILURE;URINARY TRACT INFECTION,1
S/P FALL;INTRACRANIAL HEMORRHAGE,1
ST ELLEVATION MYOCARDIAL INFARCTION,1
CORONARY ARTERY DISEASE;ANGINA\CARDIAC CATH,1
THORACID ANEURYSM WITHOUT MENTION OF RUPTURE\RESECTION ANEURYSM THORACIC /SDA,1
ANGINA;RULE OUT CORONARY ARTERY DISEASE\RIGHT AND LEFT CARDIAC CATHETERIZATION,1
"CORONARY ARTERY DISEASE;PULMONARY EDEMA,NON-ST-ELEVATION MYOCARDIAL INFARCTION\CARDIAC CATHETERIZATION",1
BOWEL OBSRUCTION,1
INFECTED PSEUDOCYST,1
STERNAL DEHISSENCE,1
"STERNAL FX RIB FX PTX, HIP FIX",1
INTOXICATION/ETOH/BENZO,1
CIRRHOSIS;SEPSIS,1
T12 AND C1 FRACTURES,1
PELVIC FRACTURE-S/P PEDESTRIAN STRUCK,1
CONSTIPATION-ABDOMINAL MASS,1
ESOPHOGEAL CA,1
RIGHT FRONTAL PARENCHYMAL HEMORRHAGE,1
CERVICAL MASS,1
AMPULLARY ADENOMA RESECTION;RESPIRATORY DISTRESS,1
RESPIRATORY FAILURE;CONGESTIVE HEART FAILURE;CORONARY ARTERY DISEASE,1
AORTIC ANEURYSM\REDO STERNOTOMY X3 ; ANEURYSM REPAIR,1
LYMPHOMA\CHEMOTHERAPY,1
ATRIAL FIBRILLATION WITH RAPID VENTRICULAR RATE,1
AV FISTUALA/SDA,1
CONSTIPATION/SDA,1
NON S-T ELEVATION MYOCARDIAL INFARCTION,1
CONGESTIVE HEART FAILURE;S/P RENAL TRANSPLANT;HYPERKALEMIA,1
TRACH COMPLICATION,1
POLY SUBSTANCE OVERDOSE,1
POSTERIOR FOSSA HEMORRHAGE,1
MITRAL INSUFFICIENCY\MITRAL VALVE REPAIR; ? EPLACEMENT; MINIMALLY INVASIVE; ? STERNOTOMY  ,1
MITRAL VALVE INSUFFICIENCY\MITRAL VALVE REPLACEMENT W/MAZE; ? CORONARY ARTERY BYPASS GRAFT; RESECTION LEFT ATRIAL APPENDAGE,1
FEMUR FX; SUBDURAL HEMATOMA,1
CERVICAL STENOSIS WITH MYELOPATHY,1
TRAUMATIC SAH,1
"CAD, CATH",1
CORONARY ARTERY DISEASE;STATUS POST MYOCARDIAL INFARCTION,1
OPEN WOUND RIGHT LEG,1
SEIZURE;SUBARACHNOID HEMORRHAGE,1
LYMPHASTITHELIAL CARCINOMA/SDA,1
SMOKE INHALATION INJURY,1
RECURRENT CERVICAL CANCER;PAIN,1
CHRONIC OBST PULM DISEASE;RESPIRATORY DISTRESS,1
RENAL FAILURE;V FIB ARREST,1
AORTIC DESSCTION,1
STAPH BACTERMIA,1
LEFT KNEE FAILED TOTAL KNEE REPLACEMENT/SDA,1
HYPOGLYCEMIA/HYPOTHERMIA/?BACTEREMIA,1
"MITRAL VASLVE INSUFFICIENCY\MITRAL VALVE REPLACEMENT,HEART PORT MINIMALLY INVASIVE /SDA",1
CAD/AS\CORONARY ARTERY BYPASS GRAFT; WITH AVR/SDA,1
DIABETES MELLITUS;UNSTABLE ANGINA;MYOCARDIAL INFARCTION,1
AORTIC STENOSIS\AORTIC VALVE REPLACEMENT; RE-DO STERNOTOMY; ?? CABG/SDA,1
CORONARY ARTERY DISEASE\CORONARY ARTERY BYPASS GRAFT; ? OFF PUMP CORONARY ARTERY BYPASS /SDA,1
STATUS POST PULSELESS ELECTRICAL ACTIVITY ARREST,1
MR\MITRAL VALVE REPLACEMENT; MAZE PROCEDURE/SDA,1
S/P MOTOR VEHICLE ACCIDENT;FEMUR FX,1
LIVING LIVER DONOR/SDA,1
CIRRHOSIS OF LIVER;RENAL FAILURE,1
"PNEUMONIA,MULTIFOCAL",1
ACUTE RENAL FAILURE;ACUTE PYELONEPHRITIS,1
INTRACRANIAL HEMORRHAGE;AFIB;ELEVATED INR,1
RULE-OUT MYOCARDIAL INFRACTION;VOMITING;RAPID AFIB,1
"DIG TOXICITY,ARF,HPERKALEMIA",1
AORTIC DISSECT,1
AFIB/CHF,1
CORONARY ARTERY DISEASE\CORONARY ARTERY BYPASS GRAFT; STENT PLACEMENT,1
RESPIRATORY FAILURE;HEADACHE,1
CARDIAC CATH;ST ELEVATED MYOCARDIAL INFARCTION,1
R/O BILIARY OBSTRUCTION;HEPATITIS,1
RENAL FAILURE-HYPONATREMIA-SEIZURE,1
HYPOXIA;CHANGE IN MENTAL STATUS,1
GANGRENE RIGHT FIRST TOE,1
ALTERED MENTAL STATUS;SEROTONIN SYNDROME,1
UNRESPONSIVENESS;RESPIRATORY FAILURE,1
PNEUMOMIA,1
STATUS POST MITRAL VALVE REPLACEMENT;FEVER;ELEVATED WHITE BLOOD COUNT,1
ACUTE MYLOGENOUS LEUKEMIA,1
ABNORMAL STESS TEST\CARDIAC CATHETERIZATION,1
KIDNEY TUMOR/SDA,1
VENTRICULAR TACHYCARDIA\VENTRICULAR TACHYCARDIA ABLATION **REMOTE WEST** ,1
MCA SROKE,1
THORACIC TUMOR/SDA,1
GASTRIC AND ESOPHAGEAL VARICES,1
DEHYDRATION;ETOH WITHDRAWAL,1
SLURRED SPEACH;R/O STROKE,1
TRACHEOBRONCHIAL MALASIA,1
"MI,RESPIRATORY DISTRESS LOW CRIT",1
RT FOOT OSTEOMYELITIS-DM-HYPONATREMIA,1
?? CVA,1
PERIPHERAL VASCULAR DISEASE;CORONARY ARTERY DISEASE\RIGHT LOWER EXTREMITY ANGIOGRAM;CORONARY CATH,1
RIGHT LEG ARTERIAL INSUFFENCY,1
CERVICAL NECK FUSION S/P,1
OPIATE WITHDRAWEL,1
SYNCOPE;CHEST PAIN,1
PAINLESS JAUNDICE AND WEIGHT LOSS,1
FRACTURED ICD LEAD;SUBARACHNOID HEMORRHAGE\LEAD REPLACEMENT;LEAD EXTRACTION,1
CORONARY ARTERY DISEASE;CONGESTIVE HEART FAILURE;CHEST PAIN\CATH,1
"ACUTE MI,CAD",1
AORTIC STENOSIS\AORTIC VALVE REPLACEMENT REDO ? CORONARY ARTERY BYPASS GRAFT/SDA,1
DIABETIC KETOACIDOSIS;HYPOTENSION,1
CORONARY ARTERY DISEASE;? MYOCARDIAL INFARCTION\CATH,1
"SHORTNESS OF BREATH,HYPOXIA",1
HYPOTENSION;DISSEMINATED ZOSTER,1
SEIZURE; HYPONATREMIA,1
ACOUSTIC NEUROMA RIGHT/SDA,1
NON-ST-ELEVATION MYOCARDIAL INFARCTION;SYNCOPE\CARDIAC CATHETERIZATION,1
ASPIRIN DESENSITIZATION,1
CROHNS FLAIR,1
ABDOMINAL PAIN;MALFUCNTION STENT GRAFT,1
DIAPGAHAMATIV HERNIA/SDA,1
ATRIAL FIBRILLATION;RESPIRATORY FAILURE,1
PFO\REPAIR ATRIAL-SEPTAL DEFECT; PFO,1
CORONARY ARTERY DISEASE\CORONARY ARTERY BYPASS GRAFT WITH MVR VERSUS REPLACEMENT/SDA,1
ACUTE MYOCARDIAL INFARCT,1
R/O MI; CHF,1
CORONARY ARTERY DISEASE\PLANNED INTERVENTION RCA AND LAD,1
LUL LUNG NODULE\CYBERKNIFE PROCEDURE - 4 TREATMENTS TO LEFT LUNG,1
CHEST PAIN;NON ST ELEVATION MI,1
THROMBOCYTOPENIC PURPURA,1
SYNCOPE;DENS FRACTURE,1
CHRONIC OBST PULM DISEASE;BRONCHITIS,1
"RT FOOT CELLULITIS,DIABETIC KETO ACIDOSIS",1
GALLBLADDER CANCER,1
SUBDURAL HEMATOMA;RIGHT FOREARM FRACTURE;S/P FALL,1
KYPHO/SCOLIOSIS; SPINAL STENOSIS/SDA,1
CARDIOMYOPATHY;ATRIAL FIBRILLATION;SHORTNESS OF BREATH,1
ALTERED MENTAL STATUS;RESPIRATORY FAILURE,1
RECTAL NEURONAL DISTONA/SDA,1
NEW RENAL FAILURE;HYPERKALEMIA,1
S/P MOTOR VEHICLE ACCIDENT-EDH-SUBARAHNOID HEMORRHAGE,1
NECROTIZING SOFT TISSUE OF LEFT LEG,1
TONSILLAR CANCER,1
"PNEUMONIA,NEW ONSET ATRIAL FIBRILLATION",1
MYOCARDIAL INFARCTION\CATHETERIZATION,1
LUMAR SPONDYLOSIS/SDA,1
AORTIC VALVE DISEASE\AORTIC VALVE REPLACEMENT; HOMOGRAFT/SDA,1
STEMI\CATH,1
BACTEREMIA;BILIARY COLIC,1
INTRACRANIAL HEMORRHAGE/SDA,1
"HYPOTHERMIA, INTOXICATION",1
TESTICULAR CA; RETROPERITONEAL LYMPHADENOPATHY/SDA,1
HYPOTENSION.GASTRIC ILEAL BYPASS,1
INSULIN OVERDOSE;TELEMETRY,1
HYPOTENSION AND DEHYDRATION,1
ST SEGMENT ELEVATION MYOCARDIAL INFARCTION; HYPERTENSION,1
CORONARY ARTERY DISEASE\CORONARY ARTERY BYPASS GRAFT MAZE; ? PATENT FORAMEN OVALE CLOSURE /SDA,1
S/P NQMI\CATH,1
MENTAL STATUS CHANGE; HYPOTENSION,1
ORBITAL FRACTURES/SDA,1
ST ELEVATED MYOCARDIAL INFARCTION;S/P VT ARREST,1
LEFT FOOT NON HEALING ULCER,1
RECURRENT PLEURAL EFFUSION,1
"FEVER,ORIGIN UNKNOWN;DYSRHYTHMIA;TELEMETRY",1
BASILAR SKULL FRACTURE,1
S/P FALL;URINARY TRACT INFECTION,1
LUMBAR ,1
SEPSIS-HYPOXIA,1
OSTEMYLITIS RIGHT FOOT,1
COMMON BILE DUCT STONE;GASTRIC PERFORATION,1
TACHYCARDIA;HYPOTENSION;PNEUMONIA,1
PULMONARY EDEMIA\CATH,1
INTRAPARENCHYMAL HEMORRAGE,1
BLADDER CANCER;SEPSIS,1
ACUTE RENAL FAILURE;PNEUMONIA;THROMBOCYTOPENIA,1
FEVER;HYPERKALEMIA;CONGESTIVE HEART FAILURE,1
TIA;STROKE,1
CARDIOMYOPATHY;CONGESTIVE HEART FAILURE\CARDIAC CATH,1
CORONARY ARTERTY DISEASE;LEFT MAIN DISEASE,1
CHOLANGITIS;RAPID ATRIAL FIBRILLATION,1
CIRRHOSIS;HYPOTHERMIA;HYPOTENSION,1
ATRIAL FLUTTER/S/P PULMONARY VEIN ISOLATION\PULMONARY VEIN ISOLATION  **REMOTE WEST**/SDA,1
SEIZURE DISORDER,1
HYPOTHERMIA;HYPOTENSION;TELEMETRY,1
MYASTHENIA GRAVIS/SDA,1
PANCREATIC FISTULA;ABDOMINAL PAIN,1
TACHYDYSRHYTHMIA,1
LEFT STAGHORN CALCULUS,1
CUTANIOUS FISTULA,1
PALPITATIONS;ACUTE RENAL FAILURE,1
CHRONIC RESPIRATORY FAILURE; TRAC OBSTRUCTED AIRWAY,1
CHEST PAIN;CONGESTIVE HEART FAILURE;DYSPNEA,1
AORTIC STENOSIS\RE-DO STERNOTOMY; AORTIC VALVE REPLACEMENT /SDA,1
SUBMANDIBULAR GLAND INFECTION,1
INTRAPARENCHYMAL HEMORRHAGE;SAH;RIB FRACTURE,1
"SAH,TIB/FIB FX",1
GASTRIC CANCER,1
GASTROESOPHAGEAL REFLUX DISEASE/SDA,1
CORONARY ARTERY DISEASE\RIGHT CORONARY ARTERY STENT PLACEMENT,1
NSTEMI;ACUTE SPINE FRACTURE,1
CHEST PAIN;CATH LAB,1
SHORTNESS OF BREATH;END STAGE RENAL DISEASE,1
FEVER/NEUTROPENIA,1
CORONARY ARTERY DISEASE;CHEST PAIN;DYSPNEA\CATH,1
INTRA-ABDOMINAL ABSCESS,1
CONGESTIVE HEART FAILURE;TELEMETRY;STERNAL DEHISCENCE,1
OBSTRUCTING RECTAL CANCER,1
RIGHT WING MENINGIOMA/SDA,1
RIGHT ARM  WEAKNESS,1
DEHYDRATION; UTI,1
CHEST PAIN;RENAL INSUFFICIENCY\LEFT HEART CATHETERIZATION,1
ABDOMINAL PAIN; ? CHOLANGITIS,1
MITRAL VSLVE DISORDER\MITRAL VALVE REPLACEMENT /SDA,1
"LEG PAIN,ABSCESS",1
"MR;CORONARY ARTERY DISEASE;AORTIC STENOSIS\AORTIC AND MITRAL VALVE REPLACEMENT,  CORONARY ARTERY BYPASS GRAFT, ASCENDING AORTA REPAIRT /SDA",1
RIGHT FLOOR OF MOUTH CANCER/SDA,1
FAILED DIALYSIS ACCESS;CHRONIC RENAL FAILURE,1
S/P HIT BY CAR;ETOH WITHDRAWAL,1
S/P KIDNEY TRANSPLANT;PANCREATITIS;RESPIRATORY FAILURE,1
CORONARY ARTERY DISEASE\CORONARY ARTERY BYPASS GRAFT WITH MVR W/LEFT VENTRICULAR ASSISTED DEVICE BACK-UP/SDA,1
DISSEMINATED INTRAVASCULAR COAGULATION,1
PULSELESS ARREST,1
BACTERMIA,1
MYELITIS,1
CAD FOR CABG,1
3 VESSEL DISEASE;+ETT\CATH,1
METHYLGLOBLUIN,1
INCREASING SOB R/T INTERSTITIAL LUNG DISEASE,1
CIRRHOSIS;ASCITES;R/O CELLULITIS,1
ACUTE RENAL FAILURE-BACTEREMIA,1
LEFT FEMUR FRACTURE;LOW HCT,1
COLO-VAGINAL FISTULA,1
AORTIC STENOSIS;DYSPNEA,1
CORONARY ARTERY DISEASE;HYPERTENSION;DIABETES\CATH,1
HYPERGLYCEMIA;FOOT ULCERS;HYPONATREMIA,1
SUICIDAL IDEATION;FOREIGN BODY INGESTION,1
STATUS POST MOTOR VEHICLE ACCIDENT;MULTIPLE TRAUMA,1
BRONCHIAL LESION,1
"CEREBELLAR LESION, LEFT/SDA",1
RIGHT BRAIN GLIOBLASTOMA MULTIFORME/SDA,1
FRACTURED AICD LEAD\ICD IMPLANT IN O.R. ,1
CONGESTIVE HEART FAILURE;TELEMETRY;CORONARY ARTERY DISEASE;DIABETES MELLITUS,1
VENTRAL SEPTAL DEFECT\MITRAL VALVE REPLACEMENT; VENTRAL SEPTAL DEFECT/SDA,1
"CARDIOMYOPATHY, ATRIAL FIBRILLATION\LEFT AND RIGHT HEART CATHETERIZATION",1
ISCHEMIC LEFT FOOT;METHICILLIN RESISTANT STAPH AUREUS,1
PYELONEPHRITIS & ASPIRATION PNEUMONIA,1
PEANUT ALLERGIC REACTION;AIRWAY OBSTRUCTION,1
GERD; ASPIRATION PNEUMONIA/SDA,1
INFECTED LEFT LEG,1
QUESTION SEPSIS,1
GASTROINTESTINAL BLEED;CHEST PAIN;TELEMETRY,1
RESPIRATORY DISTRESS;PNEUMONIA;CONGESTIVE HEART FAILURE,1
HISTORY SMALL BOWEL OBSTRUCTION/SDA,1
FEVERS;CONFUSION,1
MULTIPLE MYELOMA;HEPATITIS,1
METASTATIC CANCER;HYPOXIA,1
"HYPOTENSION,FEVER,DECUBITUS ULCER",1
ACUTE CHEST CRISIS,1
LETHARGRY,1
INTERMITTENT HEART BLOCK;ACUTE CORONARY SYNDROME,1
CORONARY ARTERY DISEASE;DIABETES MELLITUS;HYPERTENSION,1
ATRIAL FIBRILLATION\CARDIOVERSION;TRANSESOPHAGEAL ECHOCARDIOGRAM,1
ASPIRATION/PNEUMONITIS,1
TAMPONADE\PERICARDIOCENTESIS,1
SEVERE AS\AORTIC VALVE REPLACEMENT/SDA,1
ALTERED MENTAL STATU,1
INTRACRANIAL SWELLING,1
SYNCOPAL EPISODES,1
TRICUSPID REGURGITATION\ TRICUSPID REPAIR OF REPLACEMENT/SDA,1
INTERPARENCHYMAN HEMORRHAGE,1
GAMMA BENZENE HEXACHLORIDE WITHDRAWAL,1
EPIDURAL HEMORRHAGE;SP ASSAULT,1
"TREMOR,ACUTE RENAL FAILURE",1
ANTERIOR FLOOR OF THE MOUTH CANCER/SDA,1
"RECURRENT LEFT CAROTID STENOSIS,PRE HYDRATION",1
ULCERS/CELLULITIS LEFT FOOT,1
PROGRESSIVE HEART FAILURE;ANGINA;MITRAL REGURGITATION\COMPLETE HEART CATH,1
DIABETES MELLITUS;SEPTIC SHOCK,1
FEVER;RULE-OUT MYOCARDIAL INFARCTION;TELEMETRY,1
MYOCARDIAL INFARCTION; CARDIOGENIC SHOCK\CATH,1
DIABETIC KETOACIDOSIS;URINARY TRACT INFECTION,1
MELANOMA-INTRACRANIAL BLEED,1
FAILURE TO THRIVE;INTUBATED,1
TRANCHEAL MALACIA/SDA,1
LEFT CEREBELLUM MASS/SDA,1
MITRAL VALVE DISORDER\AORTIC AND MITRAL VALVE REPLACEMENT;   THORACOSCOPIC MAZE PROCEDURE;  BRONCHOSCOPY FLEXIBLE DIAGNOSTIC /SDA,1
ETOH WITHDRAWAL;EKG CHANGES,1
RIGHT CHOLESTEROL CYST/SDA,1
CRITICAL AORTIC STENOSIS; PULM EDEMA,1
HEAT FATIGUE,1
"S/P FALL;END STAGE RENAL DISEASE;FRACTURE,LEFT SIDE RIB",1
V  TACH,1
WORSENING ANGINA;CORONARY ARTERY DISEASE\LEFT HEART CATHETERIZATION,1
PSORIATIC ARTHRITIS\ORENCIA INFUSION,1
LIVER FAILURE;S/P TIPS,1
OPEN SKULL FRACTURE-FACIAL SMASH,1
S/P MOTOR VEHICLE ACCIDENT;RIGHT ARM FX,1
BARRETT'S ESOPHAGUS HIGH GRADE DYSPLASIA/SDA,1
NON HODGKINS LYMPHOMA-SHORTNESS OF BREATH,1
GANGRENE/SDA\RIGHT LOWER EXTREMITY ANGIOGRAM;PERCUTANEOUS TRANSLUMINAL ANGIOPLASTY TO VEIN GRAFT,1
PULMONARY EMBOLI\R HEART CATH,1
AORTIC OCCLUSION,1
HEPATIC ENCEPHALOPATHY/ANEMIA,1
"HYPOXIA,TACHYCARDIA",1
FEVER ,1
LT BASALAR BLEED,1
LYMPHOMA;FEBRILE NEUTROPENIA,1
INTRAORAL MASS,1
ETOH WITHDRAWAL;SHOULDER PAIN,1
LOWER GASTRINTESTINAL BLEED,1
TRANSAMINITIS;STATUS POST MOTOR VEHICLE ACCIDENT WITH INJURIES,1
ETOH WITHDRAWAL;UNRESPONSIVE,1
"MR\MITRAL VALVE REPLACEMENT,HEART PORT MINIMALLY INVASIVE ",1
SEPSIS; ACUTE RENAL FAILURE,1
AIRWAY OBSTRUCTION\BRONCHOSCOPY FLEXIBLE AND RIGID ,1
"CHOLANGIOCARCINOMA,DEHYDRATION",1
CHOLANGITISEPSIS,1
"CHF,RENAL INSUFFIENCY",1
STATUS POST MYOCARDIAL INFARCTION;+ ETT,1
PENCARDIAL EFFUSION;HYPOXIA,1
DISSEMINATED ZOSTER,1
STAB TO NECK,1
THROMBIC THROMBOCYTOPENIA EXACERBATION,1
C5/C6 NECK ABSCESS,1
CONGESTIVE HEART FAILURE;CHRONIC RENAL FAILURE;CARDIOMYOPATHY,1
SEVERE ISCHEMIC LEG,1
ABDOMINAL AORTIC ANEURYSMECTOMY,1
CVA; CHF PNEUMONIA,1
CORONARY ARTERY DISEASE\INTRAVASCULAR ULTRASOUND OF LEFT MAIN ARTERY,1
ATRIAL AFRBILLATION\THORACOSCOPIC MAZE PROCEDURE BILATERAL/SDA,1
OCCLUDED RIGHT LEG,1
SHORTNESS OF BREATH;RESPIRATORY ARREST,1
PROCTITIS,1
ICH WITH HERNIATION,1
JUXTA-RENAL ANEURYSM/SDA,1
VOMITING; HYPERGLYCEMIA; HEADACHE,1
DYSPNEA;MAST CELL ACTIVATION,1
RULE-OUT MYOCARDIAL INFARCTION;TELEMETRY;CVA,1
CORONARY ARTERY DISEASE\BYPASS,1
DYSPHAGIA/SDA,1
IPH; SAH,1
MITRAL VALVE STENOSIS\MITRAL VALVE REPLACEMENT WITH CONCMITANT MAZE; ? CORONARY ARTERY BYPASS GRAFT ,1
SYNCOPE;BRADYCARDIA,1
BRIGHT RED BLOOD PER RECTUM;TELEMETRY,1
CORONARY ARTERY DISEASE\CORONARY ARTERY BYPASS GRAFT  MAZE PROCEDURE/SDA,1
HYPERTROPHIC OBSTRUCTIVE CARDIOMYOPATHY\ETHANOL ABLATION,1
CEREBRAL VASCULAR ACCIDENT;RESPIRATORY FAILURE;RAPIDN A-FIB,1
SOB;AORTIC INSUFFICIENCY\AORTIC VALVE REPLACEMENT /SDA,1
BACK INFECTION,1
AORTIC ANEURYSM\RESECTION AAA,1
PULMONARY EMBOLIS;HYPOTENSION,1
CELLULITIS;DEEP VEIN THROMBOSIS,1
BURN;DEHYDRATION;UNRESPONSIVE,1
HYPERTENSIVE URGENCY',1
MI; PNEUMONIA; CHF,1
ASCENDING THORACIC ANEURYSM,1
PULMONARY FIBROSIS PNEUMONIA,1
SUPRAVENTRICULAR TACHYCARDIA\ELECTROPHYSIOLOGY STUDY,1
CORONARY ARTERY DISEASE\AORTIC VALVE REPLACEMENT; ? CABG/SDA,1
UGIB; NEW INFARCT,1
DOE;PLEURAL EFFUSION,1
BACTEREMIA;SEPSIS,1
DECOMPRESSED CIRRHOSIS;HYPONATREMIA,1
S/P APPENDECTOMY,1
CHEST PAIN\ASPIRIN DESENSITIZATION;CATH,1
ABNORMAL PAPS SMEAR,1
NAUSEA-VOMITING-HYPERGLYCEMIA-INCREASED WBC,1
HYPERGLYCEMIA;URTICARIA,1
CORONARY ARTERY DISEASE ;CORONARY ARTERY BYPASS GRAFT,1
AORTIC STENOSIS; SYNCOPE\LEFT HEART CATH,1
ANEMIA;PERICARDIAL EFFUSION,1
CONGESTIVE HEART FAILURE;DIASTOLIC DYSFUNCTION\LEFT HEART CATH,1
INFECTION LEFT AXILLO FEMORAL GRAFT,1
LOWER,1
CHARCOAL ASPIRATION,1
CORONARY ARTERY DISEASE;NON-ST SEGMENT ELEVATION MYOCARDIAL INFARCTION\CATH,1
ATRIAL TACHYCARDIA\LEFT ATRIAL TACHYCARDIA ABLATION **REMOTE WEST**/SDA,1
PULMONARY EMBOLIS-HEMATEMESIS,1
SPINAL MASS/SDA,1
"GI BLEED, ASPERATION, SEPSIS",1
SUB DURAL HEMATOMA,1
FEVER;HYPERTENSION,1
FEVER;TACHYCARDIA;DEHYDRATION,1
FRONTAL TUMOR/SDA,1
"UROSEPSIS, ASPIRATION PNEUMONIA",1
"FEVER,ABDOMINAL PAIN",1
"CHF,CAD,HYPERTENSION",1
SHORTNESS OF BREATH;PLUERAL EFFUSION,1
CORONARY ARTERY DISEASE;HEART FAILURE\CARDIAC CATH,1
GUILLIAN BARRE,1
DECENDING THORACIC ANEURYSM\RESECTION ANEURYSM THORACIC; LEFT THORACOTOMY COMPLETION OF ELEPHANT TRUNK; DECENDING AORTIC ANEURYSM/SDA,1
SYSTOLIC HEART FAILURE;ISCHEMIC CARDIOMYOPATHY\CARDIAC CATHETERIZATION,1
INTESTINAL STRICTURE,1
NON ISCHEMIC CARDIOMYOPATHY; CONGESTIVE HEART FAILURE\RIGHT HEART CATHETERIZATION,1
SEVERE MITRAL REGURGITATION\CARDIAC CATH/SDA,1
RULE OUT MEAINGITIS,1
ALTERED MENTAL STATUS;OVERDOSE,1
FEVER-ALTERED MENTAL STATUS,1
+ MI\CATH,1
LOWER GI  BLEED,1
FATTY DEPOSITS ABDOMEN & HIPS/SDA,1
INFECTIN,1
SDHS,1
LEFT RETROPERITONEAL ABSCESS/SDA,1
CHRONIC PELVIC PAIN/SDA,1
SUBARACHNOID HEMATOMA;SUBDURAL HEMORRHAGE;T12 FX;ABDOMINAL HEMATOMA,1
CHEST PAIN; CORONARY ARTERY DISEASE\CATHETERIZATION,1
LEFT RENAL MASS,1
INTRACTABLE VOMITTING;MENTAL STATUS CHANGES,1
RIGHT SCV CLOT;RIGHT BC VEIN CLOT;TELEMETRY,1
CHEST PAIN; CAD\CATH,1
STERNAL LESION\STERNAL BIOPSY ,1
LUNG CANCER;HYPONATREMIA;SYNCOPE,1
TRAUMA;HYPOXIA,1
RESPIRATORY DISTRESS;TRACH BLOCKAGE,1
NON Q MI;CORONARY ARTERY DISEASE\CATH,1
DIABETIC KETOACIDOSIS;SUBDURAL HEMATOMA,1
TIPS EVALUATION;ANEMIA,1
BILIARY DUCT DILATION,1
PERSISTANT NAUSEA-VOMITING-ETOH WITHDRAWAL,1
S/P MOTOR VEHICLE ACCIDENT-STABBING,1
MYOCARDIAL INFARCTION;GASTROINTESTINAL BLEED,1
"CALCIUM CHANEL BLOCKER,BETA BLOCKER OVERDOSE",1
LEFT ANKLE INTERMEDIATE GRADE SARCOMA/SDA,1
S/P KIDNEY-PANCREAS TX-R/O PNEUMONIA,1
S/P FALL;SKULL FRACTURE;INTRACRANIAL HEMORRHAGE,1
HYPERKALEMIA-PANCREATITIS,1
ADRENAL HEMORRHAGE,1
ABDOMINAL ABSCESS;CHRON'S DISEASE,1
PERICARDIAL EFFUSION;NON SMALL CELL CARCINOMA,1
NON STEN ELECTRICAL MYOCARDIAL INFARCTION\LEFT HEART CATHETERIZATION,1
(+)STRESS TEST;ANGINA,1
"AORTIC STENOSIS\CORONARY ARTERY BYPASS GRAFT WITH AVR, ?BENTAL PROCEDURE /SDA",1
PROGRESSIVE EXERTIONAL DYSPNEA;CORONARY ARTERY DISEASE\CARDIAC CATH/SDA,1
LEUKOCYTOSIS;DEHYDRATION; RECTAL CANCER,1
SEPSIS;CARDIAC ISCHEMIA;CONGESTIVE HEART FAILURE,1
INTRACARDIAC THROMBUS,1
CA OF RIGHT ORAL CAVITY/SDA,1
ABDOMINAL PAIN;ANEMIA,1
CHEST PAIN;DYSPNEA\CARDIAC CATH,1
MR\MITRAL VALVE REPLACEMENT REDO /SDA,1
CRANIOTOMY/SDA,1
CHRONIC OBSTRUCTIVE DISEASE EXACERBATION,1
SPLENIC LACERATIONS,1
TRACHEAL ESOPHAGEAL FISTULA\STENT PLACEMENT ESOPHAGUS,1
ATRIAL SEPTAL DEFECT\REPAIR ATRIAL-SEPTAL DEFECT; LIMITED ACCESS/SDA,1
CORONARY ARTERY DISEASE\CORONARY ARTERY BYPASS GRAFT ? PFO CLOSURE/SDA,1
PERICRDIAL EFFUSION,1
ST ELEVATION;MYOCARDIAL INFARCTION\CARDIAC CATH,1
R SIDED WEAKNESS,1
GASTRIC CANCER;PANCREATITIS,1
MITRAL VALVE REGURITION\MITRAL VALVE REPLACEMENT MINIMALLY INVASIVE APPROACH; HEART PORT/SDA,1
SWALLOWED PLASTIC SPOON,1
"LEFT DISTAL RADIAL FRACTURE, RIGHT TIBIAL PLATEAU FRACTURE",1
CHRONIC RENAL FAILURE/SDA\TRANSPLANT KIDNEY RECIPIENT ,1
ESOPHAGEAL TUMOR;UPPER GI BLEED,1
INTRAPARIETAL HEMORRHAGE,1
ABDOMINAL PAIN;RULE-OUT MYOCARDIAL INFARCTION;TELEMETRY,1
CORONARY ARTERY DISEASE\CORONARY ARTERY BYPASS GRAFT;? AVR: REPLACEMENT ACENDING AORTA/SDA,1
PNEUMONIA;SHORTNESS OF BREATH,1
ABDOMINAL PAIN;DIARRHEA,1
ATRIAL FIBRILLATION\THORACOSCOPIC BIVENTRICULAR LEAD PLACEMENT; LV LEAD PLACEMENT /SDA,1
HYPERKALEMIA;HYPERGLYCEMIA,1
CLOTTED FISTULA;S/P EMBOLIZATION,1
MULTIPLE TRAUMAS,1
HYOXIA,1
HYPERBILIRUBIA,1
LEFT SHOULDER AC DISTRUPTION\LEFT SHOULDER AC RECONSTRUCTION AUTOHAMSTRING ? ALLOGRAFT,1
EXTREME PREMATURITY/? SEPSIS,1
DRUG REACTION,1
GALLSTONES/SDA,1
TONGUE CANCER/SDA,1
MENINGITIS; ? TB,1
CHEST PAIN;\CATH,1
EXPANDED HEMATOMA,1
RIGHT FRONTAL TUMOR/SDA,1
S/P PEDESTRAIN STRUCK,1
NEUTROPENIA;THROMBOCYTOPENIA,1
INCREASING ANGINA;CORONARY ARTERY DISEASE\CARDIAC CATH,1
CORONARY ARTERY DISEASE;CHEST PAIN;ABNORMAL STRESS TEST\CARDIAC CATHETERIZATION/LEFT HEART CATHETRIZATION,1
FEVER UNKNOWN ORIGEN,1
MITRAL REGURGITATION;SHORTNESS OF BREATH\CARDIAC CATH,1
MCA,1
ATRIAL FIBRILLATION;BRADYCARDIA;AORTIC STENOSIS,1
ASCITES;HYPONATREMIA,1
RIGHT PLEURAL EFFUSION CIRRHOSIS PHT,1
SEVERE AS\ BENTAL PROCEDURE W/ ? HOMOGRAFT/SDA,1
"BACK PAIN, DELIRIUM",1
HYPONATREMIA;PNA,1
TRIGEMINIAL NEURALGIA/SDA,1
3RD DEGREE HB; S/P MVC,1
S/P MVA; SPINAL CORD INJURY,1
MEDIA STINAL MASS/SDA,1
SHORTNESS OF BREATH;CORONARY ARTERY DISEASE;MYOCARDIAL INFARCTION\CATH,1
EXTRNAL DRAINAGE,1
VARCEAL BLEED,1
02-239,1
SEPATIC ENCEPHALAPATHY,1
SUBDURAL HEMORRHAGE-S/P ASSAULT,1
CARDIOMYOPATHY\COMPLETE HEART CATH,1
HYPERKALEMIA;METASTATIC CANCER,1
ABSCESS OF GALLSTONES/SDA,1
ANTERIOR WALL MYOCARDIAL INFARCTION,1
METASTATIC MELANOMA TO NECK/SDA,1
BILIRUBINEMIA,1
CRUSH INJURY TO ABDOMEN,1
ABDMOMINAL PAIN,1
PES PLANOVALGULS DEFORMITY/SDA,1
CAD'\CORONARY ARTERY BYPASS GRAFT/SDA,1
MENGIOMA OF BRAIN/SDA,1
BRADE CARDIAC ARREST,1
RIGHT RENAL CA/SDA,1
ANTERIOR WEDGE COMPRESSION FRACTURE C7/SDA,1
"ABD PAIN,NAUSEA,VOMITING,DIARRHEA,MENTAL STATUS CHANGES,R/O MI",1
CORONARY ARTERY DISEASE\LEFT ANTERIOR DESCENDING ARTERY ANGIOPLASTY,1
ICD SITE INFECTION,1
CSPINE INJURY,1
OPOID WITHDRAWAL,1
PNEUMONIA;INFLUENZA,1
AORTIC STENOSIS\ MINAMALLY INVASIVE AVR/SDA,1
CHOLANGITIS;CHOLECYSTITIS,1
FEVER;THROMBOCYTOPENIA;QUESTION OF TTP,1
PNEUMONIA-GAIT,1
STROKE WITH HEAD BLEED,1
VT ABLATION,1
CORONARY ARTERY DISEASE;ANGINA\LEFT HEART CATH,1
N/V/D ; PNEUMONIA,1
FEVER;VOMITING,1
INTRACRANIAL HEMORRHAGE;SKULL FRACTURE,1
CENTERAL AIRWAY OBSTRUCTION,1
PNEUMONIA VERSUS PULMONARY EMBOLUS,1
DISC PROTUSION L5-S1,1
MEDIASTINAL LYMPHADENOPATHY,1
"ASTHMA,COPD",1
"MVC,PNEUMOTHORAX,RT WRIST FRACTURE",1
HYPOTENSION; AMS,1
SUBDURAL VS. SUBARACHNOID HEMATOMA,1
SUBARACHNOID HEMORRHAGE;CEBREBRAL CONTUSION;S/P FALL,1
RENAL FAILURE;LUNG CA,1
ST CHANGES,1
CA RIGHT SKULL BASE;OSTEOMYELITIS RIGHT MANDIBLE,1
SWOLLEN KNEE;TELEMETRY,1
NON VIABLE LEG,1
URINARY TRACT INFECTION;PYELONEPHRITIS;ACUTE RENAL FAILURE;RIGHT HIP PAIN,1
MYOCARDIAL INFARCTION/FAILURE TO THRIVE,1
HYPOTENSION.GLOGGED DIALYSIS,1
BILATERAL LOWER EXTREMITY EDEMA,1
KIDNEY STONES/SDA,1
RESPIRATORY DISTRESS AND FEVER,1
CHEST PAIN;ABNORMAL STRESS TEST\CARDIAC CATHETERIZATION ,1
KYPHOSIS,1
CORONARY ARTERY DISEASE\CORONARY ARTERY BYPASS GRAFT WITH AVR; ? ASCENDING AORTA REPLACEMENT; ? BENTAL PROCEDURE /SDA,1
CIRRHOSIS;LOWER EXTREMITY DYSPNEA;EDEMA,1
INGUINAL HERNIA,1
HEART FAILURE/A-FIB,1
SEVERE CARDIOMYOPATHY;MITRAL VALVE DISEASE,1
ISCHEMIC LT ARM,1
ANEURYSYM/SDA,1
INSTEMI\CARDIAC CATH,1
GUN SHOT,1
CHYLOUS ASCITES; PANCYTOPENIA,1
TRACHEOBRONCHIALMALACEA/SDA,1
CHEST PAIN-R/O MI,1
?PORTAL VEIN THROMBOSIS,1
THORACIC AORTIC ANEURYSM\ RE-DO STERNOTOMY; ?? STENT/SDA,1
ATRIAL FIBRILLATION\AFIB ABLATION,1
AORTIC INSUFFICIENCY;STATUS POST ENDOCARDITIS\CATH,1
ELEVATED GLUCOSE;TELEMETRY,1
S/P STRUCK BY CAR,1
AORTIC VALVE INSUFFICIENCY\AORTIC VALVE REPLACEMENT ? MVR ? TRICUSPIC VALVE REPLACEMENT /SDA,1
CHEMO  DESENTITIZATION,1
BASAL GANGLIN BLEED,1
MEDIASTINAL MASS;RESPIRATORY ARREST,1
INTRACRANIAL HEMORRHAGE WITH SHIFT,1
RIGHT VENTRICULAR ANEURYSM\RESECTION RIGHT VENTRICULAR ANEURYSM /SDA,1
STATUS POST C SECTION;ACUTE RENAL FAILURE;HYPOTENSION;ACUTE PANCREATITIS,1
FRONTAL MENIGIOMA/SDA,1
BILIARY COLIC/SDA,1
UNCONTROLLED DIABETES/PANCREAS TRANSPLANT,1
"RENAL FAILURE,FOR KIDNEY TX",1
DIURETIC RESISTANCE ASCITIS,1
VR\ MVR REDO,1
GI BLEED;LIVER FAILURE,1
ACENDING AORTA\  ROUTE REPLACEMENT VS DAVID PROCEDURE/SDA,1
"AORTIC STENOSIS;CORONARY ARTERY DISEASE\AORTIC VALVE REPLACEMENT, ? CORONARY ARTERY BYPASS GRAFT  /SDA",1
CORONARY ARTERY DISEASE;MULTIPLE SYSTEM FAILURE\ANGIOPLASTY,1
AAA\AORTIC VALVE REPLACEMENT;ASCENDING AORTIC  REPLACEMENT;AORTIC ARCH REPLACEMENT;DHCA/SDA,1
END STAGE LIVER DISEASE;END STAGE KIDNEY DISEASE,1
AORTIC STENOSIS CHRONIC OBSTRUCTIVE PULMONARY DISEASE,1
B-BLOCKER;BENZO OD,1
SDH WITH SHIFT,1
RENAL FAILURE-CONFUSION,1
PACEMAKER LEAD MALFUNCTION\PACEMAKER LEAD REVISION,1
SEPSIS;MITRAL VALVE INFECTION,1
LEFT HIP OSTEOARTHRISTIS/SDA,1
LUNG CANCER WITH CENTRAL AIRWAY OBSTRUCTION,1
THYROID MASS IMPINGING AIRWAY,1
LUNG  CANCER-RESPIRATORY FAILURE,1
UNSTABLE ANGINA\LEFT HEART CATHERIZATION,1
AORTIC STENOSIS\AORTIC VALVE REPLACEMENT; MINMALLY INVASIVE HEART PORT/SDA,1
S/P SKIING ACCIDENT,1
PNEUMONIA;RULE OUT MYOCARDIAL INFARCTION,1
STAB WOUND TO HAND,1
ISCHEMIC REST PAIN/ULCER BILATERAL,1
RULE-OUT MYOCARDIAL INFRACTION;TELEMETRY,1
? SUBDURAL HEMATOMA-SPINE FRACTURE,1
PNEUMONIA-S/P KIDNEY TRANSPLANT,1
ILIAC STENTING,1
FOUNIER GANFRENE,1
ABDOMINAL PAIN;STENT PLACEMENT,1
LEFT BUNDLE BRANCH BLOCK/BRADYCARDIA,1
"ALTERED MENTAL STATUS,SPINAL DETRUSOR HYPERREFLEXIA",1
RIGHT LOWER QUADRANT PAIN/SDA,1
PNEUMOTHORAX;ACETABULAR FRACTURE,1
BASILLAR OCCLUSION,1
POLY OVERDOSE,1
AORTIC STENOSIS-CONGESTIVE HEART FAILURE,1
"CHF,COPD,HYPERTENSION",1
MEDIASTINAL LYMPHADENOPATHY; HYPOXIA,1
SEIZURE;HEPATIC ENCEPHALOPATHY,1
ACUTE LEFT CEREBRAL VASSCULAR ACCIDENT ISCHEMIC STROKE,1
CELLULITIS RIGHT LEG,1
MR\MITRAL VALVE REPLACEMENT; REDO WITH MAZE PROCEDURE/SDA,1
S/P AIRPLANE CRASH,1
ABSCESS;NECROIZING FASCIITIS,1
RESPIRATORY INSUFFICIENCY; COPD,1
HEART FAILURE;KIDNEY RENAL FAILURE,1
T CELL LYMPHOMA,1
CAROTIS ARTERY STENOSIS\CAROTIS ANGIOGRAM,1
CORONARY ARTERY DISEASE; ANGINA\LEFT HEART CATHETERIZATION,1
CORONARY ARTERY DISEASE\CORONARY ARTERY BYPASS GRAFT WITH MAZE; LEFT ATRIAL APPENDAGE LIGATION /SDA,1
? ISCHEMIC COLITIS,1
INFECTED LEFT THIGH,1
LEFT HIP FRACTURE/SDA,1
INTRACRANIAL FLUID,1
DECUBITIS ULCER,1
RENAL FAILURE/ KIDNEY TRANSPLANT,1
HYPOTENSION-MENTAL STATUS CHANGE,1
DIARRHEA-HYPOTENSION,1
CELLULITIS;L FOOT ULCER,1
"MALIGNANT RETROPERITONEAL TUMOR, RIGHT RENAL MASS VASCULAR TUMOR/SDA",1
S/P PULSELESS ARREST,1
ALTERED MENTAL STATUS;HYPOTENSIVE,1
ACUTE MONOCYTIC LEUKEMIA\BONE MARROW TRANSPLANT,1
S/P ESPIRATORY ARREST,1
CHEST PAIN;EKG CHANGES\CATH,1
S/P CARDIAC ARREST;CHRONIC OBST PULM DISEASE,1
LIVING RELATED LIVER DONOR/SDA,1
CORNARY ARTERY DISEASE\ENDOSCOPIC CORNARY ARTERY BYPASS OFF PUMP LEFT CHEST/SDA,1
CORONARY ARTERY DISEASE\CORONARY ARTERY BYPASS GRAFTWITH AVR ,1
UTI/PYELONESPHRITIS,1
CORONARY ARTERY DISEASE;CONGESTIVE HEART FAILURE;CHEST PAIN\CARDIAC CATH,1
"NON-UNION, LEFT FEMUR FRACTURE\REPAIR NON-UNION LEFT HIP  **C-ARM**",1
UNRESPOSIVE - (FOUND DOWN),1
CHRONIC CHOLECYSTITIS/SDA,1
ACUTE CORONARY STENT THROMBOSIS,1
ACUTE RENAL FAILURE;(AML) ACUTE MYELOGENOUS LEUKEMIA,1
GANGRENE LEFT TOES,1
PAROXYSMAL ATRIAL FIBRILLATION\PULMONARY VEIN ISOLATION **REMOTE WEST** /SDA,1
"NAUSEA,VOMITING,DIARRHEA",1
BENZO OD,1
LT SIDED STROKE,1
RIGHT LUNG CANCER;WEAKNESS,1
SEPSIS;UNRESPONSIVE;CHRONIC LYMPHOCYTIC LEUKEMIA,1
NON ST ELEVATION MYOCARDIAL INFARCTION;CONGESTIVE HEART FAILURE\INTRA AORTIC BALLON PUMP,1
USA/SDA,1
MYOCARDIAL INFARCTION; CONGESTIVE HEART FAILURE\BIVENTRICULAR PACEMAKER,1
NEW DILATED CARDIOMYOPATHY\RIGHT AND LEFT HEART CATHETERIZATION,1
PERIPHERAL VASCULAR DISEASE\BILATERAL LOWER EXTREMITY ANGIOGRAM,1
HYPOXIA; DYSPNEA,1
POST MENOPAUSAL BLEEDING,1
"HYPOGLYCEMIA,GI BLEED",1
COLOSTOMY PROLAPSE; RECTAL STRICTURE/SDA,1
T8 LESION/SDA,1
MS FLARE,1
SPINAL INFECTION,1
DECOMPENSATED HEART FAILURE,1
NON-HEALING ULCER,1
HEAD TRAUMA;SCALP LACERATION,1
CHRONIC BACK PAIN,1
"WEAKNESS,FAILURE TO THRIVE",1
NEW BRAIN MASS AND LUNG LESION,1
FEVER-EKG CHANGES,1
SIEZURE,1
CHOLANGITIS;STATUS POST LIVER TRANSPLANT,1
MUCOCELE/SDA,1
ACUTE SHORTNESS OF BREATH;CONGESTIVE HEART FAILURE,1
"HYPERNATREMIA, UROSEPSIS",1
ST-SEGMENT ELEVATION MYOCARDIAL INFARCTION\LEFT HEART CATH,1
RECTAL BLEEDING;COAGULOPATHY,1
CORONARY ARTERY DISEASE;+STRESS TEST\LEFT HEART CATH,1
CONGESTIVE HEART FAILURE; NSTEMI,1
OCCLUDED RIGHT CORONARY ARTERY LESION\RIGHT CORONARY ARTERY INTERVENTION,1
ATRIAL FLUTTER;TELEMTRY,1
ABDOMINAL PAIN;ACUTE DIVERTICULITIS,1
CHRON'S DISEASE/SDA,1
LEG GANGRENE;HYPOTENSION;CHF;CARDIOMYOPATHY,1
MITRAL STENOSIS\MVR; ? CORONARY ARTERY BYPASS GRAFT ,1
CORNARY ARTERY DISEASE\CORONARY ARTERY BYPASS GRAFT WITH MITRAL VALVE REPAIR VS REPLACEMENT/SDA,1
PANCREATIC MASS;CHOLECYSTITIS,1
MULTIPLE VESSEL CORONARY ARTERY DISEASE,1
 ANALOMOUS PULMANARY VEIN\ REPAIR ANALOMOUS ; PULMONARY VEIN/SDA,1
LEFT RETROPERITONEAL SARCOMA/SDA,1
CRITICAL CAROTID STENOSIS\CAROTID ARTERY ANGIOGRAM,1
PLEURAL EFFUSION;NONSUSTAINED VENTRICULAR TACHYCARDIA,1
CAD FOR CABG/SDA,1
HYPERGLYCEMIA;NAUSEA;VOMITING,1
TYLENOL HEPATOTOXICITY,1
DEHYDRATION; RENAL FAILURE,1
"AORTIC INSUFFICIENCY\RE-DO STERNOTOMY, CORONARY ARTERY BYPASS GRAFT WITH AVR /SDA",1
+ ETT\LEFT HEART CATHETERIZATION,1
PULMONARY EMBOLIS;ENDOCARDITIS,1
BILE DUCT CANCER;SPHINCTEROTOMY,1
MVA;CLOSED HEAD INJURY,1
GASTROINTESTINAL BLEED/THROMBOCYTOPENIA,1
HYPOGLYCEMIA;HYPOKALEMIA;PNEUMONIA,1
PNEUMONIA/ SEPSIS,1
ANEMIA;HYPERKALEMIA,1
CIRRHOSIS;TYLENOL TOXICITY,1
EMPHYSEMA;ASPERGILLOSIS,1
NON-ST ELEVATION MYOCARDIAL INFARCTION\CARDIAC CATHETERIZATION,1
HEPATITIS C;HEPATO-RENAL FAILURE;ETOH WITHDRAWAL,1
CARCOMA ILIUM LEFT HIP/SDA,1
AORTIC INSUFFICENCY\AORTIC VALVE REPLACEMENT REDO /SDA,1
"R/O MI, L. HIP FRACTURE",1
AORTIC STENOSIS\AORTIC VALVE REPLACEMENT; ?MVR/SDA,1
PANCREATITIS;ALCOHOL,1
NON Q WAVE MYOCARDIAL INFACTION\CARDIAC CATH,1
CLOSED HEAD INJURY-S/P FALL,1
HEPATITIS-C;PRE-OP LIVER,1
"URINARY TRACT INFECTION,DIABETIC KETOACIDOSIS",1
PNEUMONIA-COPD-CONGESTIVE HEART FAILURE,1
AFLUTTER;NEW MASS,1
CHRONIC OBSTRUCTIVEPULMONARY DISEASE;PLEURAL EFFUSION,1
CONGESTIVE HEART FAILURE;ASTHMA EXACERBATION,1
RESPIRATORY FAILURE;CENTRAL AIRWAY OBSTRUCTION,1
J-TUBE FAILURE,1
COLITIS-URINARY TRACT INFECTION,1
"CIRRHOSIS, BLEEDING ULCER",1
HYPONATREMIA;BRAIN MASS,1
S/P BICYCLE/CAR CRASH,1
ANGIOEDEMA;S/P FALL,1
GALL STONE;EXPLORATORY LAPAROSTOMY;CHOLECYSTECTOMY;WEDGE LIVER BIOPSY,1
UROSEPSIS;TROP LEAK,1
CHEST PAIN/AORTIC STENOSIS,1
PANCREATIC TUMOR,1
"ACUTE CHOLEYSTITIS,LLL PNEUMONIA,URINARY TRACT INFECTION",1
MITRAL VALVE DISORDER\MITRAL VALVE REPLACEMENT; TRICUSPID VALVE REPLACEMENT; ? CORONARY ARTERY BYPASS GRAFT /SDA,1
FULMINANT HEPATITIS,1
PANCYTOPENIA;PLEURAL EFFUSION,1
URETERAL THROMBUS,1
PERIAPPENDICEAL ABSCESS,1
ASPIRATION PNEUMONIA;ALTERED MENTAL STATUS;ARF AND MYOCARDIAL ISCHEMIA,1
RESPIRATORY DISTRESS;PNEUMONIA,1
HYPERBILIRUBINEMIA;PHOTOTHERAPY,1
INFECTED ABDOMINAL WALL;HERNIA,1
POST CATH,1
"FEVER, MALAISE",1
CHEST PAIN;+MI\CATH,1
DOG BITES,1
LONGITUDINAL DEFICIENT RADIUS LEFT/SDA,1
INFECTION S/P HERNIA REPAIR,1
SHORTNESS OF BREATH;TRACHEAL STENT,1
FAILURE TO THRIVE;LIVER FAILURE\NG TUBE PLACEMENT,1
BACK INJURY,1
DYSRYTHMIA,1
ABDOMINAL PAIN;PERFORATION,1
ACUTE RENAL FAILURE:? LINE INFECTION,1
CEREBELLAR STROKE,1
"MITRAL VALVE REGURGITATION\MITRAL VALVE REPLACEMENT,HEART PORT MINIMALLY INVASIVE /SDA",1
ORBITAL FLOOR FRACTURE LEFT/SDA,1
RESPIRATORY FAILURE;PANCREATITIS,1
CRITICAL AORTIC STENOSIS\CATH,1
MALUNION FRACTURE RIGHT WRIST/SDA,1
WOUND TO RLE,1
S/P MOTOR VEHICLE ACCIDENT;MULTISYSTEM TRAUMA,1
"S/P FALL,RT FEMUR FRACTURE",1
INFERIOR MI\CARDIAC CATH,1
OPIATE TOXICITY,1
PACEMAKER REVISION,1
LESION OF THE KIDNEY/SDA,1
PARTIAL THUMB AMPUTATION,1
LEFT INTERNAL JUGULAR VEIN THROMBOSIS;LEFT ARM EDEMA,1
AORTIC STENOSIS\AORTIC VALVE REPLACEMENT ? CORONARY ARTERY BYPASS GRAFT,1
RENAL STENOSIS\RENAL AND ILIAC ANGIOGRAM W/STENT PLACEMENT,1
MELANA/HTN/MIGRAINE,1
ABDOMINAL BLEEDING,1
SEVERE PULMONARY HYPERTENSION; HYPOXIA,1
PERICARDIAL EFFUSION;TELEMETRY,1
MITRAL VALVE DISORDER\? CORONARY ARTERY BYPASS GRAFT;  MVR /SDA,1
SAH',1
R/O BILIARY OBSTRUCTION,1
GASTROINTESTINAL BLEED;HYPERKALEMIA,1
TYPE B AORTIC DISSECTION\ RESECTION THORACIC ANEUYSM VIA LEFT THORACOTOMY/SDA,1
CARCINOMA NECK/SDA,1
SHORTNESS OF BREATH; CONTUSION,1
CEREBELLA HEMORRHAGE,1
EPIDERMOID/SDA,1
QUESTIONABLE PRE-SEPSIS;LINE INFECTION;FEVER,1
HYPONATREMIC;NEUTROPENIC,1
AORTIC STENOSIS\AORTIC VALVE REPLACEMENT;POSSIBLE MITRAL VALVE REPLACEMENT /SDA,1
"THORACIC AORTIC ANEURYSM\BENTAL PROCEDURE; CORONARY ARTERY BYPASS GRAFT, REPLACEMENT OF HEMI-ARCH /SDA",1
RASH; ? SYPHILLIS,1
CHEST STAB WOUND,1
ACUTE ANT MI,1
CCB OVERDOSE,1
ABDOMINAL PAIN;ABDOMINAL MASS,1
CARDIOMYOPATHY\CARDIAC CATH,1
ETOH WITHDRAWL;SEIZURES,1
UC FLARE,1
BILATERAL LOWER EXTREMITY GANGRENE,1
CARDIOPULMONARY ARREST,1
AORTIC VALVE INSUFFICIENCY\AORTIC VALVE REPLACEMENT W/ ASCENDING AORTA REPLACEMENT & CIRCULATORY ARREST /SDA,1
ATRIAL FIBRILLATION;CHRONIC OBST PULM DISEASE,1
CANCER OF KIDNEY/SDA,1
LOW BLOOD PRESSURE,1
MITRAL VALVE INSUFFICIENCY\MVR STANDARD - KHABBAZ K  /SDA,1
PROSTATE CANCER; ? CORD COMPRESSION,1
RESPIRATORY FAILURE;COMPLETE HEART BLOCK;TELEMETRY,1
R/O AAA,1
LT FINGER AMPUTATION,1
CONGESTIVE HEART FAILURE\LASER LEAD EXTRACTION; BIVENTRICULAR LEAD PLACEMENT VIA LEFT THORACOTOMY; SINGLE LUNG VENTILATION (LEAVE LEFT ARM FREE) /SDA,1
WOUND ULCER,1
LEFT LEG ULCER,1
RESPIRATORY ARREST;S/P ERCP,1
OSTEOMYELITIS T12-L1,1
ETOH CIRRHOSIS\ TIPS/SDA,1
ASTHMA;TROP LEAK,1
DEHYDRATION;NAUSEA;VOMITING;MENTAL STATUS CHANGES,1
"AORTIC VALVE INSUFFICIENCY\AORTIC VALVE REPLACEMENT, ? MINI STERNOTOMY /SDA",1
CHANGE IN MENTAL STATUS;SEIZURES,1
SHORTNESS OF BREATH;RULE-OUT MYOCARDIAL INFRACTION,1
PNEUMONIA R/O MI,1
"3RD, 4TH, 5TH FINGER PARTIAL AMPUATION RIGHT HAND",1
CEREBELLAR TUMOR,1
"BLEEDING,S/P TOTAL HIP REPLACEMENT",1
EPIGLOTTITIS;PERITONSILAR CELLULITIS,1
FIBROTHORAX/SDA,1
"CHF,CARDIOMYOPATHY",1
"DIABETIC KETO ACIDOSIS,SEIZURES",1
BILARY STONES W/ RECURRENT CHOLECYSTITIS/SDA\BILIARY STONE REMOVAL **REMOTE WEST-INR** ,1
"BREAST MASS, HYPOXIA",1
TRICYCLIC &  BENZOS OVERDOSE,1
RIB FRACTURES;PNEMOTHORAX,1
ACUTE RENAL FAILURE-CHF EXACERBATION,1
URINARY TRACT INFECTION;PYELONEOHRITIS,1
GASTROINTESTINAL BLEED-ACUTE RENAL FAILURE,1
MITRAL INSUFFICIENCY\MITRAL VALVE REPLACEMENT REDO ,1
CHOLEDOCHOLITHIASIS; GASTRIC ADENOCARCINOMA/SDA,1
HYPERKALEMIA-GI BLEED,1
CATATONIA,1
STEMI;CARDIAC CATH,1
LEFT HAND 1ST DIGIT DEQUERVAIN'S SYNDROME & TENOSYNOVITIS,1
BRONCHIAL ASTHMA,1
CAROTID STENOSIS\CAROTID ANGIOGRAPHY,1
CHOLYDOCHOLITHIASIS,1
HIP FRACTURE;TROPONIN LEAK,1
GASTROINTESTINAL BLEED;HYPOTENSION,1
"FEVER, NEUTROPENIA",1
NECK CELLULITIS,1
LEFT ANKLE FRACTURE;INFECTION,1
WARFARIN TOXICITY,1
BLEEDING BRAIN MASS,1
SUBGLOTTIC TRACHEAL STENOSIS,1
DYSPNEA;EKG CHANGE;ELEVATED TROP,1
RIGHT FOOT CHARCOT/SDA,1
SUBDURAL HEMORRHAGE-DENS FRACTURE,1
RECURRENT ATRIAL TACHYCARDIA\LEFT ATRIAL TACHYCARDIAC ABLATION/SDA,1
DESENTITATION,1
RULE OUT BRAIN TUMOR/SDA,1
HYPOTENSION;PULMONARY EMBOLIS,1
RIGHT TEMPORAL ICH;ASPIRATION PNEUMONIA,1
HONK,1
"LYME CARDITIS,CONGESTIVE HEART FAILURE",1
RHABDOMYOLOSIS;ETOH INTOXICATION,1
SPLENIC BLEED,1
VOMITING; UNABLE TO TOLERATE PO,1
RENAL CELL CANCER; FAILURE TO THRIVE,1
SEPSIS;HYPOTENSION;HYPOXIC;OVARIAN CA,1
BREAST CANCER;FEVER;HYPOTENSION,1
AORTIC STENOSIS\CORONARY ARTERY BYPASS GRAFT?;  AVR /SDA,1
HEMOPTYSIS\BRONCHOSCOPY RIGID; W. ARGON PLASMA COAGULATION,1
CAROTID STENOSIS;S/P CVA\CAROTID ANGIOGRAM,1
"CAD,CRF\CORONARY ARTERY BYPASS GRAFT; WITH MVR",1
SECOND DEGREE BLOCK;? STROKE,1
POLYNEUROPATHY;FEVER,1
PANCREATITIS;FEVER,1
"CORONARY ARTERY DISEASE\CORONARY ARTERY BYPASS GRAFT WITH AVR, ? MVR/SDA",1
"SOB,BILATERALPUL, SVC TUMOR",1
URINARY TRACT INFECTION;LABILE BLOOD SUGAR;SEPSI,1
CORONARY ARTERY DISEASE\CORONARY ARTERY BYPASS GRAFT;REDO STERNOTOMY/SDA,1
HYPOTENNSION;ATN,1
SHORTNESS OF BREATH;?R/O TB,1
"FEVER,ORIGIN UNKNOWN;HYPOTENSION",1
CERVICAL LYMPHADENOPATHY,1
02-ADU,1
PERCARDITIS\ PERICARDECTOMY/SDA,1
PLEURITIC CHEST PAIN,1
LEG WEAKNESS;URINARY TRACT INFECTION,1
ANEMIA;? GI BLEEDING,1
HYPOTENSION;SINUS TACHYCARDIA,1
"ABD PAIN,EKG CHANGES,TELEMETRY",1
CORONARY ARTERY DISEASE\CORONARY ARTERY BYPASS GRAFT WITH AVR; ? OF ASCENDING AORTA/SDA,1
COPD FLARE-HYPOTENSION,1
BRADYCARDIA;LOW BLOOD PRESSURE,1
COMPLETE HEART BLOCK;SYNCOPE,1
"LUPUS FLARE, HYPERGLYCEMIA",1
LEFT RIB FRACTURES,1
OVERDOSE/HYPOXIA,1
CLOSED REDUCTION OF SHOULDER,1
HEPATIC ENCEPHALOPATHY-NSTEMI,1
"GANGRENE,BILATERAL FEET",1
5-7\CORONARY ARTERY BYPASS GRAFT /SDA,1
"ARF, UROSEPSIS",1
HYPERGLYCEMIA;HEADACHE;? SEIZURE,1
DEEP VEIN THROMBOSIS;POST OP INFECTION,1
BILE DUCT OBSTRUCTION\ERCP ,1
MITRAL REGURGITATION\ MITRAL VALVE REPLACEMENT REDO VIA RIGHT THORACOTOMY,1
CHEST PAIN;HYPERTENSIVE EMERGENCY,1
CONGESTIVE HEART FAILURE;PNEUMONIA;HYPERTENSION,1
EXCESS SKIN OF ABDOMINAL WALL/SDA,1
DIALATED AORTIC ROOT\BENTALL PROCEDURE/SDA,1
VERNTICULAR TACHYCARDIA,1
HEAD MAS,1
LEG CELLILITIS,1
CHEST PAIN/ ABNORMAL STRESS TEST,1
"MYOCARDIAL INFARCTION,PULMONARY EDEMA",1
UNSTABLE ANGINA;RULE-OUT MYOCARDIAL INFARCTION;TELEMETRY,1
PNEUMONIA;TACHYCARDIA;TELEMETRY,1
CLOTTED IV FISTULA,1
ATRIAL SEPTAL DEFECT\REPAIR ATRIAL SEPTAL DEFECT; TRICUSPID VALVE REPLACEMENT; RECONSTRUCTION OF ANOMATOUS PULMONARY VEIN/SDA,1
"DIABETIC ULCER, LEFT FOOT/SDA",1
"APLASTIC ANEMIA, PNH",1
CERVICAL SPINAL FX,1
DIVERTING COLOSTOMY/SDA,1
ANASARCA;CONGESTIVE HEART FAILURE,1
S T ELEVATION MYOCARDIAL INFARCTION\LEFT HEART CATHETERIZATION,1
LOWER GI BLEED/SDA,1
ACUTE MYOCARDIAL INFARCTION; AT. FIB,1
AAA\ RESECTION AORTIC ASCENDING ANEURYSM/SDA,1
"TACHY, DEHYDRATION",1
ATRIAL APPENDAGE\BILATERAL MINI THORACOTOMY;PULMONARY VEIN ISOLATION VIA ATRICARE BIPOLAR DEVICE;RESECTION OF ATRIAL APPENAGE/SDA,1
MIRRIZI SYNDROME/SDA,1
LEFT FRONTAL SUBDURAL,1
BREAST CA;NEUTROPENIA,1
AR\AORTIC VALVE REPLACEMENT; LIMITED ACCESS/SDA,1
PERIPJERAL VASCULAR DISEASE,1
WEAKNESS;R/O MENINGITIS;,1
FINGER CELLULITIS,1
OSTEOMYLITIS AND CELLULITIS OF LEFT FOOT,1
PENILE LACERATION-CELLULITIS,1
"DKA, DEHYDRATION, HEMATORIA",1
ACUTE MYELOGENOUS LEUKEMIA;DEEP VEIN THROMBOSIS,1
"CELLULITIS, GANGRENE, LEFT LEG",1
DECREASE TEMPERATURE;HYPERBILIRUBINEMIA,1
SYNCOPE;TELEMETRY;S/P FALL,1
PANCREATIC TRANSPLANT,1
CORONARY ARTERY DISEASE; PULMONARY HYPERTENSION; CHRONIC LIVER FAILURE; CHRONIC RENAL FAILURE\RIGHT AND LEFT HEART CATHETERIZATION,1
BILATERAL PLEURAL EFFUSIONS;PNEUMONIA,1
ANGINA;CORONARY ARTERY DISEASE;S/P CABG\CATH,1
 CAD\CORONARY ARTERY BYPASS GRAFT/SDA,1
RESPIRATORY COMPROMISE,1
"FALL,SUBDURAL HEMATOMA",1
WEAKNESS-RENAL FAILURE,1
MITRAL VALVE INSUFFICIENCY\CORONARY ARTERY BYPASS GRAFT WITH MVR /SDA,1
UNSTABLE ANGINA\LFT HEART CATH,1
CAD & ATRIAL MYXOMA\CORONARY ARTERY BYPASS GRAFT;MYXOMA EXCISION /SDA,1
THROAT PAIN,1
PELVIC ORGAN PROLAPSE; STRESS URINARY INCONTINENCE/SDA,1
HYPOGLYCEMIA-RESPIRATORY DISTRESS,1
MI\L HEART CATH,1
GASTROINTESTINAL BLEED;RULE-OUT MYOCARDIAL INFARCTION,1
COMPLETE HEART BLOCK; SYNCOPE\PACEMAKER IMPLANT,1
AORTIC STENOSIS;CORONARY ARTERY DISEASE\CORONARY ARTERY BYPASS GRAFT;AORTIC VALVE REPLACEMENT;MITRAL VALVE REPLACEMENT,1
"PNEUMONIA,FEVER,S/P TRANSPLANT",1
CHEST PAIN;CARDIAC ISCHEMIA\CARDIAC CATH,1
S/P MI; UNSTABLE ANGINA,1
CORONARY ARTERY DISEASE; VENTRICULAR TACHYCARDIA\VENTRICULAR TACHYCARDIA ABLATION,1
POLYMORPHIC VENTRICULAR TACHYCARDIA\CARDIAC CATH,1
CIRRHOSIS\REDO-TIPS  ** REMOTE WEST **/SDA,1
HEART FAILURE; HYPERTROPHIC OBSTRUCTIVE CARDIOMYOPATHY,1
SEPTIC LEFT TOTAL HIP REPLACEMENT/SDA,1
HYPERCALCEMIA;ALTERED MENTAL STATUS,1
COLITIS;SEPSIS,1
STROKE;TELEMETRY; ICH,1
ESOPHAGEL CANCER/SDA,1
CHEST PAIN; CORONARY DISEASE; HYPERTENSION\LEFT HEART CATHETERIZATION,1
S/P BILATERAL CRANIOTOMY,1
LYMPHOMA;HYPOXIA,1
LYMPHOMA;CHEMO,1
"S/P FALL,HIP FRACTURE",1
"FX HIP,R",1
MYOCARDIAL INFARCTION;HEART ATTACK;TELEMETRY,1
LUMBAR DISC HERNIATION,1
CORONARY ARTERY DISEASE;CHEST PAIN\CARDIAC CATHETERIZATION,1
R. FACIAL SWELLING/ R. MANDIBULAR REPAIR,1
ESOPHAGIO CA/SDA,1
BRADYCARDIA SHOCK,1
"MITRAL VALVE DISORDER\MITRAL VALVE REPAIR, ? MITRAL VALVE REPLACEMENT /SDA",1
ANTERIOR FLOOR OF MOUTH CA/SDA,1
CEREBELUM STROKE,1
LUNG CANCER;TELEMETRY,1
INTERMEDIATE CARE,1
AXILLARY EXPLORATION,1
CAROTID STENOSIS\ CAROTID ANGIOGRAM W/ STENT PLACEMENT AND INTERCRANIAL STENT PLACEMENT ; RIGHT/SDA,1
DIARRHEA;C-DIFF;TELEMETRY,1
"CORONARY ARTERY DISEASE,NON ST ELEVATION MI,SICK SINUS SYNDROME\LEFT ANTEN DESCENDING STENT ",1
TOXICITY,1
SIG VOLVULUS,1
CHF/HYPONATREMIA,1
"DKA, CHEST PAIN, SI",1
FACIAL SKIN LAXITY/SDA,1
ANGINA\CORONARY ARTERY BYPASS GRAFT /SDA,1
DEHISENCE OF WOUND,1
UPPER GASTROINTESTINAL BLEED;SEPSIS,1
MR\MITRAL VALVE REPLACEMENT; ?CABG/SDA,1
"TRACHEAL STENOSIS, SOB\BRONCHOSCOPY RIGID",1
ETOH CIRRHOSIS;TELEMETRY,1
ABDOMINAL WALL HERNIAS/SDA,1
CA BLADDER/SDA,1
ACUTE RENAL FAILURE;PULMONARY EDEMA;TELEMETRY,1
AORTIC STENOSIS\AVR & ? CORONARY ARTERY BYPASS GRAFT ,1
CHEST PAIN;SOB,1
PULMONARY HYPERTENSION/SDA,1
DEHYDRATION;DIARRHEA;LOWER EXTREMITY WEAKNESS;ANEMIA,1
GASTROINTESINAL BLEED,1
ELEVATED TEMP;S/P LIVER TRANSPLANT,1
PSYCHOGENIC LARYNGOSPASM,1
BILATERAL ANKLE FRACTURE,1
28 WEEKS PREGNANT;RESPIRATORY FAILURE,1
"RECTAL, VAGINAL FISTULA/SDA",1
RIGHT HEART CATH;HYPERTHROPIC CARDIOMYOPATHY;RENAL INSUFFICIENCY\RIGHT HEART CATHETERIZATION,1
CEREBRAL VASCULAR ACCIDENT VS TRANSIENT ISCHEMIC ATTACK,1
"SEPSIS,URINARY TRACT INFECTION",1
AFIB;CONGESTIVE HEART FAILURE,1
DEHYDRATION;HYPOKALEMIA;HYPONATREMIA;ARF;EKG CHANGES,1
"SOB, FEVER",1
BLAST CELL CRISIS;HYPERKALEMIA,1
CORONARY ARTERY DISEASE;MYOCARDIAL INFARCTION;RENAL FAILURE,1
CHEST PAIN; PEROCARDIAL EFFUSION,1
EMPHYSEMATOUS PYELITIS,1
ENCEPHALOPATHY;LIVER FAILURE,1
GASTROPARESIS;ACUTE ON CHRONIC RF,1
FLACID PARALYSIS,1
SMALL SUBDURAL,1
LUNG TUMOR LEFT/SDA,1
S/P LIVER TRANSPLANT QUESTION REJECTION,1
ACUTE LEAUKEMIA,1
NEW MASS,1
"ACUTE SUBDURAL HE,ATOMA",1
FEVER TRACH,1
CARDIAC ARRHYTMIA,1
ASPIRATION PNEUMONIA;CHRONIC OBST PULM DISEASE,1
ARTHYMIA;TELEMETRY,1
CONGESTIVE HEART FAILURE \ELECTROPHYSIOLOGY STUDY,1
ACIDEMIA,1
GUNSHOT TO CHEST,1
SQUAMOUS CELL CARCINOMA RIGHT SIDE OF NECK/SDA,1
ATRIAL SEPTAL DEFECT\REPAIR ATRIAL-SEPTAL DEFECT; ?MINIMALLY INVASIVE/SDA,1
CORONARY SRTERY DISEASE/SDA,1
"SIGMOID DIVERTICULITIS, COLOVESTICAL FISTULA/SDA",1
R/O DEHYDRATION,1
BRADYCARDIA;HYPOTENSION;SEPSIS,1
HIP FRACTURE;WRIST FRACTURE,1
"""TRACHEAL BRONCHIAL MALACIA\ BRONCHOSCOPY W/""""Y"""" STENT PLACEMENT""",1
SUPERIOR MESENTERIC ARTERY STENOSIS,1
RIGHT RENAL STONE DISEASE,1
STATUS POST MOTOR VEHICLE ACCIDENT WITH INJURIES;DROWNING,1
CELLULITIS; ? SEPSIS,1
G-TUBE FELL OUT,1
CORONARY ARTERY DISEASE\LEFT ANTERIOR DESCENDING ARTERY ANGIOPLASTY WITH STENT,1
PNEUMONIA;RAF,1
ACUTE RESPIRATORY FAILURE/AMR,1
PNEUMONIA-ANEMIA,1
LEFT LUNG TUMOR/SDA,1
PANCREACYSTIC MASS/SDA,1
ARF RETROPERITONEAL BLEED,1
SOB ? PE,1
TRACHEOBRONCHEO MALACEA/SDA,1
CORONARY ARTERY DISEASE;CARDIOGENIC SHOCK\LEFT ANTERIOR DESCENDING ARTERY; ANGIOPLASTY/STENT,1
JAW ABSCESS,1
RT SIDED SUB ARACHNOID HEMORRHAGE,1
"SYNOVIAL SARCOMA, RIGHT WRIST/SDA",1
ACUTE CORONARY SYNDROME\AORTIC VALVE REPLACEMENT/SDA,1
COFFEE GROUND EMESIS,1
CRITICAL AORTICSTENOSIS; GI BLEED,1
MULTIFOCAL ATRIAL TACHYCARDIA,1
ENDOMETRITIS; ACUTE RESPIRATORY DISTRESS SYNDROME,1
"MULTIPLE TRAUMA, SDH",1
TYPE 1 DISECTION,1
PLEURAL EFFUSION;HYPOTENSION,1
CEREBRAL VASCULAR ACCIDENT VS SEIZURE,1
PERICARDIAL HEMATOMA,1
CHEST PAIN;AORTIC STENOSIS;SHORTNESS OF BREATH,1
LEFT ADRENAL MASS/SDA,1
RT LEG ARTERIAL OCCLUSION,1
PNEUMONIA;PACE MAKER REPLACEMENT,1
LEG REPAIR S/P MVA,1
HYPOXIA;PULMONARY EMNBOLUS,1
L2 COMPRESSION FRACTURE/SDA,1
POSITIVE BLOOD CULTURE;BACTEREMIA,1
AORTIC STENOSIS MITRAL REGURGITATION,1
AORTIC STENOSIS\CORONARY ARTERY BYPASS GRAFT; WITH AVR/SDA,1
PNEUMONIA;CELLULITIS,1
"SDH;PNEUMONCEPHAMUS,BLUNT HEAD INJURY",1
ISCHEMIC RT FOOT,1
LOWER GASTROINTESTINAL BLEED;LUNG CANCER,1
TREUMA,1
COPD/RENAL FAILURE,1
WEAKNESS;RULE-OUT MYOCARDIAL INFARCTION;TELEMETRY,1
MITRAL VALVE REGURGETATION\MITRAL VALVE REPLACEMENT; WITH MAZE PROCEDURE/SDA,1
HYPONATREMIA;SHORTNESS OF BREATH,1
CARDIAC SCHEMIA;ABNORMAL ELETROCARDIOGRAM\LEFT HEART CATH,1
OBSTRUCTED KIDNEY STONE,1
CORONARY ARTERY DISEASE\CORONARY ARTERY BYPASS GRAFT; RADIAL ARTERY LEFT/SDA,1
"RRETROPERTONAL HEMATOMA,FEVER",1
BILAT FEMUR FRACTURES,1
RULE OUT AORTIC ROOT ABSCESS,1
DIABETIC KETOACIDOSIS;VOMITING,1
ACUTE RENAL FAILURE;R/O MI;HYPERKALEMIA,1
HYPOXIA-RESPIRATORY FAILURE,1
ILEUS;GASTROENTERITIS,1
INCREASING LEG WEAKNESS,1
GASTROINTESTINAL BLEED;VALVE DISEASE,1
"AF\THORACOSCOPIC MAZE PROCEDURE LEFT, PULMONARY VEIN ISOLATION, RESECTION LEFT ATRIAL APPENDAGE",1
AORTIC STENOSIS\AORTIC VALVE REPLACEMENT; ? CORONARY ARTERY BYPASS GRAFT; ? MAZE,1
"UNSTABLE ANGINA,CORONARY ARTERY DISEASE",1
HYPERTENSION-ACUTE RENAL FAILURE,1
S/P MI;CHEST PAIN;AORTIC STENOSIS\? CATH,1
RIGHT LUNG MASS;HEMOPTYSIS,1
FEVER;R/O ENDOCARDITIS,1
RT LOWER EXTREMITY CELLULITIS;MYOCARDIAL INFARCTION,1
S/P FALL;BLEEDING;HYPOTENSION,1
PNA/RF,1
INTTRACRANIAL HEMORRHAGE,1
ABDOMINAL PAIN;ATRIAL FIBRILLATION;CONGESTIVE HEART FAILURE,1
URINARY INCONTINENCE/SDA,1
ASCITES;RULE OUT SPONTANEOUS BACTERIAL PERITONITIS,1
PROGRESSIVE PARAPLEGIA,1
PNEUMONIA;URINARY TRACT INFECTION;AKI,1
INFECTED LEAD\RIGHT SIDED PACEMAKER LEAD EXTRACTION; REIMPLANTATION,1
CAROTID STENOSIS;RENAL INSUFFICIENCY\RIGHT CAROTID ANGIOGRAM,1
SUICIDAL IDEATION;PSYCH EVAL,1
SHUNT MALFUNCTION,1
CARDIAC STENOSIS\MITRAL VALVE REPLACEMENT; HEART PORT MINIMALLY INVASIVE/SDA,1
DIABETIC KETOACIDOSIS;MENTAL STATUS CHANGES,1
LOWER LIP CANCER/SDA,1
PANCREATITIS;SEPSIS;TELEMETRY,1
RPA;SUPRAGLOTITIS,1
RIGHT CEREBELLAR LESION/SDA,1
SEIZURE VS STROKE,1
RAPID ATRIAL FIBRILLATION;PULMONARY EDEMA,1
MULTIPLE MYELOMA\BONE MARROW TRANSPLANT ,1
FEVER;CELLULITIS,1
THORACOABDOMINAL ANEURYSM,1
POSTERIOR COMMUNICATING ARTERY ANEURYSM/SDA,1
VOLUME DEPLETION ,1
? AORTIC DISSECTION,1
BENTEL PROCEDURE,1
CORONARY ARTERY DISEASE\AORTIC VALVE REPLACEMENT; ?MVR/SDA,1
FIBROIDS & MENORRHAGIA/SDA,1
"NAUSEA,VOMITING,CHOLECYSTITIS",1
ATRIAL FIBRILLATION\AORTIC VALVE REPLACEMENT ? CORONARY ARTERY BYPASS GRAFT /SDA,1
S/P TRACHEA,1
GASTROINTESTINAL BLEEDING;EVOLVING MYOCARDIAL INFARCTION,1
"MS CHANGE,SHOCK",1
LIVER FAILURE;TELEMETRY,1
LEFT ATRIAL TUMOR,1
? INFECTED AORTA GRAFT,1
HYPOTHERMIA-HYPOTENSION,1
COLECTOMY LEAK,1
RIGHT SIDE FRONTAL BRAIN LESION/SDA,1
ATHERSCLEROSIS W/ ULCER/SDA,1
INFECTED RIGHT FOOT;IV ANTIBIOTIC,1
RULE-OUT MYOCARDIAL INFARCTION;S/P PACER,1
COLANGITIS,1
RIGHTBRONCHUS MASS,1
"GLIOBLASTOMA, S/P FALL",1
PLEURAL EFFUSION;SEPSIS,1
ACUTE PARATITIS,1
RESPIRATORY SYSTEM DISEASE,1
CHAST PAIN\CATH,1
AORTIC VALVE DISEASE;CHF,1
PERIPHERAL VASCULAR DISEASE;RENAL INSUFFICIENCY\LEG ANGIOGRAM;AA RUNOFF,1
CHRONIC OBSTRUCTIVE PULMONARY DISEASE;CHOLANGITIS,1
AORTIC STENOSIS\AORTIC VALVE / ASCENDING AORTA REPLACEMENT; REDO STERNOTOMY/SDA,1
INTRAPERENCHYMAL BLEED,1
AORTIC VALVE STENOSIS\AORTIC AND MITRAL VALVE REPLACEMENT ,1
"HYPERKALEMIA, ACUTE RENAL FAILURE",1
PSEUDO ANEURYSM/SDA,1
END STAGE RENAL DISEASE;FAILED AV GRAFT;SEPSIS,1
FEVER;LOW PLATELETS,1
"BRAIN TUMOR, MENTAL STATUS CHANGES",1
HARDWARE INFECTION,1
MYOCARDIAL INFARCTION;DIZZINESS\CATH,1
RULE-OUT MYOCARDIAL INFARCTION;TELEMETRY;?CVA,1
THALAMUS HEMORRHAGE,1
+ETT\LEFT HEART CATHETERIZATION,1
DYSPEA,1
THORACIC AORTIC ANEURSYM/SDA,1
PNEMOTHORAX CHRONIC AIR LEAK,1
"S/P FALL,HAND INJURY",1
UROSEPSIS; MENTAL STATUS CHANGES,1
ALCHOLHOL W/D,1
ANGINA;CORONARY ARTERY DISEASE;RIGHT CORONARY ARTERY STENOSIS\ANGIOPLASTY WITH RIGHT CORONARY ARTERY STENT PLACEMENT/SDA,1
ST SEGMENT ELEVATION MYOCARDIAL INFARCTION\LEFT HEART CATHETERIZATION,1
L SIDED PNEUMOTHORAX,1
TRACHAEL MASS/SDA,1
RECURRENT VENTRICULAR TACHYCARDIA\VENTRICULAR TACHYCARDIA ABLATION /SDA,1
STERNAL WOUND INFECTION;FEVER,1
ENDOBRONCHIAL TUMOR,1
SHORTNESS OF BREATH;AORTIC STENSIS;ANEMIA,1
TRACHEALBRONCHOMALACIA,1
AORTIC STENOSIS; MITRAL REGURGITATION\AORTIC AND MITRAL VALVE REPLACEMENT ,1
PERICARDIAL EFFUSION;RIGHT HIP FRACTURE,1
BRADYCARDIA;HYPOTENSIVE;PACER REQUIRED,1
SHORTNESS OF BREATH;PALPITATIONS,1
S/P KIDNEY PANCREAS TRANSPLANT;DEHYDRATION,1
"ICH,RIB FX",1
CHEST PAIN;NON-Q-WAVE MYOCARDIAL INFARCTION,1
HYDROCEPHALIS/METASTATIC MELANOMA/SDA,1
JEJUNAL INTERSUSSCEPTION,1
ACUTE IMI\LEFT HEART CATHETERIZATION,1
R/I MI,1
FOURNIER'S GANGRENE;ANEURYSM,1
SLEEP APNEA;AIRWAY DISEASE;HYPERTENSION,1
OBSTRUCTING RENAL STONE;URINARY TRACT INFECTION;PYELONEPHRITIS,1
HEAD INJURY;S/P BICYCLIST ACCIDENT,1
BACTEREMIA; BACK PAIN,1
APICAL ISCHEMIA\CATH,1
VIRAL MENINGITIS;BRADYCARDIA,1
STATUS POST KIDNEY TRANSPLANT;?REJECTION,1
AORTIC STENOSIS;ABNORMAL STRESS TEST\CATH,1
CHRONIC OBSTRUCTIVE PULMOMARY DISEASE,1
TACHYCARDIA;CONGESTIVE HEART FAILURE,1
RIGHT HIP WOUND,1
LARYNGEAL STENOSIS/SDA,1
ENDOMETRIAL CANCER,1
COLON CANCER W/ METASTASIS LIVER/SDA,1
SUBCLAVIAN STEAL PHENOMENMA/SDA,1
TRACH OUT,1
CHEST PAIN/SEPSIS,1
"RUPTURED ANGIOMIOLIPOMA, RIGHT/SDA",1
LICA ANEURYSM/SDA,1
UNSTABLE ANGINA;CONGESTIVE HEART FAILURE\CATH,1
RULE OUT LYMPHOMA,1
TRANSAMINITIS;TELEMETRY,1
ETOH OVERDOSE; BENZO OD,1
STATUS POST COLECTOMY;RENAL FAILURE;SEPSIS,1
"OSTEOMYELITIS, RIGHT LEG",1
HEAD BLEED;PNEUMONIA,1
COLOCUTANEOUS FISTULA,1
CRD\CORONARY ARTERY BYPASS GRAFT /SDA,1
BREAST CANCER; FTT,1
STATUS POST VENTRICULAR FIBRILLATION ARREST\LET HEART CATHETERIZATION;IMPLANTABLE CARDIOVERTER DEFIBRILLATOR IMPLANT /SDA,1
SUBCLAVIAN VEIN COMPRESSION SYNDROME,1
PNEUMONIA; CELLULITIS; ? SEIZURES,1
NASOPHARNGEAL CA,1
UNSTABLE ANGINA\RIGHT AND LEFT CATH,1
LEFT FRONTAL CEREBRAL CONTUSION,1
DIVERTICULITIS;FEVER,1
RETRO-PERITONEAL BLEED;SACRAL FRACTURE,1
ATRIAL SEPTAL DEFECT\MINIMALLY INVASIVE ATRIAL SEPTAL DEFECT CLOSURE/SDA,1
CHF;CORONARY ARTERY DISEASE\CORONARY ARTERY BYPASS GRAFT; WITH MVR/SDA,1
MANDIBLE FX;HIP FX; WRIST FX,1
SEVERE MR\MITRAL VALVE REPLACEMENT; W/ ? LVAD BACKUP ? RVAD BACKUP/SDA,1
FATIGUE;DEHYDRATION;LUNG MASS,1
FALL/HEAD INJURY,1
EXPLORTARY LAP/? PERFORATED BOWEL,1
CIRRHOSIS-ASCITES-HEPATITIS C,1
MR\ BENTAL PROCEDURE REDO; MITRAL VALVE REPLACEMENT W/ TVR/SDA,1
S/P MPOTOR VEHICLE ACCIDENT,1
ATRIAL FIBRILATION\PHARMACOLOGICAL / NON PHARM MGMT AFIB ABLATION **REMOTE WEST** /SDA,1
END STAGE RENAL DISEASE; FLUID OVERLOAD AND CHF,1
INFECTED OBSTRUCTED KIDNEY STONE,1
C7 FRACTURE-S/P FALL,1
ATRIAL SEPTAL DEFECT;PATENT FORAMEN OVALE\MINIMALLY INVASIVE PATENT FORAMEN OVALE ,1
AORTIC STENOSIS\RIGHT HEART CATH;LEFT HEART CATH,1
MITRAL REGURGITATION\MINI MITRAL VALVE REPLACEMENT /SDA,1
CHEST PAIN; RULE OUT CORONARY ARTERY DISEASE\LEFT HEART CATHETERIZATION,1
BREAST CANCER/AIRWAY OBSTRUCTION/SDA,1
MYOCARDIAL INFARCTION\LEFT HEART CATH,1
CORONARY ARTERT DISEASE\CORONARY ARTERY BYPASS GRAFT /SDA,1
PROGRESSIVE RESPIRATORY DISEASE,1
STROKE;TELEMETRY; TRANSIENT ISCHEMIC ATTACK,1
S/P MVC;LIVER LACERATION;RIGHT ANKLE FRACTURE,1
LOWER BI BLEED,1
DIARETIC RESISTANT ASCITES W/ CIRRHOSIS\TIPS  ** REMOTE WEST ** INR STE/SDA,1
ASTHMA;CONGESTIVE HEART FAILURE,1
THROMBOSED AORTIC DISSECTION,1
HYPERTENSIVE URGENCY-HYPOGLYCEMIA,1
BLUNT TAUMA,1
LUNG CANCER; CENTRAL AIRWAY OBSTRUCTION,1
ACUTE RENAL FAILURE;METASTATIC OVARIAN CANCER,1
VISCERAL ARTERY ANEURYSM/SDA,1
CHRONIC RENAL INSUFFICIENCY;SYMPTOMATIC INTERNAL CAROTID ARTERY\CAROTID ANGIOGRAM,1
SUBDURAL HEMATOMA;MIDBRAIN BLEED,1
COILING,1
R-SIDED WEAKNESS,1
POSTERIOR NASAL BLEED,1
"NAUSEA, DYSPNEA",1
COLD ISCHEMIC LEG,1
CHEST PAIN;CORONARY ARTERY DISEASE\CARDIAC CATHETERIZATION,1
CORONARY ARTERY DISEASE; NON ST ELEVATION MYOCARDIAL INFARCTION\RUT STENT,1
SYSTEMIC INFLAMMATORY RESP SYNDROME,1
OSTEORADIONECROSIS OF MANDIBLE/SDA,1
HYPERTENSION;URINARY TRACT INFECTION,1
STROKE;HEAD BLEED WITH SHIFT,1
ALTERED MENTAL STATUS; HYPERNATREMIA,1
CAROTID ARTERY STENOSIS\CAROTID ANGIOGRAM AND STENT,1
FEVER; ASCITES; SOB,1
C-2 FRACTURE,1
CELLULIITIS-SEPSIS,1
SHORTNESS OF BREATH; LUNG CANCER,1
S/P POSTERIOR FOSA DECOMPRESSION,1
ACUTE PANCREATITIS; ETHANOL ABUSE,1
INCREASING ANGINA\LEFT HEART CATHETERIZATION,1
THROAT INFECTION,1
? PYELONEPHRITIS,1
"SYNCOPE,SAIT",1
LUKEMIA,1
MULTIFOCAL PNA,1
CAROTID ARTERY STENOSIS\CAROTID ARTERY ANGIOGRAM WITH STENT PLACEMENT,1
NON-INSULIN DEPENDANT DIABETES MELLITUS;COAGULOPATHY,1
BLADDER AND KIDNEY CA/SDA,1
PATIENT FORAMEN OVALE\ PATENT FORAMEN OVALE MINIMALLY INVASIVE/SDA,1
CRITICAL AORTIC STENOSIS;RENAL FAILURE,1
"SOB,R/O CHF",1
PEMPHIGUSKIN CONDITION,1
ICD LEAD RECALL\ICD LEAD EXTRACTION W/UPGRADE BiV ICD ? EPICARDIAL LEAD PLACEMENT ,1
SUBARACHNOID HEMORRHAGE;INTRAPARENCHYMAL BLEED,1
"CAD & AORTIC STENOSIS\CORONARY ARTERY BYPASS GRAFT, RE-DO;AORTIC VALVE REPLACEMENT/SDA",1
INFLAMMATORY BOWEL DISEASE,1
ABDOMINAL PAIN;ASCITES;TAHYCARDIA,1
COPD EXACERBATION;URINARY TRACT INFECTION,1
INTERCEREBRAL HEMORRHAGE,1
SPINAL METS;NAUSEA;VOMITING,1
RAPID A- FIB/PNEUMONIA,1
ENDOCARDITIS;PNEUMONIA,1
NON Q WAVE MYOCARDIAL INFARCTION\CARDIAC CATHETERIZATION,1
RENAL FAILURE;HEMATURIA;PROSTATE CA,1
LUNG CANCER/AIRWAY OBSTRUCTION,1
AORTIC VALVE VEGETATION,1
PERICARDIAL MASS,1
BILIARY OBSTRUCTION;RESPIRATORY FAILURE,1
MULTIPLE SCLEROSIS;UROSEPSIS;SEIZURE,1
ANKLE FX,1
"LACERATIONS ARMS,THROAT",1
ANEMIA;ATRIAL FIBRILLATION;ETOH WITHDRAWAL,1
FEVER-FOOT WOUND,1
OPEN LEFT KNEE FX,1
"SEPSIS,COLONIC OBSTRUCTION",1
GLIOBLASTOMA MULTIFORM,1
CHEST PAIN;INFERIOR ISCHEMIA;MITRAL REGURGITATION\CARDIAC CATH;POSSIBLE ANGIOPLASTY,1
SUBARACHNIOD HEMORRHAGE,1
ALTERED MENTAL STATUS-HYPOTHERMIA,1
"AORTIC STENOSIS\AORTIC VALVE REPLACEMENT, ? CORONARY ARTERY BYPASS GRAFT/SDA",1
ACUTE ABDOMINAL PAIN;COLECTOMY;HYPOTENSION,1
C7 SPINAL FRACTURE,1
G TUBE OUT,1
POLYCHONDRITIS;AIRWAY OBSTRUCTION,1
RECURRENT CAROTID STENOSIS\ CAROTID ANGIOGRAM/SDA,1
CCY,1
"FACIAL TRAUMA,INTRACEREBRAL HEMATOMA",1
"CHF,ARF",1
NON-HEALING RIGHT FOOT ULCER\PERIPHERAL ANGIOGRAM,1
HYPERTENSION;ANGINA;ABNORMAL STRESS TEST\CORONARY AND RENAL ANGIOGRAM,1
HANGING INJURY,1
ACUTE LIVER INJURY,1
BASAL ANEURYSM,1
S/P GASTRIC BY PASS;SHORTNESS OF BREATH,1
DYSPNEA-COPD EXACERBATION,1
LIVER FAILURE;TRANSPLANT PRE-OP,1
NEW LEFT BUNDLE BRANCH BLOCK;CORONARY ARTERY DISEASE\CATH,1
"TACHYCARDIA,ETOH WITHDRAWAL SYNCOPE",1
RENAL CELL MET'S\ CEREBRAL EMBOLICATION/SDA,1
DIABETIC KETOACIDOSIS;HYPOTENSION;NSTEMI,1
SUICIDAL IDEATION;ETOH WITHDRAWAL,1
ABDOMINAL PAIN;LEFT KIDNEY STONE;NEUTROPENIA,1
ATRIAL FIBRILLATION\BILATERAL THORACOSCOPIC MINI MAZE PROCEDURE WITH LEFT ATRIAL APPENDAGE RESECTION -MEDTRONIC ABLATION SYSTEM ,1
"LUNG CARCINOMA, RIGHT/SDA",1
LEFT HAND 3RD DIGIT;INFECTION;;IV ANTIBIOTICS,1
LEFT CALF AND HEEL INFECTION,1
INFECTED PELVIC MASS,1
S/P IMI,1
"BRAIN TUMOR,ASPIRATION PNEUMONIA",1
RECURRENT DYSPNEA,1
SEIZURES;TOTAL HIP REPLACEMENT,1
CORONARY ARTERY DISEASE;R/O MI,1
ABDOMINAL PAIN;COLITIS,1
SYNCOPE;TELEMETRY;THIGH LACERATION,1
ST ELEVATION MYOCARDIAL INFARCTION;CORONARY ARTERY DISEASE\CARDIAC CATHETERIZATION,1
HYPOXIA;ACUTE RENAL FAILURE;TELEMETRY,1
VARICEAL BLEED;CIRRHOSIS,1
LARGE ABDOMINAL FISTULA,1
SEPTIC LT HIP REPLACEMENT/SDA,1
MITAL VALVE AND AORTIC STENOSIS\ AORTIC AND MITRAL VALVE REPLACEMENT/SDA,1
AORTIC STENOSIS\ BENTAL PROCEDURE WITH HOMOGRAFT/SDA,1
ASCITES;PLEURAL EFFUSION,1
FUNGAL PNEUMONIA,1
S/P FALL/R/O SPINAL CORD INJURY,1
LACERATED CERVIX,1
CRITICAL CAROTID STENOSIS\CAROTID ANGIOGRAM,1
PURULENT STERNAL INCISION WOUND,1
ATRIAL FLUTTER\ATRIAL FLUTTER ABLATION;TRANSESOPHAGEAL ECHOCARDIOGRAM,1
DYSPNEA; HYPOXEMIA,1
UNSTABLE ANINA,1
GASTROINTESTINAL BLEED;HYPOTENSIVE,1
POST-OP BLEEDING,1
"GASTROENTERITIS,CHEST PAIN",1
PNEUMONIA-HYPOTENSION,1
CHEST PAIN;+ ETT;ANGINA\CATH ,1
S/P FALL WITH CERVICAL FRACTURE,1
MYOCARDIAL INFARCTION;HYPOXIA,1
MITRAL VALVE DISORDER\MVR ? ASCENDING AORTA REPLACEMENT/SDA,1
"MULT TRAUMA,S/P MVA",1
"ALTERED MENTAL STATUS,ACUTE MI",1
PANCREATIC CANCER;RESPIRATORY FAILURE\WHIPPLE PROCEDURE,1
MITRAL REGURGITATION\MINIMALLY INVASIVE REPAIR VS MITRAL VALVE REPLACEMENT/SDA,1
AORTIC STENOSIS;DYSPNEA\BENTAL PROCEDURE /SDA,1
LOWER EXTREMITY ARTERIAL INSUFFICIENCY,1
PINEAL REGION EPIDIMOID/SDA,1
SEPSIS;ACUTE RESPIRATORY DISTRESS SYMDROME,1
PULMONARY VASCULITIS,1
37 WEEKS;ATRIAL FIBRILLATION;TELEMETRY;TACHYCARDIA,1
AVM ? BLEED,1
PERIPHERAL VASCULAR DISEASE\RIGHT LOWER EXTREMITY ANGIOGRAM,1
A TYPICAL CHEST PAIN\CARDIAC CATHETERIZATION,1
S/P LIVER TRANSPLANT;HEPATIC ARTERY THROMBOSIS,1
? INGESTION,1
L3-L4 SPONDYLOLISTHESIS LEFT/SDA,1
S/P A-SYSTOLIC CARDIAC ARREST;TELEMETRY,1
LEFT KNEE PAIN;WEAKNESS,1
"RENAL FAILURE, GASTROCUTANEOUS FISTULA",1
MOTORCYCLE ACCIDENT;SUBARACHNOID HEMORRHAGE,1
"CHEST PAIN,GALLSTONE,PANCREATITIS",1
AORTIC STENOSIS\CORONARY ARTERY BYPASS GRAFT; W/AVR/SDA,1
CONGESTIVE HEART FAILURE;CARDIOMYOPATHY\BIVENTRICULAR PACEMAKER PLACEMENT/SDA,1
HEMETEMESIS;GASTROINTESTINAL BLEEDING,1
CHOLECYSTITIS;ATRIAL FIBRILLATION WITH RVR,1
AORTIC VALVE DISORDER\AORTIC VALVE REPLACEMENT ,1
INHALATION INJURY,1
CAROTID STENOSIS\CAROTID STENT PLACEMENT/SDA,1
HEMORRAGIC STROKE;TELEMETRY,1
MENTAL STATUS CHANGES;LIVER CANCER,1
LEFT UPPER LOBE NODULES'/SDA,1
OSTEOMYELITIS\BILATERAL LEG ANGIOGRAM,1
RENAL FAILURE;ANASARCA,1
INFECTED PANCREATIC PSEUDO-CYST,1
S/P LIVER TRANSPLANT;REJECTION,1
CHRONIC MYELOGENOUS LEUKEMIA;FEVER;HYPERKALEMIA,1
PERICARDIAL EFFUSION;PERICARDIAL TAMPONADE\PERICARDIOCENTESIS,1
CHRON'S DISEASE;THROMBOCTOPENIA;CVID,1
LOEWR GI BLEED,1
METASTATIC COLON CANCER/SDA,1
+ETT;UNSTABLE ANGINA\CATH,1
KIDNEY CANCER;R/O CORD COMPRESSION,1
FIDELIS LEAD FRACTURE\IMPLANTABLE CARDIOVERER DEFIBRILLATOR FIDELIS LEAD EXTRACTION/SDA,1
ENDSTAGE RENAL DISEASE,1
HEPATIC ENCHEPHALOPATHY,1
FEMUR-TIBIAL AND C2 FRACTURE,1
CORONARY ARTERY DISEASE;RECURRENT PAIN\CATH WITH BRACHY S/B,1
LIVER LACERATION;S/P MOTOR VEHICLE ACCIDEMT,1
RT BASOGANLIA HEMORRHAGE,1
"STAB WOUND,LEFT CHEST;STAB WOUND,SHOULDER",1
R SUBDURAL HEMATOMA,1
SEIZURE;ETOH WITHDRAWAL,1
INTERTROCH FX,1
ST-SEGMENT ELEVATION MYOCARIAL INFARCTION\CARDIAC CATH,1
SUBTHERAPEUTIC INR;EPISTAXIS;ACUTE RENAL FAILURE,1
MITRAL VALVE DISORDER\MITRAL VALVE REPAIR VERSUS REPLACEMENT; CORONARY ARTERY BYPASS GRAFT; MAZE/SDA,1
CHARCOT DEFORMITY LEFT FOOT/SDA,1
THORACIC AORTIC ANEURYSM\BENTAL PROCEDURE /SDA,1
END STAGE RENAL DISEAS;PANCREATITIS;LUPUS,1
