diagnosis,category
HYPOXIA,respiratory
SMALL BOWEL OBSTRUCTION,gastrointestinal
BRAIN MASS,neurological
BRAIN TUMOR/SDA,neurological
WEAKNESS,symptoms_unspecified
CHOLANGITIS,hepatobiliary
HYPONATREMIA,endocrine_metabolic
HEMOPTYSIS,respiratory
STEMI,cardiovascular
PULMONARY EMBOLIS,cardiovascular
MYOCARDIAL INFARCTION\CATH,cardiovascular
UROSEPSIS,infectious
STROKE/TIA,neurological
BRADYCARDIA,cardiovascular
CHOLECYSTITIS,hepatobiliary
BOWEL OBSTRUCTION,gastrointestinal
ABDOMINAL AORTIC ANEURYSM/SDA,cardiovascular
CHEST PAIN;TELEMETRY,symptoms_unspecified
ST ELEVATED MYOCARDIAL INFARCTION,cardiovascular
DEHYDRATION,endocrine_metabolic
ETOH WITHDRAWAL,psychiatric
PERICARDIAL EFFUSION,cardiovascular
SYNCOPE;TELEMETRY,cardiovascular
PREMATURITY,pregnancy_obstetric
ACUTE MYOCARDIAL INFARCTION\CATH,cardiovascular
ABDOMINAL AORTIC ANEURYSM,cardiovascular
SUBDURAL HEMORRHAGE,neurological
ESOPHAGEAL CA/SDA,oncology
INTRAPARENCHYMAL HEMORRHAGE,neurological
HYPERKALEMIA,endocrine_metabolic
CEREBROVASCULAR ACCIDENT,neurological
PLEURAL EFFUSION,respiratory
UNSTABLE ANGINA\CATH,cardiovascular
RENAL FAILURE,renal
STATUS POST MOTOR VEHICLE ACCIDENT WITH INJURIES,trauma_injury
TRAUMA,trauma_injury
AORTIC STENOSIS,cardiovascular
ASTHMA/COPD EXACERBATION,respiratory
SEIZURES,neurological
STROKE;TELEMETRY,neurological
ENDOCARDITIS,infectious
UNRESPONSIVE,symptoms_unspecified
+ETT\CATH,postoperative_surgical
PULMONARY EMBOLISM,cardiovascular
ASTHMA;CHRONIC OBST PULM DISEASE,respiratory
FAILURE TO THRIVE,other
NON-ST SEGMENT ELEVATION MYOCARDIAL INFARCTION,cardiovascular
STROKE,neurological
HYPOGLYCEMIA,endocrine_metabolic
VENTRAL HERNIA/SDA,gastrointestinal
CORONARY ARTERY DISEASE\ANGIOPLASTY,cardiovascular
ICH,neurological
MITRAL REGURGITATION,cardiovascular
MENINGITIS,infectious
HEAD TRAUMA,trauma_injury
CAROTID STENOSIS\CAROTID ANGIOGRAM,cardiovascular
CONGESTIVE HEART FAILURE;TELEMETRY,cardiovascular
EPIDURAL ABSCESS,infectious
R/O MI,cardiovascular
S/P ARREST,other
CARDIOGENIC SHOCK,cardiovascular
S/P ASSAULT,trauma_injury
ACUTE LEUKEMIA,hematologic
BLADDER CANCER/SDA,oncology
ASCITES,gastrointestinal
BRIGHT RED BLOOD PER RECTUM,gastrointestinal
ACUTE MI,cardiovascular
INCISIONAL HERNIA/SDA,gastrointestinal
S/P FALL;TELEMETRY,trauma_injury
CHF EXACERBATION,cardiovascular
HEMOTHORAX,respiratory
HYPOTHERMIA,other
MR\MITRAL VALVE REPLACEMENT MINIMALLY INVASIVE APPROACH/SDA,cardiovascular
CLAUDICATION/SDA,cardiovascular
HYDROCEPHALUS,neurological
RETROPERITONEAL BLEED,trauma_injury
EPIDURAL HEMATOMA,trauma_injury
DRUG REFRACTORY ATRIAL FIBRILLATION\PULMONARY VEIN ISOLATION  **REMOTE WEST**/SDA,cardiovascular
CORONARY ARTERY DISEASE\CORONARY ARTERY BYPASS GRAFT WITH MVR /SDA,cardiovascular
FALL,trauma_injury
JAUNDICE,hepatobiliary
BLADDER CA/SDA,oncology
UPPER GI BLEED;TELEMETRY,gastrointestinal
STAB WOUND,trauma_injury
UNSTABLE ANGINA\LEFT HEART CATHETERIZATION,cardiovascular
RESPIRATORY ARREST,respiratory
CHANGE IN MENTAL STATUS,symptoms_unspecified
HEART BLOCK,cardiovascular
ACUTE MYOCARDIAL INFARCTION\CARDIAC CATH,cardiovascular
END STAGE RENAL DISEASE,renal
DEEP VEIN THROMBOSIS,cardiovascular
MYOCARDIAL INFARCTION\CARDIAC CATH,cardiovascular
TRACHEOBRONCHOMALACIA/SDA,respiratory
ANGINA,cardiovascular
CVA,neurological
HEAD MASS,oncology
S/P MVA,trauma_injury
LIVER MASS/SDA,oncology
CHEST PAIN;+ETT\CATH,symptoms_unspecified
VARICEAL BLEED,gastrointestinal
PELVIC FRACTURE,trauma_injury
AORTIC STENOSIS\AORTIC VALVE REPLACEMENT,cardiovascular
AORTIC STENOSIS\CORONARY ARTERY BYPASS GRAFT WITH AVR /SDA,cardiovascular
CORONARY ARTERY DISEASE\CARDIAC CATH,cardiovascular
LUNG CANCER/SDA,oncology
CAROTID STENOSIS/SDA,cardiovascular
SPLENIC LACERATION,trauma_injury
BRAIN TUMOR,neurological
GUN SHOT WOUND,trauma_injury
MOTOR VEHICLE ACCIDENT,trauma_injury
SEPTIC SHOCK,infectious
ASPIRATION PNEUMONIA,respiratory
S/P PEDESTRIAN STRUCK,trauma_injury
STROKE-TRANSIENT ISCHEMIC ATTACK,neurological
STERNAL WOUND INFECTION,infectious
ORGAN DONOR ACCOUNT,other
INTRACRANIAL HEMORRHAGE;TELEMETRY,neurological
TACHYCARDIA,cardiovascular
LUMBAR STENOSIS/SDA,musculoskeletal
ASTHMA,respiratory
CHRONIC RENAL FAILURE/SDA,renal
BRAIN MASS/SDA,neurological
UTI/PYELONEPHRITIS,genitourinary
BRAIN ANEURYSM/SDA,neurological
ENCEPHALOPATHY,neurological
HEART FAILURE,cardiovascular
MOTOR VEHICLE ACCIDENT WITH UNSPECIFIED INJURIES,trauma_injury
CONGESTIVE HEART FAILURE\CATH,cardiovascular
CORONARY ARTERY DISEASE\CORONARY ARTERY BYPASS GRAFT,cardiovascular
PELVIC MASS/SDA,oncology
BACTEREMIA,infectious
GASTROINTESTINAL BLEED;TELEMETRY,gastrointestinal
FEMUR FRACTURE,trauma_injury
ANGINA\CATH,cardiovascular
NON Q MI\CATH,cardiovascular
SUBARACHNOID HEMATOMA,neurological
AORTIC STENOSIS\CATH,cardiovascular
LUNG CANCER,oncology
CHRONIC RENAL FAILURE,renal
MOTOR VEHICLE ACCIDENT\INJURIES,trauma_injury
ANEURYSM,cardiovascular
HEMATURIA,genitourinary
ETOH INTOXICATION,toxicology_poisoning
PNEUMOTHORAX,respiratory
DIVERTICULITIS,gastrointestinal
ASTHMA EXACERBATION,respiratory
CAD,cardiovascular
MULTIPLE TRAUMA,trauma_injury
HIP FRACTURE,trauma_injury
CORONARY ARTERY DISEASE\CORONARY ARTERY BYPASS GRAFT WITH AVR /SDA,cardiovascular
CEREBRAL ANEURYSM/SDA,neurological
INTRACRANIAL BLEED,neurological
SYNCOPE,cardiovascular
HEADACHE,neurological
AORTIC STENOSIS\AORTIC VALVE REPLACEMENT/SDA,cardiovascular
S/P CARDIAC ARREST,cardiovascular
COPD EXACERBATION,respiratory
ANGIOEDEMA,other
ESOPHAGEAL CANCER/SDA,oncology
HYPERGLYCEMIA,endocrine_metabolic
MORBID OBESITY/SDA,endocrine_metabolic
COMPLETE HEART BLOCK,cardiovascular
ANEURYSM/SDA,neurological
PULMONARY EDEMA,cardiovascular
ATRIAL FIBRILLATION,cardiovascular
MENTAL STATUS CHANGES,neurological
HYPERTENSIVE EMERGENCY,cardiovascular
RULE-OUT MYOCARDIAL INFARCTION;TELEMETRY,cardiovascular
WOUND INFECTION,infectious
HEPATIC ENCEPHALOPATHY,hepatobiliary
VENTRICULAR TACHYCARDIA,cardiovascular
PNEUMONIA;TELEMETRY,infectious
LUNG CA/SDA,oncology
PANCREATIC MASS/SDA,oncology
AIRWAY OBSTRUCTION,respiratory
CHEST PAIN\CARDIAC CATH,cardiovascular
TYLENOL OVERDOSE,toxicology_poisoning
COLITIS,gastrointestinal
ALCOHOL WITHDRAWAL,psychiatric
POLYTRAUMA,trauma_injury
PULMONARY EMBOLUS,cardiovascular
PEDESTRIAN STRUCK,trauma_injury
HEAD INJURY,trauma_injury
SEPSIS;TELEMETRY,infectious
HYPERTENSION,cardiovascular
URINARY TRACT INFECTION,genitourinary
HYPERTENSIVE URGENCY,cardiovascular
END STAGE LIVER DISEASE,hepatobiliary
CHRONIC OBST PULM DISEASE,respiratory
CIRRHOSIS,hepatobiliary
LYMPHOMA,hematologic
LEUKEMIA,hematologic
SCOLIOSIS/SDA,musculoskeletal
BACK PAIN,symptoms_unspecified
SAH,neurological
LIVER LACERATION,trauma_injury
LIVER TRANSPLANT,hepatobiliary
MENINGIOMA/SDA,neurological
DIARRHEA,gastrointestinal
ST ELEVATION MI,cardiovascular
CORONARY ARTERY DISEASE\CORONARY ARTERY BYPASS GRAFT; WITH AVR/SDA,cardiovascular
CONGESTIVE HEART FAILURE;PNEUMONIA,cardiovascular
INTRACEREBRAL HEMORRHAGE,neurological
ISCHEMIC BOWEL,gastrointestinal
COPD FLARE,respiratory
APPENDICITIS,gastrointestinal
CEREBRAL VASCULAR ACCIDENT,neurological
STROKE;TIA,neurological
TRANSIENT ISCHEMIC ATTACK,neurological
CAROTID STENOSIS,cardiovascular
NECROTIZING PANCREATITIS,gastrointestinal
INTERCRANIAL HEMORRHAGE,neurological
"STROKE,TRANSIENT ISCHEMIC ATTACK",neurological
HEPATIC FAILURE,hepatobiliary
MITRAL STENOSIS\MITRAL VALVE REPLACEMENT /SDA,cardiovascular
ACUTE PANCREATITIS,gastrointestinal
PERFORATED BOWEL,gastrointestinal
MESENTERIC ISCHEMIA,gastrointestinal
S/P MI\CATH,cardiovascular
DIVERTICULITIS/SDA,gastrointestinal
GALLSTONE PANCREATITIS,gastrointestinal
FEBRILE NEUTROPENIA,infectious
ALTERED MENTAL STATUS;TELEMETRY,neurological
AORTIC ANEURYSM,cardiovascular
ABSCESS,infectious
HEPATITIS,infectious
THORACIC ANEURYSM/SDA,cardiovascular
PNEUMONIA;SEPSIS,infectious
S/P MOTORCYCLE ACCIDENT,trauma_injury
THROMBOCYTOPENIA,hematologic
ISCHEMIC FOOT,cardiovascular
PERIPHERAL VASCULAR DISEASE,cardiovascular
C2 FRACTURE,trauma_injury
DKA,endocrine_metabolic
ACUTE CORONARY SYNDROME\CATH,cardiovascular
SUBDURAL BLEED,neurological
MR\MITRAL VALVE REPLACEMENT/SDA,cardiovascular
NON-ST SEGMENT ELEVATION MYOCARDIAL INFARCTION\CATH,cardiovascular
SOB,symptoms_unspecified
INTRACRANIAL MASS,neurological
CEREBRAL ANEURYSM,neurological
SUB ARACHNOID HEMORRHAGE,neurological
ABDOMINAL ABSCESS,infectious
FEVER;HYPOTENSION,symptoms_unspecified
BOWEL PERFORATION,gastrointestinal
PULMONARY EMBOLI,cardiovascular
NEWBORN,other
PNEUMONIA,infectious
SEPSIS,infectious
CONGESTIVE HEART FAILURE,cardiovascular
CORONARY ARTERY DISEASE,cardiovascular
CHEST PAIN,symptoms_unspecified
ALTERED MENTAL STATUS,symptoms_unspecified
INTRACRANIAL HEMORRHAGE,neurological
GASTROINTESTINAL BLEED,gastrointestinal
ABDOMINAL PAIN,symptoms_unspecified
UPPER GI BLEED,gastrointestinal
CORONARY ARTERY DISEASE\CORONARY ARTERY BYPASS GRAFT /SDA,cardiovascular
FEVER,symptoms_unspecified
S/P FALL,trauma_injury
CORONARY ARTERY DISEASE\CORONARY ARTERY BYPASS GRAFT/SDA,cardiovascular
DIABETIC KETOACIDOSIS,endocrine_metabolic
LOWER GI BLEED,gastrointestinal
SUBARACHNOID HEMORRHAGE,neurological
HYPOTENSION,cardiovascular
STROKE;TELEMETRY;TRANSIENT ISCHEMIC ATTACK,neurological
SEIZURE,neurological
ACUTE RENAL FAILURE,renal
SUBDURAL HEMATOMA,neurological
PANCREATITIS,gastrointestinal
RESPIRATORY FAILURE,respiratory
S/P MOTOR VEHICLE ACCIDENT,trauma_injury
DYSPNEA,symptoms_unspecified
UPPER GASTROINTESTINAL BLEED,gastrointestinal
SHORTNESS OF BREATH,symptoms_unspecified
ACUTE CORONARY SYNDROME,cardiovascular
LIVER FAILURE,hepatobiliary
CORONARY ARTERY DISEASE\CATH,cardiovascular
BLUNT TRAUMA,trauma_injury
ACUTE SUBDURAL HEMATOMA,neurological
OVERDOSE,toxicology_poisoning
ASTHMA;COPD EXACERBATION,respiratory
ANEMIA,hematologic
CELLULITIS,infectious
RESPIRATORY DISTRESS,symptoms_unspecified
LOWER GASTROINTESTINAL BLEED,gastrointestinal
CHEST PAIN\CATH,cardiovascular
AORTIC STENOSIS\AORTIC VALVE REPLACEMENT /SDA,cardiovascular
UNSTABLE ANGINA,cardiovascular
HEAD BLEED,neurological
GI BLEED,gastrointestinal
URINARY TRACT INFECTION;PYELONEPHRITIS,genitourinary
CARDIAC ARREST,cardiovascular
AORTIC DISSECTION,cardiovascular
CORONARY ARTERY DISEASE\CORONARY ARTERY BYPASS GRAFT;AORTIC VALVE REPLACEMENT/SDA,cardiovascular
ARDS,respiratory
CEREBELLAR BLEED,neurological
CRF/SDA,renal
CROHN'S DISEASE/SDA,gastrointestinal
CHRONIC OBSTRUCTIVE PULMONARY DISEASE,respiratory
CHEST PAIN/CATH,cardiovascular
VTACH,cardiovascular
TRACHEOBRONCHIOMALACIA/SDA,respiratory
LUNG CA,oncology
ULCERATIVE COLITIS,gastrointestinal
CONGESTIVE HEART FAILURE;AORTIC STENOSIS,cardiovascular
CLOSED HEAD INJURY,trauma_injury
ISCHEMIC COLITIS,gastrointestinal
AIRWAY OBSTRUCTION/SDA,respiratory
RIGHT HIP OA/SDA,musculoskeletal
DYSPNEA;TELEMETRY,symptoms_unspecified
MITRAL VALVE DISORDER\MITRAL VALVE REPLACEMENT /SDA,cardiovascular
SEVERE HYPERTROPHIC CARDIOMYOPATHY\SEPTAL ETHANOL ABLATION,cardiovascular
PANCYTOPENIA,hematologic
RASH,dermatologic
LUNG MASS,oncology
GASTROINTESTINAL BLEEDING,gastrointestinal
CHEST PAIN;CORONARY ARTERY DISEASE\CATH,cardiovascular
SUBARACHNOID BLEED,neurological
CORONARY ARTERY DISEASE;TELEMETRY,cardiovascular
C1 FRACTURE,trauma_injury
THORACIC AORTIC ANEURYSM,cardiovascular
RIGHT RENAL MASS/SDA,oncology
PERITONITIS,infectious
SUPRAVENTRICULAR TACHYCARDIA,cardiovascular
ST-SEGMENT ELEVATION MYOCARDIAL INFARCTION\CARDIAC CATH,cardiovascular
HEPATOCELLULAR CARCINOMA/SDA,oncology
ESOPHAGEAL FOREIGN BODY,gastrointestinal
RAPID AFIB,cardiovascular
AORTIC VALVE INSUFFICIENCY\AORTIC VALVE REPLACEMENT /SDA,cardiovascular
MELENA,gastrointestinal
PANCREAS TRANSPLANT,other
CONGESTIVE HEART FAILURE;HYPOTENSION,cardiovascular
NON-ST SEGMENT ELEVATION MYOCARDIAL INFARCTION\CARDIAC CATH,cardiovascular
CHOLEDOCHOLITHIASIS,hepatobiliary
TAMPONADE,cardiovascular
CORONARY ARTERY DISEASE\LEFT HEART CATH,cardiovascular
AICD FIRING,cardiovascular
ACUTE STROKE,neurological
PANCREATIC CA/SDA,oncology
RAPID A-FIB,cardiovascular
ENTEROCUTANEOUS FISTULA,gastrointestinal
POLYSUBSTANCE OVERDOSE,toxicology_poisoning
CARDIAC CATH,cardiovascular
"FEVER,ETIOLOGY UNKNOWN",infectious
ACUTE SUBDURAL HEMATOMA;TELEMETRY,neurological
PROSTATE CANCER/SDA,oncology
TRACHEOBRONCHIAL MALACIA,respiratory
ISCHEMIC LEFT FOOT,cardiovascular
STABBING,trauma_injury
CERVICAL SPINE FRACTURE,trauma_injury
CAROTID STENOSIS\CAROTID ANGIOGRAM AND STENT,cardiovascular
NORMAL PREGNANCY,pregnancy_obstetric
HYPOKALEMIA,endocrine_metabolic
ADULT RESPIRATORY DISTRESS SYNDROME,respiratory
ANGINA;+ETT\CATH,cardiovascular
PROSTATE CA/SDA,oncology
ESOPHAGEAL PERFORATION,gastrointestinal
INTOXICATION,toxicology_poisoning
RUPTURED AAA,cardiovascular
CORONARY ARTERY DISEASE\CORONARY ARTERY BYPASS GRAFT WITH AVR,cardiovascular
LEG PAIN,symptoms_unspecified
SUBARACHNOID HEMORRHAGE;ACUTE SUBDURAL HEMATOMA,neurological
INTRAPARENCHYMAL BLEED,neurological
NEW BRAIN MASS,neurological
RHABDOMYOLYSIS,musculoskeletal
DYSPHAGIA,symptoms_unspecified
FEVER;NEUTROPENIA,infectious
MULTI TRAUMA,trauma_injury
ABDOMINAL ABCESS,infectious
LUNG MASS/SDA,oncology
PERFORATED DIVERTICULITIS,gastrointestinal
AMS,symptoms_unspecified
ANKLE FRACTURE,trauma_injury
MR\MITRAL VALVE REPLACEMENT; HEART PORT MINIMALLY INVASIVE/SDA,cardiovascular
CORONARY ARTERY DISEASE;CHEST PAIN,cardiovascular
HEPATORENAL SYNDROME,renal
PULMONARY EMBOLIS;TELEMETRY,cardiovascular
CENTRAL AIRWAY OBSTRUCTION,respiratory
TYPE A DISSECTION,cardiovascular
HIP PAIN,symptoms_unspecified
HYPERCALCEMIA,endocrine_metabolic
PULMONARY HYPERTENSION,cardiovascular
CHEST PAIN\CARDIAC CATHETERIZATION,cardiovascular
HYPOXIA;TELEMETRY,respiratory
FEVERS,infectious
AORTIC STENOSIS\CORONARY ARTERY BYPASS GRAFT WITH AVR,cardiovascular
LITHIUM TOXICITY,toxicology_poisoning
LIVER FAILURE;RENAL FAILURE,renal
AAA,cardiovascular
AORTIC INSUFFICIENCY\AORTIC VALVE REPLACEMENT /SDA,cardiovascular
ISCHEMIC RIGHT FOOT,cardiovascular
INTRAVENTRICULAR HEMORRHAGE,neurological
"ASTHMA,COPD EXACERBATION",respiratory
ACUTE LIVER FAILURE,hepatobiliary
TYLENOL OD,toxicology_poisoning
VOMITING,symptoms_unspecified
SUBARACHNOID HEMORRHAGE;TELEMETRY,neurological
(AML) ACUTE MYELOGENOUS LEUKEMIA,hematologic
HEMATEMESIS,gastrointestinal
LEFT HIP FRACTURE,trauma_injury
NON ST ELEVATION MI,cardiovascular
STROKE;TRANSIENT ISCHEMIC ATTACK,neurological
IMI,cardiovascular
BREAST CANCER/SDA,oncology
ANAPHYLAXIS,other
DIABETIC KETOACIDOSIS;TELEMETRY,endocrine_metabolic
HEMATOMA,trauma_injury
COLON CA/SDA,oncology
UNSTABLE ANGINA;TELEMETRY\CATH,cardiovascular
CORD COMPRESSION,neurological
CORONARY ARTERY DISEASE/SDA,cardiovascular
INCARCERATED HERNIA,gastrointestinal
STROKE;TELEMETRY;TELEMETRY,neurological
FEVER OF UNKNOWN ORIGIN,infectious
MENTAL STATUS CHANGE,neurological
ALLERGIC REACTION,other
"MITRAL REGURGITATION\MITRAL VALVE REPLACEMENT,HEART PORT MINIMALLY INVASIVE /SDA",cardiovascular
UNSTABLE ANGINA\CARDIAC CATH,cardiovascular
TRACHEAL STENOSIS/SDA,respiratory
SUBDURAL HEMATOMA/SDA,neurological
PANCREATIC PSEUDOCYST,gastrointestinal
MVA,trauma_injury
CHIARI MALFORMATION/SDA,neurological
ABD PAIN,symptoms_unspecified
MULTIPLE MYELOMA\BONE MARROW TRANSPLANT,oncology
SHOCK,other
MI,cardiovascular
R/O MYOCARDIAL INFARCTION,cardiovascular
ACUTE CHOLECYSTITIS,hepatobiliary
RENAL CA/SDA,oncology
STEMI\CARDIAC CATH,cardiovascular
COLON CANCER/SDA,oncology
CARDIAC TAMPONADE,cardiovascular
RIGHT HIP FRACTURE,trauma_injury
ACUTE RENAL FAILURE;TELEMETRY,renal
ETOH WITHDRAWL,psychiatric
PNEUMONIA;CONGESTIVE HEART FAILURE,infectious
CORONARY ARTERY DISEASE;AORTIC STENOSIS,cardiovascular
EPISTAXIS,other
ST-SEGMENT ELEVATION MYOCARDIAL INFARCTION\CATH,cardiovascular
METASTATIC MELANOMA,oncology
AORTIC DISECTION,cardiovascular
ICH;TELEMETRY,neurological
AORTIC VALVE INSUFFIENCY\AORTIC VALVE REPLACEMENT /SDA,cardiovascular
GANGRENE LEFT FOOT,infectious
CONGESTIVE HEART FAILURE;CORONARY ARTERY DISEASE,cardiovascular
RECTUS SHEATH HEMATOMA,trauma_injury
BASILAR ANEURYSM,neurological
SEPTIC EMBOLI,infectious
PNEUMONIA;HEMOPTYSIS,respiratory
NECROTIZING FASCIITIS,infectious
LEFT LOWER LOBE NODULE/SDA,oncology
HYPOTENSIVE,symptoms_unspecified
RETROPERITONEAL HEMORRHAGE,trauma_injury
BRAIN ANEURYSM,neurological
INTRACTABLE EPILEPSY/SDA,neurological
FEVER;TELEMETRY,infectious
CERVICAL FRACTURE,trauma_injury
CHOLANGIO CARCINOMA/SDA,oncology
MOTORCYCLE CRASH,trauma_injury
STATUS POST FALL,trauma_injury
CORONARY ARTERY DISEASE\CORONARY ARTERY BYPASS GRAFT WITH MVR,cardiovascular
C6 FRACTURE,trauma_injury
S/P NON Q MI\CATH,cardiovascular
NECROTIZING FASCITIS,infectious
HYPOXEMIA,respiratory
DELIRIUM TREMENS,psychiatric
INFECTED LEFT FOOT,infectious
LEFT LUNG NODULE/SDA,oncology
FEVER UNKNOWN ORIGIN,infectious
CHEMO,oncology
CONGESTIVE HEART FAILURE;RESPIRATORY FAILURE,cardiovascular
MITRAL REGURGITATION\CATH,cardiovascular
SPLENIC HEMATOMA,trauma_injury
ISCHEMIC CARDIOMYOPATHY,cardiovascular
POSITIVE STRESS TEST,cardiovascular
PERIPHERAL VASCULAR DISEASE/SDA,cardiovascular
ULCERATIVE COLITIS/SDA,gastrointestinal
AORTIC THROMBUS,cardiovascular
EPIGLOTITIS,respiratory
STE MI,cardiovascular
NAUSEA;VOMITING;DIARRHEA,gastrointestinal
GASTROINTESTINAL BLEED;ANEMIA,gastrointestinal
SEPTIC ARTHRITIS,infectious
PREMATURE,pregnancy_obstetric
"NAUSEA,VOMITING",gastrointestinal
URINARY TRACT INFECTION-PYELONEPHRITIS,genitourinary
S/P GUNSHOT WOUND,trauma_injury
RUPTURED SPLEEN,trauma_injury
CORONARY ARTERY DISEASE\CORONARY ARTERY BYPASS GRAFT;MITRAL VALVE REPLACEMENT/SDA,cardiovascular
AIRWAY MASS,oncology
SIGMOID DIVERTICULITIS/SDA,gastrointestinal
INTRACRANIAL HEMMORHAGE,neurological
PANCREATIC FISTULA,gastrointestinal
ACUTE MYOCARDIAL INFARCTION;TELEMETRY,cardiovascular
ST ELEVATION MI\CATH,cardiovascular
FOUND DOWN,other
AORTIC STENOSIS\CARDIAC CATH,cardiovascular
CHEST TRAUMA,trauma_injury
BLADDER CANCER,genitourinary
PNEUMONIA;URINARY TRACT INFECTION,infectious
ASPIRATION,respiratory
TRACHEOBRONCHOMALACIA,respiratory
PNEUMONIA;HYPOTENSION,infectious
ESOPHAGEAL CANCER,oncology
ETOH CIRRHOSIS,hepatobiliary
STATUS ASTHMATICUS,respiratory
AORTIC VALVE DISEASE,cardiovascular
COMMON BILE DUCT STONE,hepatobiliary
CHRONIC OBST PULM DISEASE;CONGESTIVE HEART FAILURE,respiratory
"CORONARY ARTERY DISEASE\CORONARY ARTERY BYPASS GRAFT, RE-DO/SDA",cardiovascular
THALAMIC BLEED,neurological
AORTIC STENOSIS\BENTALL PROCEDURE/SDA,cardiovascular
OVARIAN CA/SDA,oncology
CHEST PAIN;CORONARY ARTERY DISEASE,cardiovascular
SPINAL MASS,neurological
TIA,neurological
FACIAL TRAUMA,trauma_injury
BRAIN METS,oncology
ASTHMA; COPD EXACERBATION,respiratory
AORTIC STENOSIS\RIGHT AND LEFT HEART CATH,cardiovascular
PARTIAL SMALL BOWEL OBSTRUCTION,gastrointestinal
LEFT KNEE OSTEOARTHRITIS/SDA,musculoskeletal
FEMUR FX,trauma_injury
AORTIC STENOSIS\Transcatheter Aortic Valve Implant (TAVI) with Pump Stand-by (CoreValve),cardiovascular
INTERCRANIAL BLEED,neurological
RIGHT LOWER LOBE NODULE/SDA,oncology
SIGMOID VOLVULUS,gastrointestinal
VAGINAL BLEEDING,pregnancy_obstetric
LEFT PLEURAL EFFUSION/SDA,respiratory
ABDOMINAL WALL HEMATOMA,trauma_injury
CORONARY ARTERY DISEASE;,cardiovascular
RIGHT HIP OSTEOARTHRITIS/SDA,musculoskeletal
AFIB,cardiovascular
FAILED LEFT TOTAL HIP REPLACEMENT/SDA,musculoskeletal
INGESTION,toxicology_poisoning
ANTERIOR MI,cardiovascular
CAROTID STENOSIS RIGHT/SDA,cardiovascular
SPINAL CORD COMPRESSION,neurological
INFECTION,infectious
CHEST PAIN\LEFT HEART CATH,cardiovascular
PERFORATED DIVERTICULUM,gastrointestinal
ACUTE RESPIRATORY DISTRESS SYNDROME,respiratory
ATRIAL FIBRILLATION;TELEMETRY,cardiovascular
THORACIC ANEURYSM,cardiovascular
OVARIAN CANCER/SDA,oncology
ASCENDING CHOLANGITIS,hepatobiliary
SPINAL STENOSIS/SDA,musculoskeletal
S/P HANGING,trauma_injury
CEREBELLAR MASS,neurological
PAIN CONTROL,symptoms_unspecified
ATRIAL FIBRILLATION\PHARMACOLOGICAL / NON PHARM MGMT AFIB ABLATION  **REMOTE WEST**/SDA,cardiovascular
TRACHEAL OBSTRUCTION,respiratory
CORONARY ARTERY DISEASE\STENT PLACEMENT,cardiovascular
SUBDURAL HEMATOMA;TELEMETRY,neurological
PNEUMONIA;CHRONIC OBST PULM DISEASE,infectious
AMPULLARY MASS/SDA,oncology
S/P STABBING,trauma_injury
KYPHOSIS/SDA,musculoskeletal
CEREBRAL HEMORRHAGE,neurological
AORTIC VALVE DISORDER\AORTIC VALVE REPLACEMENT /SDA,cardiovascular
INFERIOR MYOCARDIAL INFARCTION,cardiovascular
ARRHYTHMIA,cardiovascular
CHEST PAIN;RULE-OUT MYOCARDIAL INFARCTION;TELEMETRY,cardiovascular
PLEURAL EFFUSION/SDA,respiratory
LEFT LUNG CA/SDA,oncology
ANEMIA;TELEMETRY,hematologic
LETHARGY,symptoms_unspecified
CHF,cardiovascular
NEAR DROWNING,trauma_injury
CAROTID ARTERY STENOSIS\CAROTID ANGIOGRAM,cardiovascular
ORGAN DONOR,other
WITHDRAWAL,psychiatric
LEFT CAROTID STENOSIS/SDA,cardiovascular
S/P MVC,trauma_injury
SEPSIS;PNEUMONIA,infectious
VT,cardiovascular
SUBGLOTTIC STENOSIS,respiratory
INTERSTITIAL LUNG DISEASE,respiratory
UNSTABLE ANGINA;TELEMETRY,cardiovascular
LEFT RENAL MASS/SDA,oncology
INFECTED GRAFT,infectious
PANCREATIC CANCER/SDA,oncology
V-TACH,cardiovascular
CERVICAL STENOSIS/SDA,musculoskeletal
CHEST PAIN;RULE-OUT MYOCARDIAL INFARCTION,cardiovascular
MYOCARDIAL INFARCTION/CATH,cardiovascular
HEMOPERITONEUM,trauma_injury
3RD DEGREE HEART BLOCK,cardiovascular
VENTRICULAR TACHYCARDIA\VENTRICULAR TACHYCARDIA ABLATION,cardiovascular
MITRAL VALVE DISEASE,cardiovascular
LIVER TX,hepatobiliary
CARDIOMYOPATHY,cardiovascular
EMPYEMA,infectious
PERICARDIAL TAMPONADE,cardiovascular
ASTHMA-COPD EXACERBATION,respiratory
UGIB,gastrointestinal
EPILEPSY/SDA,neurological
HEMORRHAGIC STROKE,neurological
MEDIASTINAL MASS,oncology
CEREBROVASCULAR ACCIDENT;TELEMETRY,neurological
PANCREATIC MASS,oncology
PULMONARY EDEMA\CATH,cardiovascular
SKULL FRACTURE,trauma_injury
MYASTHENIA GRAVIS,neurological
RECTAL BLEEDING,gastrointestinal
DRUG OVERDOSE,toxicology_poisoning
CEREBELLAR HEMORRHAGE,neurological
RIGHT UPPER LOBE NODULE/SDA,oncology
NECK MASS,oncology
CONGESTIVE HEART FAILURE EXACERBATION,cardiovascular
AORTIC STENOSIS;CORONARY ARTERY DISEASE,cardiovascular
STRIDOR,respiratory
S/P TRAUMA,trauma_injury
SPINAL CORD INJURY,trauma_injury
NAUSEA;VOMITING,symptoms_unspecified
HYPOTENSION;TELEMETRY,symptoms_unspecified
OSTEOMYELITIS,infectious
RENAL CANCER/SDA,oncology
MYOCARDIAL INFARCT,cardiovascular
RIGHT BREAST CANCER/SDA,oncology
LOWER GI BLEED;TELEMETRY,gastrointestinal
CORONARY ARTERY DISEASE\LEFT HEART CATHETERIZATION,cardiovascular
GASTROPARESIS,gastrointestinal
HYPERNATREMIA,endocrine_metabolic
NEUTROPENIA,hematologic
KIDNEY TRANSPLANT,renal
S/P MI,cardiovascular
CORONARY ARTERY DISEASE;+ETT\CATH,cardiovascular
SPONTANEOUS BACTERIAL PERITONITIS,infectious
CONGESTIVE HEART FAILURE\Transcatheter Aortic Valve Implant (TAVI) with Pump Stand-by (CoreValve),cardiovascular
R/O SEPSIS,infectious
GANGRENE,infectious
CHEST PAIN\LEFT HEART CATHETERIZATION,cardiovascular
NEUTROPENIC FEVER,infectious
MITRAL REGURGITATION\MITRAL VALVE REPLACEMENT /SDA,cardiovascular
BILE LEAK,postoperative_surgical
SHORTNESS OF BREATH;TELEMETRY,symptoms_unspecified
RECTAL CANCER/SDA,oncology
ABDOMINAL PAIN;TELEMETRY,symptoms_unspecified
V TACH,cardiovascular
PYELONEPHRITIS,infectious
MYOCARDIAL INFARCTION;TELEMETRY,cardiovascular
STATUS POST MOTORVEHICLE ACCIDENT,trauma_injury
LEUKOCYTOSIS,hematologic
RIGHT PLEURAL EFFUSION/SDA,respiratory
PORTAL VEIN THROMBOSIS,hematologic
CORONARY ARTERY DISEASE\CARDIAC CATHETERIZATION,cardiovascular
LINE INFECTION,infectious
PE,cardiovascular
STROKE;TELEMETRY; TIA,neurological
NON Q WAVE MI\CATH,cardiovascular
RESPIRATORY FAILURE;PNEUMONIA,respiratory
ESOPHAGEAL STRICTURE/SDA,gastrointestinal
MITRAL VALVE INSUFFICENCY\MITRAL VALVE REPLACEMENT /SDA,cardiovascular
INTRAPARANCHYMAL HEMORRHAGE,neurological
BILIARY COLIC,hepatobiliary
CHRONIC OBSTRUCTIVE PULMONARY DISEASE EXACERBATION,respiratory
ACUTE RENAL FAILURE;HYPERKALEMIA,renal
S/P STAB WOUND,trauma_injury
LIVER MASS,oncology
CHRONIC PANCREATITIS/SDA,gastrointestinal
TRACHEOMALACIA,respiratory
HYPERKALEMIA;RENAL FAILURE,renal
THROMBOTIC THROMBOCYTOPENIC PUPURA,hematologic
VFIB ARREST,cardiovascular
ALTERED MENTAL STATUS CHANGES,neurological
DISSECTION,cardiovascular
FINGER AMPUTATION,trauma_injury
LOWER EXTREMITY WEAKNESS,neurological
CORONARY ARTERY DISEASE\OFF PUMP CORONARY ARTERY BYPASS /SDA,cardiovascular
RECTAL BLEED,gastrointestinal
LEFT HIP INFECTION,infectious
ASSAULT,trauma_injury
SVC SYNDROME,cardiovascular
HYPERBILIRUBIN,hepatobiliary
PANCREATIC ABSCESS,infectious
POST OP INFECTION,postoperative_surgical
CORONARY ARTERY DISEASE\CATH WITH INTERVENTION,cardiovascular
PNEMONIA,respiratory
PERICARDITIS,cardiovascular
CHEST PAIN;CORONARY ARTERY DISEASE\CARDIAC CATH,cardiovascular
CERVICAL CA/SDA,oncology
GASTRIC CA/SDA,oncology
PULMONARY FIBROSIS,respiratory
RIGHT UPPER QUADRANT PAIN,symptoms_unspecified
LUNG NODULE/SDA,oncology
VF ARREST,cardiovascular
ATRIAL FIBRILLATION\BILATERAL THORACOSCOPIC MINI MAZE PROCEDURE WITH LEFT ATRIAL APPENDAGE RESECTION,cardiovascular
AORTIC STENOSIS\AORTIC VALVE REPLACEMENT; MINIMALLY INVASIVE/SDA,cardiovascular
LINE SEPSIS,infectious
ST MYOCARDIAL INFARCTION,cardiovascular
RIGHT KNEE OA/SDA,musculoskeletal
PERICARDIAL EFFUSION\CATH,cardiovascular
G.I. BLEED,gastrointestinal
GALLSTONES,hepatobiliary
ACIDOSIS,endocrine_metabolic
RIB FRACTURES,trauma_injury
EKG CHANGES,cardiovascular
COLON CANCER,oncology
S/P VFIB ARREST,cardiovascular
UNRESPONSIVENESS,neurological
PED STRUCK,trauma_injury
NON ST ELEVATION MYOCARDIAL INFARCTION\CARDIAC CATHETERIZATION,cardiovascular
STE MYOCARDIAL INFARCTION,cardiovascular
PEA ARREST,cardiovascular
RESP DISTRESS,respiratory
SUBDURAL,neurological
OVERDOSE;TELEMETRY,toxicology_poisoning
BREAST CA/SDA,oncology
ALCOHOL WITHDRAWL,psychiatric
NAUSEA-VOMITING,gastrointestinal
HEAD BLEED;TELEMETRY,neurological
NON ST ELEVATION MYOCARDIAL INFARCTION,cardiovascular
GANGRENE RIGHT FOOT,cardiovascular
CORONARY ARTERY DISEASE\CORONARY ARTERY BYPASS GRAFT REDO /SDA,cardiovascular
STAB WOUNDS,trauma_injury
ISCHEMIC LEG,cardiovascular
STROKE;TRANSIENT ISCHEMIC ATTACK (TIA),neurological
RIGHT LUNG CA/SDA,oncology
THORACIC DISSECTION,cardiovascular
AORTIC STENOSIS\AORTIC VALVE REPLACEMENT REDO /SDA,cardiovascular
MULTIPLE STAB WOUNDS,trauma_injury
LEFT FEMUR FRACTURE,trauma_injury
ARTERIAL OCCLUSION,cardiovascular
LUMBAR SPINAL STENOSIS/SDA,musculoskeletal
NAUSEA,gastrointestinal
C SPINE FRACTURE,trauma_injury
LEFT UPPER LOBE NODULE/SDA,oncology
AORTIC VALVE DISEASE\CATH,cardiovascular
MITRAL STENOSIS\MITRAL VALVE REPLACEMENT,cardiovascular
CORONARY ARTERY DISEASE;CP,cardiovascular
POST PROCEDURE ENDOSCOPIC RETROGRADE CHOLANGIOPANCREATOGRAPHY,postoperative_surgical
LUMBAR SPONDYLOSIS/SDA,musculoskeletal
AORTIC STENOSIS\AORTIC AND MITRAL VALVE REPLACEMENT /SDA,cardiovascular
CONSTIPATION,gastrointestinal
PITUITARY TUMOR/SDA,endocrine_metabolic
CHEST PAIN/ CATH,cardiovascular
INTRAVENTRICULAR BLEED,neurological
ESOPHAGEAL OBSTRUCTION,gastrointestinal
SYNCOPE;TELEMETRY;TELEMETRY,cardiovascular
SPLENIC RUPTURE,trauma_injury
NON-Q-WAVE MYOCARDIAL INFARCTION\CARDIAC CATH,cardiovascular
PELVIC FX,trauma_injury
CORONARY ARTERY DISEASE\AORTIC VALVE REPLACEMENT /SDA,cardiovascular
ACUTE MYELOGENOUS LEUKEMIA,hematologic
ENDOMETRIAL CANCER/SDA,oncology
CHOLANGIOCARCINOMA/SDA,hepatobiliary
RETROPERITONEAL HEMATOMA,trauma_injury
PANCREATIC CANCER,oncology
HYPERCARBIC RESPIRATORY FAILURE,respiratory
THYROID NEOPLASM UNCERTAIN TYPE/SDA,endocrine_metabolic
LEFT HIP OA/SDA,musculoskeletal
NON HEALING ULCER,dermatologic
UTI;PYELONEPHRITIS,genitourinary
ALCOHOL INTOXICATION,toxicology_poisoning
CERVICAL MYELOPATHY/SDA,neurological
V-FIB ARREST,cardiovascular
R/O STROKE,neurological
CORONARY ARTERY DISEASE;MITRAL REGURGITATION,cardiovascular
PERFORATED DUODENUM,gastrointestinal
SEIZURE;TELEMETRY,neurological
ST ELEVATED MYOCARDIAL INFARCTION\CARDIAC CATH,cardiovascular
HERNIA,gastrointestinal
EPIGLOTTITIS,infectious
ULCERATIVE COLITIS CHRONIC/SDA,gastrointestinal
CONGESTIVE HEART FAILURE;CHRONIC OBST PULM DISEASE,cardiovascular
FOREIGN BODY IN ESOPHAGUS,gastrointestinal
VOLVULUS,gastrointestinal
CONFUSION,symptoms_unspecified
RECTAL PROLAPSE,gastrointestinal
OBSTRUCTION,symptoms_unspecified
GASTRIC CANCER/SDA,oncology
OVARIAN CANCER,oncology
CARDIOMYOPATHY\CATH,cardiovascular
OBSTRUCTIVE JAUNDICE,hepatobiliary
S/P MOTOR VEHICLE ACCIDEMT,trauma_injury
POST ARREST,other
PERICARDIAL EFFUSION\PERICARDIAL TAP,cardiovascular
HIP FX,trauma_injury
"MR\MITRAL VALVE REPLACEMENT,HEART PORT MINIMALLY INVASIVE /SDA",cardiovascular
INTRA CRANIAL HEMORRHAGE,neurological
"URINARY TRACT INFECTION,PYELONEPHRITIS",genitourinary
ARRYTHMIA,cardiovascular
POLY TRAUMA,trauma_injury
CORONARY ARTERY DISEASE;CHEST PAIN\CATH,cardiovascular
SDH,neurological
+ETT;CORONARY ARTERY DISEASE\CATH,cardiovascular
BILE DUCT INJURY,hepatobiliary
MENINGIOMA,neurological
LGIB,gastrointestinal
C-SPINE FRACTURE,trauma_injury
PEDISTRIAN STRUCK,trauma_injury
CONGESTIVE HEART FAILURE;NON-ST SEGMENT ELEVATION MYOCARDIAL INFARCTION,cardiovascular
ABDOMINAL PERFORATION,gastrointestinal
ASCENDING AORTIC ANEURYSM,cardiovascular
CLAUDICATION,cardiovascular
KIDNEY TX,renal
PULMONARY NODULE/SDA,respiratory
PSEUDOANEURYSM,cardiovascular
LEFT RENAL TUMOR/SDA,renal
URINARY TRACT INFECTION;PNEUMONIA,infectious
ILEUS,gastrointestinal
AORTIC STENOSIS\BENTAL PROCEDURE /SDA,cardiovascular
CENTRAL NERVOUS SYSTEM LYMPHOMA,neurological
CHEST PAIN-R/O MYOCARDIAL INFARCTION,cardiovascular
MITRAL VALVE INSUFFICIENCY\MITRAL VALVE REPLACEMENT /SDA,cardiovascular
UPPPER GI BLEED,gastrointestinal
PULMONARY HEMORRHAGE,respiratory
THORACOABDOMINAL ANEURYSM/SDA,cardiovascular
FEVER;MENTAL STATUS CHANGES,infectious
HYPERTHERMIA,other
GUN SHOT WOUND TO HEAD,trauma_injury
SPONDYLOSIS/SDA,musculoskeletal
DISSECTING AORTIC ANEURYSM,cardiovascular
MULTIPLE MYELOMA,hematologic
STOKE;TRANSIENT ISCHEMIC ATTACK,neurological
HUMERUS FRACTURE,trauma_injury
MR\MITRAL VALVE REPLACEMENT,cardiovascular
LIVER DISEASE,hepatobiliary
PNEUMONIA;DIABETIC KETOACIDOSIS,infectious
LEFT PLEURAL EFFUSION,respiratory
UNSTABLE ANGINA/CATH,cardiovascular
DUODENAL TUMOR/SDA,gastrointestinal
RIGHT KNEE OSTEOARTHRITIS/SDA,musculoskeletal
BILATERAL PNEUMONIA,infectious
ST SEGMENT ELEVATION MYOCARDIAL INFARCTION\CATH,cardiovascular
LOW BACK PAIN,musculoskeletal
BRAIN BLEED,neurological
HEPATACELLULAR CARCINOMA/SDA,oncology
RESPIRATORY FAILURE;CONGESTIVE HEART FAILURE,cardiovascular
HYPOTENSION;SEPSIS,infectious
ATRIAL FIBRILLATION\ATRIAL FIBRILLATION ABLATION,cardiovascular
S/P V-FIB ARREST,cardiovascular
NECK ABSCESS,infectious
CONGESTIVE HEART FAILURE;RULE-OUT MYOCARDIAL INFARCTION;TELEMETRY,cardiovascular
GERD/SDA,gastrointestinal
THYROID CANCER/SDA,oncology
CONGESTIVE HEART FAILURE;SEPSIS,cardiovascular
CHOLELITHIASIS,hepatobiliary
SHORTNESS OF BREATH;HYPOXIA,respiratory
SICKLE CELL CRISIS,hematologic
CONGESTIVE HEART FAILURE;EXACERBATION,cardiovascular
ACUTE MYOCARDIAL INFARCTION\CATHERIZATION,cardiovascular
SPINAL FRACTURE,trauma_injury
UMBILICAL HERNIA/SDA,gastrointestinal
EPIDURAL HEMORRHAGE,neurological
MR\MITRAL VALVE REPLACEMENT /SDA,cardiovascular
LITHIUM OVERDOSE,toxicology_poisoning
ACUTE CORONARY SYNDROME;TELEMETRY,cardiovascular
C7 FRACTURE,trauma_injury
HTN EMERGENCY,cardiovascular
CEREBRAL BLEED,neurological
ELEVATED WHITE BLOOD COUNT,symptoms_unspecified
LIVER ABSCESS,infectious
RIGHT UPPER LOBE MASS,oncology
"MITRAL STENOSIS\MITRAL VALVE REPLACEMENT,HEART PORT MINIMALLY INVASIVE /SDA",cardiovascular
LOWER GIB,gastrointestinal
ST SEGMENT MYOCARDIAL INFARCTION\CATH,cardiovascular
POST OP BLEEDING,postoperative_surgical
GOITER/SDA,endocrine_metabolic
CERVICAL MYELOPATHY,neurological
CHOLELITHIASIS/SDA,hepatobiliary
TONGUE SWELLING,symptoms_unspecified
PANCREATIC CYST/SDA,gastrointestinal
BILIARY SEPSIS,infectious
NON Q WAVE MI,cardiovascular
VTACH;TELEMETRY,cardiovascular
HEPATORENAL FAILURE,renal
RENAL CELL CARCINOMA/SDA,oncology
VENTRICULAR TACHYCARDIA\VENTRICULAR TACHYCARDIA ABLATION  **REMOTE WEST**/SDA,cardiovascular
CHRONIC OBSTRUCTIVE PULMONARY DISEASE-EXACERBATION,respiratory
CORONARY ARTERY DISEASE\CORONARY ARTERY BYPASS GRAFT; OFF PUMP/SDA,cardiovascular
COMGESTIVE HEART FAILURE,cardiovascular
LOWER BACK PAIN,symptoms_unspecified
INTRACEREBRAL BLEED,neurological
ALCOHOLIC HEPATITIS,hepatobiliary
PERICARDIAL EFFUSION\PERICARDIOCENTESIS,cardiovascular
GI BLEED SCHLEROSING CHOLANGITIS,gastrointestinal
CORONARY ARTERY BYPASS GRAFT,cardiovascular
POST ERCP,postoperative_surgical
HYPOTENSION;RENAL FAILURE,renal
ACUTE MYOCARDIAL INFARCTION/CATH,cardiovascular
PNEUMONIA;RESPIRATORY FAILURE,infectious
CHRONIC OBST PULM DISEASE;PNEUMONIA,infectious
ESOPHAGEAL FOOD IMPACTION,gastrointestinal
INCISIONAL HERNIA,gastrointestinal
RECURRENT VENTRICULAR TACHYCARDIA,cardiovascular
AORTIC VALVE STENOSIS\AORTIC VALVE REPLACEMENT /SDA,cardiovascular
ACUTE MENTAL STATUS CHANGES,neurological
ACUTE MI\LEFT HEART CATHETERIZATION,cardiovascular
CONGESTIVE HEART FAILURE;ATRIAL FIBRILLATION,cardiovascular
ATRIAL FIBRILLATION\CARDIOVERSION,cardiovascular
CAROTID DISSECTION,cardiovascular
TRACHEAL BRONCHIAL MALACIA/SDA,respiratory
LUDWIG'S ANGINA,infectious
FOREIGN BODY IN THROAT,respiratory
ANASARCA,other
ACETABULAR FRACTURE,trauma_injury
RENAL FAILURE;HYPOTENSION,renal
RENAL MASS/SDA,renal
INTRACTABLE PAIN,symptoms_unspecified
BLUNT TRAUMA;TELEMETRY,trauma_injury
TRACHEAL MALACIA,respiratory
LEFT MAIN STEM OBSTRUCTION,cardiovascular
CONGESTIVE HEART FAILURE\CARDIAC CATHETERIZATION,cardiovascular
CLAUDICATION\LEFT LOWER EXTREMITY ANGIOGRAM,cardiovascular
PLEURAL EFFUSION;LEFT LOWER LOBE MASS,respiratory
CONGESTIVE HEART FAILURE\RIGHT HEART CATH,cardiovascular
RENAL CELL CANCER,oncology
TYPE A AORTIC DISSECTION,cardiovascular
RIGHT UPPER LOBE CA/SDA,oncology
TRANSPLANT,other
STENOSIS/SDA,cardiovascular
PNEUMOPERITONEUM,gastrointestinal
HEPATICOCELLULAR CARCINOMA/SDA,oncology
RECTAL SHEATH HEMATOMA,hematologic
FEVER;COUGH,symptoms_unspecified
STROKE;TELEMETRY;TRANSIENT ISCHEMIC ATTACK;TELEMETRY,neurological
STATUS POST CARDIAC ARREST,cardiovascular
CORONARY ARTERY DISEASE\CABG,cardiovascular
PNEUMONIA;PLEURAL EFFUSION,infectious
THORACIC AORTIC ANEURYSM/SDA,cardiovascular
"SEPSIS,PNEUMONIA",infectious
HYPERPARATHYROIDISM/SDA,endocrine_metabolic
CONGESTIVE HEART FAILURE;VENTRICULAR TACHYCARDIA,cardiovascular
HEAD BLEED;OPEN SKULL FRACTURE,trauma_injury
PRE-MATURITY,pregnancy_obstetric
ISCHEMIC RIGHT LEG/SDA,cardiovascular
RAPID ATRIAL FIBRILLATION,cardiovascular
ADENAL CARCINOMA OF LIVER/SDA,oncology
UNSTABLE ANGINA\LEFT HEART CATH,cardiovascular
CAROTID STENOSIS LEFT/SDA,cardiovascular
LEFT MAIN CORONARY ARTERY DISEASE,cardiovascular
3 VESSEL DISEASE,cardiovascular
TACHYPNEA,symptoms_unspecified
ACUTE RESPIRATORY FAILURE,respiratory
AORTIC ENTERIC FISTULA,gastrointestinal
PERFORATED COLON,gastrointestinal
CORONARY ARTERY DISEASE\OFF PUMP CORONARY ARTERY BYPASS ENDOSCOPIC LEFT CHEST /SDA,cardiovascular
STEMYOCARDIAL INFARCTION,cardiovascular
CORONARY ARTERY DISEASE\CORONARY ARTERY BYPASS GRAFT; WITH RADIAL ARTERY LEFT/SDA,cardiovascular
CELLULITIS;TELEMETRY,infectious
HYPOTENSION-HEPATORENAL FAILURE,renal
CABG,cardiovascular
AORTIC STENOSIS\AORTIC VALVULOPLASTY,cardiovascular
EDEMA,other
CONGESTIVE HEART FAILURE;RULE OUT CORONARY ARTERY DISEASE;ATRIAL FIBRILLATION\CATH,cardiovascular
AORTIC STENOSIS;CORONARY ARTERY DISEASE\CARDIAC CATH,cardiovascular
C1-C2 FRACTURE,trauma_injury
PMEUMONIA,infectious
PRE-OP LIVER TRANSPLANT,hepatobiliary
END STAGE RENAL FAILURE,renal
FACIAL FRACTURE,trauma_injury
R/O CANCER OF SPINE,oncology
RIGHT PARIETAL HEMORRHAGE,neurological
ATRIAL SEPTAL DEFECT\ REPAIR ATRIAL SEPTAL DEFECT LIMITED ACCESS/SDA,cardiovascular
MYASTHENIA GRAVIS CRISIS,neurological
TRACHEAL MALACIA/SDA,respiratory
PAIN,symptoms_unspecified
MEGACOLON,gastrointestinal
AIRWAY EDEMA,respiratory
ACUTE CVA,neurological
CERVICAL SPONDYLOSIS/SDA,musculoskeletal
CIRRHOSIS;ETOH WITHDRAWAL,hepatobiliary
AF,cardiovascular
MULTI-TRAUMA,trauma_injury
GASTRIC VOLVULUS,gastrointestinal
INTRA CRANIAL BLEED,neurological
+ETT,other
ABDOMINAL DISTENSION,symptoms_unspecified
SUBDURAL HEMATOMA;SUBARACHNOID HEMORRHAGE,neurological
LEFT MAIN DISEASE,cardiovascular
NON-HODGKIN'S LYMPHOMA\BONE MARROW TRANSPLANT,oncology
BRAIN METASTASIS/SDA,oncology
UGI BLEED,gastrointestinal
FOREIGN BODY ESOPHAGUS,gastrointestinal
CIRRHOSIS;ASCITES,hepatobiliary
HEPATOMA/SDA,oncology
"CONGESTIVE HEART FAILURE,RENAL FAILURE,ACIDOSIS",cardiovascular
HIATAL HERNIA,gastrointestinal
ASPIRATION; FAILURE TO THRIVE,respiratory
WOUND INFECTION R/O SEPSIS,infectious
DRUG REFRACTORY ATRIAL FIBRILLATION\PULMONARY VEIN ISOLATION  **REMOTE WEST**,cardiovascular
METABOLIC ACIDOSIS,endocrine_metabolic
HIATAL HERNIA/SDA,gastrointestinal
TRACHEAL BRONCHEAL MALACIA/SDA,respiratory
ACUTE SUBDURAL HEMATOMA;SUBARACHNOID HEMORRHAGE,neurological
CORONARY ARTERY DISEASE\ OFF PUMP CORONARY ARTERY BYPASS/SDA,cardiovascular
BRAIN LESION/SDA,neurological
STAB WOUND TO CHEST,trauma_injury
SEPSIS;CHANGE IN MENTAL STATUS,infectious
R/O PNEUMONIA,respiratory
FALL;HYPOXIA;DEHYDRATION;N/V/D,symptoms_unspecified
FIBROID UTERUS/SDA,pregnancy_obstetric
"LEG EDEMA,CELLULITIS",infectious
PNEUMONIA-RENAL FAILURE,respiratory
BRAIN METASTASES,oncology
OBSTRUCTED RIGHT MIDDLE LOBE/SDA,respiratory
LEFT FOOT CELLULITIS,infectious
CORONARY ARTERY DISEASE;LEFT MAIN DISEASE,cardiovascular
CORONARY ARTERY DISEASE\STENT,cardiovascular
COUGH;FEVER,symptoms_unspecified
DELTA MS,neurological
TRICUSPID REGURGITATION\REDO-REDO TRICUSPID VALVE REPAIR/REPLACEMENT,cardiovascular
CORONARY ARTERY DISEASE\CORONARY ARTERY BYPASS GRAFT; W/AVR/SDA,cardiovascular
FOURNIER'S GANGRENE,infectious
CEREBELLER HEMORRHAGE,neurological
S/P KIDNEY TRANSPLANT,renal
"FEVER,HYPOTENSION",symptoms_unspecified
INFECTED PIC LINE/FEVER,infectious
CARDIAC DZ.,cardiovascular
LT HIP FRACTURE,trauma_injury
ILIAC ARTERY ANEURYSM/SDA,cardiovascular
SCROTAL ABSCESS,infectious
THORACO-ABDOMINAL ANEURYSM/SDA,cardiovascular
CORONARY ARTERY DISEASE;3 VESSEL DISEASE,cardiovascular
MYOCARDIAL INFARCTION;GI BLEED,cardiovascular
PANCREATIC NECROSIS,gastrointestinal
VAGINAL BLEED,pregnancy_obstetric
ANEURSYM/SDA,cardiovascular
ASTHMA EXACERBATION;COPD EXACBERATION,respiratory
COLONIC PERFORATION,gastrointestinal
T1 FRACTURE,trauma_injury
SEVERE ISCHEMIA/SDA,cardiovascular
FLANK PAIN,symptoms_unspecified
GROIN BLEED;CP;TELEMETRY,symptoms_unspecified
FAILURE OF FIXATION/SDA,trauma_injury
ATRIAL FIBRILATION,cardiovascular
CONGESTIVE HEART FAILURE;CARDIOMYOPATHY\CATH,cardiovascular
AVR,cardiovascular
CORONARY ARTERY DISEASE\CORONARY ARTERY BYPASS GRAFT; ? MVR/SDA,cardiovascular
HYPERTENSION EMERGENCY,cardiovascular
+ETT;CHEST PAIN\CATH,symptoms_unspecified
RENAL LACERATION,renal
TOXIC INGESTION,toxicology_poisoning
UROSEPSIS;TELEMETRY,infectious
CONGESTIVE HEART FAILURE;MYOCARDIAL INFARCTION,cardiovascular
CONGESTIVE HEART FAILURE;AORTIC STENOSIS\CARDIAC CATH,cardiovascular
DEHYDRATION;TELEMETRY,symptoms_unspecified
DIAPHRAGMATIC HERNIA/SDA,gastrointestinal
COMMON BILE DUCT STONES,hepatobiliary
PNEUMOSEPSIS,infectious
MITRAL REGURGITATION\MITRAL VALVE REPLACEMENT,cardiovascular
BILIARY OBSTRUCTION,hepatobiliary
AORTIC VALVE DISEASE;CORONARY ARTERY DISEASE,cardiovascular
BLADDER TUMOR/SDA,genitourinary
OA RIGHT KNEE/SDA,musculoskeletal
ESOPHAGEAL RUPTURE,gastrointestinal
AORTIC STENOSIS;CONGESTIVE HEART FAILURE,cardiovascular
FLAIL CHEST,trauma_injury
CHEST PAIN;MYOCARDIAL INFARCTION,cardiovascular
LUDWIGS ANGINA,infectious
ATRIAL FLUTTER,cardiovascular
BILATERAL PULMONARY EMBOLISM,cardiovascular
CHEST PAIN;RULE OUT CORONARY ARTERY DISEASE\CARDIAC CATH,cardiovascular
IVH,neurological
PORTAL VEIN THROMBUS,hematologic
CSF LEAK,neurological
MYELOFIBROSIS\BONE MARROW TRANSPLANT,hematologic
HYPOGLYCEMIA;DELTA MS;TELEMETRY,endocrine_metabolic
SEPSIS;ICD LEAD INFECTION,infectious
ABDOMINAL FISTULA,gastrointestinal
"GANGRENE,RIGHT FOOT",other
HYPOTENSION;FEVER,symptoms_unspecified
VERTEBRAL ARTERY STENOSIS,neurological
CORONARY ARTERY DISEASE\CORONARY ARTERY BYPASS GRAFT WITH ? MVR /SDA,cardiovascular
N STEMI,cardiovascular
PULMONARY EMBOLISM;TELEMETRY,cardiovascular
RP BLEED/ HEMATOMA,trauma_injury
AORTIC STENOSIS\ AORTIC AND MITRAL VALVE REPLACEMENT/SDA,cardiovascular
UREMIA,renal
RECURRENT LEUKEMIA,hematologic
NON-ST SEGMENT ELEVATION MYOCARDIAL INFARCTION;CONGESTIVE HEART FAILURE,cardiovascular
CERVICAL SPINAL STENOSIS/SDA,musculoskeletal
ACUTE CORONARY SYNDROME\CARDIAC CATH,cardiovascular
ATAXIA,neurological
LEFT LUNG CANCER/SDA,oncology
NON-SURGICAL BOWEL OBSTRUCTION,gastrointestinal
PLEURAL EFFUSIONS,respiratory
FEVER;TACHYCARDIA,symptoms_unspecified
ACUTE MYOCARDIAL INFARCTION,cardiovascular
MULTITRAUMA,trauma_injury
FEVER;HYPOXIA,symptoms_unspecified
MITRAL REGURGITATION;CORONARY ARTERY DISEASE,cardiovascular
BRAIN METASTASIS,neurological
"CHF, A-FIB",cardiovascular
END STAGE LIVER FAILURE,hepatobiliary
SQUAMOUS CELL CARCINOMA/SDA,oncology
PONTINE BLEED,neurological
ELEVATED INR,hematologic
ANGINA\CARDIAC CATH,cardiovascular
ASD\REPAIR ATRIAL-SEPTAL DEFECT/SDA,cardiovascular
INTRAPERITONEAL BLEED,trauma_injury
LEFT BREAST CANCER/SDA,oncology
R/O CEREBROVASCULAR ACCIDENT,neurological
"CHEST PAIN,R/O MI",cardiovascular
INFERIOR MYOCARDIAL INFARCTION\CATH,cardiovascular
SUBARACHNOID HEMMORHAGE,neurological
ATRIAL FIBRILLATIOM,cardiovascular
TRACHEO-BRONCHO MALACEA/SDA,respiratory
CHEST PAIN;ACUTE CORONARY SYNDROME\CATH,cardiovascular
ARREST,cardiovascular
NARCOTIC OVERDOSE,toxicology_poisoning
AORTIC ANEURYSM/SDA,cardiovascular
INTESTINAL PERFORATION,gastrointestinal
STEVENS JOHNSON SYNDROME,dermatologic
PANCREATIC TUMOR/SDA,oncology
HEPATIC ENCEPHALOPATHY WITH HYPERBILIRUBENEMIA,hepatobiliary
MALARIA,infectious
NSTEMI,cardiovascular
PRESYNCOPE,cardiovascular
MITRAL STENOSIS,cardiovascular
STRANGULATED HERNIA,gastrointestinal
DIC,hematologic
? BOWEL PERFORATION,gastrointestinal
NON HODGKINS LYMPHOMA,oncology
ASTHMA FLARE,respiratory
RIGHT LUNG MASS/SDA,oncology
LEFT LEG CELLULITIS,infectious
METASTATIC BREAST CANCER,oncology
MS CHANGES,neurological
RIGHT LOWER LOBE CANCER/SDA,oncology
PRE-OP LIVER,hepatobiliary
HYPERTENSIVE,cardiovascular
COLON CA,oncology
S/P BICYCLE ACCIDENT,trauma_injury
RIB FRACTURE,trauma_injury
EPIDURAL,trauma_injury
ENCEPHALITIS,infectious
"CAD, AORTIC STENOSIS\CORONARY ARTERY BYPASS GRAFT; W/ AVR/SDA",cardiovascular
MALIGNANT HYPERTENSION,cardiovascular
HYPERCALCEMIA: LUNG CANCER,oncology
LUMBAR FRACTURE,trauma_injury
SYMPTOMATIC BRADYCARDIA,cardiovascular
MOTOR VEHICLE CRASH,trauma_injury
DIABETIC KETO ACIDOSIS,endocrine_metabolic
LARGE BOWEL OBSTRUCTION,gastrointestinal
PERFORATED VISCUS,gastrointestinal
DIZZINESS,symptoms_unspecified
SMALL BOWEL FISTULA,gastrointestinal
FACIAL FRACTURES,trauma_injury
RECTAL CA,oncology
SEPTIC SHOCK;PNEUMONIA,infectious
CORONARY ARTERY DISEASE;CAROTID STENOSIS,cardiovascular
CONGESTIVE HEART FAILURE;SHORTNESS OF BREATH,cardiovascular
RIGHT BRAIN TUMOR/SDA,neurological
BOWEL OBSTRUCTION;TELEMETRY,gastrointestinal
LEFT FOOT INFECTION,infectious
"CAD,S/P FALL,SYNCOPAL EPISODE",cardiovascular
FALL;CONFUSION,neurological
SMALL CELL LUNG CANCER,oncology
LEFT OCCIPITAL TUMOR/SDA,neurological
DEHISCENT AVR,cardiovascular
"C SECTION,REPEAT",pregnancy_obstetric
RECTAL PROLAPSE/SDA,gastrointestinal
S/P LIVER TX-NAUSEA-VOMITING,postoperative_surgical
LEFT BREAST CA/SDA,oncology
CORONARY ARTERY DISEASE;CONGESTIVE HEART FAILURE,cardiovascular
KYPHOSCOLIOSIS/SDA,musculoskeletal
AORTIC STENOSIS\AVR; ? CORONARY ARTERY BYPASS GRAFT /SDA,cardiovascular
TIB FIB FRACTURE,trauma_injury
ASTHMA;COPD EXACERBATION;TELEMETRY,respiratory
ASPIRATION PNEUMONIA;SEPSIS,infectious
OBSTRUCTIVE JAUNDICE\ERCP,hepatobiliary
CHOLANGITIS\ERCP,infectious
THYROID STORM,endocrine_metabolic
PANCREATITIS;ACUTE RENAL FAILURE,gastrointestinal
ATRIAL SEPTAL DEFECT\REPAIR ATRIAL SEPTAL DEFECT /SDA,cardiovascular
ENDOMETRITIS,infectious
UNSTABLE ANGINA\CARDIAC CATHETERIZATION,cardiovascular
HYPERTENSIVE CRISIS,cardiovascular
LEFT FOOT ULCER,other
ASCENDING AORTA\BENTAL PROCEDURE /SDA,cardiovascular
CP,symptoms_unspecified
PALPITATIONS,symptoms_unspecified
CORONARY ARTERY DISEASE\ CORONARY ARTERY BYPASS GRAFT/SDA,cardiovascular
STRIDOR;SHORTNESS OF BREATH,respiratory
BRIAN TUMOR/SDA,neurological
MITRAL STENOSIS\MITRAL VALVE REPLACEMENT MINIMALLY INVASIVE APPROACH/SDA,cardiovascular
AORTIC STENOSIS\CORONARY ARTERY BYPASS GRAFT;AORTIC VALVE REPLACEMENT/SDA,cardiovascular
CHOLANGIOLIOLITIS,hepatobiliary
CORONARY ARTERY DISEASE\CATH WITH BRACHY S/B,cardiovascular
MENINGOENCEPHALITIS,infectious
PNEUMONIA-HYPOXIA,infectious
CONGESTIVE HEART FAILURE;TELEMETRY\Transcatheter Aortic Valve Implant (TAVI) with Pump Stand-by (CoreValve),cardiovascular
HEMORRHAGIC SHOCK,hematologic
CORONARY ARTERY DISEASE;UNSTABLE ANGINA,cardiovascular
ANGIOEDEMA;TELEMETRY,other
RIGHT EMPYEMA,infectious
ACUTE RENAL FAILURE;URINARY TRACT INFECTION,renal
CROHN'S COLITIS,gastrointestinal
A FIB,cardiovascular
FLUID OVERLOAD,cardiovascular
BOWEL OBSTRUCTION/SDA,gastrointestinal
"FEVER,ORIGIN UNKNOWN",infectious
BILATERAL BREAST CA/SDA,oncology
MYOCARDIAL INFARCTION\LEFT HEART CATHETERIZATION,cardiovascular
ACUTE RENAL FAILURE;BRADYCARDIA,renal
LEFT LEG ULCER;PERIPHERAL VASCULAR DISEASE,cardiovascular
FOREIGN BODY INGESTION,gastrointestinal
RUQ PAIN,symptoms_unspecified
JAUNDICE;S/P ERCP,hepatobiliary
LEFT SUBDURAL HEMATOMA,trauma_injury
MULTIPLE GUNSHOT WOUNDS,trauma_injury
THYMOMA/SDA,oncology
CAD/SDA,cardiovascular
HYPONATREMIA;TELEMETRY,endocrine_metabolic
BLADDER RUPTURE,genitourinary
"CAROTID STENOSIS, LEFT/SDA",cardiovascular
CORONARY ARTERY DISEASE;ANGINA\CATH,cardiovascular
CORONARY ARTERY DISEASE;MYOCARDIAL INFARCTION,cardiovascular
ANEMIA;CONGESTIVE HEART FAILURE,cardiovascular
FACTOR VIII INHIBITOR,hematologic
HEPATIC BLEED,hepatobiliary
CONGESTIVE HEART FAILURE; AORTIC STENOSIS,cardiovascular
ACUTE RENAL FAILURE;HYPOTENSION,renal
HYPOTENSION;R/O REJECTION;ELEVATED LFTS,renal
HEPATOMA,oncology
PANCREATITS,gastrointestinal
TYLENOL OVERDOSE;LIVER FAILURE,toxicology_poisoning
ST ELEVATED MYOCARDIAL INFARCT,cardiovascular
ESOPHAGEAL CA,oncology
RIGHT SIDED WEAKNESS,neurological
SYMPTOMATIC AAA,cardiovascular
CIRRHOSIS;MENTAL STATUS CHANGES;ETOH WITHDRAWAL,hepatobiliary
WEAKNESS;TELEMETRY,symptoms_unspecified
HANGING,trauma_injury
ALCOHOLIC CIRRHOSIS,hepatobiliary
CHOLANGITIS;PANCREATITIS,gastrointestinal
"CAROTID STENOSIS,R/SDA",cardiovascular
RIGHT LUNG NODULE/SDA,oncology
"CAROTID STENOSIS,L/SDA",cardiovascular
DECUBITUS ULCER,dermatologic
RIGHT UPPER LOBE LUNG CA/SDA,oncology
BILE DUCT OBSTRUCTION,hepatobiliary
"PNEUMONIA,RESPIRATORY FAILURE",respiratory
ENDOCARDITIS; S/P KIDNEY TRANSPLANT,infectious
CLOT,hematologic
ATRIAL FIBRILLATION\THORACOSCOPIC MAZE PROCEDURE BILATERAL,cardiovascular
CHESST PAIN,symptoms_unspecified
BILE DUCT STRICTURE/SDA,hepatobiliary
CEREBRAL EDEMA,neurological
ACUTE CHOLANGITIS,infectious
CONGESTIVE HEART FAILURE\TRANSCATHETER AORTIC VALVE IMPLANT (TAVI) PERCUTANEOUS APPROACH,cardiovascular
RESPIRATORY FAILURE;TELEMETRY,respiratory
URINARY TRACT INFECTION;PYLONEPHRITIS,infectious
PULMONARY EDEMA\CARDIAC CATH,cardiovascular
RIGHT CAROTID STENOSIS/SDA,cardiovascular
PNEUMONIA;HYPOXIA,infectious
URINARY TRACT INFECTION;ALTERED MENTAL STATUS,infectious
WOUND DEHISCENCE,postoperative_surgical
GASTRIC OUTLET OBSTRUCTION,gastrointestinal
TRIGEMINAL NEURALGIA/SDA,neurological
PNEUMONIA;ACUTE RENAL FAILURE,infectious
PRIMARY SCLEROSING CHOLANGITIS/SDA,hepatobiliary
RESP FAILURE,respiratory
MVC,trauma_injury
ENDOSCOPIC RETROGRADE CHOLANGIOPANCREATOGRAPHY,postoperative_surgical
NECK PAIN,symptoms_unspecified
TYPE B AORTIC DISSECTION,cardiovascular
S/P GUN SHOT WOUND,trauma_injury
ABDOMINAL AORTIC ANEURYSM;TELEMETRY,cardiovascular
LEFT KNEE OA/SDA,musculoskeletal
SYMPTOMATIC FIBROID UTERUS/SDA,pregnancy_obstetric
SEPTIC,infectious
SUICIDAL IDEATION,psychiatric
BENIGN PROSTATIC HYPERTROPHY/SDA,genitourinary
ASPIRIN OVERDOSE,toxicology_poisoning
RECTAL CA/SDA,oncology
FOOD IMPACTION,gastrointestinal
INTRAPARENCHYMAL HEMORRHAGE;TELEMETRY,neurological
BOWEL ISCHEMIA,gastrointestinal
DELERIUM,neurological
PARAESOPHAGEAL HERNIA/SDA,gastrointestinal
URINARY TRACT INFECTION/PYELONEPHRITIS,infectious
BLADDER CA,oncology
EXTREME PREMATURITY,pregnancy_obstetric
S/P MOTORCYCLE CRASH,trauma_injury
KIDNEY FAILURE,renal
SPINE FRACTURE,trauma_injury
ACUTE ABDOMEN,gastrointestinal
INTER CRANIAL HEMORRHAGE,neurological
SEZIURE,neurological
RIGHT LUNG CANCER/SDA,oncology
POLYSUBSTANCE OD,toxicology_poisoning
AORTIC STENOSIS\AORTIC VALVE / ASCENDING AORTA REPLACEMENT /SDA,cardiovascular
CORONARY ARTERY DISEASE\RIGHT AND LEFT HEART CATH,cardiovascular
ISCHEMIC RIGHT LEG,cardiovascular
APNEA,respiratory
EPILEPSY,neurological
BILATERAL PE,cardiovascular
ABDOMINAL SEPSIS,infectious
TYPE B DISSECTION,cardiovascular
CAROTID STENOSIS\LEFT CAROTID ANGIOGRAM,cardiovascular
DYSPNEA;HYPOXIA,respiratory
LEFT RENAL STONE,renal
STERNAL FRACTURE,trauma_injury
OSTEOARTHRITIS RIGHT KNEE/SDA,musculoskeletal
GASTRIC MASS/SDA,oncology
CEREBELLAR MASS VERSUS STROKE,neurological
MEDIASTINAL MASS/SDA,oncology
LIVER FAILURE;GASTROINTESTINAL BLEED,hepatobiliary
FTT;ABDOMINAL DISTENSION,gastrointestinal
PERFORATED GASTRIC ULCER,gastrointestinal
AORTIC STENOSIS\AVR; ? CORONARY ARTERY BYPASS GRAFT/SDA,cardiovascular
CHEST PAIN;UNSTABLE ANGINA,cardiovascular
CATH,cardiovascular
LIVER FAILURE AND SIRS,hepatobiliary
S/P FALL;SUBDURAL HEMATOMA,trauma_injury
RESPITORY DISTRESS,respiratory
C5 FRACTURE,trauma_injury
AORTIC STENOSIS\? CORONARY ARTERY BYPASS GRAFT WITH AVR /SDA,cardiovascular
SPLENIC HEMORRHAGE,trauma_injury
THYROID GOITER/SDA,endocrine_metabolic
PULMONARY EDEMA;PERIPHERAL VASCULAR DISEASE\CATH,cardiovascular
"TRACHEAL BRONCHIAL MALACIA\BRONCHOSCOPY RIGID; W/ STENT REMOVAL, BILATERAL/SDA",respiratory
APHASIA,neurological
NECK LACERATION,trauma_injury
CHF/COPD,cardiovascular
CEREBRAL MASS,neurological
ICD FIRING,cardiovascular
AML,hematologic
LUNG CA LEFT/SDA,oncology
S/P MVA WITH INJURIES,trauma_injury
AORTIC STENOSIS;CONGESTIVE HEART FAILURE\CATH,cardiovascular
CORONARY ARTERY DISEASE;CHF,cardiovascular
ETOH LIVER DISEASE,hepatobiliary
C-DIFF COLITIS,infectious
LYMPHOMA;MENTAL STATUS CHANGES,oncology
VENTRICULAR FIBRILLATION ARREST,cardiovascular
"MITRAL VALVE DISORDER\MITRAL VALVE REPLACEMENT,HEART PORT MINIMALLY INVASIVE /SDA",cardiovascular
SORE THROAT,infectious
GASTROENTERITIS,infectious
VENTRICULAR FIBRILLATION,cardiovascular
LEFT VENTRICULAR LEAD MALFUNCTION\LEFT VENTRICULAR LEAD REVISION/SDA,cardiovascular
PARAPLEGIA,neurological
R HIP FRACTURE,trauma_injury
LOWER EXTREMITY CELLULITIS;HYPERKALEMIA;RENAL FAILURE,infectious
EPIDURAL ABCESS,infectious
MITRAL STENOSIS\CATH,cardiovascular
LUNG CANCER;SHORTNESS OF BREATH,oncology
ELEVATED LFTS,hepatobiliary
S/P MOTOR VEHICLE CRASH,trauma_injury
URINARY RETENTION,genitourinary
LEFT HIP OSTEOARTHRITIS/SDA,musculoskeletal
CARDIAC ARREST;TELEMETRY,cardiovascular
MOTORCYCLE ACCIDENT,trauma_injury
CHOLECYSTITIS/SDA,hepatobiliary
LIVER FAILURE;ASCITES,hepatobiliary
BOWEL RESECTION;CDIFFCOLITIS;LIVE TRANSPLANT LIST,gastrointestinal
MYASTHENIA EXACERBATION,neurological
HYPOXIA;HYPOTENSION,respiratory
DEPRESSED SKULL FRACTURE,trauma_injury
NEUROLEPTIC MALIGNANT SYNDROME,other
HYPOTENSION;ACUTE RENAL FAILURE,renal
TRACHEOBRONCHIOMALACIA,respiratory
FEVER-NEUTROPENIA,infectious
ANGIO EDEMA,other
AFIB WITH RVR,cardiovascular
S/P CATH,postoperative_surgical
GUNSHOT WOUND,trauma_injury
SHOULDER PAIN,musculoskeletal
METASTATIC COLON CANCER TO LIVER/SDA,oncology
PNEUMONIA;RENAL FAILURE,infectious
NECK SWELLING,other
CONGESTIVE HEART FAILURE;RULE-OUT MYOCARDIAL INFARCTION,cardiovascular
MULTIPLE MYELOMA;STATUS POST BONE MARROW TRANSPLANT,hematologic
KIDNEY STONE,genitourinary
METASTATIC COLON CA TO LIVER/SDA,oncology
S/P EXPLORATORY LAPAROTOMY,postoperative_surgical
BRAIN LESION,neurological
VOLUME OVERLOAD,cardiovascular
SUB ARACHNOID BLEED,neurological
PNEUMONIA;CEREBELLUM LESION,infectious
PELVIC MASS,other
PEDESTRIAL STRUCK,trauma_injury
RESPIRATORY FAILURE;RENAL FAILURE,respiratory
DYSPNEA ON EXERTION,cardiovascular
SEPSIS;HYPOTENSION,infectious
ATRIAL FIBRILLATION\ATRIAL FIBRILLATION ABLATION(PULMONARY VEIN ISOLATION),cardiovascular
MESENTERIC ISCHEMIA/SDA,gastrointestinal
HEPATO RENAL SYNDROME,renal
EPIDURAL BLEED,neurological
FUNGEMIA;BREAST CANCER;STATUS POST KIDNEY TRANSPLANT,infectious
THROAT SWELLING,other
DUODENAL PERFORATION,gastrointestinal
CONGESTIVE HEART FAILURE\CARDIAC CATH,cardiovascular
NON Q MI;CONGESTIVE HEART FAILURE\CATH,cardiovascular
CROHN'S DISEASE,gastrointestinal
ANTERIOR MI\CATH,cardiovascular
UPPER AIRWAY OBSTRUCTION,respiratory
CIRRHOSIS W/ ASCITES\REDO TIPS /SDA,hepatobiliary
SQUAMOUS CELL CANCER,oncology
PNEUMONIA;CHEST PAIN,infectious
AORTIC ANEURYSM\RESECTION ANEURYSM THORACIC/SDA,cardiovascular
CHEST PAIN;MYOCARDIAL INFARCTION\CATH,cardiovascular
BLADDER CANCER;FEVER;NEUTROPENIA,oncology
PERIPHERAL VASCULAR DISEASE\PERIPHERAL ANGIOGRAM,cardiovascular
"CHEST PAIN, R/O MI",cardiovascular
ACETAMINOPHEN OVERDOSE,toxicology_poisoning
NAUSEA W\VOMITING,symptoms_unspecified
AORTIC INSUFFICIENCY\AORTIC AND MITRAL VALVE REPLACEMENT /SDA,cardiovascular
ILIAC ARTERY STENOSIS/SDA,cardiovascular
MITRAL REGURGITATION\CORONARY ARTERY BYPASS GRAFT WITH MVR,cardiovascular
SUBGLOTTIC STENOSIS/SDA,respiratory
CONGESTIVE HEART FAILURE;CHEST PAIN,cardiovascular
NEPHROLITHIASIS,renal
CORONARY ARTERY DISEASE; AORTIC STENOSIS\CORONARY ARTERY BYPASS GRAFT WITH AVR /SDA,cardiovascular
"PEDESRTRIAN STRUCK, LEG FRACTURES",trauma_injury
PREVERTEBRAL ABSCESS,infectious
MIDDLE CEREBRAL ARTERY ANEURYSM/SDA,neurological
NEW LEUKEMIA,hematologic
HYPERKALEMIA;TELEMETRY,endocrine_metabolic
STROKE;TELEMETRY;TELEMETRY;TELEMETRY,neurological
LEFT TEMPORAL LESION/SDA,neurological
RENAL FAILURE;PNEUMONIA,infectious
"PNEUMONIA,SEPSIS",infectious
CHRONIC MESENTERIC ISCHEMIA,gastrointestinal
SHORTNESS OF BREATH;WEAKNESS,symptoms_unspecified
URINARY TRACT INFECTION;ACUTE RENAL FAILURE,infectious
RIGHT FOOT ISCHEMIA,cardiovascular
PARKINSON'S DISEASE/SDA,neurological
CHRONIC LYMPHOCYTIC LEUKEMIA;PNEUMONIA,hematologic
GASTRIC ADENOCARCINOMA/SDA,oncology
BARRETT'S ESOPHAGUS/SDA,gastrointestinal
LUMBAR DISC HERNIATION/SDA,musculoskeletal
CENTRAL CORD SYNDROME,neurological
TBM,infectious
ST ELEVATION MYOCARDIAL INFARCTION\LEFT HEART CATHETERIZATION,cardiovascular
RESPIRATORY DISTRESS;TELEMETRY,respiratory
AORTIC INSUFFICIENCY\CORONARY ARTERY BYPASS GRAFT WITH AVR /SDA,cardiovascular
ICB,neurological
SEVERE AORTIC STENOSIS\CATH,cardiovascular
DECOMPENSATED LIVER FAILURE,hepatobiliary
CLOTTED AV GRAFT,renal
FLASH PULMONARY EDEMA,cardiovascular
MENTAL STATUS CHANGES;TELEMETRY,neurological
BACTERIAL MENINGITIS,infectious
CHRONIC PANCREATITIS,gastrointestinal
LEFT UPPER LOBE CA/SDA,oncology
PNEUMONIA;DEEP VEIN THROMBOSIS;PULMONARY EMBOLIS,respiratory
RESPIRATORY ACIDOSIS,respiratory
URINARY TRACT INFECTION;DEHYDRATION,infectious
CONGESTIVE HEART FAILURE;RENAL FAILURE;ATRIAL FIBRILLATION,cardiovascular
RIGHT KIDNEY STONE,genitourinary
CIRRHOSIS;LIVER FAILURE,hepatobiliary
POLYCYSTIC KIDNEY DISEASE/SDA,renal
LIVER LESION/SDA,hepatobiliary
PNA;CHANGE IN MENTAL STATUS,respiratory
SUBARACHNOID HEMORRHAGE/SDA,neurological
LYMPHOMA;FEVER,oncology
MULTIPLE FRACTURES,trauma_injury
THALAMIC HEMORRHAGE,neurological
POLYCYTHEMIA,hematologic
ILEO-ABDOMINAL COLECTOMY,postoperative_surgical
CONGESTIVE HEART FAILURE;ACUTE RENAL FAILURE,cardiovascular
AORTO ILIAC DISEASE/SDA,cardiovascular
ECTOPIC PREGNANCY,pregnancy_obstetric
CAROTID STENOSIS\CAROTID STENT,cardiovascular
ENDOVASCULAR AORTIC ANEURYSM,cardiovascular
ASCITES; HEPATITIS C,hepatobiliary
BRAIN METS/SDA,oncology
PRE-OP LIVER TX,hepatobiliary
SACRAL METASTASIS/SDA,oncology
FRONTAL MASS,neurological
OSTEOARTHRITIS BILATERAL KNEES/SDA,musculoskeletal
MESINTERIC ISCHEMIA,gastrointestinal
FALLS,trauma_injury
EXERTIONAL ANGINA\CATH,cardiovascular
DIARRHEA;DEHYDRATION,gastrointestinal
S/P RESPIRATORY ARREST,postoperative_surgical
BLEEDING,hematologic
RESPIRATORY FAILURE;PELVIC FRACTURE,respiratory
ISCHEMIC LEFT LEG,cardiovascular
MR\MITRAL VALVE REPLACEMENT MINIMALLY INVASIVE APPROACH; HEART PORT/SDA,cardiovascular
VENTRICULAR TACHYCARDIA\VT ABLATION,cardiovascular
ST ELEVATION MI;TELEMETRY,cardiovascular
MULTISYSTEM TRAUMA,trauma_injury
S/P V FIB ARREST,cardiovascular
"HYPOXIA,ACUTE CORONARY SYNDROME,HYPOTENSION,ACUTE RENAL FAILURE",cardiovascular
HEMORRHAGE,hematologic
NEW ONSET DIABETES,endocrine_metabolic
LYMPH ADEMA,other
HYPOXIA; TRACHEALMALACEA\BRONCHOSCOPY RIGID;STENT REMOVAL,respiratory
ST-SEGMENT ELEVATION MYOCARDIAL INFARCTION\CARDIAC CATHETERIZATION,cardiovascular
PANCREATIC FAILURE,gastrointestinal
N/V,symptoms_unspecified
R/O ENDOCARDITIS,cardiovascular
BRADYCARDIA;TELEMETRY,cardiovascular
DIABETIC KETOACIDOSIS;PANCREATITIS,endocrine_metabolic
FEVER-MANTLE CELL LYMPHOMA,hematologic
VENTRICULAR TACHYCARDIA;TELEMETRY,cardiovascular
CEREBELLAR INFARCT,neurological
CHOLANGIO CARCINOMA,oncology
LEFT LOWER EXTREMITY GANGRENE,other
ASCITIES,gastrointestinal
CORONARY ARTERY DISEASE;PULMONARY EDEMA,cardiovascular
BILE DUCT TUMOR/SDA,oncology
INFECTED RIGHT FOOT,infectious
SPONTANEOUS BACTERIAL PERTONITIS,infectious
CORONARY ARTERY DISEASE\AORTIC VALVE REPLACEMENT/SDA,cardiovascular
CONGESTIVE HEART FAILURE; RENAL FAILURE,cardiovascular
CORONARY ARTERY DISEASE;CHEST PAIN;+ETT\CATH,cardiovascular
FOREIGN BODY,other
CONGESTIVE HEART FAILURE\TRANSCATHETER AORTIC VALVE IMPLANT (TAVI) DIRECT ACCESS,cardiovascular
RENAL HEMORRHAGE,renal
COCAINE OVERDOSE,toxicology_poisoning
FEVER/SEPSIS,infectious
HYPOTENSION; BRADYCARDIA,cardiovascular
OA LEFT KNEE/SDA,musculoskeletal
ASD\REPAIR ATRIAL SEPTAL DEFECT /SDA,cardiovascular
LUPUS ERYTHMATOSIS,other
BRONCHITIS,respiratory
GASTRO INTESTINAL BLEED,gastrointestinal
LEFT LOWER LOBE COLLAPSE,respiratory
POST OBSTRUCTIVE PNEUMONIA,infectious
PLEURAL EFFUSION;HYPOXIA,respiratory
CORONARY ARTERY DISEASE\BENTAL PROCEDURE  CORONARY ARTERY BYPASS GRAFT /SDA,cardiovascular
MITRAL VALVE INSUFFIENCY\MITRAL VALVE REPLACEMENT W/ MAZE /SDA,cardiovascular
VIRAL MENINGITIS,infectious
ELEVATED WHITE COUNT,hematologic
NON Q WAVE MYOCARDIAL INFARCTION\CATH,cardiovascular
URINARY TRACT INFECTION; PYELONEPHRITIS,genitourinary
ABDOMINAL MASS,other
FEVER-MENTAL STATUS CHANGES,symptoms_unspecified
MELANOMA\CHEMOTHERAPY (HD-IL2),oncology
SEVERE MITRAL REGURGITATION,cardiovascular
HYPOXIC RESPIRATORY FAILURE,respiratory
CHOLYCYSTITIS,hepatobiliary
BRONCHOPLEURAL FISTULA,respiratory
ESOPHAGEAL VARICES,gastrointestinal
AORTIC STENOSIS\AORTIC VALVE REPLACEMENT; ? CABG/SDA,cardiovascular
A-FIB,cardiovascular
PELVIC HEMATOMA,trauma_injury
GALLSTONE;PANCREATITIS,hepatobiliary
ABDOMINAL PAIN;FEVER,symptoms_unspecified
INFERIOR MYOCARDIAL INFARCTION;CORONARY ARTERY DISEASE\CATH,cardiovascular
CHOLEDOCHOLITHIASIS\ERCP,hepatobiliary
CONGESTIVE HEART FAILURE\BIVENTRICULAR ICD IMPLANTATION,cardiovascular
MYOCARDIAL INFARCTION;CORONARY ARTERY DISEASE,cardiovascular
AORTIC DISSECTION;TELEMETRY,cardiovascular
HYPERKALEMIA;ACUTE RENAL FAILURE,renal
RUPTURED ANEURYSM,cardiovascular
ATRIAL SEPTAL DEFECT\ REPAIR ATRIAL SEPTAL DEFECT/SDA,cardiovascular
MVR\MITRAL VALVE REPLACEMENT/SDA,cardiovascular
ATRIAL FIBRILLATION\PHARMACOLOGICAL / NON PHARM MGMT AFIB ABLATION /SDA,cardiovascular
AORTIC INSUFFICIENCY,cardiovascular
INFECTED ULCER,infectious
GSW,trauma_injury
PAINLESS JAUNDICE,hepatobiliary
OPIATE OVERDOSE,toxicology_poisoning
HYPONATREMIA;ALTERED MENTAL STATUS,endocrine_metabolic
CLOSED HEAD INJURY;LEFT FOOT FRACTURE,trauma_injury
LEFT RENAL CA/SDA,oncology
INFECTED FOOT,infectious
AAA REPAIR,cardiovascular
SPINAL TUMOR/SDA,oncology
COMMON BILE DUCT STONE\ERCP,hepatobiliary
CROHN'S FLARE,gastrointestinal
R/O AORTIC DISSECTION,cardiovascular
CHRONIC OBSTRUCTIVE PULMONARY DISEASE;PNEUMONIA,respiratory
CARDIAC ARREST\CARDIAC CATH,cardiovascular
STROKE; TIA,neurological
PITUITARY ADENOMA/SDA,endocrine_metabolic
S/P POSTERIOR LAMINECTOMY,postoperative_surgical
AORTIC VALVE STENOSIS\AORTIC VALVE REPLACEMENT/SDA,cardiovascular
CORONARY ARTERY DISEASE\CORONARY ARTERY BYPASS GRAFT; ? AVR/SDA,cardiovascular
LEFT HUMERUS FRACTURE,trauma_injury
METASTATIC COLON CANCER,oncology
CONGESTIVE HEART FAILURE;ATRIAL FIBRILLATION;+ TROPONIN\CARDIAC CATH,cardiovascular
SIGMOID COLON CA/SDA,oncology
RENAL FAILURE;ANEMIA,renal
L 1 FRACTURE,trauma_injury
S/P MI\LEFT HEART CATHETERIZATION,cardiovascular
? OVERDOSE,toxicology_poisoning
CORONARY ARTERY DISEASE\ CORONARY ARTERY BYPASS GRAFT WITH AVR/SDA,cardiovascular
PCP PNEUMONIA,infectious
RENAL CELL CARCINOMA,oncology
"PNEUMONIA,CHF",infectious
NECK HEMATOMA,trauma_injury
DEEP VEIN THROMBOSIS;PULMONARY EMBOLIS,cardiovascular
LEG WEAKNESS,neurological
LUNG CANCER;AIRWAY OBSTRUCTION,oncology
SEVERE AORTIC STENOSIS\RIGHT AND LEFT HEART CATH,cardiovascular
SEPSIS;PNEUMONIA;TELEMETRY,infectious
PERFORATED ESOPHAGUS,gastrointestinal
RENAL CA,oncology
OSTEOMYELITIS/SDA,infectious
MYASTHENIA CRISIS,neurological
ESOPHAGEAL MASS\EUS,gastrointestinal
SCROTAL EDEMA,genitourinary
RHABDOMYOLISIS,renal
PARTIAL SBO,gastrointestinal
FACIAL SWELLING,other
CERVICAL STENOSIS;FAILED FUSION,musculoskeletal
CHOLANGIO CANCER,hepatobiliary
PELVIC ABSCESS,genitourinary
INFERIOR MYOCARDIAL INFARCTION\CARDIAC CATH,cardiovascular
LUNG MASS LEFT/SDA,oncology
ACUTE CORONARY SYNDROME;CHEST PAIN,cardiovascular
HEMOPYTSIS,respiratory
HYPERTENSIVE URGENCY;TELEMETRY,cardiovascular
R/O SUB ARACHNOID HEMORRHAGE,neurological
CORONARY ARTERY DISEASE;SHORTNESS OF BREATH,cardiovascular
HEMOPTYSIS;RENAL CELL CANCER,oncology
METASTATIC RENAL CELL CARCINOMA\CHEMOTHERAPY INTERLEUKIN (HD-IL2),oncology
CONGESTIVE HEART FAILURE;ACUTE CORONARY SYNDROME\CATH,cardiovascular
TRAUMATIC SUBARACHNOID HEMORRHAGE,neurological
ENTERIC FISTULA;DEHYDRATION,gastrointestinal
ETOH WITHDRAWAL SEIZURES,psychiatric
LYMPHOMA;DEHYDRATION;PAIN CONTROL,hematologic
C3 FRACTURE,trauma_injury
PERITONSILLAR ABSCESS,infectious
TRACHEAL ESOPHAGEAL FISTULA,gastrointestinal
ELECTROLYTE ABNORMALATIES,endocrine_metabolic
METASTATIC CANCER,oncology
MYOCARDIAL INFARCTION\ANGIOPLASTY,cardiovascular
SEPSIS/HYPOTENSION,infectious
BILATERAL SUBARACHNOID HEMORRHAGE,neurological
RIGHT PLEURAL EFFUSION,respiratory
AORTIC HEMATOMA,cardiovascular
SHORTNESS OF BREATH\CATH,cardiovascular
CONGESTIVE HEART FAILURE;HYPOXIA,cardiovascular
RIGHT FEMUR FRACTURE,trauma_injury
PNEUMONIA; CELLULITIS; DVT,infectious
BASAL GANGLIA HEMORRHAGE,neurological
PNEUMONIA;ATRIAL FIBRILLATION;TELEMETRY;RVR,infectious
AORTIC STENOSIS\AORTIC VALVE REPLACEMENT  BENTAL PROCEDURE /SDA,cardiovascular
INFERIOR STEMI,cardiovascular
MITRAL VALVE REPLACEMENT,cardiovascular
HYPONATREMIA;URINARY TRACT INFECTION,infectious
CORONARY ARTERY DISEASE; CHEST PAIN\LEFT HEART CATHETERIZATION,cardiovascular
BIKE ACCIDENT,trauma_injury
HYDRONEPHROSIS,renal
LIVER TRANSPLANT REJECTION,hepatobiliary
ACUTE MYELOID LEUKEMIA\BONE MARROW TRANSPLANT,hematologic
CORONARY ARTERY DISEASE\HEART CATH,cardiovascular
SEPTIC KNEE,infectious
SUBDURAL HEMORRHAGE;SUBARACHNOID HEMATOMA,neurological
R/O MENINGITIS,infectious
MANDIBULAR FRACTURE,trauma_injury
AMC;FEVER,other
CERVICAL CORD COMPRESSION,neurological
LIVER FAILURE;HEPATITIS C,hepatobiliary
FEVER/SYNCOPE,symptoms_unspecified
MITRAL VALVE DISORDER\MITRAL VALVE REPLACEMENT,cardiovascular
ACUTE CORONARY SYNDROME\LEFT HEART CATHETERIZATION,cardiovascular
RIGHT HEEL INFECTION;,infectious
CELLULITIS;SEPSIS,infectious
ESOPHAGEAL LEAK,gastrointestinal
MYOCARDIAL INFARCTION;CONGESTIVE HEART FAILURE,cardiovascular
COUGH,symptoms_unspecified
UNRESPONSIVE-OVERDOSE,toxicology_poisoning
HYPOGLYCEMIA;SEIZURE,endocrine_metabolic
METASTATIC THYROID CANCER,oncology
S/P CARDIAC ARREST\CATH,cardiovascular
BABESIOSIS,infectious
UPPER GIB,gastrointestinal
COLON MASS,oncology
COMPARTMENT SYNDROME,trauma_injury
COLON TUMOR BENIGN/SDA,oncology
PNEUMONIA/CONGESTIVE HEART FAILURE,respiratory
AORTIC INJURY,trauma_injury
MYOCARDITIS,cardiovascular
METASTATIC MELANOMA\INTERLEUKIN (HD-IL2),oncology
MR\CORONARY ARTERY BYPASS GRAFT;MITRAL VALVE REPLACEMENT/SDA,cardiovascular
CHRONIC LYMPHOCYTIC LEUKEMIA,hematologic
AORTIC STENOSIS\AORTIC VALVE REPLACEMENT REDO,cardiovascular
COPD EXACERBATION; PNEUMONIA,respiratory
AORTIC STENOSIS\AORTIC AND ? MITRAL VALVE REPLACEMENT /SDA,cardiovascular
"ASCITES,CIRRHOSIS,RENAL FAILURE",hepatobiliary
TRACHEOMALACIA/SDA,respiratory
SEVERE SPINAL STENOSIS,musculoskeletal
DYSPHASIA,neurological
CORONARY ARTERY DISEASE;VENTRICULAR ARREST\CATH,cardiovascular
GANGRENE LEFT LEG,other
VENTRICULAR FIBRILLATION\ICD,cardiovascular
RIGHT MIDDLE LOBE NODULE/SDA,oncology
SUBARACHNOID BLEEDING,neurological
RESPIRATORY FAILURE-TRACHEA MALASIA,respiratory
"CAROTID STENOSIS, RIGHT/SDA",cardiovascular
PNEUMONIA/DEHYDRATION,respiratory
TRANSFUSION REACTION,hematologic
COMPRESSION FRACTURE,trauma_injury
PICA ANEURYSM,neurological
STATUS POST HANGING,neurological
IPH,neurological
CORONARY ARTERY DISEASE;CONGESTIVE HEART FAILURE\ANGIOPLASTY,cardiovascular
CORONARY ARTERY DISEASE;AORTIC VALVE INSUFFICIENCY,cardiovascular
RECTAL MALIGNANT NEOPLASM/SDA,oncology
SPLENOMEGALY/SDA,hematologic
CORONARY ARTERY DISEASE;AORTIC STENOSIS;CONGESTIVE HEART FAILURE;PULMONARY EDEMA,cardiovascular
ST ELEVATION\CATH,cardiovascular
END STAGE LIVER & KIDNEY DISEASE,renal
FRACTURED PLEVIS,trauma_injury
DIPLOPIA,neurological
SYMPTOMATIC CAROTID STENOSIS,cardiovascular
FAILED TRANSPLANT,other
CONGESTIVE HEART FAILURE;AORTIC STENOSIS\COREVALVE; AORTIC VALVE REPLACEMENT,cardiovascular
DIABETIC KETOACIDOSIS;,endocrine_metabolic
FEVER;ABDOMINAL PAIN,symptoms_unspecified
INTRACRANIAL HEMORRHAGE/HEMOTHORAX/SPINAL FX/S/P FALL,trauma_injury
CORONARY ARTERY DISEASE\CORONARY ARTERY BYPASS GRAFTWITH MVR /SDA,cardiovascular
INTRACRAINIAL BLEED,neurological
RIGHT LEG SARCOMA/SDA,oncology
BILIARY OBSTRUCTION\ERCP,hepatobiliary
CHEST PAIN;CORONARY ARTERY DISEASE;RENAL INSUFFICIENCY\CATH,cardiovascular
OA RIGHT HIP/SDA,musculoskeletal
ORAL SWELLING,symptoms_unspecified
S/P MOTOR VEHICLE ACCIDENT;DIAPHRAGMATIC RUPTURE,trauma_injury
TRACHEO-BRONCHEO MALACEA\BRONCHOSCOPY RIGID;STENT REMOVAL,respiratory
SPONDYLOLITHESIS/SDA,musculoskeletal
CA OF LARYNX/SDA,oncology
CONGESTIVE HEART FAILURE-R/O MYOCARDIAL INFARCTION,cardiovascular
STAB WOUND TO NECK,trauma_injury
CLAUDICATION RIGHT LOWER EXTREMITY/SDA,cardiovascular
"STROKE,CEREBRAL EDEMA",neurological
FALL/PELVIC FRACTURE,trauma_injury
HYPOVOLEMIA,other
LEFT KIDNEY STONE/SDA,genitourinary
SUBARCHNOID HEMORRHAGE,neurological
GANGRENE FOOT;CELLULITIS,infectious
STATUS POST COLECTOMY;ANASTOMOSIS LEAK,postoperative_surgical
C2 FX,trauma_injury
HPOGLYCEMIA,endocrine_metabolic
HYDROCEPHALUS/SDA,neurological
INFLUENZA,infectious
"FEVER, JAUNDICE",symptoms_unspecified
INFECTED RIGHT HIP/SDA,infectious
PANCREATIC CYST,gastrointestinal
CEREBELLAR HEMATOMA,neurological
BICYCLIST STRUCK,trauma_injury
"S/P KIDNEY TX,PRE OP PANCREAS TX",postoperative_surgical
CHEST ABSCESS,infectious
ENDOCARDITIS;OSTEOMYELITIS;DISCITIS,infectious
PNEUMONIA;ALTERED MENTAL STATUS; AFIB;RVR,infectious
MYELODYSPLASTIC SYNDROME\BONE MARROW TRANSPLANT,hematologic
LUNG DISEASE/SDA,respiratory
PNEUMONIA;TRACHEOMALACIA,infectious
MULTIFOCAL MOTOR NEUROPATHY,neurological
PERFORATION,gastrointestinal
PNEUMONIA VS. INFLUENZA,infectious
INTREPARENCHYMAL HEMORRHAGE,neurological
CELLULITIS;HYPOTENSION,infectious
THYROID NODULE/SDA,endocrine_metabolic
ELEVATED CREATININE-DEHYDRATION,renal
ASYSTOLIC ARREST,cardiovascular
MITRAL REGURGITATION\MITRAL VALVE REPLACEMENT MINIMALLY INVASIVE APPROACH/SDA,cardiovascular
SYPHILIS,infectious
CAD/AS,cardiovascular
ELEVATED LIVER FUNCTION TEST,hepatobiliary
PERI-RECTAL ABSCESS,infectious
LEFT HIP AVASCULAR NECROSIS/SDA,musculoskeletal
RENAL FAILURE; ALCOHOLIC HEPATITIS,renal
RIGHT FRONTAL MASS,neurological
NON ST MYOCARDIAL INFARCTION,cardiovascular
PERFORATED APPENDIX,gastrointestinal
CORONARY ARTERY DISEASE\CORONARY ARTERY BYPASS GRAFT; WITH MVR;MAZE/SDA,cardiovascular
CORD COMPRESSION;ATRIAL FIBRILLATION;TELEMETRY,neurological
CEREBRAL ANUERYSM/SDA,neurological
STATUS POST MOTOR VEHICLE ACCIDENT WITH INJURIES;TELEMETRY,trauma_injury
BLEEDING AV FISTULA,hematologic
DIABETES MELLITUS;END STAGE RENAL DISEASE;ENDOCARDITIS,renal
S/P VTACH,cardiovascular
CONGESTIVE HEART FAILURE;MYOCARDIAL INFARCTION\CATH,cardiovascular
NAUSEA W/VOMITING,symptoms_unspecified
MEDIASTINITIS,infectious
INTRACEREBRAL HEMORRHAGE;TELEMETRY,neurological
ENDOCARDITIS; BACTEREMIA,infectious
BLADDER BLEED;ANEMIA,genitourinary
COLON CARCINOMA/SDA,oncology
TRACHEOBRONCHEAL MALACIA,respiratory
URINARY TRACT INFECTION; CHRONIC RENAL FAILURE,renal
"BREAST CANCER, RIGHT/SDA",oncology
HYPOGLYCEMIC SEIZURE,endocrine_metabolic
DYSPNEA;PULMONARY EDEMA,cardiovascular
SPLEENIC LACERATION,trauma_injury
RIGHT FOOT CELLULITIS,infectious
S/P KIDNEY TRANSPLANT;FEVERS,renal
PERICOLOSTOMY HERNIA,gastrointestinal
NAUSEA W\VOMITING;HYPERGLYCEMIA,endocrine_metabolic
TOOTH ABSCESS,infectious
"HYPERNATREMIA,HYPOTHERMIA",endocrine_metabolic
RIGHT FOOT GANGRENE,infectious
DYSPNEA;LIVER CANCER,oncology
LUDWIG ANGINA,infectious
MORBID OBESTIY/SDA,endocrine_metabolic
LEFT FRONTAL TUMOR/SDA,neurological
PERICARDIAL EFFUSION;TAMPONADE,cardiovascular
BACTREMIA,infectious
LIVER FAILURE;?PNEUMONIA;ENCEPHALOPATHY,hepatobiliary
RAPID AFIB; FLUTTER,cardiovascular
CORONARY ARTERY DISEASE; CARDIOMYOPATHY,cardiovascular
DOG BITE,trauma_injury
CORONARY ARTERY DISEASE\BENTALL PROCEDURE/SDA,cardiovascular
BILATERAL LEG FRACTURES,trauma_injury
S/P MCC,trauma_injury
ARTERIAL INSUFFICIENCY,cardiovascular
RIGHT RENAL CALCULI;DIABETIC KETOACIDOSIS,renal
DEEP VEIN THROMBOSIS/ S/P AVR\ REDO HEMI STRENOTOMY ARCH TO DESCENDING STENT,cardiovascular
?PELVIC ABSCESS;TELEMETRY,infectious
TRICUSPID REGURGITATION\TRICUSPID VALVE REPLACEMENT,cardiovascular
SEPTIC ENDOCARDITIS,infectious
CRITITCAL AORTIC STENOSIS,cardiovascular
BILATERAL BREAST CANCER/SDA,oncology
SHINGLES,infectious
METASTASTIC BREAST CANCER TO LIVER/SDA,oncology
POST CARDIAC ARREST,cardiovascular
RIGHT PARACOSTASL TUMOR/SDA,oncology
INTRA-ABDOMINAL HEMORRHAGE,trauma_injury
SHORT GUT SYNDROME/SDA,gastrointestinal
LT HIP PAIN,musculoskeletal
AORTIC STENOSIS\AORTIC VALVE REPLACEMENT; LIMITED ACCESS/SDA,cardiovascular
CIRRHOSIS-ASCITES,hepatobiliary
INTERCRANIAL HEMMORHAGE,neurological
LYMPHADENOPATHY;FEVER,infectious
CONGESTIVE HEART FAILURE;AORTICSTENOSIS,cardiovascular
VENTRICULAR TACCHYCARDIA,cardiovascular
VOCAL CORD EDEMA,respiratory
CERVICAL CANCER,oncology
"AORTIC STENOSIS\AORTIC VALVE REPLACEMENT, RE-DO/SDA",cardiovascular
LOWER GATROINTESTINAL BLEED,gastrointestinal
CHEST PVD,cardiovascular
RESPIRATORY FAILURE;AIRWAY OBSTRUCTION,respiratory
SEPTIC THROMBOPHLEBITIS,infectious
CHOLEYCYSTITIS,hepatobiliary
S/P SEIZURE,neurological
LIVER FAILURE-CHRONIC RENAL FAILURE,hepatobiliary
RENAL FAILURE/SDA,renal
RIGHT CAROTID STENOSIS\RIGHT CAROTID ANGIOGRAM,cardiovascular
ACITIC STENOSIS,cardiovascular
TRAUMATIC INTRACRANIAL BLEED,neurological
ADNEXAL MASS,genitourinary
RIGHT PATELLA FX-LEFT FEMORAL NECK FX,trauma_injury
TOE INFECTION,infectious
T12 FRACTURE,trauma_injury
PROSTHETIC VALVE ENDOCARDITIS,infectious
SYMTOMATIC CAROTID STENOSIS,cardiovascular
RENAL FAILURE;STATUS POST KIDNEY TRANSPLANT,renal
R.LEG ABCESS,infectious
FEVER-HYPOTENSION,infectious
MITRAL VALVE ENDOCARDITIS,cardiovascular
CERVICAL INSTABILITY;FAILED HARDWARE,trauma_injury
CORONARY ARTERY DISEASE\ANGIOPLASTY AND STENT,cardiovascular
T4 COMPRESSION FX/SDA,trauma_injury
MI/DKA,cardiovascular
"MI, CHF",cardiovascular
BLEEDING FROM TRACH,respiratory
FB ESOPHAGUS,gastrointestinal
BLEEDING HEPATOMA,hepatobiliary
HEART FAILURE;PNEUMONIA,cardiovascular
CA,oncology
ASCENDING AORTIC ANEURYSM\BENTALL PROCEDURE/SDA,cardiovascular
FRONTAL ICH,neurological
FEVER;CHEST PAIN;TELEMETRY,cardiovascular
PNA,respiratory
S/P GUN SHOT WOUND TO HEAD,trauma_injury
OVERDOSE;S/P FALL,toxicology_poisoning
OVARIAN CANCER;BOWEL OBSTRUCTION,oncology
CRONIC OBSRUCTIVE PULMONARY DISEASE;LUNG ABCESS,respiratory
INTRA ABDOMINAL ABSCESS,infectious
SAH;SDH,neurological
CORONARY ARTERY DISEASE\CORONARY ARTERY BYPASS GRAFT; W/MVR/SDA,cardiovascular
AORTIC STENOSIS;ATRIAL FIBRILLATION;CONGESTIVE HEART FAILURE\CATH,cardiovascular
CADS/P CABG\CX ANGIOPLASTY AND STENT,cardiovascular
MANDIBLE FRACTURE,trauma_injury
AORTIC STENOSIS\AORTIC VALVE REPLACEMENT; W/ ATRIACURE MAZE,cardiovascular
CORONARY ARTERY DISEASE\CORONARY ANGIOGRAM,cardiovascular
CA OF ESOPHAGUS/SDA,oncology
PERICARDIAL EFFUSION\PERICARDIAL CENTESIS,cardiovascular
"FEVER, ABDOMINAL PAIN",infectious
HEMORRHAGIC CEREBRAL VASCULAR ACCIDENT,neurological
METASTATIC LUNG CA/SDA,oncology
CONGESTIVE HEART FAILURE;RESPIRATORY FAILURE;SEVERE AS,cardiovascular
LEFT TEMPORAL MASS,oncology
ALTERED MENTAL STATUS;R/O MENINGITIS,neurological
SOFT TISSUE MASS,oncology
AORTIC STENOSIS\AORTIC AND MITRAL VALVE REPLACEMENT,cardiovascular
PNA/SEPSIS,infectious
"ASTHMA, COPD EXACERBATION",respiratory
CHRONIC RENAL FAILURE ;KIDNEY PANCREAS TRANSPLANT,renal
CARDIOMYOPATHY; HEART BLOCK\BIVENTRICULAR PACEMAKER IMPLANTATION,cardiovascular
CHEST PAIN R/O MI,cardiovascular
ASTHMA EXACERBATION;CHRONIC OBST PULM DISEASE,respiratory
AORTIC VALVE INSUFFIENCY\CORONARY ARTERY BYPASS GRAFT WITH AVR /SDA,cardiovascular
ANGINA\LEFT HEART CATH,cardiovascular
ATRIAL FIBRILLATION\PHARMACOLOGICAL / NON PHARM MGMT AFIB ABLATION **REMOTE WEST** /SDA,cardiovascular
TIBIA FRACTURE,trauma_injury
PNEUMONIA;RESPIRATORY DISTRESS,respiratory
EPIDURAL HEMATOMA;S/P FALL,trauma_injury
R/O MI PNEUMONIA,cardiovascular
BLEED,other
MCA STROKE,neurological
RETRO PERITONEAL BLEED,trauma_injury
METASTATIC LUNG CANCER,oncology
RIGHT FOOT OSTEOMYELITIS,infectious
INFECTED RIGHT HIP,infectious
CORONARY ARTERY DISEASE;CHEST PAIN\CARDIAC CATH,cardiovascular
ACUTE RENAL FAILURE;SEPSIS,renal
"CHF,ARF,STROKE",cardiovascular
TRAUMATIC BRAIN INJURY,trauma_injury
PARAESOPHAGEAL HERNIA\LAPARSCOPIC REPAIR PARAESOPHAGEAL HERNIA W/ FUNDOPLICATION; ? OPEN/SDA,gastrointestinal
RIGHT HIP HARDWARE DISLOCATION,trauma_injury
NON SMALL CELL LUNG CANCER,oncology
SPINAL STENOSIS,musculoskeletal
TESTICULAR CANCER/SDA,oncology
WIDE COMPLEX TACHYCARDIA,cardiovascular
STEVENS-JOHNSON SYNDROME,dermatologic
HIGH GRADE DYSPLASIA/SDA,oncology
ALLERGIC RXN,other
MULTIPLE SCLEROSIS,neurological
CORONARY ARTERY DISEASE;CONGESTIVE HEART FAILURE;ANGINA\CARDIAC CATH,cardiovascular
AORTIC INTRAMURAL HEMATOMA,cardiovascular
LEFT KIDNEY CA/SDA,oncology
AORTIC INSUFFICIENCY\BENTAL PROCEDURE /SDA,cardiovascular
CORONARY ARTERY DISEASE;AORTIC STENOSIS\CORONARY ARTERY BYPASS GRAFT;AORTIC VALVE REPLACEMENT/SDA,cardiovascular
CHRONIC ULCERATIVE COLITIS/SDA,gastrointestinal
METASTATIC ADENOCARCINOMA COLON TO LIVER/SDA,oncology
MITRAL STENOSIS\MITRAL VALVE REPLACEMENT REDO,cardiovascular
C5 BURST FRACTURE,trauma_injury
CARDIOMYOPATHY;SEVERE MITRAL REGURGITATION;CORONARY ARTERY DISEASE,cardiovascular
BILATERAL PULMONARY EMBOLI,cardiovascular
HAIRY CELL LEUKEMIA,hematologic
AORTIC VALVE REPLACEMENT,cardiovascular
"PULMONARY EDEMA,AORTIC STENOSIS",cardiovascular
R PLEURAL EFFUSION,respiratory
CORONARY ARTERY DISEASE\CORONARY ARTERY BYPASS GRAFT WITH AVR; ? ENDARTERECTOMY /SDA,cardiovascular
NECROTISING PANCREATITIS,gastrointestinal
BRADYCARDIA-ACUTE RENAL FAILURE,renal
"CHF,R/O MI",cardiovascular
RENAL BLEEDING,renal
CHOLANGEAL CARCINOMA/SDA,oncology
CHEST PAIN;ANGINA\CATH,cardiovascular
FEVERS;HYPOXIA,infectious
PRE-OP KIDNEY,renal
CLOSTRIDIUM DIFFICILE,infectious
TCA OVERDOSE,toxicology_poisoning
"PNA,SEPSIS",infectious
ANTIFREEZE INGESTION,toxicology_poisoning
CLOSED LOOP OBSTRUCTION,gastrointestinal
LUNG CANCER;HEMOPTYSIS,oncology
MYOCARDIAL INFARCTION;UNSTABLE ANGINA,cardiovascular
METASTATIC COLON CA/SDA,oncology
CHOLECYSITIS,hepatobiliary
RIGHT LUNG CA,oncology
ALTERED MENTAL STATUS;POST PROCEDURE ENDOSCOPIC RETROGRADE CHOLANGIOPANCREATOGRAPHY,hepatobiliary
ST ELEVATION MYOCARDIAL INFARCTION\CARDIAC CATH,cardiovascular
"AS,\  REDO STERNOTOMY AVR; ASCENDING AORTIC ARCH REPLACEMENT",cardiovascular
PSYCHOSIS,psychiatric
"CHEST PAIN,SHORTNESS OF BREATH",symptoms_unspecified
PERICARDIAL EFFUSION\PERICARDIAL TAP/SDA,cardiovascular
DEPRESSION,psychiatric
GANGRENOUS CHOLECYSTITIS,hepatobiliary
ASTHMA;EXACERBATION,respiratory
ALTERED MENTAL STATUS;ACUTE RENAL FAILURE,renal
"DIARRHEA,DEHYDRATION",gastrointestinal
"PNEUMONIA,HOSPITAL VS COMMUNITY ACQUIRED",infectious
"ACUTE,MI\CATH",cardiovascular
OVARIAN MASS;PULMONARY EMBOLISM,cardiovascular
BRBPR/BLOOD LOSS ANEMIA,hematologic
INFECTED BIVENTRICULAR IMPLANTABLE CARDIOVERTER DEFIBRILLATOR,cardiovascular
MI\CATH,cardiovascular
CERVICAL SPINE INJURY,trauma_injury
FEVER;LINE SEPSIS,infectious
BILATERAL HIP FRACTURE,trauma_injury
LYMPHOMA/SPINAL CORD COMPRESSION,oncology
HODGKINS DISEASE\BONE MARROW TRANSPLANT,oncology
TRAUMATIC ARREST,trauma_injury
MYOCARDIAL ISCHEMIA,cardiovascular
FACIAL CELLULITIS,infectious
MITRAL REGURGITATION\MINIMALLY INVASIVE MITRAL VALVE REPAIR VS REPLACEMENT/SDA,cardiovascular
AMPULARY ADENOMA/SDA,gastrointestinal
+\INITIATE DIALYSIS,renal
HYPOTENSION; UNSTABLE ANGINA,cardiovascular
ANTERIOR COMMUNICATING ANEURYSM/SDA,neurological
NEUROSAICOIODOSIS,neurological
CARDIAC ISCHEMIA\CARDIAC CATH,cardiovascular
AMPULLARY CANCER/SDA,oncology
"UROSEPSIS,PNEUMONIA,COLITIS",infectious
ABDOMINAL PAIN;CHOLANGITIS,hepatobiliary
BASAL STEM STROKE,neurological
"FEVER,S/P CHEMO",infectious
ATHEROSCLEROSIS WITH CLAUDICATION/SDA,cardiovascular
SUBARACHNOID HEMMORRHAGE,neurological
METASTATIC MELANOMA\CHEMOTHERAPY (HD-IL2),oncology
CAROTID ARTERY STENOSIS\CAROTID STENT,cardiovascular
OBSTRUCTIVE PNEUMONIA,infectious
MYOCARDIAL INFARCTION,cardiovascular
CHF VS;MULTIFOCAL PNA,cardiovascular
AORTIC STENOSIS\AORTIC VALVE ? ASCENDING AORTA REPLACEMENT /SDA,cardiovascular
HEPATORENAL SYNDROME HEMETEMSIS,renal
COLON PERF,gastrointestinal
R PTX,respiratory
METASTATIC RENAL CELL CARCINOMA\INTERLEUKIN HIGH DOSE,oncology
PNEUMONIA-R/O TB,respiratory
C-SPINE INJURY,trauma_injury
PRE TERM CONTRACTIONS;31 WEEKS,pregnancy_obstetric
ACUTE RENAL FAILURE;LLL PNEUMONIA,renal
BOOP SYNDROME,respiratory
HYPOTENSION;ANEMIA,cardiovascular
ACUTE CVA;TELEMETRY,neurological
ABDOMINAL WOUND INFECTION,infectious
SEVERE AS\AORTIC VALVE REPLACEMENT,cardiovascular
SEPSIS;CHOLANGITIS,infectious
ABDOMINAL ABSCESS;TELEMETRY,infectious
"S/P FALL, S/P R/O MI",trauma_injury
"SEPSIS, PNEUMONIA",infectious
NEAR SYNCOPE,cardiovascular
SEVERE MITRAL REGURGITOTION:MITRAL VALVE REPLACEMENT\MITRAL VALVE REPLACEMENT,cardiovascular
DRUG REFRACTORY ATRIAL FIBRILLATION\PULMONARY VEIN ISOLATION **REMOTE WEST** /SDA,cardiovascular
LEUKEMIA VS LYMPHOMA;ANEMIA,hematologic
THORACIC ABDOMINAL ANEURYSM,cardiovascular
KLATSKIN TUMOR,oncology
ATRIAL FIBRILLATION\BILATERAL THORACOSCOPIC MINI MAZE PROCEDURE WITH LEFT ATRIAL APPENDAGE RESECTION BILATERAL/SDA,cardiovascular
AORTIC STENOSIS\AORTIC VALVE REPLACEMENT MINIMALLY INVASIVE /SDA,cardiovascular
S/P CVA;FEVER OF UNKNOWN ORIGEN,neurological
TACHYCARDIA;TELEMETRY,cardiovascular
RIGHT FRONTAL BLEED,neurological
AORTIC ANEURYSM\CATH,cardiovascular
CEREBELLAR ICH,neurological
GI BLEED;ANEMIA,gastrointestinal
HYPONATREMIA;GENERAL WEAKNESS,endocrine_metabolic
CHOLANGIOCARCINOMA,hepatobiliary
RECTAL ABSCESS,infectious
INDUCTION,pregnancy_obstetric
SAH;TELEMETRY,neurological
GASTROINTESTINAL BLEED-ADVANCED LIVER FAILURE,gastrointestinal
ATRIAL FIBRILLATION\THORACOSCOPIC MAZE PROCEDURE BILATERAL/SDA,cardiovascular
PLEURAL EFFUSION;ELEV INR,respiratory
AORTIC ABDOMINAL ANEURYSM/SDA,cardiovascular
HEMOPTYSIS;PNEUMONIA,respiratory
TRACHEAL CANCER,oncology
T12 SPINAL CORD COMPRESSION/SDA,neurological
ANASTOMATIC LEAK,postoperative_surgical
BACTERIAL ENDOCARDITIS;TELEMETRY,infectious
LIVER CANCER;SEVERE MUCUSITIS,oncology
LEG FRACTURE,trauma_injury
RESPIRATORY FAILURE;SEPSIS,infectious
SUBDURAL HEMORRHAGE;SUBARACHNOID HEMATOMA;FALL,trauma_injury
CHEST PAIN; CARDIAC ISCHEMIA\LEFT HEART CATHETERIZATION,cardiovascular
CHEST PAIN/SHORTNESS OF BREATH,symptoms_unspecified
URINARY TRACT INFECTION;RENAL FAILURE,renal
AFIB\ PHARMACOLOGICAL/NONPHARMACOLOGICAL MANAGEMENT AFIB,cardiovascular
MOTOR VEHICLE ACCIDENT\INJURIES;TELEMETRY,trauma_injury
AORTIC ANEURYSM\ENDOVASCULAR THORACIC ANEURYSM REPAIR,cardiovascular
PROSTATE CANCER,oncology
INFECTED LEFT FOOT;DIABETES,endocrine_metabolic
ASYSTOLE,cardiovascular
DIABETIC FOOT ULCER;FEVER;TELEMETRY;METHICILLIN RESISTANT STAPH AUREUS,infectious
"26WKS,PIH,PREECLAMPSIA",pregnancy_obstetric
PERIPHERAL VASCULAR DISEASE;SHORTNESS OF BREATH;CHEST HEAVINESS;ISCHEMIA;HYPERTENSION;DIABETES\CATH,cardiovascular
BREAST CANCER RIGHT/SDA,oncology
PARATRACHEAL MASS/SDA,oncology
RESPRTORY DISTRESS,respiratory
GUNSHOT WOUNDS,trauma_injury
INTRAABDOMINAL BLEED,trauma_injury
SEPSIS;LIVER FAILURE;SHORT GUT SYNDROME,infectious
ADENOCARCINOMA OF COLON/SDA,oncology
ACHALASIA,gastrointestinal
AV FISTULA/SDA,renal
RIGHT PAROTID MASS/SDA,oncology
MYOCARDIAL INFARCTION;CHRONIC RENAL INSUFFICIENCY,cardiovascular
R/O MYOCARDIAL INFARCTION-CHEST PAIN,symptoms_unspecified
RT FRONTAL CONTUSION,trauma_injury
COAGULOPATHIC,hematologic
MITRAL VALVE PROLAPSE\MITRAL VALVE REPLACEMENT; HEART PORT MINIMALLY INVASIVE/SDA,cardiovascular
BLEEDING TRACHEOSTOMY,respiratory
CHRONS,gastrointestinal
MYASTHENIA,neurological
RIGHT FRONTAL MASS/SDA,oncology
GUN SHOT WOUND TO FACE,trauma_injury
"SHOCK,GI BLEED",gastrointestinal
CORONARY ARTERY DISEASE\CATH/STENT PLACEMENT,cardiovascular
CORD INJURY,neurological
CHRONIC DIVERTICULITIS/SDA,gastrointestinal
HEMOLYTIC ANEMIA,hematologic
CONGESTIVE HEART FAILURE;PNEUMONIA;RULE-OUT MYOCARDIAL INFARCTION,cardiovascular
HYPOTENSION;URINARY TRACT INFECTION,genitourinary
FOREIGN BODY IN STOMACH,gastrointestinal
RIGHT ELBOW PAIN/SDA,musculoskeletal
"CONGESTIVE HEART FAILURE,CHRONIC OBSTRUCTIVE PULMONARY DISEASE",cardiovascular
MEDIASTINAL ADENOPATHY\FLEXIBLE BRONCHOSCOPY; LINEAR ENDOBRONCHIAL ULTRASOUND (EBUS); FLUOROSCOPY; TRANSBRONCHIAL BIOPSY; TRANSBRONCHIAL NEEDLE ASPIRATION; BRONCHIAL ALVEOLAR LAVARGE,oncology
"CELLULITIS,MENTAL STATUS CHANGE",infectious
S/P FALL;ALTERED MENTAL STATUS,trauma_injury
S/P CATH;FOR SURGICAL REVASCULARIZATION\CATH,postoperative_surgical
BILATERAL SUBDURAL HEMATOMA,neurological
R/O MYCOARDIAL INFARCTION,symptoms_unspecified
LEUKEMIA;SEPSIS;PNEUMONIA,hematologic
LARYNGEAL MASS,oncology
MENTAL STATUS CHANGES/ FEVER,infectious
ACUTE RENAL FAILURE;VOMITING;DIARRHEA;TELEMETRY,renal
ATRIAL FIBRILLATION;CONGESTIVE HEART FAILURE,cardiovascular
RESPIRATORY FAILURE;LUNG CANCER,oncology
DIABETIC FOOT,endocrine_metabolic
LERYAGEAL CA/CAROTID INJURY,trauma_injury
AR\AORTIC VALVE REPLACEMENT/SDA,cardiovascular
DEHYDRATION;JAUNDICE,hepatobiliary
DYSTONIA\REPLACEMENT GJ-TUBE ** REMOTE WEST INR SUITE **,gastrointestinal
CO2 NARCOSIS,respiratory
"ANEMIA, PNEUMONIA",infectious
CORONARY ARTERY DISEASE;TELEMETRY\BALOON PUMP,cardiovascular
CHEST PAIN;CONGESTIVE HEART FAILURE\CATH,cardiovascular
TRANSPLANT REJECTION,other
HYPERTROPHIC CARDIOMYOPATHY\ETHANOL SEPTAL ABLATION/SDA,cardiovascular
AGITATION,psychiatric
FTT,other
PHARYNGEAL ABSCESS,infectious
SEPSIS;RESPIRATORY FAILURE;TELEMETRY,infectious
RULE-OUT MYOCARDIAL INFARCTION,cardiovascular
ANEURYSM /SDA,cardiovascular
RULE-OUT MYOCARDIAL INFARCTION;TELEMETRY;HYPERTENSION,cardiovascular
"ASCITES, HYPOGLYCEMIA",gastrointestinal
INFECTED PANCREATIC PSEUDOCYST,gastrointestinal
ABDOMINAL PAIN.,symptoms_unspecified
ADENOPATHY,other
BRAIN MASS;S/P FALL,neurological
VENOUS THROMBOSIS,hematologic
PERIPHERAL EDEMA,cardiovascular
ESLD;ANEMIA;RENAL FAILURE,renal
"MI,CHF,CRI\LEFT HEART CATHETERIZATION",cardiovascular
PNEUMONIA;S/P CARDIAC ARREST,infectious
ST ELELEVATION MI,cardiovascular
SMALL BOWEL OBSTRUCTION;ACUTE CHOLEYCYSITIS,gastrointestinal
TRACHEO-BRONCHEAL MALACEA/SDA,respiratory
ATRIAL FIBRILLATION\PULMONARY VEIN ISOLATION  **REMOTE WEST**,cardiovascular
BRBPR,gastrointestinal
CORONARY ARTERY DISEASE;MYOCARDIAL INFARCTION\CATH;STENT PLACEMENT,cardiovascular
NEW CVA,neurological
SUBDURAL HEMORRHAGE;CLAVICLE FRACTURE,trauma_injury
MITRAL REGURGITATION;CHF,cardiovascular
BREAST CANCER;PNEUMONIA,oncology
SYNCOPY C2 FRACTURE,trauma_injury
FOCAL NODULAR HYPERPLASIA/SDA,hepatobiliary
RELL CELL METASTASIS/SDA,oncology
HEMATURIA;ANEMIA;ST ELEVATED MYOCARDIAL INFARCTION,cardiovascular
SEPSIS;UNRESPONSIVE,infectious
SEVERE MITRAL REGURGITATION\CARDIAC CATHETERIZATION,cardiovascular
SEVERE SEPSIS,infectious
L. HIP FRACTURE; RF; ANEMIA,trauma_injury
ATRIAL FIBRILLATION;RVR,cardiovascular
"FEVER,VOMITING",symptoms_unspecified
LIVER LESION\RADIO FREQUENCY ABLATION OF LIVER **REMOTE WEST**,oncology
LOW HEMATOCRIT,hematologic
LIVER HEMATOMA,hepatobiliary
PULMONARY NODULES,respiratory
ANGINA PECTORIS\LEFT HEART CATHETERIZATION,cardiovascular
SEPSIS; RENAL FAILURE,infectious
BILATERAL PULMONARY EMBOLIS,cardiovascular
COLD FOOT,cardiovascular
GI BLEED;TELEMETRY,gastrointestinal
"RT PLEURAL EFFUSION,R/O CA",respiratory
THUMB AMPUTATION,trauma_injury
SUBDURAL HAMATOMA,neurological
SEVERE ISCHEMIA,cardiovascular
PNA AND HEAD BLEED,respiratory
TIBIAL PLATEAU FRACTURE,musculoskeletal
AORTIC VALVE INSUFFICIENCY\AORTIC VALVE / ASCENDING AORTA REPLACEMENT /SDA,cardiovascular
TTP,hematologic
GRAFT INFECTION,infectious
LIVER FAILURE;LIVER TRANSPLANT,hepatobiliary
ACUTE LYMPHOCYTIC LEUKEMIA,hematologic
LEFT CEREBRAL ANEURYSM/SDA,neurological
RULE-OUT MYOCARDIAL INFARCTION;TELEMETRY;PNEUMONIA,cardiovascular
INTRACRANIAL HEMORRAGE,neurological
"CAD, RENAL FAILURE",cardiovascular
PANCREATIC CANCER;EDEMA,oncology
INTRCRANIUM BLEED,neurological
URINARY TRACT INFECTION;SEIZURE,infectious
HAND INJURY,trauma_injury
"S/P TRAUMA,BASILAR SKULL FRACTURE",trauma_injury
ALCOHOLIC KETOACIDOSIS,endocrine_metabolic
RT LEG ISCHEMIA,cardiovascular
FEMUR FRACTURE;ELBOW FRACTURE,musculoskeletal
BILATERAL PNEUMONIA;SHORTNESS OF BREATH,respiratory
S/P BOWEL PERFORATION/SDA,postoperative_surgical
PNEUMONIA;EFFUSION,respiratory
ROMI,other
SPINAL METASTASIS/SDA,oncology
SEPSIS-S/P ARREST,infectious
NON HEALING LEFT LEG ULCER,other
LIVER AND RENAL FAILURE,hepatobiliary
"ACUTE RENAL FAILURE, CIRRHOSIS",renal
LEFT FOOT GANGRENE,cardiovascular
CHOLECYSITITS,hepatobiliary
THORACIC MYELOPATHY/SDA,neurological
WET GANGRENE,cardiovascular
CIRRHOSIS;PANCREATITIS,hepatobiliary
HYPOXIA;PNEUMONIA,respiratory
ISCHEMIC ULCER R GREAT TOE;DIABETES,endocrine_metabolic
BILATERAL LUNG INFILTRATES,respiratory
R/O MYOCARDIAL INFARCTION-CONGESTIVE HEART FAILURE,cardiovascular
ACUTE LYMPHOBLASTIC LEUKEMIA,hematologic
ACUTE MI\CATH,cardiovascular
ANAPHYLAXIS;TELEMETRY,other
HEROIN OVERDOSE,toxicology_poisoning
HEPATITIS;ASCITES,hepatobiliary
CLAUDICATION LEFT LEG/SDA,cardiovascular
ZENKER'S DIVERTICULUM/SDA,gastrointestinal
ABDOMINAL PAIN;SHORTNESS OF BREATH;ELEVATED LIVER FUNCTION TEST,hepatobiliary
CHEST PAIN/UNSTABLE ANGINA,cardiovascular
RIGHT FOOT ULCER-CELLULITIS-DIABETES,infectious
CORONARY ARTERY DISEASE;MITRAL VALVE DISEASE,cardiovascular
RIGHT LUNG CANCER,oncology
RECURRENT BRAIN TUMOR/SDA,oncology
PAPILLARY RUPTURE,pregnancy_obstetric
RIGHT PARIETAL BRAIN TUMOR/SDA,oncology
RIGHT HIND FOOT ARTHRITIS/SDA,musculoskeletal
ETOH WITHDRAWAL;PNEUMONIA,infectious
FEVER; NEUTROPENIA,infectious
CORONARY ARTERY DISEASE\MITRAL VALVE REPLACEMENT/SDA,cardiovascular
RIGHT LEG PAIN,symptoms_unspecified
NECROTIC TOE,infectious
CONGESTIVE HEART FAILURE-PNEUMONIA,cardiovascular
BLEEDING AT TRACH SITE,postoperative_surgical
FEBRILE SYNDROME;DIALYSIS,renal
DYSNEA,symptoms_unspecified
HERNIATED DISK,musculoskeletal
METASTATIC CA TO SPINE; T SPINE FX,oncology
S/P MOTOR VEHICLE ACCIDENT;TELEMETRY,trauma_injury
COPD EXACERBATION;TELEMETRY,respiratory
PANCREAS TX,postoperative_surgical
CONGESTIVE HEART FAILURE;S/P AVR,cardiovascular
RIGHT MCA STROKE,neurological
IDIOPATHIC CARDIOMYOPATHY;VENTRICULAR TACHYCARDIA;CONGESTIVE HEART FAILURE,cardiovascular
SEIZURES;TELEMETRY,neurological
ULCER;IV ANTIBIOTICS,infectious
TRAUMATIC BRAIN INJURY/SDA,trauma_injury
HYPOTENSION;PRE-SYNCOPE,cardiovascular
FALL;SUBARACHNOID HEMATOMA,trauma_injury
ARTERIOVEOUS MALFORMATION,neurological
S/P KIDNEY TRANSPLANT;FEVER,renal
LEFT SIDED WEAKNESS,neurological
"PNEUMOTHORAX,INTRACRANIAL HEMORRHAGE",trauma_injury
INFLUENZA LIKE ILLNESS,infectious
PNEUMONIA;HEART FAILURE,cardiovascular
RIGHT LEG WEAKNESS,neurological
DESCENDING THORACIC AORTIC ANEURYSM,cardiovascular
DEHYDRATION-NAUSEA-VOMITING,gastrointestinal
PNEUMONIA;RULE-OUT INFLUENZA,infectious
AORTIC STENOSIS\AVR; ? CORONARY ARTERY BYPASS GRAFT,cardiovascular
ADENEXAL MASS,pregnancy_obstetric
"FEVER,PNEUMONIA",infectious
S/P FALL;ICH,trauma_injury
ASCENDING THORACIC AORTIC ANEURYSM\BENTALL PROCEDURE/SDA,cardiovascular
HYPOTENSION; GI BLEED,gastrointestinal
FOOT INFECTION,infectious
RIGHT LUNG LESION\RADIO FREQUENCY ABLATION RIGHT LUNG W/BIOPSY/SDA,oncology
CORONARY ARTERY DISEASE\AORTIC VALVE REPLACEMENT; ? CORONARY ARTERY BYPASS GRAFT/SDA,cardiovascular
NON-ST SEGMENT ELEVATION MYOCARDIAL INFARCTION;PEUMONIA\CATH,cardiovascular
? SMALL BOWEL OBSTRUCTION,gastrointestinal
BRAIN CONTUSION,trauma_injury
LEFT CAROTID STENOSIS,cardiovascular
"CHRONIC AORTIC DISSECTION\RESECTION AORTIC ASCENDING ANEURYSM, CIRCULATORY ARREST",cardiovascular
LEFT CEREBRAL VASCULAR ACCIDENT,neurological
LUNG TUMOR/SDA,oncology
R/O HYDROCEPHALUS,neurological
RESPIRATORY FAILURE; HYPOTENSION,respiratory
MASTOCYTOSIS FLARE,hematologic
UNSTABLE ANGINA;+ETT\CATH,cardiovascular
"CHF,PNEUMONIA",cardiovascular
PNEUMONIA-COPD,respiratory
T9-T10 VERTEBRAL OSTEOMYELITIS,musculoskeletal
CEREBRAL INFARCT,neurological
ATRIAL FIBRILLATION\ AFIB ABLATION,cardiovascular
IDDM,endocrine_metabolic
C1 FX,trauma_injury
ACUTE RENAL FAILURE;HYPERNATREMIA;MENTAL STATUS CHANGES,renal
PELVIS FRACTURE,trauma_injury
ELECTROLYTE IMBALANCE,endocrine_metabolic
ASTHMA/COPD FLARE,respiratory
SPINE FRACTURES; CP; SAH,trauma_injury
POSSIBLE GASTRINTESTINAL BLEED,gastrointestinal
FLUID OVERLOAD;?INFECTION;SHORTNESS OF BREATH,cardiovascular
ISCHEMIC LEFT FOOT/SDA,cardiovascular
AORTIC STENOSIS\BENTAL PROCEDURE,cardiovascular
DIABETES KETOACIDOSIS,endocrine_metabolic
CAROTID STENOSIS\CAROTID ANGIOGRAM/STENT PLACEMENT,cardiovascular
MITRAL VALVE RUPTURE,cardiovascular
R/O VIRAL HEPATITIS,infectious
S-T ELEVATION MYOCARDIAL INFARCTION\CATH,cardiovascular
BRAIN ANEURYSM /SDA,neurological
DIABETIC KETOACIDOSIS;ACUTE RENAL FAILURE,endocrine_metabolic
FEVER;NRUTROPENIA,infectious
CONGESTIVE HEART FAILURE;MYOCARDIAL INFARCTION;TELEMETRY,cardiovascular
S/P RIGHT SIDE CRANIOTOMY,postoperative_surgical
MULTIPLE FRACTURE;S/P PED. STRUCK,trauma_injury
CONGESTIVE HEART FAILURE;CORONARY ARTERY DISEASE\CATH,cardiovascular
CERVICAL SPINAL CORD COMPRESSION,neurological
MULTIPLE FALLS,other
RESP. FAILURE,respiratory
SUPRAVENTRICULAR TACHYCARDIA\CATH,cardiovascular
RIGHT UPPER LOBE MASS/SDA,respiratory
CORONARY ARTERY DISEASE\AORTIC VALVE REPLACEMENT,cardiovascular
ARF/ABD PAIN,renal
SUBDURAL HEMATOMA;INTRAPARENCHYMAL HEMORRHAGE,neurological
"CHEST PAIN,HYPOTENSION",cardiovascular
SUPRAGLOTTITIS,respiratory
GASTRINOMA/SDA,gastrointestinal
SMALL BOWEL TUMOR/SDA,gastrointestinal
"PNA, RECTAL BLEEDING",infectious
THROMBOTIC THROMBOCYTOPENIC PURPURA,hematologic
FEVER;DEHYDRATION,symptoms_unspecified
AORTIC VALVE ENDOCARDITIS,cardiovascular
CONGESTIVE HEART FAILURE;ANGINA\CATH,cardiovascular
RUE PAIN;SWELLING,musculoskeletal
VEIN GRAFT STENOSIS,cardiovascular
MOTOR VEHICLE COLLISION,trauma_injury
REPSIRATORY DISTRESS\BRONCHOSCOPY FLEXIBLE,respiratory
VASCULITIS,other
CORONARY ARTERY DISEASE\CORONARY ARTERY BYPASS GRAFT ? MVR /SDA,cardiovascular
CHEST PAIN;+STRESS TEST\CATH,cardiovascular
PNEUMONIA; SEPSIS,infectious
DEFIB FIRING,cardiovascular
CEREBRAL ANEURYSM\ CEREBRAL ANGIOGRAM; COILING/SDA,neurological
HEPATIC ARTERY STENOSIS/SDA,hepatobiliary
INTRACRANIAL TUMOR,neurological
ABDOMINAL WALL BLEEDING,trauma_injury
HEMANGIOMA,oncology
JOINT EFFUSION,musculoskeletal
S/P FALL-INTRACRANIAL HEMORRHAGE,neurological
N/V/D,gastrointestinal
UNSTABLE ANGINA;CONGESTIVE HEART FAILURE,cardiovascular
CORONARY ARTERY DISEASE\CORONARY ARTERY BYPASS GRAFT  ** NO ASSESSMENT NEEDED **,cardiovascular
RULE OUT GUILLAIN BARRE SYNDROME;TELEMETRY,neurological
POST OPERATIVE BLEEDING,postoperative_surgical
RETROPERITONEAL ABSCESS,infectious
S/P HEAD INJURY,trauma_injury
RESPIRATORY FAILURE;METHICILLIN RESISTANT STAPH AUREUS,infectious
LEFT LOWER EXTREMITY GANGRENE/SDA,other
PNEUMONIA;? CHF,infectious
OBSTRUCTIVE SLEEP APNEA /SDA,respiratory
RIGHT ARM LACERATION,trauma_injury
UPPER GASTRO INTESTINAL BLEED,gastrointestinal
TRACHEAL MALACEA,respiratory
PNEUMONIA-HYPERGLYCENIA,infectious
SARCOMA/SDA,oncology
CORONARY ARTERY DISEASE\CORONARY ARTERY BYPASS GRAFT WITH AVR; LEFT ATRIAL APPENDAGE LIGATION,cardiovascular
ABDOMINAL FLUID COLLECTION,gastrointestinal
METATASTIC LEFT NECK MELANOMA; THYROID CA/SDA,oncology
LEFT BRAIN TUMOR/SDA,oncology
SUBARACHNOID HEMORRHAGE;SUBDURAL HEMATOMA,neurological
MYOCARDIAL INFARCTION;CHEST PAIN\CARDIAC CATH,cardiovascular
AORTIC STENOSIS\AORTIC VALVE / ? ASCENDING AORTA REPLACEMENT /SDA,cardiovascular
GOITER MULTINODULAR/SDA,endocrine_metabolic
CORONARY ARTERY DISEASE;MITRAL REGURGITATION\CATH,cardiovascular
S/P NECK EXPLORATION,postoperative_surgical
NEC PANCREATITIS,gastrointestinal
SYNCOPY,symptoms_unspecified
UNSTABLE ANGINA-ACUTE PULMONARY EDEMA,cardiovascular
MITRAL INSUFFICIENCY\MITRAL VALVE REPLACEMENT /SDA,cardiovascular
"S/P MVA,R/O MI",trauma_injury
BILATERAL SAH,neurological
"SHORTNESS OF BREATH, HYPOTENSION",symptoms_unspecified
HERNIATED DISC,musculoskeletal
GALSTONE PANCREATITIS,gastrointestinal
"OSTEOARTHRITIS, RIGHT KNEE/SDA",musculoskeletal
INFLUENZA;PNEUMONIA,infectious
MIDDLE CEREBRAL ARTERY ANEURYSM,neurological
CORONARY ARTERY DISEASE;MYOCARDIAL INFARCTION\CARDIAC CATH,cardiovascular
KIDNEY BLEED,renal
HYPOTENSION;CHEST PAIN,symptoms_unspecified
FEVER;URINARY TRACT INFECTION,infectious
? THYROID STORM,endocrine_metabolic
"MS CHANGES,HX LUNG CANCER",neurological
PULMONARY EMBOLISM;SUBDURAL HEMATOMA,cardiovascular
RO MI;PNEUMONIA,cardiovascular
FRACTURE,trauma_injury
SDH/SAH,neurological
AORTIC STENOSIS;CARDIAC ARREST,cardiovascular
AORTIC STENOSIS\AVR ? CORONARY ARTERY BYPASS GRAFT /SDA,cardiovascular
SCROTAL INFECTION,genitourinary
SEPTIC RIGHT KNEE;CHRONIC OBST PULM DISEASE;CORONARY ARTERY DISEASE,infectious
SYNCOPE;TELEMETRY;HIP FRACTURE,trauma_injury
GI BLEED/ CHEST PAIN,gastrointestinal
HIP FRACTURE;TELEMETRY,trauma_injury
AORTIC STENOSIS;PRESYNCOPE,cardiovascular
CONCUSSION,neurological
DELIRIUM TREMORS,psychiatric
LOWER EXTREMITY EDEMA,symptoms_unspecified
ST SEGMENT ELEVATION MYOCARDIAL INFARCTION\CARDIAC CATH,cardiovascular
ABDOMINAL ANEURYSM/SDA,cardiovascular
RENAL FAILURE;HYPERKALEMIA,renal
TRACHAEL STENOSIS,respiratory
ATRIAL SEPTAL DEFECT,cardiovascular
PERFORATED GASTRIC ULCER; HYPOTENSION,gastrointestinal
"HYPOXIA, RESPIRATORY FAILURE",respiratory
EXPLORATORY LAPORATOMY,postoperative_surgical
ATRIAL FIBRILLATION;TELEMETRY;RVR,cardiovascular
?STERNAL ISSUES\STERNUM REVISION ? PLATING/SDA,postoperative_surgical
RIGHT SIDED PNEUMONIA,respiratory
DIABETES MELLITUS;HYPERTENSION,endocrine_metabolic
CORONARY ARTERY DISEASE;HYPERTENSION;PERIPHERAL VASCULAR DISEASE\CATH,cardiovascular
POSTERIOR MYOCARDIAL INFARCTION\CATH,cardiovascular
ATRIAL SEPTAL DEFECT\ REPAIR ATRIAL SEPTAL DEFECT; LIMITED ACCESS/SDA,cardiovascular
UROSEPSIS;PNEUMOTHORAX,infectious
MEDIASTINAL ADENOPATHY,oncology
HYPOTENSION;UNRESPONSIVE,other
CORONARY ARTERY DISEASE;CARDIAC ISCHEMIA\CARDIAC CATH,cardiovascular
RENAL ARTERY STENOSIS\RENAL ANGIOGRAM,renal
RIGHT BREAST CA/SDA,oncology
CORONARY ARTERY DISEASE;HYPERTENSION\CATH,cardiovascular
CHEST PAIN;SHORTNESS OF BREATH,symptoms_unspecified
TONGUE CA/SDA,oncology
CEREBELLAR CVA,neurological
CHOLEDOCHOLITHIASIS/SDA,hepatobiliary
CONGESTIVE HEART FAILURE\TRANSCATHETER AORTIC VALVE IMPLANT (TAVI) PERCUTANEOUS APPROACH; TRANSFEMORAL APPROACH,cardiovascular
APLASTIC ANEMIA;PANCYTOPENIA,hematologic
RESPORTORY FAILURE,respiratory
BENZODIAZEPINE OVERDOSE,toxicology_poisoning
INTERVENTRICULAR HEMORRHAGE,neurological
MITRAL REGURGITATION\AORTIC VALVE REPLACEMENT  ? MITRAL VALVE REPLACEMENT  ASCENDING AORTA  ? CORONARY ARTERY BYPASS GRAFT,cardiovascular
HYPOTENSION;RENAL FAILURE;CIRHOSIS,renal
S/P KIDNEY TRANSPLANT;RESPIRATORY FAILURE,renal
FEVER-SEPSIS,infectious
HEPATITIS C;CIRRHOSIS,hepatobiliary
CORONARY ARTERY DISEASE\BENTALL PROCEDURE;CORONARY ARTERY BYPASS GRAFT; ?MAZE,cardiovascular
COLONIC MASS/SDA,oncology
MI/CATH,cardiovascular
GASTRIC OBSTRUCTION,gastrointestinal
HYPOTENSION;BRADYCARDIA,other
TRAUMATIC SUBDURAL HEMATOMA,trauma_injury
UGIB;ABDOMINAL PAIN,gastrointestinal
NON-HODGKIN LYMPHOMA,oncology
AORTIC STENOSIS;CORONARY ARTERY DISEASE\COMPLETE HEART CATH,cardiovascular
MR\ MITRAL VALVE REPLACEMENT; HEART PORT MINIMALLY INVASIVE/SDA,cardiovascular
R/O METASTASIS,oncology
RIGHT COLON CA/SDA,oncology
KIDNEY STONES,genitourinary
AORTIC STENOSIS\REDO STERNOTOMY ACCENDING AORTA REPLACEMENT ?BENTAL PROCEDURE ? AVR ? CORONARY ARTERY BYPASS GRAFT,cardiovascular
ABDOMINAL AORTIC ANEURYSM\CATH,cardiovascular
ELEVATED CREATNINE,renal
BLUNT CHEST TRAUMA,trauma_injury
"FEVER, ALTERED MENTAL STATUS",infectious
ACUTE CORONARY SYNDROME;ALTERED MENTAL STATUS;HYPERGLYCEMIA,cardiovascular
VT ARREST,cardiovascular
LIVER FAILURE;TYLENOL OVERDOSE,toxicology_poisoning
RLE THROMBOSIS,hematologic
PATENT FORAMEN OVALE\PATENT FORAMEN OVALE MINIMALLY INVASIVE,cardiovascular
RECTAL CARCINOMA/SDA,oncology
METASTATIC MELANOMA;BOWEL OBSTRUCTION,oncology
BLADDER TUMOR,oncology
LEFT LEG INFECTION,infectious
HYPOTHERMIA;TELEMETRY,other
"ARF,HYPERKALEMIA",renal
INTRACRANIAL HEMORRHAGE;FACIAL FRACTURES,trauma_injury
L2 FRACTURE,trauma_injury
SVT,cardiovascular
END STAGE LIVER DISEASE;LIVER TRANSPLANT,hepatobiliary
PARAPHARYNGEAL ABSCESS,infectious
PCOM ANEURYSM/SDA,neurological
GI BLEEDING,gastrointestinal
HEPATIC HYDROTHORAX,hepatobiliary
CERVICAL SPONDYLOTIC MYELOPATHY/SDA,neurological
METASTATIC BRAIN LESIONS,oncology
CONGESTIVE HEART FAILURE;RESPIRATORY DISTRESS,cardiovascular
CONGESTIVE HEART FAILURE;S/P CABG,cardiovascular
CAD;,cardiovascular
THORACO AAA/SDA,cardiovascular
LUNG MASS;HEMOPTYSIS,oncology
URINARY TRACT INFECTION;SEPSIS,infectious
LIVER HEMORRHAGE,hepatobiliary
CORONARY ARTERY DISEASE\ANGIOPLASTY WITH BRACHY THERAPY,cardiovascular
INTERSTITIAL PULMONARY FIBROSIS,respiratory
RESPITORY FAILURE,respiratory
S/P LIVER TX; FEVER; MALAISE,infectious
HYPOXIA;SHORTNESS OF BREATH,respiratory
RIGHT FIB & TIB FRACTURE,trauma_injury
DRUG REFRACTORY ATRIAL FIBRILLATION\PULMONARY VEIN ISOLATION **REMOTE WEST**/SDA,cardiovascular
PERFORATED VISCOUS,gastrointestinal
LACTIC ACIDOSIS,other
"ELEVATED LFTS, PANCREATITIS",hepatobiliary
INTRAPARENCHYMAL HEMORRHAGE;S/P MOTOR VEHICLE ACCIDENT;?BRAIN MASS,trauma_injury
ABDOMINAL PAIN;NEUTROPENIA,other
SHORTNESS OF BREATH;RULE-OUT MYOCARDIAL INFARCTION;TELEMETRY,cardiovascular
CORONARY ARTERY DISEASE;MR\CORONARY ARTERY BYPASS GRAFT; WITH MVR/SDA,cardiovascular
? SEPSIS,infectious
NON Q WAVE MYOCARDIAL INFARCTION,cardiovascular
INTRAPARYNCHMAL BLEED,neurological
FISTULA,gastrointestinal
GASTROINTESTINAL BLEED;RULE-OUT MYOCARDIAL INFARCTION;TELEMETRY,gastrointestinal
CONFUSION-HYPOGLYCEMIA,endocrine_metabolic
VF ARREST\CATH,cardiovascular
HYPEERKALEMIA,renal
GI BLEEDING\COLONOSCOPY,gastrointestinal
URINARY TRACT INFECTION;HYPOTENSION,infectious
MITRAL VALVE INSUFFICIENCY\MITRAL VALVE REPLACEMENT REDO; ? AORTIC VALVE REPLACEMENT,cardiovascular
GASTROINTESTINAL BLEED;ISCHEMIC BOWEL,gastrointestinal
ACUTE CEREBRAL VASCULAR ACCIDENT,neurological
"CHF, PNEUMONIA",cardiovascular
GI BLEED;JAUNDICE,gastrointestinal
NORMAL PRESSURE HYDROCEPHALUS/SDA,neurological
"MORBID OBESITY, CHOLELITHIASIS/SDA",gastrointestinal
FEVER-CELLULITIS,infectious
ENCEPHALOPATHY;TELEMETRY,neurological
RULE OUT MYOCARDIAL INFARCTION,cardiovascular
CNS MASS,neurological
"PNEUMONIA,CHEST PAIN,RENAL FAILURE",respiratory
ATRIAL FIBRILLATION\PHARMACOLOGICAL / NON PHARM MGMT AFIB ABLATION  **REMOTE WEST**,cardiovascular
3 VESSEL CORONARY ARTERY DISEASE,cardiovascular
AAA/SDA,cardiovascular
GANGRENE/SDA,infectious
CORONARY ARTERY DISEASE\CORONARY ARTERY BYPASS GRAFT AND RF MAZE /SDA,cardiovascular
PANCREAS FAILURE,endocrine_metabolic
CONGESTIVE HEART FAILURE; ATRIAL FLUTTER/FIBRILLATION; LEFT BUNDLE BRANCH BLOCK\ATRIAL FLUTTER ABLATION + BIVENTRICULAR ICD IMPLANTATION,cardiovascular
SUBARACHNOID HEMORRHAGE;ANEURYSM,neurological
FEVER;PANCYTOPENIA,infectious
DRUG REFRACTORY ATRIAL FIBRILLATION\PULMONARY VEIN ISOLATION  **REMOTE WEST** **JET VENTILATION**/SDA,cardiovascular
SEPSIS;CHRONIC OBST PULM DISEASE,infectious
T12 BURST FRACTURE,trauma_injury
DEHYDRATION-RULE OUT SEPSIS,infectious
OBSTRUCTIVE JAUNDICE;CHOLANGIOCARCINOMA,oncology
HYPERK,endocrine_metabolic
LEG INFECTION,infectious
"A-FIB,R/O MI",cardiovascular
"CELLULITIS,SEPSIS",infectious
"HYPONATREMIA,PNEUMONIA,DEHYDRATION",respiratory
SDH;SAH,neurological
HEAD INJURY;S/P FALL,trauma_injury
CHRONIC IMMUNE DEMYELINATING POLYNEUROPATHY,neurological
METASTATIC RECTAL CANCER TO LIVER/SDA,oncology
AORTIC STENOSIS\ AORTIC VALVE REPLACEMENT/SDA,cardiovascular
UTI;PYLONEPHRITIS,genitourinary
GOITER,endocrine_metabolic
MULTIPLE TRAUMA;S/P MOTOR VEHICLE ACCIDENT,trauma_injury
ULCER,gastrointestinal
CLAUDICATION /SDA,cardiovascular
SDH;TELEMETRY,neurological
LEAKING ANEURYSM,cardiovascular
VISION LOSS,neurological
FB IN ESOPHAGUS,gastrointestinal
LEFT MCA ANEURYSM/SDA,neurological
"NUTRITIONAL DEFICIT,WEIGHT LOSS",other
BRAIN CANCER,oncology
PYLONEPHRITIS,genitourinary
SYNCOPE/HEAD INJURY,trauma_injury
SUBMANDIBULAR ABSCESS,infectious
DESCENDING THORACIC AORTA\ AORTIC VALVE REPLACEMENT W/ ASCENDING AORTIC GRAFT BYPASS TO THORACIC DESCENDING AORTA/SDA,cardiovascular
AORTIC STENOSIS\AORTIC VALVE REPLACEMENT;MITRAL VALVE REPLACEMENT;TRICUSPID VALVE REPLACEMENT; ?/SDA,cardiovascular
BILATERAL SUBDURAL HEMATOMAS,neurological
"ESOPHAGEAL MASS, NECK PAIN",oncology
CARDIAC ARREST;GASTROINTESTINAL BLEED,cardiovascular
TRACHEO BRONCHIAL MALACIA,respiratory
COPD EXCERBATION,respiratory
BARRETT'S W/ HIGH GRADE DYSPLSIA/SDA,gastrointestinal
PNEUMONIA;MENTAL STATUS CHANGES,infectious
"FEVER, RECTAL BLEED, OVARIAN CANCER",oncology
CARCINOID TUMOR\BRONCHOSCOPY RIGID; W/ TUMOR REMOVAL,oncology
DEHYDRATION;MALNUTRITION,other
DYSPNEA;ACUTE RENAL FAILURE,renal
FEMUR FRACTURE;TACHYCARDIA,trauma_injury
PANCOAST TUMOR/SDA,oncology
SEVERE AORTIC STENOSIS\CARDIAC CATH,cardiovascular
CHRONIC SUBDURAL HEMATOMA/SDA,neurological
PULMONARY EMBOLUS;PNEUMONIA,cardiovascular
VER AETNA PER NEHEN 020807 PTB\CHEMO HIGH DOSE INTERLEUKIN-2),infectious
BRAIN EDEMA,neurological
DIABETIC KETOACIDOSIS;RULE-OUT MYOCARDIAL INFARCTION;TELEMETRY,endocrine_metabolic
METASTATIC BRAIN TUMOR,oncology
CA STOMACH/SDA,oncology
ABDOMINAL METS,oncology
ATRIAL FIBRILLATION\HEPARIN THERAPY 9/21 - CV/TEE 9/22,cardiovascular
ETOH HEPATITIS,hepatobiliary
MAST CELL DEGRANULATION,hematologic
MR\ AORTIC AND MITRAL VALVE REPLACEMENT/SDA,cardiovascular
BENZO WITHDRAWAL,psychiatric
S/P CRANIOTOMY,postoperative_surgical
CHEST PAIN;RULE-OUT MYOCARDIAL INFARCTION;TELEMETRY\CATH,cardiovascular
RIGHT FOOT ULCER/SDA,other
CORONARY ARTERY DISEASE;HEART FAILURE,cardiovascular
MITRAL STENOSIS\CORONARY ARTERY BYPASS GRAFT WITH MVR /SDA,cardiovascular
AORTIC STENOSIS/SDA,cardiovascular
FEVER; TACHYCARDIA; JP DRAIN OUT,infectious
SEVERE HEADACHE;R/O MENINGITIS;R/O SAH;,neurological
PELVIC ORGAN PROLAPSE/SDA,genitourinary
CHOLANGITIS;GASTROINTESTINAL BLEED,hepatobiliary
PSEUDOCYST PANCREATIC,gastrointestinal
HODGKINS DISEASE; FEVER,hematologic
AORTIC STENOSIS;ATRIAL FIBRILLATION\ATRIOVENTRICULAR RECIPROCATING TACHYCARDIA;MITRAL VALVE REPLACEMENT,cardiovascular
RESPIRATORY FAILURE;ESOPHAGEAL TEAR,respiratory
BLADDER MASS/SDA,genitourinary
TRACHEAL ESOPHAGEAL FISTULA/SDA,gastrointestinal
GASTROINTESTINAL HEMORRHAGE,gastrointestinal
CRANIAL DEFECT/SDA,neurological
SEPSIS;ALTERED MENTAL STATUS,infectious
C\CORONARY ARTERY BYPASS GRAFT;MITRAL VALVE REPLACEMENT; W/ MAZE PROCEDURE/SDA,cardiovascular
CHRONIC OBST PULM DISEASE;HEMOPTYSIS,respiratory
CHEST PAIN;HYPERTENSION;CORONARY ARTERY DISEASE\CATH,cardiovascular
CHRONIC OBSTRUCTIVE PULMONARY DISEASE FLARE,respiratory
ANEMIA;RENAL FAILURE;ASCITES,renal
MITRAL STENOSIS;MITRAL REGURGITATION;AORTIC STENOSIS,cardiovascular
CLAUDICATION RIGHT/SDA,cardiovascular
RECURRENT BREAST CANCER;RIGHT AXILLA CHEST /SDA,oncology
FAILING GRAFT/SDA,postoperative_surgical
ASPIRATION PNEUMONIA/SDA,respiratory
A-FIB;CONGESTIVE HEART FAILURE\TEE;CARDIOVERSION,cardiovascular
RENAL FAILURE; ABD PAIN,renal
RIGHT CAROTID STENOSIS\RIGHT CAROTID ANGIOGRAM;POSSIBLE STENT PLACEMENT,cardiovascular
FLUID COLLECTION,other
GUNSHOT WOUND TO FACE,trauma_injury
SEPSIS;RENAL FAILURE,infectious
RIGHT NECK MASS,other
COPD EXACERBATION-ASPIRATION,respiratory
FULMINANT C-DIFF;LIVER FAILURE;CIRRHOSIS,gastrointestinal
LIVER FAILURE;CELLULITIS;ACUTE RENAL FAILURE,gastrointestinal
LE WEAKNESS,neurological
? UROSEPSIS,infectious
VALPROATE OVERDOSE,toxicology_poisoning
S/P STAB WOUNDS,trauma_injury
BILIARY COLIC;OBSTRUCTIVE JAUNDICE,hepatobiliary
CAROTID STENOSIS\CAROTID ANGIOPLASTY/SDA,cardiovascular
TRACHEOBROCHOMALACIA/SDA,respiratory
RIGHT ANKLE INFECTION,infectious
VERAPAMIL OVERDOSE,toxicology_poisoning
ACUTE RENAL FAILURE; A FIB,renal
CORONARY ARTERY DISEASE;CARDIOMYOPATHY\CATH,cardiovascular
METHADONE OVERDOSE,toxicology_poisoning
FEVER;S/P LIVER TRANSPLANT,infectious
UTL/PYLELONEPHRITIS,infectious
GUILLAIN-BARRE SYNDROME,neurological
TRACHEAL MASS,oncology
CHOKING,respiratory
SEIZURE/ CHEST PAIN,neurological
BRONCHIAL TUMOR,oncology
UNCONTROLLED DIABETES MELLITUS,endocrine_metabolic
BILE DUCT OBSTRUCTION/SDA,hepatobiliary
LEFT HIP PAIN,musculoskeletal
CONGESTIVE HEART FAILURE\BIVENTRICULAR ICD,cardiovascular
CORONARY ARTERY DISEASE\CORONARY ARTERY BYPASS GRAFT;AORTIC VALVE REPLACEMENT,cardiovascular
T5 RENAL CELL METASTASIS/SDA,oncology
STATUS POST LEFT ILIAC ARTERY SURGERY; ? PANCREATIC MASS,postoperative_surgical
CEREBRAL MENINGIOMA/SDA,oncology
RIGHT RENAL MASS,oncology
LEFT LOWER EXTREMITY OCCLUSION,cardiovascular
EPIGLOTTIS,infectious
RECURRENT ANGINA;CORONARY ARTERY DISEASE\CARDIAC CATH,cardiovascular
NEW ONSET SEIZURES,neurological
POSTERIOR COMMUNICATING ANEURYSM/SDA,neurological
NON SUSTAINED VENTRICULAR TACHYCARDIA;CONGESTIVE HEART FAILURE,cardiovascular
FAILURE TO WEAN,symptoms_unspecified
NON Q MI,cardiovascular
OVARIAN CANCER\CHEMO/CYCLE OF CARBOPLATIN AND PACLITAXEL,oncology
VTAC,cardiovascular
ATRIAL FIBRILLATION;TELEMETRY;HYPOTENSION,cardiovascular
MYXEDEMA,endocrine_metabolic
NON ST ELEVATION MYOCARDIAL INFARCTION\LEFT HEART CATHETERIZATION,cardiovascular
ALCAHOL WITHDRAWAL,psychiatric
RIGHT-SIDED WEAKNESS,neurological
"ULCERATIVE COLITIS, POLYPS",gastrointestinal
T7 FX,trauma_injury
PANCOLITIS,gastrointestinal
"CANCER,WEAKNESS",oncology
CIRRHOSIS;GASTROINTESTINAL BLEED,hepatobiliary
EPIGASTRIC PAIN,symptoms_unspecified
TRAUMATIC HEAD INJURY,trauma_injury
"COPD EXACERBATION,PNEUMONIA",respiratory
SPLENIC ABSCESS,infectious
CORONARY ARTERY DISEASE\CORONARY ARTERY BYPASS GRAFT WITH MVR & TVR; ? AVR/SDA,cardiovascular
EXPANDING LUNG LESION,oncology
AORTIC STENOSIS\ AVR ASCENDING AORTIC REPAIR/SDA,cardiovascular
GUILLAIN BARRE SYNDROME,neurological
UIT;PYELONEPHRITIS,genitourinary
FEVER;DIARRHEA,infectious
GALLSTONE;FAILED ERCP,hepatobiliary
HCAP;RIGHT SIDED PLEURAL EFFUSION,respiratory
ACUTE APPENDICITIS,gastrointestinal
TRIPLE AAA,cardiovascular
HYPERTENSIVE EMERGENCY;TELEMETRY,cardiovascular
RESPIRATORY DISTRESS;FEVER,respiratory
LARGE ABDOMINAL MASS,oncology
STATUS POST MOTOR VEHICLE ACCIDENT,trauma_injury
ANTERIOR MI\CARDIAC CATH,cardiovascular
FALL;MULTITRAUMA,trauma_injury
IDIOPATHIC THROMBOCYTOPENIC PURPURA,hematologic
KNEE INFECTION,infectious
FX ANKLE,trauma_injury
SPLENONEGALY/SDA,other
ESSENTIAL TREMOR/SDA,neurological
SPINAL LESION,neurological
CELLULITIS;LEFT LOWER EXTREMITY ULCER,infectious
VFIB-CARDIAC ARREST,cardiovascular
THROMBOCYTOPENIA; BIPOLAR;DEPRESSED;LEUKOCYTOSIS,psychiatric
SALT,symptoms_unspecified
LEFT LUNG MASS/SDA,oncology
RULE OUT BOWEL PERFORATION,symptoms_unspecified
CERVICAL MYLEOPATHY/SDA,neurological
ENTEROCUTAEOUS FISTULA,gastrointestinal
ATRIAL FIBRILLATION\PULMONARY VEIN ISOLATION **REMOTE WEST**/SDA,cardiovascular
RULE OUT TUBERCULOSIS,infectious
COLD LEG,cardiovascular
VENTRICULAR ARREST,cardiovascular
AORTIC STENOSIS;CORONARY ARTERY DISEASE\CORONARY ARTERY BYPASS GRAFT;AORTIC VALVE REPLACEMENT/SDA,cardiovascular
COPD EXACERBATION;RIB FRACTURE,respiratory
AC CHOLECYSTITIS,gastrointestinal
DYSPNEA;RULE-OUT MYOCARDIAL INFARCTION;TELEMETRY,cardiovascular
AORTIC STENOSIS\AORTIC VALVE / ASCENDING AORTA REPLACEMENT,cardiovascular
PNEUMONIA;CHEST PAIN;TELEMETRY,infectious
CHEST PAIN-LEUKEMIA,hematologic
CORONARY ARTERY BYPASS,cardiovascular
INFECTED LEG,infectious
CHOLECYSTITIS; CHEST PAIN,gastrointestinal
WORSENING LOWER BACK /LEG PAIN,musculoskeletal
PNEUMONIA;(AML) ACUTE MYELOGENOUS LEUKEMIA,infectious
MALAISE,symptoms_unspecified
HTN URGENCY,cardiovascular
GASTROINTESTINAL BLEED;HEPATITIS C,gastrointestinal
FLASH PULMONARY EDEMA;RENAL FAILURE,cardiovascular
HYPERTENSION;CORONARY ARTERY DISEASE;PERIPHERAL VASCULAR DISEASE;CHRONIC RENAL INSUFFICIENCY\CARDIAC CATH/SDA,cardiovascular
MELANOMA/SDA,oncology
FALL HEADBLEED.HIPFRACTURE,trauma_injury
MYOCARDIAL INFARCTION;ATRIAL FLUTTER\CATH,cardiovascular
CHI;FACIAL LACERATION;RIGHT ARM DEGLOVING,trauma_injury
PNEUMOTHORAX/CLAVICLE & PELVIC FRACTURE,trauma_injury
FUNGEMIA,infectious
HYPERGLYCEMIA;TELEMETRY,endocrine_metabolic
SYMPTOMATIC CHOLELITHIASIS,gastrointestinal
HYPERTENSION;SEPSIS,infectious
ACUTE RENAL FAILURE;METHICILLIN RESISTANT STAPH AUREUS,renal
CHOLELITHIASIS;S/P ERCP;S/P SPHINCETEROTOMY,gastrointestinal
SUBDURAL HEMATOMA;MRSA,neurological
GASTROINTESTINAL BLEED-ANEMIA,gastrointestinal
ESOPHAGIAL CA/SDA,oncology
RIGHT HIP FX,trauma_injury
ACUTE MYELOGENOUS LEUKEMIA;CHEMOTHERAPY,hematologic
HYPOGLYCEMIA;TELEMETRY,endocrine_metabolic
MITRAL DISORDER\MITRAL VALVE REPLACEMENT / TVR ? CORONARY ARTERY BYPASS GRAFT,cardiovascular
BRAIN MASS/SDH,neurological
RIGHT PAROTID TUMOR/SDA,oncology
LEFT KNEE OSTEOARTHRITIS /SDA,musculoskeletal
SVT;PNEUMONIA;TELEMETRY,cardiovascular
ETT\CATH,other
CEREBELLAR INFACTS,neurological
RIGHT HIP PAIN,musculoskeletal
OVERDOSE;HYPOTENSION,toxicology_poisoning
STEMI;TELEMETRY,cardiovascular
COAGULOPATHY,hematologic
L THIGH FLUID COLLECTION,infectious
ABDOMINAL TRAUMA,trauma_injury
ALTERED MENTAL STATUS;URINARY TRACT INFECTION,infectious
R/O CVA,neurological
A-FIB;CONGESTIVE HEART FAILURE,cardiovascular
LEFT LOWER EXTREMITY ULCER/SDA,musculoskeletal
THORACIC ANEURYSM\RESECTION ANEURYSM THORACIC /SDA,cardiovascular
ACUTE RENAL FAILURE;CONGESTIVE HEART FAILURE,renal
ADVANCED HEART FAILURE,cardiovascular
S/P COLON RESECTION; ?ISCHEMIA,postoperative_surgical
CEREBRO VASCULAR ACCIDENT,neurological
CRITICAL AORTIC STENOSIS;PULMONARY EDEMA,cardiovascular
FACIAL INFECTION,infectious
AIRWAY STENOSIS,respiratory
CEREBELLUM MASS,neurological
CVA\ PATENT FORAMEN OVALE,neurological
RHC,cardiovascular
ANGINA; CORONARY ARTERY DISEASE\LEFT HEART CATHETERIZATION,cardiovascular
THROMBOCYTOPENIA; ANEMIA,hematologic
GASTROINTESTIONAL BLEED,gastrointestinal
"PEDAL EDEMA,HYPOKALEMIA",cardiovascular
ST ELEVATION MYOCARDIAL INFARCTION\CATH,cardiovascular
SPINAL TUMOR,neurological
RENAL FAILURE;CIRRHOSIS,renal
CBD STONE,hepatobiliary
HYPONATREMIA;SEIZURE,neurological
WORSEING RENAL FAILURE,renal
FAILED TOTAL HIP REPLACEMENT/SDA,postoperative_surgical
CONGESTIVE HEART FAILURE;EXACERBATION;HYPOGLYEMIA,cardiovascular
QUESTION OF SEPSIS,infectious
"BRONCHITIS,UTI,CHANGE IN MENTAL STATUS",infectious
OSTOMY/SDA,postoperative_surgical
SEROQUEL OVERDOSE,toxicology_poisoning
INTRAPERITONEAL HEMORRHAGE,trauma_injury
"A-FIB,CAD,CRF",cardiovascular
SEVERE HYPERTROPHIC CARDIOMYOPATHY\SEPTEL ETHANOL ABLATION,cardiovascular
ARTERIAL VENOUS MALFORMATION,neurological
BRAIN HERNIATION,neurological
LGI BLEED,gastrointestinal
PROSTATE CANCER;PNEUMONIA,oncology
PNEUMONIA;METHICILLIN RESISTANT STAPH AUREUS,infectious
D.M. ACUTE RENAL FAILURE; RHABDOMYOLYSIS,renal
SUPRATHERAPEUTIC INR,hematologic
HYPERPARATHYROIDISM,endocrine_metabolic
ORAL BLEEDING,other
CRYPTOGENIC CIRRHOSIS,hepatobiliary
ACUTE MYOCARDIAL INFARCTION;,cardiovascular
POSITIVE BLOOD CULTURES,infectious
FACIAL FRACTURES;RADIUS FRACTURE,trauma_injury
ENLARGED PNEUMOTHORAX,respiratory
DIABETIC FOOT ULCER,endocrine_metabolic
SUBARACHNOID HEMORRHAGE-INTRAPARENCHYMAL HEMORRHAGE,neurological
HEPATORENAL SYNDROME; CIRRHOSIS,renal
MALNUTRITION,other
BILLIARY OBSTRUCTION,hepatobiliary
? BOWEL OBSTRUCTION,gastrointestinal
CONJESTIVE HEART FAILURE,cardiovascular
INFECTED RIGHT HEEL;ULCER;DM,infectious
MULTIPLE MYELOMA;FEVER;NEUTROPENIA,hematologic
MCC,other
ACUTE EPIGLOTITIS,respiratory
ARF AND RESPIRATORY DISTRESS,renal
NOSE BLEED,hematologic
"CAD,MR\CORONARY ARTERY BYPASS GRAFT;MITRAL VALVE REPLACEMENT/SDA",cardiovascular
DISCITIS,musculoskeletal
FREE ABDOMINAL AIR,gastrointestinal
ACUTE RENAL,renal
SPINAL SURGERY SITE INFECTION,infectious
ACHALASIA/SDA,gastrointestinal
LEFT HEMOTHORAX,trauma_injury
ANEMIA-RENAL FAILURE,renal
NON SMALL CELL CARCINOMA/SDA,oncology
NON-ST SEGMENT ELEVATION MYOCARDIAL INFARCTION;ATRIAL FIBRILLATION;HYPOTENSION\CARDIAC CATH,cardiovascular
SAH;FEMUR FRACTURE,trauma_injury
SYNCOPE\CATH,cardiovascular
"ALTERED MENTAL STATUS,FEVER,HYPOTENSION",other
INFECTED RIGHT FOOT',infectious
PELVIC ABSCESS WITH PERFORATED VISCUS;FISTULA,infectious
PSEUDOCYST;ABDOMINAL PAIN,gastrointestinal
ATRIAL FIBRILATION\THORACOSCOPIC MAZE PROCEDURE,cardiovascular
RENAL MASS LEFT/SDA,renal
CORONARY ARTERY DISEASE;RENAL FAILURE,cardiovascular
SEPSIS;CELLULITIS;TELEMETRY,infectious
ACIDOSIS-ACUTE RENAL FAILURE,renal
BRONCHOSPASM,respiratory
T10 LYTIC LESION,oncology
SEPSIS;FEVER,infectious
INFECTED PACER SITE/SEPSIS,infectious
PULSELESS ELECTRICAL ACTIVITY ARREST,cardiovascular
TRAUMATIC SUBDURAL HEMORRHAGE,trauma_injury
CORONARY ARTERY DISEASE\CORONARY ARTERY BYPASS GRAFT;MITRAL VALVE REPLACEMENT; MAZE PROCEDURE/SDA,cardiovascular
ACUTE MI; AORTIC VALVE DISEASE,cardiovascular
PERIRECTAL ABSCESS,infectious
END STAGE RENAL DISEASE;HYPOGLYCEMIA;HYPERTENSION,renal
MYOCARDIAL INFARCTION-ATRIAL FLUTTER,cardiovascular
ACUTE RENAL FAILURE;S/P KIDNEY TRANSPLANT,renal
RIGHT SHOULDER DISLOCATION;ULNAR NERVE INVOLVEMENT,trauma_injury
BILATERAL INFECTED HEEL ULCERS,infectious
INFECTED THIGH WOUND,infectious
OA LEFT HIP/SDA,musculoskeletal
VENTRICULAR TACHYCARDIA\CATH,cardiovascular
R/O BACTEREMIA,infectious
TRACHEO-BRONCHIO MALACEA,respiratory
CHOLECYSTIS,hepatobiliary
SUBDURAL HEMORRHAGE;TRAUMA,trauma_injury
CHEST PAIN; CATH,cardiovascular
FEVER;DIARRHEA;DEHYDRATION,infectious
OPEN WOUND ON SKULL,trauma_injury
ATHEROSCLEROSIS W/ CLAUDICATION/SDA,cardiovascular
BRAIN STEM STROKE,neurological
POSSIBLE SVC SYNDROME,cardiovascular
ADRENAL INSUFFICIENCY,endocrine_metabolic
?ANEURYSM/SDA,cardiovascular
CSF RHINORRHEA,neurological
MYOCARDIAL INFARCTION;SEVERE AORTIC STENOSIS;ALCOHOL ABUSE,cardiovascular
SEIZURES/HEMOPTITIS,neurological
PANCREATITIS/SDA,gastrointestinal
SEVERE AORTIC STENOSIS;CONGESTIVE HEART FAILURE;SEVERE BILATERAL LEG PAIN\CATH,cardiovascular
SQUAMOUS CELL CA FLOOR OF MOUTH/SDA,oncology
RULE OUT CORONARY ARTERY DISEASE\CATH,cardiovascular
U/A,genitourinary
NON ST ELEVATED MYOCARDIAL INFARCTION,cardiovascular
ABDOMINAL INFECTION,infectious
TRAUMATIC HEAD BLEED,trauma_injury
RIGHT FEMUR FX;ACUTE ANEMIA,trauma_injury
INFERIOR MI,cardiovascular
DISECTING AORTIC ANEURYSM,cardiovascular
COLONIC MASS,oncology
POLYTRAUMA S/P FALL,trauma_injury
ACUTE STROKE;TELEMETRY,neurological
CARDIOMYOPATHY;CORONARY ARTERY DISEASE\CATH,cardiovascular
CONGESTIVE HEART FAILURE\RIGHT AND LEFT HEART CATH,cardiovascular
PITUITARY TUMOR,endocrine_metabolic
THORACO-ABD ANEURYSM,cardiovascular
GLIOBLASTOMA,oncology
LOWER GASTROINTESTINAL BLEED;ANEMIA,gastrointestinal
ATRIAL DEFECT\REPAIR PATENT FORAMEN OVALE/SDA,cardiovascular
"CIRRHOSIS,FEVER",hepatobiliary
LEFT TRUE VOCAL CORD PARALYSIS/SDA,neurological
ST ELEVATED MYOCARDIAL INFARCTION\CATH,cardiovascular
REMOVAL SOFT TISSUE MASS POSTERIOR TO ODONTOID PROCESS/SDA,oncology
CELLULITIS OF UPPER EXTREMITY,infectious
CONGESTIVE HEART FAILURE;HIP FRACTURE,cardiovascular
HYPOTENSION;R/O SEPSIS,infectious
HYPERGLYCEMIA;HYPONATREMIA,endocrine_metabolic
THREE VESSEL CORONARY ARTERY DISEASE,cardiovascular
DIABETIC KETOACIDOSIS;RENAL FAILURE,endocrine_metabolic
DISTAL FEMUR FRACTURE,trauma_injury
THORACIC CORD COMPRESSION/SDA,neurological
VY36PH\CORONARY ARTERY BYPASS GRAFT/SDA,cardiovascular
ATRIAL TACHYCARDIA;\CARDIOVERSION,cardiovascular
S/P FALL-RIGHT HIP PAIN,trauma_injury
ESRD,renal
ENDOCARDITIS;PULMONARY EMBOLUS,cardiovascular
HYPOTENSION;SEPSIS;TELEMETRY,infectious
CONGESTIVE HEART FAILURE;PNA,cardiovascular
CEREBELLAR TUMOR/SDA,neurological
CONGESTIVE HEART FAILURE;RENAL FAILURE,cardiovascular
NON ST MI,cardiovascular
PERICARDIAL DISEASE\PERICARDIAL STRIPPING/SDA,cardiovascular
DIABETES,endocrine_metabolic
VENTRICULAR TACHYCARDIA\VENTRICULAR TACHYCARDIA ABLATION  **REMOTE WEST**,cardiovascular
HYDROTHORAX,respiratory
CONGESTIVE HEART FAILURE;ARF,cardiovascular
ISCHEMIA,cardiovascular
LUNG CANCER;DYSPNEA,oncology
CEREBELLAR INFARCTION,neurological
ASPIRATION/RESPIRATORY FAILURE,respiratory
MITRAL REGURG,cardiovascular
PNEUMONIA-NSTEMI,cardiovascular
STAGE III RECTAL CANCER;PLEURAL EFFUSION,oncology
DECUBITUS ULCERS,dermatologic
GASTRIC TUMOR/SDA,oncology
LLL PNEUMONIA,respiratory
? PE,cardiovascular
HYPOTENSION;TACHYCARDIA,cardiovascular
ABDOMINAL PAIN;EXPLORATORY LAPAROSCOPY;BILE DUCT OBSTRUCTION,gastrointestinal
HYPERBILIRUBINEMIA,hepatobiliary
CHF/PNEUMONIA,cardiovascular
RIGHT LEG ARTERIAL THROMBOSIS,cardiovascular
STE MYOCARDIAL INFARCTION\CARDIAC CATH,cardiovascular
HYPERSTIMULATION SYNDROME,pregnancy_obstetric
SUBGLOTIC STENOSIS,respiratory
HYPERCARBIA,respiratory
SADDLE PULMONARY EMBOLUS,cardiovascular
RIGHT LOWER EXTREMITY ISCHEMIA,cardiovascular
FOOT ULCERS,dermatologic
MASSIVE WEIGHT LOSS/SDA,other
"PAIN CONTROL,S/P VIDEO ASSISTED THORACOSCOPY",postoperative_surgical
CELLULITIS/ABSCESS,infectious
AORTIC STENOSIS\BENTAL PROCEDURE REDO,cardiovascular
ACUTE LEUKEMIA;INTRACRANIAL BLEED,hematologic
VENTRAL HERNIA & CHOLECYSTITIS/SDA,gastrointestinal
AORTIC VALVE ABSCESS,cardiovascular
CHOLAGIOCARCINOMA/SDA,oncology
DEGLOVING INJURY,trauma_injury
SEVERE GERD/SDA,gastrointestinal
POST PROCEDURE PAIN AND FEVER,postoperative_surgical
DIABETIC KETOACIDOSIS;BRAIN MASS,endocrine_metabolic
ST ELEVATION,cardiovascular
LARYNGEAL EDEMA,respiratory
CIRRHOSIS;ENCEPHALOPATHY,hepatobiliary
ATRIAL DEFECT\REPAIR ATRIAL-SEPTAL DEFECT; LIMITED ACCESS/SDA,cardiovascular
ELEVATED BILIRUBIN,hepatobiliary
DIVERTICULAR STRICTURE/SDA,gastrointestinal
PULMONARY EMBOLIS; PERICARD; PLEURAL EFFUSIONS,cardiovascular
CHEST PAIN;ANGINA\LEFT HEART CATHETERIZATION,cardiovascular
RULE-OUT MYOCARDIAL INFARCTION;TELEMETRY;CONGESTIVE HEART FAILURE,cardiovascular
POST-CARDIAC ARREST,cardiovascular
DVT,cardiovascular
CHEST PAIN;UNSTABLE ANGINA\CATH,cardiovascular
SUBDURAL HEMORRHAGE;HIP FRACTURE,trauma_injury
CAD AND MITRAL REGURGITATION\CORONARY ARTERY BYPASS GRAFT WITH MVR /SDA,cardiovascular
CONGESTIVE HEART FAILURE/PNEUMONIA,cardiovascular
CORONARY ARTERY DISEASE;PVD\CARDIAC CATH,cardiovascular
PNEUMONIA-RESPIRATORY FAILURE,respiratory
SUBDURAL BLEEDING,neurological
CORONARY ARTERY DISEASE;CAROTID STENOSIS\CAROTID ANGIOGRAM,cardiovascular
LEFT NECK MASS/SDA,oncology
THORACIC MASS,oncology
INTRACRANIAL HEAD BLEED,neurological
BASILAR TIP ANEURYSM/SDA,neurological
RIGHT SUBDURAL HEMATOMA,neurological
HYPOPHARYNGEAL TUMOR,oncology
ALTERED MENTAL STATUS CHANGES;TELEMETRY,neurological
? AORTIC FILLING DEFECT,cardiovascular
SEPSIS-CONGESTIVE HEART FAILURE,cardiovascular
"PNEUMONIA, R/O MI",respiratory
CHEST PAIN;POSITIVE STRESS TEST\CARDIAC CATH,cardiovascular
PNEUMONIA; RESPIRATORY FAILURE,respiratory
MVR\MITRAL VALVE REPLACEMENT /SDA,cardiovascular
CHEST PAIN;+MYOVIEW\CATH,cardiovascular
LUNG MASS RIGHT/SDA,oncology
COLON POLYP/SDA,gastrointestinal
DILATED ASCENDING AORTA\BENTAL PROCEDURE; REDO STERNOTOMY;ASCENDING AORTA REPLACEMENT? AVR,cardiovascular
PARAGANGLIONOMA OF ABDOMEN/SDA,oncology
OBESE;DIABETES MELLITUS;CORONARY ARTERY DISEASE;CHRONIC OBST PULM DISEASE,endocrine_metabolic
UNSPECIFIED INJUIRIES FROM TRAUMA,trauma_injury
TEGRETOL OVERDOSE,toxicology_poisoning
OVERDOSE;ACUTE RENAL FAILURE,renal
SUBURAL HEMORRHAGE,neurological
"SEPSIS,RESPIRATORY FAILURE",infectious
INTRANCRANIAL HEMORRHAGE,neurological
FALL WITH SDH,trauma_injury
BILARY STONES/SDA,hepatobiliary
RAPID AFIB;PLEURAL EFFUSION;TELEMETRY,cardiovascular
ADENOMA RIGHT COLON/SDA,gastrointestinal
"THORACIC AORTIC ANEURYSM\RESECTION; THORACO-ABDOMINAL AN EURYSM, VIA LEFT CHEST/SDA",cardiovascular
"MITRAL VALVE DISORDER\MITRAL VALVE REPLACEMENT, ? TRICUSPID VALVE REPLACEMENT",cardiovascular
HYPOXIA-MULTIPLE SCLEROSIS,neurological
CORONARY ARTERY DISEASE;AORTIC STENOSIS\CATH,cardiovascular
VERTEBRAL FRACTURE,trauma_injury
RT MCA STROKE,neurological
TRICYCLIC ANTIDEPRESSANT,toxicology_poisoning
METASTIC MELANOMA;ANEMIA,oncology
"HYPOTENSION,BRADYCARDIA",cardiovascular
KIDNEY LACERATION,trauma_injury
BILE DUCT STONE,hepatobiliary
BLADDER RUPTURE;SEPSIS,trauma_injury
GASROINTESTINAL BLEED;ACUTE RENAL FAILURE;ALTERED MENTAL STATUS,gastrointestinal
NECROTIZING FASCITITIS,infectious
PANCREATITIS;TELEMETRY,gastrointestinal
ACUTE LYMPHOCYTIC LEUKEMIA;NEUTROPENIA,hematologic
BILAT SUBDURAL HEMATOMA,neurological
CARDIOMYOPATHY;CORONARY ARTERY DISEASE\RIGHT AND LEFT CATH,cardiovascular
ISCHEMIC REST PAIN FOR IV ANTIBIOTICS,cardiovascular
ST ELEVATION MYOCARDIAL INFARCTION\CORONARY INTERVENTION,cardiovascular
ISCHEMIC COLILTIS;WRIST FRACTURE,gastrointestinal
RIGHT LEG ISCHEMIA/SDA,cardiovascular
SARCOMA LEFT FEMUR/SDA,oncology
PERITONEAL BLEED,gastrointestinal
REACTIVE AIRWAY DISEASE,respiratory
RENAL FAILURE;SEIZURES,renal
METASTATIC ADENOCARCINOMA,oncology
CORONARY ARTERY DISEASE;ANGINA,cardiovascular
AORTIC STENOSIS\RIGHT AND LEFT CATH,cardiovascular
RESPIRATORY FAILIRE;TELEMETRY,respiratory
LEFT URETERAL STONE,genitourinary
METASTATIC RENAL CARCINOMA',oncology
FEMUR FRACTURE;S/P FALL,trauma_injury
CORONARY ARTERY DISEASE\CORONARY ARTERY BYPASS GRAFT WITH AVR REDO,cardiovascular
HYPERKALEMIA;BRADYCARDIA,endocrine_metabolic
GRAM +SEPSIS,infectious
SEVERE HYPERTROPHIC CARDIOMYOPATHY\SEPTAL ETHANOL ABLETION,cardiovascular
RIGHT FLANK ( VENTRAL ) HERNIA/SDA,gastrointestinal
ICP,neurological
ANEURYSM\ CEREBRAL EMBOLIZATION/SDA,neurological
SICKLE CELL ANEMIA,hematologic
"AFIB, AORTIC STENOSIS",cardiovascular
KNEE PAIN,musculoskeletal
MASSIVE HEMOPTYSIS,respiratory
"FEVER,ETIOLOGY UNKNOWN;INABILITY TO EAT",symptoms_unspecified
34 WEEKS;PREGNANCY INDUCED HYPERTENSION,pregnancy_obstetric
AORTIC STENOSIS\AORTIC VALVE REPLACEMENT;MITRAL VALVE REPLACEMENT/SDA,cardiovascular
EXERTIONAL DYSPNEA; BIVENTRICULAR HEART FAILURE\LEFT HEART CATHETERIZATION,cardiovascular
SHOCK;TELEMETRY,cardiovascular
UROSEPSIS;PANCREATITIS,infectious
HISTOPLASMOSIS,infectious
HYPOTENSION;CONGESTIVE HEART FAILURE,cardiovascular
TRACHEALBRONCHOMALACIA/SDA,respiratory
HEMORRHAGIC CVA,neurological
CRITCAL AS;CONGESTIVE HEART FAILURE,cardiovascular
AMPUTATION,trauma_injury
ABDOMINAL PAIN;HYPOTENSION,symptoms_unspecified
CENTER AIRWAY OBSTRUCTION,respiratory
SMA CLOT,cardiovascular
HEPATORENAL SYNDROME;ENCEPHALOPATHY,renal
RESPIRATORY FAILURE;AORTIC STENOSIS;CONGESTIVE HEART FAILURE,cardiovascular
STROKE-TRANSIENT ISCHEMMIC ATTACK,neurological
ATRIAL FLUTTER\ATRIAL FLUTTER ABLATION,cardiovascular
FIBROIDS/SDA,pregnancy_obstetric
ST ELEVATED MYOCARDIAL INFARCTION\CARDIAC CATHETERIZATION,cardiovascular
INTRACRANIAL BLEED;TELEMETRY,neurological
S/P MOTOR VEHICLE ACCIDENT;LEFT PNEUMOTHORAX;LEFT HIP FX;LEFT ANKLE FX,trauma_injury
CHEST PAIN;SHORTNESS OF BREATH\CATH,symptoms_unspecified
HYPERNATREMIA;TACHYCARDIA,endocrine_metabolic
END STEMI,cardiovascular
CARDIOMYOPATHY\RIGHT HEART CATH,cardiovascular
URINARY TRACT INFECTION;HYPOTENSION;TELEMETRY,genitourinary
DUODENAL ADENOMA/SDA,gastrointestinal
MALIGNANT MESOTHELIOMA;RETROPERTONEAL,oncology
ESOPHAGEAL EXCLUSION S/P REPAIR OF TRANSESOPHAGEAL FISTULA/SDA,gastrointestinal
PACER LEAD INFECTION,infectious
COLON POLYP,gastrointestinal
ATRIAL FRIBILLATION\BILATERAL THORACOSCOPIC MINI MAZE PROCEDURE WITH LEFT ATRIAL APPENDAGE RESECTION,cardiovascular
TRACHEAL MALASIA,respiratory
LYMPHADENOPATHY;NECK MASS,oncology
CONGESTIVE HEART FAILURE-RENAL FAILURE,cardiovascular
R/O PULMONARY EMBOLIS;FEMUR FX,trauma_injury
CHRON'S FLARE-ABDOMINAL ABSCESS,gastrointestinal
HEMPOTYSIS,respiratory
LIVER DONOR/SDA,hepatobiliary
CORONARY ARTERY DISEASE\MITRAL VALVE REPLACEMENT;CORONARY ARTERY BYPASS GRAFT/SDA,cardiovascular
FEVER;JAUNDICE,symptoms_unspecified
CHRONIC ASPIRATION/SDA,respiratory
LEFT MAIN CORONARY DISEASE,cardiovascular
SUBDURAL HEMORRHAGE;TELEMETRY,neurological
TRACHEOSTOMY,respiratory
ASCENDING AORTIC ANEURYSM\ RESECTION AORTIC ASCENDING ANEURYSM,cardiovascular
ETOH WITHDRAWAL;SEIZURE,psychiatric
HUMAN IMMUNODEFIENCY VIRUS;MULTIPLE BRAIN LESIONS,infectious
PANCREATITIS-GALL STONES,gastrointestinal
CHRONIC OBST PULM DISEASE;RESPIRATORY FAILURE,respiratory
CORONARY ARTERY DISEASE/CATH,cardiovascular
CHOLANGIA CARCINOMA OF BILE DUCT/SDA,oncology
CORONARY ARTERY DISEASE/ CONGESTIVE HEART FAILURE,cardiovascular
THREE VESSELL DISEASE,cardiovascular
HEMOPERITENEUM,trauma_injury
PULSELESS LEFT LEG,cardiovascular
SEVERE AORTIC STENOSIS\PACEMAKER,cardiovascular
BLEEDING ANEURYSM,cardiovascular
CROHN'S DISEASE;ABDOMINAL FISTULA,gastrointestinal
"D.K.A. MALAISE, ELEVATED WBC",endocrine_metabolic
CORONARY ARTERY DISEASE\CARDIAC CATHERIZATION,cardiovascular
ENDOCARDITIS\TRANSESOPHAGEAL ECHOCARDIOGRAM,cardiovascular
BASAL CELL CANCER RIGHT CHEEK/SDA,dermatologic
FEVER OF AN UNKNOWN ORIGIN,infectious
"SACRAL DECUBITUS,SHORTNESS OF BREATH,HYPOTENSION",symptoms_unspecified
DIABETIC KETOACIDOSIS;CHEST PAIN;TELEMETRY,endocrine_metabolic
SEVERE AORTIC STENOSIS,cardiovascular
RENAL FAILURE; VASCULITIS,renal
OVARIAN CANCER;SOB;ASCITES,oncology
ATRIAL FLUTTER;HEART FAILURE\BIVENTRICULAR ICD IMPLANT;AFLUTTER ABLATION;PACEMAKER REMOVAL,cardiovascular
S/P ASYSTOLIC ARREST,cardiovascular
PELVIC FRACTURE;TELEMETRY,trauma_injury
S/P MOTOR VEHICLE ACCIDENT;EPIDURAL HEMATOMA;LEFT FEMUR FRACTURE,trauma_injury
BRAIN MASS;TELEMETRY,neurological
CORONARY ARTERY DISEASE\CORONARY ARTERY BYPASS GRAFT & MAZE PROCEDURE,cardiovascular
HAND AND FINGERS INFECTION,infectious
LEFT MAIN DISEASE;CORONARY ARTERY DISEASE,cardiovascular
FUNGAL MENINGITIS,infectious
CHOLELITHIASIS; DILATED BILE DUCT,hepatobiliary
CHEST PAIN\ANGIOPLASTY,cardiovascular
S/P NQW MI\LEFT HEART CATHETERIZATION,cardiovascular
VTACH;CONGESTIVE HEART FAILURE;ACUTE RENAL FAILURE;COLITIS,cardiovascular
BRAIN ABSCESS,infectious
HEAD INJURY;TELEMETRY,trauma_injury
PNEUMONIA;EMPYEMA,respiratory
"SOB, PLEURAL EFFUSION,",respiratory
RECURRENT SQUAMOUS CELL CA ORAL CAVITY/SDA,oncology
LARYNGEAL CANCER,oncology
GALLBLADDER CANCER; FEVER,oncology
IDIOPATHIC SCOLIOSIS/SDA,musculoskeletal
ACUTE PANCREATITIS /SDA,gastrointestinal
S/P LIVER TRANSPLANT,postoperative_surgical
PANCREATIC TAIL MASS,oncology
ETOH WITHDRAWAL/DETOX,psychiatric
SEIZURE;LEFT PARIETAL LESION,neurological
RIGHT SUBCLAVIAN ARTERY PSEUDOANEURYSM,cardiovascular
DEEP VEIN THROMBOSIS;HEMOCULT POSITIVE,hematologic
PELVIC FRACTURES,trauma_injury
BENADRYL OVERDOSE,toxicology_poisoning
ABDOMINAL PAIN',symptoms_unspecified
ETOH INTOX,toxicology_poisoning
SHORTNESS OF BREATH;CHEST PAIN,symptoms_unspecified
AORTIC STENOSIS;AORTIC INSUFFICIENCY\AORTIC VALVE REPLACEMENT; BENTAL PROCEDURE; ? ROOT REPLACEMENT/SDA,cardiovascular
CONGESTIVE HEART FAILURE;CHRONIC OBST PULM DISEASE;PNEUMONIA,cardiovascular
MYOCARDIAL INFARCTION;DYSPNEA\CATH,cardiovascular
S/P MOTOR VEHICLE ACCIDENT-FACIAL TRAUMA,trauma_injury
RIGHT PNEUMOTHORAX,respiratory
CODE SEPISI,infectious
KIDNEY FAILURE; ENCEPHALOPATHY,renal
HYPONATREMIA;LE EDEMA,endocrine_metabolic
"MS CHANGE, DEHYDRATION",neurological
UTERINE MALIGNANCY/SDA,pregnancy_obstetric
UNABLE TO WALK/WEAKNESS,neurological
STEMI\CARDIAC CATHERIZATION,cardiovascular
LEFT ANKLE FRACTURE,trauma_injury
"CORONARY ARTERY DISEASE\CORONARY ARTERY BYPASS GRAFT, ? MVR /SDA",cardiovascular
"NEW BRAIN MASS, CONFUSION, SEIZURES",neurological
ASA OVERDOSE,toxicology_poisoning
APML,hematologic
AORTIC INSUFFIENCY\CATH,cardiovascular
CORONARY ARTERY DISEASE\CORONARY ARTERY BYPASS GRAFTWITH AVR /SDA,cardiovascular
PNEUMONIA-R/O MYOCARDIAL INFARCTION,respiratory
ANGIEDEMA,other
DUODENAL ULCER,gastrointestinal
DECOMPENSATED CIRRHOSIS,hepatobiliary
LIVER FAILURE;CIRRHOSIS,hepatobiliary
ETOH ABUSE,other
ELEVATED LIVER FUNCTION TESTS,hepatobiliary
COMPLICATED LABOR,pregnancy_obstetric
PNEUMONIA;RHABDOMYLOSIS,respiratory
PANCREATITIS\ERCP,gastrointestinal
"SPINAL FRACTURE,S/P FALL",trauma_injury
ANTERIOR CERVICAL COLLECTION,infectious
S/P MULTIPLE STAB WOUNDS,trauma_injury
PEDISTRIAN STRUCK;SUBARACHNOID HEMATOMA,trauma_injury
ESOPHAGEAL TEAR,gastrointestinal
CHOLEDOCO CYST\ERCP **EAST REMOTE - G.I. ST4**,hepatobiliary
ACUTE RESPIRATORY DISTRESS,respiratory
MENTAL STATUS CHANGES;HYPOTENSION,neurological
HYPERCABRIC RESPIRATORY FAILURE,respiratory
? ENDOCARDITIS,infectious
PELVIS AND BILATERAL WRIST FRACTURES,trauma_injury
HEPATIC ENCEPHALOPAHTY,neurological
INTRACRANIAL BLEED;ETOH ABUSE,trauma_injury
ELEVATED WBC,infectious
LIVER AND KIDNEY FAILURE,renal
RIGHT PLEURAL EFFUSION;MULTIPLE PULMONARY EMBOLI,cardiovascular
"AIRWAY OBSTRUCTION, LUNG CANCER\ RIGID BRONCHOSCOPY W/ STENT REMOVAL",oncology
SEPSIS-PNEUMONIA,infectious
PENETRATING TRAUMA,trauma_injury
AORTIC & MITRAL INSUFFICENCY\AORTIC AND MITRAL VALVE REPLACEMENT REDO,cardiovascular
LEFT RENAL STONE/SDA,genitourinary
RIGHT UPPER LOBE PNEUMONIA,respiratory
ARTERIAL THROMBOSIS,cardiovascular
FAILED LEFT TOTAL KNEE REPLACEMENT /SDA,musculoskeletal
INFECTED LEFT LEG WOUND,infectious
? CVA,neurological
INTERIOR MYOCARDIAL INFARCTION,cardiovascular
LIVER FAILURE;JAUNDICE,hepatobiliary
PNEUMOTHORAX;HIATAL HERNIA,respiratory
CONGESTIVE HEART FAILURE;AORTIC REGURGITATION,cardiovascular
LIVER ABSCESSES,infectious
T-CELL LYMPHOMA,oncology
FEVER;CHANGE IN MENTAL STATUS,symptoms_unspecified
MALLORY-WEISS TEAR,gastrointestinal
SUBURAL HEMATOMA,neurological
ISCHEMIA\CATH,cardiovascular
ATYPICAL CHEST PAIN,symptoms_unspecified
LEFT ACETABULAR FRACTURE,trauma_injury
TRACHEAL;BRONCHIAL MALACIA,respiratory
MITRAL STENOSIS\REDO MVR ? CORONARY ARTERY BYPASS GRAFT /SDA,cardiovascular
TRICUSPID REGURGITATION\ REDO TVR; MAZE PROCEDURE/SDA,cardiovascular
SYNCOPE-RENAL FAILURE,renal
ETOH WITHDRAWEL,psychiatric
RUPTURED AORTA,cardiovascular
EXERTIONAL DYSPNEA,symptoms_unspecified
PANCREAS KIDNEY TRANSPLANT,renal
CHRONIC RENAL FAILURE;HYPERTENSION,renal
?OBSTRUCTION,symptoms_unspecified
BRONCHIECTASIS,respiratory
ACUTE RENAL FAILURE;JAUNDICE,renal
LEFT THIGH WOUND INFECTION,infectious
PATIENT FORAMEN OVALE\ PATIENT FORAMEN OVALE/SDA,cardiovascular
DRUG REFRACTORY  FOR ATRIAL FIBRILLATION\PULMONARY VEIN ISOLATION **REMOTE WEST**/SDA,cardiovascular
RESPIRATORY DISTRESS-ALS,neurological
CELLULITIS LEFT LOWER EXTREMITY,infectious
ACALCULUS CHOLECYSTITIS,hepatobiliary
MITRAL STENOSIS\MITRAL VALVE RPAIR VS REPLACEMENT /SDA,cardiovascular
S/P ATV ACCIDENT,trauma_injury
CONGESTIVE HEART FAILURE;ATRIAL TACHYCARDIA,cardiovascular
VALSALVA ANEURYSM,cardiovascular
EFFUSION/SDA,symptoms_unspecified
INTRAPARENCHYMAL BRAIN HEMORRHAGE,neurological
"NEW A-FIB,CHF",cardiovascular
AORTIC STENOSIS\AORTIC VALVE REPLACEMENT;  STERNAL PLATING W/ TALON SYSTEM; BILATERAL PEC FLAP ADVANCEMENT/SDA,cardiovascular
GI BLEED;UNRESPONSIVE;HYPOTENTION,gastrointestinal
S/P RESECTION AND GRAFTING OF ASCENDING AORTA,cardiovascular
TRAUMA;CLOSED HEAD INJURY;ORBITAL FX,trauma_injury
"PNA, ACUTE RENAL FAILURE",infectious
ISCHEMIC L FOOT,cardiovascular
S/P NQWMI\LEFT HEART CATHETERIZATION,cardiovascular
SEPSIS-HYPERGLYCEMIA,infectious
HIV;JAUNDICE,infectious
SOFT TISSUE LOSS,trauma_injury
SYNCOPE-HYPERGLYCEMIA-EKG CHANGES,cardiovascular
V-TACH ARREST,cardiovascular
CONGESTIVE HEART FAILURE;AORTIC STENOSIS;COMPLETE HEART BLOCK\CARDIAC CATH,cardiovascular
CORONARY ARTERY DISEASE;ANGINA\LEFT ANTERIOR DESCENDING CORONARY ARTERY INTERVENTION,cardiovascular
LEFT HEEL ULCER,other
PARTISL SMALL BOWELL OBSTRUCTION;DEHYDRATION,gastrointestinal
"CHEST PAIN, ALCOHOL WITHDRAWAL",psychiatric
PRIMARY SCLEROSING CHOLANGITS;LIVING UNRELATED LIVER TRANSPLANT/SDA,hepatobiliary
"AORTIC STENOSIS\ AORTIC VALVE REPLACEMENT,MINIMALLY INVASIVE/SDA",cardiovascular
MITRAL REGURGETATION\MITRAL VALVE REPLACEMENT; HEART PORT MINMALLY INVASIVE/SDA,cardiovascular
ATRIAL FIBRILLATION\FULL MAZE PROCEDURE,cardiovascular
AORTIC VEGATATION,cardiovascular
TIZANIDINE OVERDOSE,toxicology_poisoning
ESOPHOGEAL CANCER/SDA,oncology
MENINGITIS; INTRACRANIAL ABCESS,infectious
SEIZURE-R/O CEREBROVASCULAR ACCIDENT,neurological
ESOPHAGEAL RESECTION,postoperative_surgical
MENINGITIS;DRUG ALLERGY,infectious
CEREBRAL VASCULAR ACCIDENT-R/O MYOCARDIAL INFARCTION,neurological
CHEST PAIN; FEVER,symptoms_unspecified
SEPSIS;S/P CORONARY ARTERY BYPASS GRAFT,infectious
ETOH WITHDRAWAL;LIKELY SEIZURES,psychiatric
TTP-MULT MYELOMA-INTRACRANIAL BLEED,hematologic
RECURRENT ESOPHAGEAL CANCER/SDA,oncology
FEVER;IJ ANF LUE DVT,infectious
PERITONSILLAR ABSESS,infectious
INFERIOR MYOCARDIAL INFARCTION;ST SEGMENT ELEVATION MYOCARDIAL INFARCTION\CATH,cardiovascular
BARRETS' ESOPHAGUS AND HIGH GRADE DYSPLASIA/SDA,gastrointestinal
"MITRAL REGURGITATION\MITRAL VALVE REPLACEMENT,HEART PORT MINIMALLY INVASIVE w/ MAZE",cardiovascular
SEPTIC SHOCK;CHRONIC OBST PULM DISEASE,infectious
S/P FALL;LIVER LACERATION;SUBARACHNOID HEMATOMA,trauma_injury
NEOPLASM OF UNCERTAIN BEHAVIOR OF OTHER LYMPHATIC AND HEMATOPOIETIC TISSUES\BONE MARROW TRANSPLANT,hematologic
FINGER AMPUTATIONS,trauma_injury
AORTO ILIAC ANEURYSM/SDA,cardiovascular
"CORONARY ARTERY DISEASE\AORTIC VALVE REPLACEMENT, R.F. MAZE PROCEDURE /SDA",cardiovascular
NECRATIZING PANCREATITIS,gastrointestinal
MITRAL STENOSIS\MITRAL VALVE REPLACEMENT; W/MAZE/SDA,cardiovascular
A - FIB,cardiovascular
SUBCLAVIAN THROMBOSIS;CHANGE OF PICC LINE FOUND LARGE DVT VS LYSIS OF DOT,cardiovascular
"ASTHMA,INTUBATED",respiratory
"ATRIAL FIBRILLATION,PNEUMONIA",cardiovascular
ATRIAL FIBRILLATION\THORACOSCOPIC MAZE PROCEDURE /SDA,cardiovascular
AORTIC VALVE DISORDER\AORTIC VALVE; ? ASCENDING AORTA REPLACEMENT /SDA,cardiovascular
STROKE;HEAD MASS,neurological
PNEUMOCEPHALUS,neurological
BACTERMIA;R/O ENDOCARDITIS,infectious
AORTIC STENOSIS;CORONARY ARTERY DISEASE\CATH,cardiovascular
PNEUMONIA;DEEP VEIN THROMBOSIS;ACUTE RENAL FAILURE,infectious
LEFT ADNEXAL MASS,pregnancy_obstetric
BILARY OBSTRUCTION/PANCREATITIS,hepatobiliary
INTRACRANIAL HEMORRHAGE;SEIZURE,neurological
"C4,C5 FRACTURE",trauma_injury
RESPIRATORY FAILURE;LEFT LOWER LOBE COLLAPSE,respiratory
LEAD FRACTURE\LEAD EXTRACTION W/ REIMPLANTATION/SDA,postoperative_surgical
ACUTE ON CHRONIC SDH,neurological
CORONARY ARTERY DISEASE;CHEST PAIN;+ETT,cardiovascular
DENS FRACTURE,trauma_injury
HEPATIC ABSCESS,infectious
LIVING ADULT LIVER DONOR/SDA,other
RENAL FAILURE;HEPATITIS;COAGULOPATHY,renal
RELAPSING POLYCHONDRITIS;AIRWAY OBSTRUCTION\ BRONCHOSCOPY WITH STENT,respiratory
CONGESTIVE HEART FAILURE;TELEMETRY\EPICARDIAL LEFT VENTRICULAR LEAD PLACEMENT /SDA,cardiovascular
"CONGESTIVE HEART FAILUE, PNEUMONIA",cardiovascular
LYMPHOMA\CHEMO,oncology
UNSTABLE ANGINA;CORONARY ARTERY DISEASE\CATH,cardiovascular
NAUSEA/VOMITING,symptoms_unspecified
"PNEUMONIA,HYPOTENSION",infectious
BLAST CRISIS,hematologic
PNEUMONIA;?PULMONARY EMOBULIS,infectious
HYPOKALEMIA;DIARRHEA,gastrointestinal
"C SECTION,PRIMARY",pregnancy_obstetric
S/P BILATERAL HERNIA REPAIR,postoperative_surgical
BIVENTRICULAR HEART FAILURE,cardiovascular
BILIARY STRICTURE/SDA,hepatobiliary
ISCHEMIC RIGHT FOOT;RENAL INSUFFIENCY,renal
PNEUMOTHORAX; HYDROTHORAX,respiratory
URINARY TRACT INFECTION;AMA;PERIDURAL ABSCESS,infectious
PULMONARY FIBROSIS;RESPIRATORY FAILURE,respiratory
CAROTID ARTERY DISEASE\CAROTID ANGIOGRAM,cardiovascular
"MITRAL INSUFFICENCY\MITRAL VALVE REPLACEMENT, COMCOMITANT MAZE PROCEDURE/SDA",cardiovascular
ANAL CARCINOMA/SDA,oncology
NEUTROPENIA;HYPOTENSION,hematologic
+ETT;ANGINA\CATH,cardiovascular
POPLITEAL ARTERY ANEURY SM,cardiovascular
CONGESTIVE HEART FAILURE EXACERBATION-R/O MI,cardiovascular
ST ELEEVATION MI,cardiovascular
ESOPHAGE CA/SDA,oncology
INTERMITTENT HEMORRHAGE,symptoms_unspecified
CIRRHOSIS;HEPATITIS;HEPATIC ENCEPHALOPATHY,hepatobiliary
SPLENIC LAC,trauma_injury
PARASPINAL ABSCESS,infectious
VARICELLA ZOSTER ENCEPHALITIS,neurological
RIGHT STUMP GANGRENE;N/V,cardiovascular
THORACIC ANEURYSM\THORACO-ABDOMINAL ANEURYSM REPAIR/SDA,cardiovascular
POSTITIVE STRESS TEST\CARDIAC CATH,cardiovascular
CORONARY ARTERY DISEASE;S/P CORONARY ARTERY BYPASS GRAFT,cardiovascular
ATRIAL FIBRILLATION;CONGESTIVE HEART FAILURE;TELEMETRY,cardiovascular
ATRIAL SEPTAL DEFECT\ REPAIR LIMITED ACCESS ATRIAL SEPTAL DEFECT,cardiovascular
S/P CARDIAC CATH,postoperative_surgical
TRACHEO BRONCHO MALACIA,respiratory
HEPATITIS B,infectious
SPLENIC INJURY,trauma_injury
MET LESION,oncology
"ELEVATED WEIGHT BEARING WITH CRUTCHES,HYPOTENSION",musculoskeletal
FEVER;WOUND DRAINAGE,infectious
ASD\REPAIR ATRIAL-SEPTAL DEFECT; LIMITED ACCESS/SDA,cardiovascular
DEHYDRATION; A FIB,cardiovascular
MITRAL & AORTIC STENOSIS\ AORTIC VALVE REPLACEMENT; CABG W/MITRAL VALVE REPLACEMENT & MAZE/SDA,cardiovascular
REDO STERNOTOMY-MVR,postoperative_surgical
AORTIC VALVE STENOSIS\AORTIC VALVE REPLACEMENT; MINIMILLAY INVASIVE/SDA,cardiovascular
"HEAD BLEED,FALL",trauma_injury
INSULIN DENSENTIZATION,endocrine_metabolic
FAOLED GRAFT RIGHT LEG,cardiovascular
PNEUMONIA;ATRIAL FIBRILLATION;TELEMETRY,infectious
"T5 TO CONUS,MEDULLARIS VENOUS CONGESTION",neurological
MITRAL VALVE DISORDER\MITRAL VALVE REPLACEMENT; TVR; POSSIBLE LEAD PLACEMENT VIA RIGHT THORACOTOMY VS STERNOTOMY,cardiovascular
ABDOMINAL PAIN\ERCP,gastrointestinal
AORTIC VALVE INSUFFIENCY\AORTIC VALVE REPLACEMENT,cardiovascular
MOTOR VEHICLE COLLISION;RIGHT ANKLE FRACTURE,trauma_injury
"HYPERTENSIVE URGENCY,NAUSEA,VOMITING",cardiovascular
RUPTURED DIAPHRAM,trauma_injury
FACIAL FRACTURE;ORBITAL FRACTURE,trauma_injury
OPEN WOUND;S/P MOH'S SURGERY,postoperative_surgical
CORONARY ARTERY DISEASE;S/P CABG,cardiovascular
AFIB-CONGESTIVE HEART FAILURE,cardiovascular
DYSPNEA ON EXERTION;CHEST PAIN;CARDIOMYOPATHY\CATH,cardiovascular
ACUTE RENAL FAILURE;ARDS,renal
ATHEROSCLEROSIS BILATERAL LOWER EXTREMITY,cardiovascular
BUTTOCK HEMATOMA,trauma_injury
PV THROMBOSIS; RAF; PNA,infectious
S/P LIVER ABSCESS,infectious
UPPER GI BLLEED,gastrointestinal
HYPOTENSION;INFECTION,infectious
SVS,cardiovascular
SIGMOID CA/SDA,oncology
POSTOPERATIVE BILE LEAK,postoperative_surgical
PAROXYSMAL ATRIAL AFRIBILLATION\MITRAL VALVE REPLACEMENT (FULL MAZE) /SDA,cardiovascular
FEVER/HYPOTENSION,infectious
FEBRILE;HYPOTENSIVE,infectious
AFLUTTER;PULMONARY EDEMA;HYPERGLYCEMIA,cardiovascular
"GI BLEED,R/O MI",gastrointestinal
TRACHEOSTOMY EVALUATION,respiratory
AORTIC ASCENTING ANEURYSM\ RESECTION AORTIC ASCENDING ANEURYSM/SDA,cardiovascular
ATHEROSCLEROSIS OF LEFT LOWER EXTREMITY,cardiovascular
"NAUSEA, VOMITTING",symptoms_unspecified
MELENA;TELEMETRY,gastrointestinal
"PAN,ARF",renal
ACUTE PNEUMONITIS,infectious
"ACOUSTIC NEUROMA, LEFT EAR/SDA",neurological
URINARY TRACT INFECTION;FEVER;SEPSIS,infectious
ETOH LIVER FAILURE,hepatobiliary
"32 WEEKS,TWINS,PRECLAMPSIA",pregnancy_obstetric
ENDOCARDITIS;AORTIC VALVE DISEASE\CATH,cardiovascular
TRACH BLEEDING,respiratory
EPISTAXIS; ELEVATED INR; ANEMIA,hematologic
"SCALP WOUND, EXPOSED HARDWARE/SDA",postoperative_surgical
CORONARY ARTERY DISEASE\CORONARY ARTERY BYPASS GRAFT; WITH MVR/SDA,cardiovascular
THORACIC ABDOMINAL ANEURYSM\CATH,cardiovascular
L3-L4 NONUNION AND STENOSIS/SDA,musculoskeletal
TRAUMA W\INJURIES,trauma_injury
ACUT RENAL FAILURE,renal
HYPERGLYCEMIA;CONGESTIVE HEART FAILURE;TELEMETRY,endocrine_metabolic
DUODENAL MASS/SDA,gastrointestinal
ARTERAL OCCLUSION,cardiovascular
OVERDOSE;SUICIDAL IDEATION,psychiatric
GALLSTONES-PANCREATITIS,hepatobiliary
LEAD FAILURE\LEAD & DEVICE EXTRACTION LEFT SIDED SYSTEM ? PACEMAKER REIMPLANT ON RIGHT/SDA,cardiovascular
ANTERIOR SKULL BASE TUMOR/SDA,oncology
SVT\EP STUDY,cardiovascular
VARICEAL BLEED;HEMATEMESIS,gastrointestinal
HYPONATREMIA-HYPOKALEMIA-DIABETIC KETOACIDOSIS,endocrine_metabolic
"CAD, MR\CORONARY ARTERY BYPASS GRAFT; W/ MVR/SDA",cardiovascular
ASD\REPAIR ATRIAL-SEPTAL DEFECT; MAZE PROCEDURE,cardiovascular
VOMITING AND DIARRHEA,symptoms_unspecified
TIA;SPLENIC LACERATION,neurological
CONGESTIVE HEART FAILURE;MYOCARDIAL INFARCTION\CARDIAC CATH,cardiovascular
PULMONARY HTN\CATH,cardiovascular
S/P MOTORCYCLE ACCIDENT;?RUPTURED AIRWAY,trauma_injury
ASTHMA;COPD EXCERBATION,respiratory
MITRAL VALVE DISORDER\MITRAL VALVE REPLACEMENT REDO /SDA,cardiovascular
ACUTE CEREBRAL INFARCTION,neurological
AORTIC ANEURYSM\ ASCENDING AORTIC ARCH; DESCENDING THORACIC AORTIC REPLACEMENT/SDA,cardiovascular
PNEUMOHYDROTHORAX,respiratory
GI BLEED;URINARY TRACT INFECTION,gastrointestinal
ATRIAL FIBRILLATION\BILATERAL THORACOSCOPIC MINI MAZE PROCEDURE WITH LEFT ATRIAL APPENDAGE RESECTION /SDA,cardiovascular
SPLENIC ACUATION,trauma_injury
NON ST ELEVATED MYOCARDIAL INFARCT,cardiovascular
AORTIC STENOSIS\AORTIC VALVE REPLACEMENT; ASCENDING AORTA REPAIR/REPLACEMENT/SDA,cardiovascular
PERFORATION; S/P ERCP,postoperative_surgical
EPIGASTRIC PAIN\ERCP,symptoms_unspecified
"ABD PAIN, LIKELY LGIB",symptoms_unspecified
RIGHT HIP FRACTURE/SDA,trauma_injury
ANEURYSM\REPAIR THORACOABDOMINAL AORTA W/ PARTIAL RIGHT HEART BYPASS/SDA,cardiovascular
"HYPERKALEMIA,? DIABETIC KETOACIDOSIS",endocrine_metabolic
SUB STERNAL GOITER; RIGHT UPPER LOBE MASS/SDA,oncology
"PANCREATITIS, ETOH WITHDRAWAL",gastrointestinal
TIB/FIB FRX,trauma_injury
MITRAL VALVE REGURGITATION; HYPOXIC PULMONARY HYPERTENSION\RIGHT AND LEFT HEART CATHETERIZATION,cardiovascular
URINARY TRACT INFECTION;HYPOXIA,infectious
S/P FALL;SUBARACHNOID HEMATOMA,trauma_injury
RECTAL MASS/SDA,oncology
AORTIC STENOSIS\AORTIC VALVE REPLACEMENT; ? CORONARY ARTERY BYPASS GRAFT,cardiovascular
ALCOHOL WITHDRAWAL-UPPER GASTROINTESTINAL BLEED,gastrointestinal
ACETAMINOPHEN  OVERDOSE,toxicology_poisoning
"BILIARY OBSTRUCTION, PNEMONIA, FEVER",infectious
S/P MI;POST INFARCT ANGINA\CARDIAC CATH,cardiovascular
UNSTABLE ANGINA;CHEST PAIN\CATH,cardiovascular
AORTIC ARCH ANEURYSM,cardiovascular
C SPINE FX,trauma_injury
SEPTIC SHOULDER,infectious
VENTRAL HERNIA,gastrointestinal
AORTIC VALVE DISORDER\RESECTION OF AORTIC MASS VS AORTIC VALVE REPLACMENT,cardiovascular
AORTIC STENOSIS\AORTIC AND MITRAL VALVE REPLACEMENT;  ? CORONARY ARTERY BYPASS GRAFT,cardiovascular
CONFUSION;WEAKNESS,neurological
LEFT CAROTID PSEUDOANEURYSM,cardiovascular
LIVER LACERATION;PNEUMOTHORAX,trauma_injury
ACUTE LYMPHOCYTIC LEUKEMIA;DECREASED PULMONARY FUNCTION TEST,hematologic
NON ST SEGMENT ELEVATION MYOCARDIAL INFARCTION,cardiovascular
ASCITES MALNUTRITION,gastrointestinal
S/P PEA ARREST,cardiovascular
CONGESTIVE HEART FAILURE;SEVERE MITRAL REGURGITATION;COPD\CATH,cardiovascular
CHEST DISCOMFORT,symptoms_unspecified
VENTRAL HERNIA / ABDOMINAL PANNUS/SDA,gastrointestinal
SACRAL FRACTURE,trauma_injury
VOMITING;DEHYDRATION,gastrointestinal
HYPOXIA;CONGESTIVE HEART FAILURE,cardiovascular
AORTIC STENOSIS\CORONARY ARTERY BYPASS GRAFT WITH AVR; ? MAZE /SDA,cardiovascular
PITUITARY MASS/SDA,endocrine_metabolic
OVARIAN MASS,oncology
MET CA,oncology
HL;R/O SEPSIS; MENTAL STATUS CHANGES,hematologic
S/P ABDOMAL SURGER,postoperative_surgical
STOMACH CA/SDA,oncology
SHORTNESS OF BREATH-HYPOTENSION,symptoms_unspecified
BRADYCARDIA;RENAL FAILURE;TELEMETRY,renal
"HEPATIC ENCEPHALOPATHY,LEG WEAKNESS",neurological
TRACHEOBRONCHO MALACIA/SDA,respiratory
HYPERCAPNIA,respiratory
ETOH WITHDRAWAL;GASTROINTESTINAL BLEED;TELEMETRY,psychiatric
PEDESTRIAN STRUCK BY CAR,trauma_injury
INCARCERATED VENTRAL HERNIA,gastrointestinal
"S/P FALL, SUBDURAL",trauma_injury
CHEST PAIN;RULE OUT CORONARY ARTERY DISEASE\LEFT HEART CATHETERIZATION,cardiovascular
ST ELEVATIONS,cardiovascular
RULE-OUT MYOCARDIAL INFARCTION;TELEMETRY; CATH,cardiovascular
HYPERTENSIVE URGENCY;ACUTE CORONARY SYNDROME,cardiovascular
ABDOMINAL PAIN;NAUSEA;VOMITING,symptoms_unspecified
CELLULITIS/SEPSIS,infectious
ASCENDING AORTIC ANEURYSM\BENTAL PROCEDURE /SDA,cardiovascular
BLEEDING GROIN ABSCESS,infectious
CORONARY DISEASE\CORONARY ARTERY BYPASS GRAFT /SDA,cardiovascular
CEREBRAL CONTUSION,trauma_injury
RENAL ARTERY STENOSIS,renal
ST ELEVATION MYOCARDIAL INFARCTION,cardiovascular
"PULMONARY EDEMA,DM",cardiovascular
BACK PAIN-ACUTE PAIN,musculoskeletal
FEMUR FRX,trauma_injury
"PNEUMONIA, RESPIRATORY FAILURE",respiratory
CEREBRAL CYST/SDA,neurological
HEPATIC FAILURE;RENAL FAILURE,hepatobiliary
"C-SPINE FRACTURE,FEMORAL FRACTURE",trauma_injury
FEVER;? ENDOCARDITIS,infectious
RENAL HEMATURIA,renal
"GASTROINTESTINAL BLEED,SPONTANEOUS BACTERIAL PERITONITIS",gastrointestinal
MASS,oncology
TRAUMA ;INTRACRANIAL HEMORRHAGE,trauma_injury
ETOH WITHDRAWAL;SUICIDAL IDEATION,psychiatric
SPLENOMEGALY/HYPERTENSION/SDA,hematologic
CONGESTIVE HEARTFAILURE,cardiovascular
ANAPHYLAKIS,other
LUMBAR SPINAL STENOSIS; SCOLIOSIS/SDA,musculoskeletal
ALLERGIC REACTION/LABILE HTN,other
AORTIC STENOSIS\AORTIC VALVE REPLACEMENT; POSSIBLE   CORONARY ARTERY BYPASS GRAFT; POSSIBLE ASCENDING AORTA REPLACEMENT; POSSIBLE DEEP HYPOTHERMIC CIRCOTORY ARREST/SDA,cardiovascular
SQUAMOUS CELL ESOPHAGEAL CANCER/SDA,oncology
LEFT TEMPORAL HEMATOMA,trauma_injury
CERVICAL SPONDYLOTIC MYELOPATHY; CERVICAL STENOSIS/SDA,neurological
RIGHT FRONTAL MENINGIOMA/SDA,neurological
CHRONIC OBST PULM DISEASE; BILAT PNEUMONIA,respiratory
RIGHT RENAL STONE/SDA,genitourinary
NSTEMI AND SAH,cardiovascular
"DVT, SZ. , RENAL FAILURE",hematologic
RT CEREBELLAR BLEED,trauma_injury
RECURRENT REFLUX & HIATAL HERNIA/SDA,gastrointestinal
ILIAC THROMBOSIS,hematologic
SUBDURAL HEMAOTOMA/SDA,trauma_injury
CORONARY ARTERY DISEASE\RIGHT CORONARY ARTERY ANGIOPLASTY;STENT PLACEMENT,cardiovascular
"GASTROINTESTINAL BLEED, S/P CARDIAC ARREST",gastrointestinal
NON ST SEGMENT MYOCARDIAL INFARCTION,cardiovascular
HYPONATREMIA WITH SEIZURE-ALTERED MENTAL STATUS,neurological
PULMONARY EDEMA; ANEMIA,cardiovascular
BILATERAL PNEUMONIA;PLEURAL EFFUSION;TONGUE MASS,respiratory
PHEOCHROMOCYTIOMA/SDA,endocrine_metabolic
MALIGNANT MELANOMA FACE,oncology
RIGHT ARM CELLULITIS,infectious
SEPSIS; S/P RENAL TX,infectious
SIGMOID MASS/SDA,oncology
"S/P FETAL DEMISE,BLEEDING",pregnancy_obstetric
HYPONATREMIA;DEHYDRATION,endocrine_metabolic
CLOSTRIDUM DIFFICILE COLITIS;FEVER,infectious
"FEVER,ETIOLOGY",symptoms_unspecified
ANEMIA/BLEEDING FROM SURG SITE,hematologic
"DYSPNEA,FEVER",symptoms_unspecified
ATRIAL SEPTAL DEFECT\REPAIR ATRIAL SEPTAL DEFECT;MINIMALLY INVASIVE,cardiovascular
"HYPOXIA, LEFT UPPER QUATDRANT TUMOR",oncology
METASTATIC COLON CANCER\INTERNALIZATION OF BILIARY DRAIN,oncology
TACHYBRADY SYNDROME\DUAL CHAMBER PACEMAKER IMPLANT/SDA,cardiovascular
RIGHT VENTRICULAR MASS\RIGHT VENTRICULAR MASS EXCISION,cardiovascular
CORONARY ARTERY DISEASE;CONGESTIVE HEART FAILURE\CATH,cardiovascular
LEFT TOTAL KNEE LOOSENING TIBIAL PLATE/SDA,musculoskeletal
ENDOCARDITIS;RECURRENT FEVER,infectious
OPEN CHEST WOUK\DEBRIDEMENT STERNUM WITH FLAP/SDA,postoperative_surgical
"TRACHEOBRONCHOMALACIA\BRONCHOSCOPY RIGID, MICRODEBRIDEMENT, CRYO-THERAPY, TRACHEAL CANNULA CHANGE",respiratory
ETOH WITHDRAWAL;FAILURE TO THRIVE,psychiatric
PACEMAKER INFECTION\PACEMAKER & LEAD EXTRACTION,infectious
INTESTINAL OBSTRUCTION;TELEMETRY,gastrointestinal
"HYPOXIA,ESOPHAGEAL CANCER",oncology
CORONARY ARTERY DISEASE\LEFT MAIN CORONARY ARTERY STENT PLACEMENT,cardiovascular
STROMAL CELL TUMOR/SDA,oncology
CARDIAC ARREST;COLON CA,cardiovascular
SEVERE AORTIC STENOSIS;S/P CABG\CATH,cardiovascular
R/O PANCREATITIS-SPONTANEOUS BACTERIAL PERITONITIS,infectious
LUMBAR SPINE COMPRESSION,musculoskeletal
CLOSURE OF OPENED WOUND/SDA,postoperative_surgical
PNEUOSEPSIS;HEART FAILURE,infectious
STEM I\CARDIAC CATH,cardiovascular
SEPTIC SHOCK;CELLULITIS,infectious
URETERAL STRICTURE/SDA,genitourinary
RENAL CELL CA; RESPIRATORY FAILURE,oncology
METASTATIC BREAST CANCER;MALIGNANT PLEURAL EFFUSION,oncology
CROHNS DISEASE;COLITIS;ABDOMINAL PAIN,gastrointestinal
NECK PAIN;METS TO C-SPINE,oncology
UPPER GI BLED,gastrointestinal
OVERDOSE-S/P FALL,toxicology_poisoning
ALTERED MENTAL STATUS;ALCOHOL INTOXICATION'INTUBATE,psychiatric
ACUTE MYOCARDIAL INFARCTION\CATH LAB,cardiovascular
CHEST PAIN/POSITIVE EXERCISE TOLERANCE TEST\CATH,cardiovascular
CANCER OF THYROID/SDA,oncology
CONGESTIVE HEART FAILURE\MITRAL VALVULOPLASTY,cardiovascular
"FEVER,SHAKING CHILLS OF UNKNOWN ETIOLOGY",infectious
MR\ MITRAL VALVE PLACEMENT HEART PORT MINIMALLY INVASIVE/SDA,cardiovascular
THORACIC ANEURYSM\DISTAL ARCH; DECENDING THORACIC VIA LEFT AORTIC REPLACEMENT; CIRC ARREST VIA LEFT THORACTOMY/SDA,cardiovascular
STE MYOCARDIAL INFARCTIN,cardiovascular
ANEMIA;MDS,hematologic
NOM HODGKIN'S LYMPHOMA\BONE MARROW TRANSPLANT,oncology
RIGHT LEG WEAKNESS;DEMENTIA,neurological
LEAKING TRIPLE A,cardiovascular
"METASTATIC LUNG CANCER, DIARRHEA, NEUTRUPENIA",oncology
RT SUBDURAL BLEED,neurological
AORTIC STENOSIS\REDO AORTIC VALVE / ASCENDING AORTA REPLACEMENT,cardiovascular
ANGIO ADEMIA,hematologic
INTRAVENTRICULAR  HEMORRHAGE,neurological
R/O HEMORRHAGIC STROKE,neurological
CHEST,symptoms_unspecified
ANEMIA;HYPERCALCEMIA,hematologic
"ILEUS,ABDOMINAL PAIN",gastrointestinal
PULMONARY EDEMA\CARDIAC CATHETERIZATION,cardiovascular
AFIB/RVR;?CHOLANGITIS,cardiovascular
R/O MI CHEST PAIN,cardiovascular
BASILAR STROKE,neurological
DKA PNEUMONIA SEPSIS,endocrine_metabolic
"FEVER,ETIOLOGY UNKNOWN;SEPSIS",infectious
ASTHMA;COPDEXACERBATION,respiratory
PIC LINE PLACEMENT,postoperative_surgical
"OSTEOARTHRITS, BILATERAL KNEES/SDA",musculoskeletal
S/P V - FIB ARREST/ CATH,cardiovascular
AFIB/AFLUTTER,cardiovascular
END STAGE RENAL DISEASE;STRIAL FIBRILLATION;HYPOTENSION;HEMATURIA;CORONARY ARTERY DISEASE,renal
FAILED FUSION RIGHT HIP/SDA,musculoskeletal
LEUKEMIA;SEPSIS,hematologic
CORONARY ARTERY DISEASE\BENTAL PROCEDURE; CORONARY ARTERY BYPASS GRAFT /SDA,cardiovascular
NEAR SYNCOPE;GASTROINTESTINAL BLEED,gastrointestinal
EPIGASTRIC DISCOMFORT/ RULE OUT MYOCARDIAL INFACTION,cardiovascular
CORONARY ARTERY DISEASE\CORONARY ARTERY BYPASS GRAFT WITH AVR  ? MITRAL VALVE REPLACEMENT /SDA,cardiovascular
ABDOMINAL AORTIC ANEURYSM /SDA,cardiovascular
AORTIC STENOSIS\AORTIC VALVE REPLACEMENT  /SDA,cardiovascular
CANCER LEFT LOWER LOBE/SDA,oncology
ST ELEVATED MYOCARDIAL INFARCTION;STATUS POST CARDIAC ARREST\CARDIAC CATH,cardiovascular
CARDIOMYOPATHY;ABNORMAL STRESS TEST\CATH,cardiovascular
MELANOMA WITH BRAIN METS,oncology
WEAKNESS;HYPOTENTION,symptoms_unspecified
SYMPTOMATIC ABDOMINAL AORTIC ANEURYSM,cardiovascular
HIP FRACTURE;EKG CHANGES,trauma_injury
HYPONATREMIA;INFECTION;PNEUMONIA,infectious
INTRA-VENTRICULAR BLEED,neurological
"C5-C6 FRACTURE,S/P MVA",trauma_injury
SHOULDER DISLOCATION,trauma_injury
DYSPNEA; EDEMA LOWER EXTREMITY,cardiovascular
URINARY TRACT INFECTION;GASTROINTESTINAL BLEED,genitourinary
MITRAL VALVE INSUFFIENCY\MINIMALLY INVASIVE MITRAL VALVE REPLACEMENT/SDA,cardiovascular
ABD PAIN; CBD; DILATED DUCT\ERCP,hepatobiliary
NAUSEA W\VOMITING;MYALGIAS,symptoms_unspecified
RESPIRATORY FAILURE-ALS,neurological
"ASD\REPAIR ATRIAL SEPTAL DEFECT, MINIMALLY INVASIVE /SDA",cardiovascular
"FALL, ANKLE FX",trauma_injury
ESOPHAGEAL VARILES BLEEDING,gastrointestinal
BIPOLAR PHEUMONIA,infectious
S/P DEBRIDEMENT OF NECK FASCIA,postoperative_surgical
OXYCONTIN OVERDOSE,toxicology_poisoning
HYPOTENSION;RESPIRATORY DISTRESS,respiratory
POSTERIOR INFERIOR CEREBELLAR ARTERY ANEURYSM/SDA,neurological
GUILLAN BARRE,neurological
NECROTISING PNEUMONIA,infectious
SEVERE AIRWAY OBSTRUCTION,respiratory
AORTIC STENOSIS\CORONARY ARTERY BYPASS GRAFT WITH AVR;  ? MITRAL VALVE REPLACEMENT; ? TVR REPAIR,cardiovascular
"CAD,ASPIRIN ALLERGY\CATH",cardiovascular
GASTROINTESTINAL BLEED;CHEST PAIN;TELEMETRY;SHORTNESS OF BREATH,gastrointestinal
FZ2NMS\CORONARY ARTERY BYPASS GRAFT,cardiovascular
SUPERIOR VENA CAVA SYNDROME,cardiovascular
CHEST PAIN; R/O MI,cardiovascular
CHEST PAIN/MI,cardiovascular
SEPSIS;RESPIRATORY FAILURE,infectious
HEPATIC ENCEPHALOPATHY;LIVER TRANSPLANT,hepatobiliary
T10 MASS,oncology
VOCAL CORD LESION,other
INTERCRANIAL HEMORRHAGE;TELEMETRY,neurological
BILFRONTAL TLANUM SPHENOIDEL MENEGIOMA/SDA,oncology
MR\MITRAL VALVE REPLACEMENT; MINIMALLY INVASIVE/SDA,cardiovascular
LOWER GI BLEEN,gastrointestinal
"HIP FRACTURE,CELLULITIS",trauma_injury
MULTIPLE TRAUMA; S/P MOTORCYLE ACCIDENT,trauma_injury
CONGESTIVE HEART FAILURE;CELLULITIS,cardiovascular
"CHF,HYPOTENSION",cardiovascular
BILATERAL PULMONARY EMBOLUS,cardiovascular
WITHDRAWL,psychiatric
RULE-OUT MYOCARDIAL INFARCTION;TELEMETRY; CP,cardiovascular
INFECTED FEMORAL CATHETER,infectious
"MR\MITRAL VALVE REPLACEMENT; HEART PORT, MINIMALLY INVASIVE/SDA",cardiovascular
CORONARY ARTERY DISEASE\COMPLETE HEART CATH,cardiovascular
RECURRENT INTRA-ABDOMINAL SARCOMA/SDA,oncology
SUPERIOR MESENTERIC VEIN THROMBOSIS,cardiovascular
KIDNEY ABSCESS,infectious
HYPOTENSION;ALTERED MENTAL STATUS,other
NECROTIZING FASCEITIS,infectious
UPPER GATROINTESTINAL BLEEDING,gastrointestinal
METASTATIC BREAST CANCER TO BRAIN,oncology
RIGHT BRAIN STEM LESION/SDA,neurological
GI BLEED;RENAL FAILURE,gastrointestinal
HYPOENSIA;SEPSIS,infectious
GASTROINTESTINAL BLEED;ALTERED MENTAL STATUS,gastrointestinal
ISCHEMIC STROKE,neurological
SIGMOID PERFORATION,gastrointestinal
ACETAMINOPHEN TOXICITY,toxicology_poisoning
CYCLIST STRUCK,trauma_injury
DEGLOVING LEG INJURY,trauma_injury
AORTIC INSUFFICIENCY\AORTIC VALVE / ASCENDING AORTA REPLACEMENT /SDA,cardiovascular
PNEUMONIA;VANCOMYCIN RESISTANT ENTEROCOCCUS;RULE OUT TUBERCULOSIS,infectious
ACUTE MYOCARDIAL INFARCTION;TELEMETRY\ANGIOPLASTY,cardiovascular
DYSPHAGIA\EUS,gastrointestinal
CEREBELLAR LESIONS,neurological
RECTAL CANCER,oncology
PERIORBITAL CELLULITIS,infectious
BICYCLE ACCIDENT,trauma_injury
"COPD FLARE,PNEUMONIA",respiratory
ASPIRATION PNA,respiratory
CHF\AORTIC VALVE REPLACEMENT/SDA,cardiovascular
FEVER;RASH,infectious
HEPATIC OBSTRUCTION/SDA,hepatobiliary
UNSTABLE ANGINA;TELEMETRY\CATH;STENT PLACEMENT,cardiovascular
PERICARDITIS\PERICARDECTOMY/SDA,cardiovascular
"DYSPNEA, CAD\CATH",cardiovascular
FEVER; N/V,symptoms_unspecified
RAPID AFIB; CHF,cardiovascular
S/P RESPIRATORY/CARDIAC ARREST,cardiovascular
ACUTE MYELOGENOUS LEUKEMIA;SHORTNESS OF BREATH,hematologic
ZYGOMATIC FRACTURE LEFT,trauma_injury
HART MASS\EXCISION OF MYXOMA/SDA,cardiovascular
INFECTED AORTIC ENDO GRAFT,cardiovascular
CEREBRAL VASCULAR ACCIDENT;HYPERCARBIA,neurological
SPINAL STENOSIS L4-L5/SDA,neurological
INTRACRANIAL HEMORRHAGE;OPEN FX,neurological
CORONARY ARTERY DISEASE;ANGINA\LEFT HEART CATHETERIZATION,cardiovascular
FALL FROM A HORSE,trauma_injury
PNEUMONIA/URINARY TRACT INFECTION,infectious
LEFT RENAL TUMOR;LEFT RENAL ARTERY STENOSIS,renal
ANTERIOR COMMUNICATING ARTERY ANEURYSM/SDA,neurological
LIVER FAILURE HYPOGLYCEMIA,hepatobiliary
OPEN RADIAL FRACTURE,trauma_injury
RIGHT RENAL CELL CANCER W/VENA CAVA THROMBUS/SDA,oncology
LEFT FOOT PAIN,musculoskeletal
CONGESTIVE HEART FAILURE;TELEMETRY\BIVENTRICULAR LEAD PLACEMENT VIA LEFT THORACOTOMY /SDA,cardiovascular
SMALL BOWEL OBTRUCTION,gastrointestinal
AV FISTULA INFECTION,infectious
RENAL COLIC,genitourinary
CORONARY ARTERY DISEASE;PVD\CATH;AARUNOFFS,cardiovascular
R/O AIRWAY OBSTRUCTION,respiratory
CORONARY ARTERY DISEASE\CORONARY ARTERY BYPASS GRAFT WITH ATRIAL VALVE REPLACEMENT,cardiovascular
S/P ARREST;CERVICAL FX,trauma_injury
"S/P C SECTION,D.I.C.",pregnancy_obstetric
HEPATITIS C;CIRRHOSIS;RENAL FAILURE,hepatobiliary
CRESCENDO ANGINA\CARDIAC CATH,cardiovascular
LEFT ANKLE FRACTURE/SDA,trauma_injury
HYPERGLYCEMIA AND UPPER GI BLEED,endocrine_metabolic
BRAIN;CHEST AND LIVER MASS,oncology
GSW L. CHEST  WALL & ABDOMEN,trauma_injury
CAROTID STENOSIS\CAROTID ANGIO,cardiovascular
POLYSUBSTANCE ABOUSE;SEIZURE,psychiatric
HYPERTROPHIC CARDIO MYOPATHY\CATH WITH ETHANOL SEPTAL ABLATION/SDA,cardiovascular
HYPOTENSION-HEPATIC FAILURE,hepatobiliary
PULMONARY FIBROSIS;OBSTRUCTIVE JAUNDICE,respiratory
POSTOP BLEED,postoperative_surgical
SEIZURES;SUBARACHNOID HEMORRHAGE,neurological
RIGHT UPPER EXTREMITY DEEP VEIN THROMBOSIS,hematologic
"MYOCARDIAL INFARCTION,ACUTE RENAL DISEASE",cardiovascular
HEPATOMA\CHEMOEMBOLIZATION,oncology
CORONARY ARTERY DISEASE\COROANRY ARTERY BYPASS GRAFT WITH MITRAL VALVE REGURGITATION,cardiovascular
LEFT TALUS FRACTURE,trauma_injury
RIGHT COLON POLYP/SDA,gastrointestinal
A.FIB,cardiovascular
FISTULA /SDA,gastrointestinal
"GI BLEED, HYPOTENSION,ANEMIA",gastrointestinal
GASTROINTESTINAL BLEED-RLL PNEUMONIA-R/O MI,gastrointestinal
CORONARY ARTERY DISEASE\LEFT EART CATHETERIZATION,cardiovascular
STERNAL MASS,oncology
RADIUS AND ULNA FRACTURES;OSTEOPENIA;POST OPERATIVE BLEEDING,trauma_injury
FAILURE TO THRIVE;EKG CHANGES,cardiovascular
RENAL FAILURE-KIDNEY TRANSPLANT,renal
ETOH CIRRHOSIS; VARICEAL BLEED,hepatobiliary
"AML,PNEUMONIA,HYPOTENSION,THROMBOCYTOPENIA,ANEMIA",hematologic
EXPOSED TRANSPLANT,infectious
GASTRIC STUMP CANCER/SDA,oncology
HYPONATREMIA-ASCITES,endocrine_metabolic
AORTIC REGURGITATION;A-FIB\L HEART CATH;ATHENOL ABLATION,cardiovascular
"HYPERCARBIC RESPIRATORY FAILURE,MENTAL STATUS CHANGES",respiratory
CHEST PAIN;TELEMETRY;GI BLEED,gastrointestinal
CHRONIC MYELOGENOUS LEUKEMIA\BONE MARROW TRANSPLANT,hematologic
MENORRAGIA/UTERINE PROLAPSE/SDA,pregnancy_obstetric
EMPHYSEMA,respiratory
HYPERGLYCEMIC COMA,endocrine_metabolic
AORTIC RUPTURE,cardiovascular
GARDNERS SYNDROME,other
CHRONIC BILATERAL PLEURAL EFFUSION/SDA,respiratory
ANEYROSYM,cardiovascular
ALTERED MENTAL STATUS-NARCOTIC OD-HYPOTENSION-HYPERGLYCENIA,toxicology_poisoning
FASCIAL DEHISCENCE,postoperative_surgical
CORONARY ARTERY DISEASE\MITRAL VALVE REPLACEMENT /SDA,cardiovascular
V-FIB ARREST\CATH,cardiovascular
PELVIC FRACTURE;S/P FALL,trauma_injury
CORONARY ARTERY DISEASE\MINIMALLY ENDOSCOPIC CORONARY ARTERY BYPASS GRAFT /SDA,cardiovascular
ATRIAL CIRCULATION\THORACOSCOPIC MAZE PROCEDURE LEFT; RESECT LEFT ATRIAL APPENDAGE; BILATERAL MINI THORACOTAMIE/SDA,cardiovascular
GANGENE RIGHT LEG,trauma_injury
UTI;ALTERED MENTAL STATUS,genitourinary
SEISURE,neurological
RT CEREBELLAR INFARCTION,neurological
BILATERAL OVARIAN CYST,pregnancy_obstetric
"SHORTNESS OF BREATH,CHEST PAIN",cardiovascular
"CORONARY ARTERY DISEASE\CORONARY ARTERY BYPASS GRAFT WITH MITRAL VALVE REPAIR, ? MITRAL VALVE REPLACEMENT;",cardiovascular
FALL; ? OD,trauma_injury
S/P SPHINCTEROTOMY,postoperative_surgical
ACUTE LYMPHOCYTIC LEUKEMIA;FEBRILE NEUTROPENIA,hematologic
RUPTURED DIVERTICULUM,gastrointestinal
PULMONARY EMBOLUS;RENAL FAILURE,cardiovascular
CORONARY ARTERY DISEASE-CONGESTIVE HEART FAILURE,cardiovascular
SHORTNESS OF BREATH-ASCITES,respiratory
"CHF,ACUTE RENAL FAILURE",cardiovascular
HYPOGLYCEMIA-HYPOTHERMIA,endocrine_metabolic
SUBARACHINOID HEMORRHAGE,neurological
RIGHT LUNG ABSCESS,infectious
LEAD MALFUNCTION\LEAD EXTRACTION/SDA,cardiovascular
HEPATOMA;IV ANTIBIOTICS;PAIN CONTROL\CHEMO EMBOLIZATION,oncology
CEREBRAL VASCULITIS;ILIO-VESICULAR FISTULA,neurological
LOW HCT,hematologic
ASPIRATION; DYSPHASIA,respiratory
M.I.,cardiovascular
LEFT TENTORIAL LESION & MENINGIOMA/SDA,neurological
S/P D&C;ABDOMINAL HYSTERECTOMY,pregnancy_obstetric
FEVER;HYPOTENSION;TACCHYCARDIA,symptoms_unspecified
LEFT LUNG EFFUSION,respiratory
CONGESTIVE HEART FAILURE;? SEPSIS,cardiovascular
HYPOTHERMIA;?SEPSIS,symptoms_unspecified
PNA;TELEMETRY,infectious
UNREPONSSIVE,symptoms_unspecified
PERITONEAL SEPSIS,infectious
TRAUMATIC SUBARACHNOID HEMORRHAGE-RT HIP FRACTURE,trauma_injury
SEVERE MR\MITRAL VALVE REPLACEMENT,cardiovascular
MITRAL REGURGITATION\RIGHT AND LEFT CARDIAC CATHETERIZATION,cardiovascular
THORACIC AORTIC ANEURYSM; AORTIC VALVE REPLACEMENT REDO\AORTIC VALVE REPLACEMENT REDO,cardiovascular
HYPOTENSION-FEVER,symptoms_unspecified
SUPRAGLOTTIC EDEMA,respiratory
PREMATURITY/S/P SURGERY,pregnancy_obstetric
MR\MITRAL VALVE REPLACEMENT; ? CORONARY ARTERY BYPASS GRAFT,cardiovascular
CEREBELLOPONTINE ANGLE TUMOR/SDA,neurological
CORONARY ARTERY DISEASE\PATENT FORAMEN OVALE /SDA,cardiovascular
RIGHT SIDED EVACUATION OF SUBDRUAL HEMATOMA,trauma_injury
LUNG CANCER;RESPIRATORY FAILURE,oncology
COLITIS;CONSTIPATION,gastrointestinal
INFECTED R LEG;IV ANTIBIOTICS,infectious
CELLULTIIS,infectious
SEVERE MR RENAL FAILURE\ MITRAL VALVE REPLACEMENT REDO; TVR RIGHT CHEST BEATING HEART/SDA,cardiovascular
ESOPHAG CANCER/SDA,oncology
RECURRENT CHEST PAIN\CATH,cardiovascular
LYMPHOMA;HIP FRACTURE,oncology
C-SPINE FX/ PARALYSIS S/P FALL,trauma_injury
AORTIC VALVE MALFUNCTIONING,cardiovascular
MITRAL VALVE DISORDER\MITRAL VALVE REPAIR VS REPLACEMENT ? CORONARY ARTERY BYPASS GRAFT,cardiovascular
VERTEBRAL ARTEY DISSECTION,neurological
URINARY TRACT INFECTION;PYELONE,genitourinary
RECURRENT GASTRIC CANCER/SDA,oncology
PLEURAL EFFUSION;PNEUMONIA,infectious
LUNG TUMOR RIGHT/SDA,oncology
PANCREATITIS;GASTROINTESTINAL BLEED,gastrointestinal
CENTRAL AIRWAY OBSTRUCTION;LUNG CANCER\BRONCHOSCOPY RIGID,oncology
DETOX,toxicology_poisoning
C4-5 SPINAL STENOSIS,musculoskeletal
MCA STOKE S/P THROMBOLYSIS,neurological
CORONARY ARTERY DISEASE;EXERTIONAL ANGINA;+ETT\CATH,cardiovascular
BRAIN MASS /SDA,neurological
"CONGESTIVE HEART FAILURE,REPIRATORY FAILURE",cardiovascular
FLORID DT'S,psychiatric
DYSPNEA;DYSPHAGIA,symptoms_unspecified
MYOCARDIAL INFARCTION\CARDIAC CATHERIZATION,cardiovascular
HYPEREMESIS,pregnancy_obstetric
LIVE AND KIDNEY FAILURE,renal
LEFT PERIRENAL MASS/SDA,genitourinary
HEMORRHAGE STROKE,neurological
OPEN ABDOMEN,postoperative_surgical
DESENDING AORTIC ANEURYSM,cardiovascular
SUBDURAL HEMATOMA;HIP HEMATOMA,trauma_injury
APLASTIC ANEMIA,hematologic
CHEST PAIN\L HEART CATH,cardiovascular
MEDIASTINAL HEMATOMA,trauma_injury
LEAD MALFUNCTION\ICD LEAD EXTRACTION/SDA,cardiovascular
CORONARY ARTERY DISEASE;EXERTIONAL ANGINA\LEFT HEART CATHETERIZATION,cardiovascular
PULMONAY EMBOLISM,cardiovascular
ANGINA;DYSPNEA ON EXERTION; POSITIVE STRESS TEST\LEFT HEART CATHETERIZATION,cardiovascular
"S/P KIDNEY TRANSPLANT, ELEVATED CREOTINE",renal
GASTRO INTESTINAL BLEEDING,gastrointestinal
HAND TRAUMA,trauma_injury
"HYPAGLYCEMIA, FOOT ULCER",endocrine_metabolic
CHF CELLULITIS,cardiovascular
ATRIAL SEPTAL DEFECT\REPAIR ATRIAL SEPTAL DEFECT LIMITED ACCESS /SDA,cardiovascular
"PSEUDOARTHROSIS, C5-C6/SDA",musculoskeletal
RIGHT KNEE AO/SDA,musculoskeletal
DYSPNEA;EFFUSIION PULMONARY EMBOLUS,cardiovascular
DISC HERNIATION/SDA,musculoskeletal
LONGITUDINAL EFFICIENT RADIUS/SDA,musculoskeletal
HYPERTROPHIC CARDIOMYOPATHY,cardiovascular
SYNCOPE-HYPONATREMIA,neurological
CORONARY ARTERY DISEASE\REDO CORONARY ARTERY BYPASS GRAFT WITH MVR /SDA,cardiovascular
CHEST PAIN;RENAL INSUFFICIENCY;ELEVATED CREATININE\CARDIAC CATH,cardiovascular
ETOH LIVER FAILURE;RENAL FAILURE,renal
PLEURISY,respiratory
NON Q WAVE MYOCARDIAL INFARCTION;CORONARY ARTERY DISEASE\CATH,cardiovascular
HYPOTENSION;SMALL BOWEL OBSTRUCTION,gastrointestinal
COLONIC INERTIA,gastrointestinal
AORTIC DISSECTIION,cardiovascular
AORTIC VALVE INSUFFICIENCY\AORTIC VALVE REPLACEMENT,cardiovascular
SAH S/P FALL,neurological
?FREE AIR,gastrointestinal
CIRRHOSIS WITH ASCITES\TIPS /SDA,hepatobiliary
CHEST PAIN;SHORTNESS OF BREATH;ABNORMAL STRESS TEST\CARDIAC CATH,cardiovascular
ACUTE DISSEMINATED ENCEPHALOMYELITIS,neurological
ASTHMA;COPD EXACERBATIOM,respiratory
LUNG MASS;TACHYPNEA,oncology
AORTIC STENOSIS;CONGESTIVE HEART FAILURE;MYOCARDIAL INFARCTION,cardiovascular
CORONARY ARTERY DISEASE\CORONARY ARTERY BYPASS GRAFT; ? MAZE,cardiovascular
NECROTIC CALVARIAL BONE FLAP AND CHRONIC SCALP WOUND/SDA,trauma_injury
PEDESTRAIN STRUCK,trauma_injury
CORONARY ARTERY DISEASE\CORONARY ARTERY BYPASS GRAFTREDO /SDA,cardiovascular
AORTIC STENOSIS;CONGESTIVE HEART FAILURE;SHORTNESS OF BREATH;DYSPNEA ON EXERTION\CATH,cardiovascular
"FEVER,ABDOMIAL PAIN",symptoms_unspecified
CORONARY ARTERY DISEASE\MITRAL VALVE REPLACEMENT; REDO STERNOTOMY /SDA,cardiovascular
BLEEDING FROM NEPHRECTONY SITE,postoperative_surgical
RESPIRATORY FAILURE;CHRONIC OBSTRUCTIVE PULMONARY EMPHYSEMA,respiratory
GASTRIC ULCER;BLEED,gastrointestinal
CORONARY ARTERY DISEASE;?SARCOIDOSIS\CORONARY ARTERY BYPASS GRAFT;LYMPH NODE BIOPSY; (? LOCATION-P.M. WILL CB)/SDA,cardiovascular
SEPSIS-FEVER,infectious
"FOUND DOWN, S/P FALL",trauma_injury
EXCESS ETOH INTAKE;VOMITING,toxicology_poisoning
AC PANCREATITIS,gastrointestinal
"CORONARY ARTERY DISEASE\AORTIC AND MITRAL VALVE REPLACEMENT, ? CORONARY ARTERY BYPASS GRAFT  /SDA",cardiovascular
SEPSIS WITH DIC,infectious
DYSPNEA;LETHARGY,symptoms_unspecified
MYOCARDIAL INFARCTION;HEART FAILURE,cardiovascular
"MI,CHF",cardiovascular
CONGENITAL HEART DEFECT\AORTIC VALVE REPLACEMENT,cardiovascular
CHRONIC NEURONAL DYSPLASIA BOWEL,neurological
COMPLICATED DIVERTICULITIS/SDA,gastrointestinal
VOMITING;CONGESTIVE HEART FAILURE;COUGH,cardiovascular
CONGESTIVE HEART FAILURE;COPD EXACERBATION,cardiovascular
ENDOMETRIAL HYPOPLASIA/SDA,pregnancy_obstetric
AORTIC REGURGITATION\AORTIC VALVE REPLACEMENT; BENTAL PROCEDURE /SDA,cardiovascular
LEFT BKA ISCHEMIA,cardiovascular
CA THYROID/SDA,oncology
PONTINE HEMORRHAGE,neurological
"HEMOTHORAX, ANEMIA",trauma_injury
GASTRIC PERFORATION,gastrointestinal
UIT;PNEUMONIA,infectious
SMALL BOWEL MASS/SDA,oncology
"RESPIRATORY FAILURE,TRACHEAL STENOSIS,EMPYEMA",respiratory
"OPEN WOUND,RIGHT FOOT",trauma_injury
"UNRESPONSIVE, R/O CVA",neurological
CORONARY ARTERY DISEASE\CAROTID INTERVENTION;STENT PLACEMENT,cardiovascular
MITRAL VALVE DISORDER\MITRAL VALVE REPLACEMENT; TVR/SDA,cardiovascular
"AORTIC STENOSIS\AORTIC VALVE REPLACEMENT, STERNOTOMY",cardiovascular
ATRIAL FIBRILLATION\PVI Generator **REMOTE WEST**/SDA,cardiovascular
LOWER GASTRO INTESTINAL BLEED,gastrointestinal
S/P NON Q WAVE MI\LEFT HEART CATHETERIZATION,cardiovascular
CORONARY ARTERY DISEASE;AORTIC STENOSIS\CARDIAC CATH,cardiovascular
S/P LIVER TX N;V;D,postoperative_surgical
RIGHT MIDDLE CEREBRAL ARTERY ANEURYSM/SDA,neurological
LEFT ANTERIOR DESCENDING ARTERY PERFERATION,cardiovascular
LOWER GI BLEEDING,gastrointestinal
THORACO-ABDOMINAL AORTIC ANEURYSM/SDA,cardiovascular
"17 WEEKS IUFD, SEPTIC AB",pregnancy_obstetric
MENINGITIS RHABDOMYOLYSIS,infectious
TRACHEAL MALACIA-RESPIRATORY FAILURE,respiratory
COMPARTMENT SYNDROME OF THE ABDOMEN;INCARCERATED PARASTOMAL HERNIA,gastrointestinal
ATRIAL SEPTAL DEFECT; MR\MITRAL VALVE REPLACEMENT MINIMALLY INVASIVE APPROACH; HEARTPORT; REPAIR ATRIAL SEPTAL DEFECT LIMITED ACCESS/SDA,cardiovascular
S/P ERCP,postoperative_surgical
S/P ANTERIOR MI,cardiovascular
MIGRAINE HEADACHE,neurological
HEAD OF PANCREAS CANCER,oncology
SEVERE RIGHT SUPERFICIAL FEMORAL ARTERY STENOSIS\RIGHT LOWER EXTREMITY ANGIOGRAM,cardiovascular
TACHYCARDIA;HYPERGLYCEMIA;ACUTE RENAL FAILURE,renal
HYPOTENSION; JAUNDICE,hepatobiliary
R/O EPIDURAL ABSCESS,neurological
STATUS POST CABG\SAPHENOUS VEIN GRAFT - RIGHT CORONARY ARTERY PSEUDOANEURYSM/SDA,postoperative_surgical
SMALL CELL LUNG CANCER;SHORTNESS OF BREATH,oncology
MITRAL INSUFFICIENCY\MITRAL VALVE REPAIR VS REPLACEMENT /SDA,cardiovascular
TRACHEAL STENOSIS,respiratory
ISCHEMIC FOOT;ELEVATED CREATININE,renal
RIGHT TEMPORAL MASS,neurological
CHEST PAIN;S/P SEIZURE\CATH,neurological
S/P 25 FT FALL,trauma_injury
FEVER;FAILURE TO THRIVE,infectious
BARRET'S ESOPHAGUS/SDA,gastrointestinal
"FAILURE TO THRIVE,R/O MI",cardiovascular
CONSTIPATION;HYPONATREMIA,endocrine_metabolic
CHEST PAIN/HYPOTENSION,cardiovascular
MENTAL STATUS CHANGES-HYPOXIA,neurological
HYDROCEPHALOUS,neurological
S/P G-TUBE PLACEMENT,postoperative_surgical
HYPOTENSION AND ARF,renal
S/P ASSAULT-CEREBRAL CONTUSION,trauma_injury
"S/P R. LOBECTOMY,FEVER OF UNKNOWN ORIGIN",postoperative_surgical
URINARY TRACT INFECTION;BRADYCARDIA;ALTERED MENTAL STATUS,infectious
UNRESPONSIVE;MENTAL STATUS CHANGES,neurological
RENAL INSUFFICIENCY,renal
INVADING LUNG CA,oncology
CARDIOMYOPATHY;CONGESTIVE HEART FAILURE,cardiovascular
DELIRIUM;TREMORS,neurological
CONGESTIVE HEART FAILURE\BIVENTRICULAR LEAD PLACEMENT VIA LEFT THORACOTOMY /SDA,postoperative_surgical
ALLERGY,other
HYPONATREMIA;COPD FLARE,respiratory
HEART FAILURE;MITRAL REGURGITATION;TRICUSPID REGURGITATION,cardiovascular
SEPSIS;PNEUMONIA;URINE,infectious
WEAKNESS/BRAIN BIOPSY,neurological
AORTIC STENOSIS\AORTIC VALVE REPLACEMENT  ? CORONARY ARTERY BYPASS GRAFT WITH MVR /SDA,postoperative_surgical
RLE CELLULITIS,infectious
DYSPNEA;HEMOPTYSIS,respiratory
MALIGNANT NEOPLASM COLON/SDA,oncology
ST ELEVATION\CORONARY ANGIOGRAM,cardiovascular
S/P GASTRIC BYPASS;?GASTRIC PERFORATION,postoperative_surgical
"ETOH WITHDRAWAL, ARF, RHABDOMYOLYSIS",toxicology_poisoning
TRAUMA;CSPINE FRACTURE,trauma_injury
GASTROINTESTINAL BLEED;HYPOXIA,gastrointestinal
ABDOMINAL PAIN;AORTIC DISSECTION;TELEMETRY,cardiovascular
AORTIC STENOSIS\T,cardiovascular
CORONARY ARTERY DISEASE\CORONARY ARTERY BYPASS GRAFT W/ CRYOMAZE; ? MITRAL VALVE REPLACEMENT /SDA,cardiovascular
HEADCAHE,neurological
"AORTIC STENOSIS\AORTIC AND MITRAL VALVE REPLACEMENT REDO, ? CORONARY ARTERY BYPASS GRAFT",cardiovascular
RIGHT CHEST PAIN,symptoms_unspecified
ENDOCARDITIS:LIVER MASS,infectious
CHRONIC RENAL FAILURE;LIVER FAILURE,renal
HYPOTENSION-ANEMIA,hematologic
ATRIAL FIBRILLATION;TELEMETRY;URINARY TRACT INFECTION,cardiovascular
RIB FRACTURES-SPLEEN LACERATION,trauma_injury
LF SIDE RIB FRACTURE; S/P FALL.,trauma_injury
NAUSEA; VOMITING; ABD PAIN,gastrointestinal
SPLENIC LACERATION;SEIZURE;TONGUE LACERATION,trauma_injury
MITRAL VALVE REGURGITATION,cardiovascular
LEFT FRONTAL MASS,oncology
HYPOVOLEMIA-HEMOTHORAX,trauma_injury
"PERIPHERAL VASCULAR DISEASE, CAROTID STENOSIS, TIA",cardiovascular
"CARDIAC ARREST, IPH",cardiovascular
CAD\BENTALL PROCEDURE; PROXIMAL ARCH/SDA,cardiovascular
CARDIAC ARREST\CATH,cardiovascular
MENTAL STATUS CHANGES;?NORO VIRUS,infectious
PARIETAL BLEED,neurological
TRACHEOBROCHOMALACIA'/SDA,respiratory
LEFT RECURRENT PARIETAL TUMOR/SDA,oncology
ATTEMPTED HANGING,trauma_injury
"MORBID OBESITY, GALLSTONES/SDA",gastrointestinal
R/O PE,respiratory
HYPOXIA AND CONSOLIDATION OF THE LEFT LOWER LOBE,respiratory
DYPSNEA/EKG CHANGES,cardiovascular
T6 METASTISIS/SDA,oncology
CELIAC DISEASE;GASTROENTERITIS,gastrointestinal
SUBGLOTTIC STENOSIS;ESOPHAGEAL MASS\LARYNGOSCOPY,oncology
RRA STENOSIS,renal
AORTICDISECTION,cardiovascular
SHORTNESS OF BREATH;RENAL FAILURE,renal
HEPATITIS;CIRRHOSIS /SDA,hepatobiliary
THORACIC ANEURYSM WITHOUT RUPTURE\DESCENDING LEFT THORACIC AORTIC REPLACEMENT VIA LEFT THORACOTOMY /SDA,cardiovascular
BRADYCARDIA;PNEUMONIA,respiratory
C1 FRACTURE/ANKLE FRACTURE/S/P MVC,trauma_injury
SHORTNESS OF BREATH;PULMONARY EDEMA,cardiovascular
COMPLETE HEART BLOCK;MALFUNCTIONING PACEMAKER,cardiovascular
CONGESTIVE HEART FAILURE;CHRONIC OBST PULM DISEASE;TELEMETRY,cardiovascular
TRAUMATIC AMP LEFT FOOT,trauma_injury
AMC,other
AORTIC STEONSIS\AORTIC VALVE REPLACEMENT /SDA,cardiovascular
N. STEMI,cardiovascular
RESPIRATORY ALKALOSIS,respiratory
ST-SEGMENT ELEVATION MYOCARDIAL INFARCTION ANTERIOR\CARDIAC CATH,cardiovascular
ULCERATION/SDA,gastrointestinal
SUBDURAL HEMORRHAGE;S/P MOTOR VEHICLE ACCIDENT,trauma_injury
CORONARY ARTERY DISEASE\PLANNED VEIN GRAFT INTERVENTION,cardiovascular
CORONARY DISEASE,cardiovascular
PNEUMOTHORAX-S/P TRACTOR ACCIDENT,trauma_injury
"GI BLEED,DIABETIC KETOACIDOSIS",endocrine_metabolic
"SUB DURAL HEMATOMA,FALL,C6 FRACTURE",trauma_injury
DYSPNEA;TRACHIAL STENOSIS,respiratory
DESCENDING THORACIC AORTA THROMBUS,cardiovascular
LUNG CANCER;TRACHEAL ESOPHAGEAL FISTULA,oncology
DILATED CBD,hepatobiliary
PE/PNA,respiratory
ANGINA;LAD DESION\CATH,cardiovascular
ACUTE RENAL FAILURE/CHOLE/R/O MYOCARDIAL INFARCTION,renal
ALCOHOLIC HEPATITIS; ACUTE RENAL FAILURE,hepatobiliary
PRE-OP PANCREAS,gastrointestinal
PNEUMONIA;COPD EXACERVATIOON,respiratory
MITRAL STENOSIS\REDO MITRAL VALVE REPLACEMENT & ? AORTIC VALVE REPLACEMENT/SDA,cardiovascular
ACUTE RENAL FAILURE;RHABDO;ISCHEMIC BOWEL,renal
RIGHT MIDDLE CEREBRAL ARTERY STROKE,neurological
MITRAL VALVE DISORDER\MITRAL VALVE REPLACEMENT REDO; PERI CARDIAL STRIPPING,cardiovascular
SYNCOPE;TELEMETRY;INTRACRANIAL HEMORRHAGE,neurological
"INTRAPARENCHYMAL HEAD BLEED, ACUTE RENAL FAILURE",neurological
CLONIDINE OVERDOSE,toxicology_poisoning
ETOH INTUBATED,toxicology_poisoning
CARDIOMYOPATHY;NON SUSTAINED VENTRICULAR TACHYCARDIA\DUAL CHAMBER IMPLANTABLE CARDIOVERTER DEFINRILLATOR IMPLANT /SDA,cardiovascular
LIVER LACERATION/RIB FRACTURE,trauma_injury
INTERSTITIAL LUNG,respiratory
THORACIC AORTIC ANEURYSM\BENTAL PROCEDURE WITH ? AORTIC ARCH REPLACEMENT/SDA,cardiovascular
"H/O DVT, LEG SWELLING",cardiovascular
DIABETIC KETOACIDOSIS;GASTROINTESTINAL BLEED,endocrine_metabolic
DISSECTING ANEURYSM,cardiovascular
"LUNG MASS, DIVERTICULAR ABSCESS",oncology
HYPOTENSION;BUTTOCK INFECTION,infectious
SEIZURES HEAD MASS,neurological
AORTIC STANOSIS\AORTIC VALVE REPLACEMENT /SDA,cardiovascular
ACUTE RENAL FAILURE-ACIDOSIS,renal
CAVITARY MASS,oncology
SPINAL CORD INFARCTION,neurological
MVR\MITRAL VALVE REPLACEMENT; RIGHT THORACOTOMY WITH BEATING HEART/SDA,cardiovascular
IMTRACEREBRAL HEMORRHAGE,neurological
AORTIC VALVE INSUFFIENCY\MAZE; AVR; ? CORONARY ARTERY BYPASS GRAFT,cardiovascular
MITRAL VALVE REPLACEMENT\MITRAL VALVE REPLACEMENT,cardiovascular
BILIARY COLIC;ENDOSCOPIC RETROGRADE CHOLANGIOPANCREATOGRAPHY;ATRIAL FIBRILLATION\ERCP,hepatobiliary
"VOMITING, PNEUMONIA",respiratory
LFT SUBDURAL HEMATOMA; S/P PED STRUCK BY A CAR.,trauma_injury
CARCINOID TUMOR/SDA,oncology
ACUTE ANEMIA,hematologic
STRUCK BY TRAIN,trauma_injury
"AF\THORACOSCOPIC MAZE PROCEDURE, BILATERAL",cardiovascular
NON ST ELEVATED MI; SUBARACHNOID HEMORRHAGE,cardiovascular
MITRAL STENOSIS\MITRAL VALVE VS REPLACEMENT,cardiovascular
SUBDURAL HEMORRAGE,neurological
S/P EXP. LAP;SPLEENECTOMY,postoperative_surgical
URINARY TRACT INFECTION;ACIDOSIS;RENAL FAILURE;?INFLUENZA,infectious
"MITRAL REGURGITATION\MITRAL VALVE REPLACEMENT, HEART PORT MINIMALLY INVASIVE VS STERNOTOMY/SDA",cardiovascular
ABDOMINAL PAIN DIARRHEA,gastrointestinal
ASTHMA;COPD,respiratory
COMPLETE HEART BLOCK;TEMPORARY PACER WIRE\PACEMAKER IMPLANT,cardiovascular
L.HIP FRACTURE,trauma_injury
IPH;CLAVICLE FX,trauma_injury
S/P CEREBRAL CONTUSION,neurological
T-SPINE HARDWARE EXPOSED,postoperative_surgical
FAILED DIALYSIS CATH.,renal
"FEVER,DEHYDRATION",symptoms_unspecified
"INFECTED STONE,ACUTE RENAL FAILURE,SEPSIS",infectious
T-8 FRACTURE/SDA,postoperative_surgical
NEPHROLITHIASIS;PYELONEPHRITIS,infectious
S/P IMI\CATH,postoperative_surgical
CORONARY ARTERY DISEASE;PVD,cardiovascular
CHEST PAIN;CORONARY ARTERY DISEASE\LEFT HEART CATHETERIZATION,cardiovascular
HYPOTENSION;FAILURE TO THRIVE,symptoms_unspecified
AV BLOCK,cardiovascular
RENAL ARTERY ANEURYSM/SDA,renal
RESPIRATORY FAILURE;PNEUMOCOCCAL PNEUMONIA,respiratory
FEVERS;TACHYCARDIA;,symptoms_unspecified
PNEUMONIA;RESPIRATORY FAILURE;TRACHEAL BRONCHIAL MALACIA,respiratory
METASTATIC  RENAL CELL CARCINOMA\CHEMO,oncology
MITRAL REGURGITATION\MITRAL VALVE REPLACEMENT; ? MINIMALLY INVASIVE/SDA,cardiovascular
SHEATHS NEED TO BE PULLED,postoperative_surgical
BOWEL OBSTRUCTION;FAILURE TO THRIVE,gastrointestinal
NON Q MU;UROSEPSIS,infectious
FX TO RT HIP & SHOULDER-R/O MI,trauma_injury
CONGESTIVE HEART FAILURE\BIVENTRICULAR ICD UPGRADE,cardiovascular
ACUTE MYELOGENOUS LEUKEMIA;BACK PAIN,hematologic
GASTROPHARESIS/SDA,gastrointestinal
CHEST PAIN;POSITIVE STRESS TEST\CATH,cardiovascular
RAPID ATRIAL FIBRILLATION;NON ST ELEVATION MYOCARDIAL INFARCTION\LEFT HEART CATHETERIZATION,cardiovascular
AORTIC VALVE DISORDERS\BENTAL PROCEDURE /SDA,cardiovascular
"ASCENDING AORTIC ANEURYSM, S/P AVR 1986\ASCENDING AORTIC ANEURYSM REPAIR",cardiovascular
BRADYCARDIA;SYNCOPE,cardiovascular
EXTERTIONAL DYSPNEA\CARDIAC CATHETERIZATION,cardiovascular
GASTROINTESTINAL BLEEDING POST DILITATION,gastrointestinal
POST OP,postoperative_surgical
SHORTNESS OF BREATH;CELLULITIS,infectious
LARYNGEAL & SUBGLOTTIC STENOSIS/SDA,respiratory
OSTEOMYELITIS;ANTIBIOTIC THERAPY;DIALYSIS,infectious
THYROID CA/SDA,oncology
HEPATIC CELLULAR CARCINOMA,oncology
"FEVER,HEADACHE",symptoms_unspecified
FEVER/CHEST PAIN,symptoms_unspecified
AORTIC STENOSIS\AORTIC VALVE REPLACEMENT; ?CORONARY ARTERY BYPASS GRAFT /SDA,cardiovascular
CORONARY ARTERY DISEASE\CORONARY ARTERY BYPASS GRAFT w/RE-DO STERNOTOMY /SDA,cardiovascular
FEVER OF UNKNOWN ORIGIN;DEHYDRATION,symptoms_unspecified
CAD/CATH,cardiovascular
EPIDURAL NECK HEMATOMA,neurological
MULTIPLE SCLEROSIS/FACIAL PAIN/SDA,neurological
HEMOPTESIS;LUNG CANCER;HUMAN IMMUNODEFIENCY VIRUS,oncology
FEER;NAUSEA;VOMITING,symptoms_unspecified
GASTROINTESTINAL BLEE,gastrointestinal
HYPOTENSION;HEMOPTYSIS,respiratory
"PAROTITIS,PAROTID ABSCESS,NEW DM",infectious
ACUTE CORONARY DISEASE,cardiovascular
AORTIC DISSERCTION,cardiovascular
CORONARY ARTERY DISEASE; CHEST PAIN\CORONARY ARTERY BYPASS GRAFT,cardiovascular
RESPIRATORY DISTRESS;S/P LITHOTRIPSY,respiratory
DKA;GASTROINTESTINAL BLEED,endocrine_metabolic
ACUTE OR CHRONIC SUBDURAL HEMATOMA,neurological
HYPERBILIRUBANEMIA,hepatobiliary
NON ST ELEVATION MYOCARDIAL INFARCTION;CHRONIC RENAL INSUFFICIENCY\CATH,cardiovascular
GASTROINTESTINAL BLEED;R/O COLON CANCER\COLONOSCOPY,gastrointestinal
LACTID ACIDOSIS,other
ASCENDING AND DECENDING AORTIC DISS,cardiovascular
PANCREATIC CANCER;GASTRIC OUTLET OBSTRUCTION,oncology
SUPRAGLOTTIC HEMATOMA,respiratory
AORTIC ROUTE DILATION \BENTALL PROCEDURE; REDO ? HOMAGRAFT/SDA,cardiovascular
S/P VF ARREST,cardiovascular
ATYPICAL CHEST PAIN\CATH,cardiovascular
THREE VESSEL DISEASE/CORONARY ARTERY BYPASS GRAFT,cardiovascular
PULMONARY EMBOLUS-GASTROINTESTINAL BLEED,cardiovascular
"HIV,ESOPHAGITIS",infectious
AORTIC STENOSIS\AORTIC VALVE REPLACEMENT; ? BENTAL PROCEDURE   /SDA,cardiovascular
LUNG CANCER;METS;BRONCOSCOPY,oncology
STAB,trauma_injury
AORTIC STENOSIS\AORTIC VALVE REPAIR ? ASCENDING AORTA REPLACEMENT; ?BENTAL PROCEDURE; ? CORONARY ARTERY BYPASS GRAFT /SDA,cardiovascular
ENDOCARDITIS\AORTIC VALVE REPLACEMENT,infectious
AORTIC VALVE DISEASE\LEFT AND RIGHT HEART CATHETERIZATION,cardiovascular
THORACIC AND SPINAL ABSCESS,infectious
HYPOGLYCEMIA;CONGESTIVE HEART FAILURE,cardiovascular
HYPOTENSION;ETOH WITHDRAWEL,psychiatric
HYPERBILIRUBERIMIA,hepatobiliary
CONGESTIVE HEART FAILURE;APPENDICITIS,cardiovascular
CHRONIC OBSTRUCTIVE PULMONARY DISEASE;RESPIRATORY FAILURE,respiratory
DEMENTIA;FALLS,neurological
LUNG CARCINOMA,oncology
"HEADACHE,FEVER",symptoms_unspecified
S/P LIVER TX;ELEVATED LFTS,hepatobiliary
ATRIAL FIBRILLATION\CORONARY ARTERY BYPASS GRAFT; THORACOSCOPIC MAZE PROCEDURE,cardiovascular
LEFT HAND CRUSH INJURY,trauma_injury
CONGESTIVE HEART FAILURE; VENTRICULAR TACHYCARDIA\EP STUDY/LV MAPPING; BIVENTRICULAR ICD IMPLANTATION,cardiovascular
PCOM,neurological
RENAL FAILURE;COLITIS,renal
ASCENDING AORTIC ANEURSYM\ASCENDING AORTA REPLACEMENT /SDA,cardiovascular
PROSTATITIS,genitourinary
"HYPERTENSION, DIABETES MELLITUS, CRITICAL AORTIC STENOSIS\AORTIC VALVE REPLACEMENT /SDA",cardiovascular
RIGHT SIDE HEART FAILURE; TRICUSPID REGURGITATION\ICD LEAD EXTRACTION,cardiovascular
NON STE MYOCARDIAL INFARCTION,cardiovascular
KIDNEY/PANCREAS TX,renal
NECROTIZING CHOLECYSTITIS,hepatobiliary
PANCREATITIS;GALLSTONE,gastrointestinal
BLEEDING MASS,oncology
CORONARY ARTERY DISEASE\ MINIMALLY INVASIVE CORONARY ARTERY BYPASS/SDA,cardiovascular
SHORTNESS OF BREATH;MITRAL VALVE DISEASE,cardiovascular
CHEST PAIN;S/P VENTRICULAR FIBRILLATION,cardiovascular
HEPATIC CYST/SDA,hepatobiliary
FOOUND DOWN,symptoms_unspecified
FACIAL AND HAND BURNS,trauma_injury
MYELODYSPLASIA;FEVER,hematologic
R/O MI S/P KIDNEY TRANSPLANT,cardiovascular
"UTI,FREQUENT FALLS",genitourinary
CHEST PAIN;ELEVATED TROPONIN,cardiovascular
MALNUTRITION\EGD,gastrointestinal
STRIDOR;S/P THYROIDECTOMY,respiratory
CARDIAC ARREST\CATHETERIZATION,cardiovascular
CORONARY ARTERY DISEASE-RESPIRATORY ARREST,cardiovascular
GI BLEED-UNSTABLE ANGINA,cardiovascular
RIGHT THORACTOMY MVR,cardiovascular
BICUSPID AORTIC VALVE DISRODER\AORTIC VALVE REPLACEMENT ? BENTAL PROCEDURE,cardiovascular
HYPOTHERMIA;RHABDO,toxicology_poisoning
T8 FRACTURE WITH CORD COMPRESSION,trauma_injury
NON-Q-WAVE MYOCARDIAL INFARCTION\CATH,cardiovascular
S/P ASSAULT-LEFT ORBITAL FRACTURE,trauma_injury
AAA;TELEMETRY,cardiovascular
CORONARY ARTERY DISEASE;AROTIC STENOSIS\CARDIAC CATH,cardiovascular
BILIARY STENT OBSTRUCTION,hepatobiliary
CORONARY ARTERY DISEASE;MITRAL REGURGITATION\RIGHT AND LEFT HEART CATHETERIZATION,cardiovascular
OPIOD OVERDOSE,toxicology_poisoning
AORTIC VALVE INSUFFICIENCY\BENTAL PROCEDURE; ASCENDING AORTAHEMI-ARCH REPLACEMENT W/ DEEP CIRCULAR ARREST/MAZE; Mitral Valve Repair/Replace with Concomitant Maze Procedure /SDA,cardiovascular
CONSTRICTIVE PERICARDITIS\PERICARDIAL STRIPPING/SDA,cardiovascular
ATV ACCIDENT,trauma_injury
DEHYDRATION; CONGESTIVE HEART FAILURE,cardiovascular
DIAPHRAMATIC HERNIA/SDA,gastrointestinal
ASCENDING AORTIC  ANEURSYM\ ASCENDING AROTA W/ PROXIMAL ARCH/SDA,cardiovascular
BREAST CANCER;PNEUMOTHORAX,oncology
CHEST PAIN;MYOCARDIAL INFARCTION\CARDIAC CATHETERIZATION,cardiovascular
MULTISYSTEM ORGAN FAILURE,other
SEPSIS;HEMOLYSIS,infectious
ICD INFECTION,infectious
MSC;OD;CLOSED HEAD INJURY,trauma_injury
AV FISTULA;ANGIOPLASTY,cardiovascular
INTRAPARENCHYMAL BLEED;TELEMETRY,neurological
ABNORMAL ENDOSCOPY\EUS,gastrointestinal
MCA;STROKE,neurological
RHABOMYOLSIS,other
LEFT DISTAL TIBIA FRACTURE,trauma_injury
ESOPHAGEAL CARCINOMA/SDA,oncology
SEPSIS;EPIDURAL ABCESS,infectious
AORTIC STENOSIS\RIGHT AND LEFT HEART CATHETERIZATION,cardiovascular
SYNCOPAL EPISODE,cardiovascular
PARAPHARYNGEAL SPACE INFECTION,infectious
AAA /SDA,cardiovascular
UPPER GI BLEED;DEHYDRATION;METASTATIC MELANOMA,oncology
"RE-DO CABBAGE\CORONARY ARTERY BYPASS GRAFT, RE-DO",cardiovascular
AORTIC STENISIS\AORTIC VALVE REPLACEMENT /SDA,cardiovascular
LINE SEPSIS;TELEMETRY,infectious
LOWER GASTROINTEDTINAL BLEED,gastrointestinal
ACUTE RENAL FAILURE;DEHYDRATION,renal
ANGINA\COMPLETE HEART CATH,cardiovascular
AORTIC VALVE DISORDER\AORTIC AND MITRAL VALVE REPLACEMENT ?CABG/SDA,cardiovascular
ENDOMETRIAL NEOPLASM/SDA,oncology
PERICARDITIS-HYPOTENSION,cardiovascular
MALIGNANT ACITES/SDA,oncology
ASCITES;CHRONIC RENAL FAILURE;TRANSAMINITIS,renal
AORTIC STENOSIS;CORONARY ARTERY DISEASE\AORTIC ROOT REPLACEMENT REPAIR;? ASCENDING AORTIC REPLACEMENT,cardiovascular
DIABETIC KETOACIDOSIS;HYPOXIA,endocrine_metabolic
INTRA ABDOMINAL HEMORRHAGE,gastrointestinal
ARACHNOIDITIS,neurological
MASSIVE ASCITES,hepatobiliary
AORTIC INSUFFICIENCY & ENLARGEMENT\AORTIC VALVE REPLACEMENT /SDA,cardiovascular
SMALL BOWEL OBSTRUCTION AND ABSCESS,gastrointestinal
R/O MYOCARDIAL INFARCTION-SOB-HYPERKALEMIA,cardiovascular
AORTIC STENOSIS\AORTIC VALVE REPLACEMENT WITH HOMOGRAFT/SDA,cardiovascular
COARCTATION OF THE AORTA\ RESECTION AORTIC COARCTATION & DUCTAL DIVERTICULUM; *LATEX ALLERGY*,cardiovascular
"HEAD BLEED, S/P MVC",trauma_injury
CANCER OF LEFT COLON/SDA,oncology
"THROMBOCYTOPENIA,HYPOXIA",hematologic
SYNCOPE;GASTROINTESTINAL BLEED;TELEMETRY,cardiovascular
FULIMANT LIVER FAILURE,hepatobiliary
CELLULITIS TRACH DEPENDENT,infectious
TRAUMA;EPIDURAL BLEED,trauma_injury
CEREBROVASCULAR ACCIDENT;HEAD BLEED,neurological
HYPERGLYCEMIA;CONGESTIVE HEART FAILURE,cardiovascular
S/P BLAST INJURY,trauma_injury
CONGESTIVE HEART FAILURE;PULMONARY HYPERTENSION,cardiovascular
KICKED BY HORSE,trauma_injury
CAD'\CORONARY ARTERY BYPASS GRAFT; ? WITH MVR /SDA,cardiovascular
TEMPORPARIETAL BRAIN MASS,neurological
BOWEL PERFORATION;SEPSIS,infectious
ACUTE RENAL FAILURE/ANEMIA,renal
CORONARY ARTERY DISEASE\CORONARY ARTERY BYPASS GRAFT; W/ RADIAL ARTERY; ? OFF PUMP CABG/SDA,cardiovascular
SEPSIS-CHOLANGITIS,infectious
"CAD,AORTIC VALVE DISEASE",cardiovascular
CRITICAL AORTIC STENOSIS;S/P PNEUMONECTOMY,cardiovascular
GRANULATION IN TRACH,respiratory
R. LOWER LOBE PNEUMONIA,respiratory
CARDIOGENIC SHOCK;TELEMETRY,cardiovascular
MITRAL REGURGITATION\REPAIR ATRIAL SEPTAL DEFECT  MITRAL VALVE REPLACEMENT /SDA,cardiovascular
ANGINA;CHEST PAIN\CATH,cardiovascular
SEPTAL DEFECT\ATRIAL SEPTAL DEFECT CLOSURE ? CORONARY ARTERY BYPASS GRAFT /SDA,cardiovascular
BONE-PAIN;METASTATIC CANCER,oncology
PERIPHERAL VASCULAR DISEASE;CELLULITIS LEFT HEEL,cardiovascular
HEMORRHAGIC PANCREATITIS,gastrointestinal
CHEST PAIN;TELEMETRY;SHORTNESS OF BREATH;ACUTE MENTAL STATUS CHANGES,cardiovascular
CLAUDICATION; PERIPHERAL VASCULAR DISEASE\RIGHT LOWER EXTREMITY ANGIOGRAM,cardiovascular
RESPIRATORY DISEASE,respiratory
DIAPHRAGMATIC DEFECT/SDA,respiratory
PERICARDIAL EFFUSION;UPPER GASTROINTESTINAL BLEED,cardiovascular
"URINARY INCONTINENCE, RENAL CALCULUS, RENAL OBSTRUCTION/SDA",genitourinary
S/P MOTOR CYCLE CRASH,trauma_injury
PERICADIAL EFFUSION\PERICARDECTOMY/SDA,cardiovascular
LEFT FOREARM INJURY/SDA,trauma_injury
SEPTIC SHOCK W\NEUTROPENIA;TELEMETRY,infectious
MITRAL REGURGITATION\MITRAL VALVE REPLACEMENT/CONCOMITANT MAZE/SDA,cardiovascular
CORONARY ARTERY DISEASE\ OFF PUMP CORONARY ARTERY BYPASS,cardiovascular
SEPSIS;HYPOTENSION;ACUTE RENAL FAILURE,infectious
HYPOTENSION;RESPIRATORY DECOMPRESSION;S/P LIVER BIOPSY,other
ANOXIC ENCEPHALOPATHY,neurological
HYPOKALEMIA;ETOH WITHDRAWAL AEIZURE,endocrine_metabolic
BILATERAL HYGROMA,other
RENAL FAILURE;RESPIRATORY FAILURE;DIABETES MELLITUS,renal
METATASTIC CARCINOID TUMOR/SDA,oncology
PULMOARY EDEMA;ANEMIA,cardiovascular
CEREBRAL CONTUSION; S/P FALL,trauma_injury
EPISTAXIS;NASOPHARNGYEAL CANCER,oncology
AMI;DYSPNEA,cardiovascular
CONGESTIVE HEART FAILURE;,cardiovascular
TROMVECTOMY,cardiovascular
ANGINA;CHEST PRESSURE;+ETT\CATH,cardiovascular
SUBDURAL HEMORRHAGE-S/P FALL,neurological
MITRAL VALVE INSUFFICENCY\MITRAL VALVE REPLACEMENT REDO REDO THORACOTOMY RIGHT,cardiovascular
CAROTID STENOSIS\LEFT CAROTID ANGIOGRAM;ANGIOPLASTY,cardiovascular
SHORTNESS OF  BREATH,symptoms_unspecified
"CDIFF COLITIS,ASCITES",infectious
RIGHT INTERNAL JUGULAR THROMBUS,cardiovascular
HEPATIC LACERATION,trauma_injury
ALCOHOL WITHDRAWAL/UTI,psychiatric
GUN SHOT WOUND BACK,trauma_injury
"CONGESTIVE HEART FAILURE,UNSTABLE ANGINA",cardiovascular
UPPER AND LOWER GI BLEED,gastrointestinal
S/P MOTOR VEHICLE CRASH/FLAIL CHEST,trauma_injury
NEAR SYNCOPE\LEFT HEART CATHETERIZATION,cardiovascular
AORTIC STENOSIS\AORTIC VALVE REPLACEMENT w/ SEPTAL MYOMECTOMY,cardiovascular
INTRACRANIAL HEMORRHAGE;LEUKEMIA,neurological
AORTIC STENOSIS\AORTIC VALVE REPLACEMENT; MINI VS STENOTOMY /SDA,cardiovascular
CORONARY ARTERY DISEASE;LEFT VENTRICULAR DYSFUNCTION\CATH,cardiovascular
SECOND DEGREE HEART BLOCK,cardiovascular
BILIARY TUMOR/SDA,hepatobiliary
OSTEOLYSIS  LEFT ACETABULUM & FEMUR/SDA,musculoskeletal
POCKET INFECTION\PARTIAL LEAD EXTRACTION **REMOTE WEST**/SDA,infectious
SZ; COFFEE GROUND EMESIS; SYNCOPE,neurological
MALIGNANT PLEURAL EFFUSION/SDA,oncology
MR;CORONARY ARTERY DISEASE;\CORONARY ARTERY BYPASS GRAFT;MITRAL VALVE REPLACEMENT;TRICUSPID VALVE REPLACEMENT,cardiovascular
R/O PERFORATED ILEUM,gastrointestinal
ASCITES;SHORTNESS OF BREATH,hepatobiliary
BLEEDING FISTUA,gastrointestinal
"MULTIPLE TRAUMA,PLANE CRASH",trauma_injury
? HEAD MASS,neurological
ILIAC VEIN THROMBOSIS,hematologic
AFIB\ PHARMACOLOGICAL/NONPHARMACOLOGICAL MANAGEMENT; AFIB ABLATION,cardiovascular
GASTROINTESTINAL BLEED;DUODENAL ULCER;DOWN SYNDOME;URINARY TRACT INFECTION,gastrointestinal
HEART FAILURE;RENAL FAILURE;CHEST PAIN,cardiovascular
SEVERE AORTIC INSUFFICIENCY\AORTIC VALVE REPLACEMENT REDO,cardiovascular
FOREIGN BODY IN ESPHAGUS,gastrointestinal
HUPERTROPHIC CARDIOMYOPATHY\CATH,cardiovascular
ACUTE RENAL FAILURE;ANEMIA;HYPOGLYCEMIA,renal
RHEUMATIC HEART DISEASE\ AORTIC AND MITRAL VALVE REPLACEMENT/SDA,cardiovascular
CROHN;S DISEASE;SMALL BOWEL OBSTRUCTION,gastrointestinal
JAUNDICE;PANCREATIC CA;FEVER,oncology
GASTROINTESTINAL BLEED;TRACHEAL OBSTRUCTION,gastrointestinal
STRIDOE;AIRWAY COMPROMISE,respiratory
"FEVER,SVT",infectious
PANCREATIC CANCER;RAPID ATRIA; FIBRILLATION,oncology
"CIRRHOSIS, LIVER LESION/SDA",hepatobiliary
OVARIAN MASS;? SBO,pregnancy_obstetric
SHORTNESS OFR BREATH,respiratory
R/O ASPIRATION,respiratory
RECURRENT BILATERAL PLEURAL FUSION,respiratory
S/P FALL-CONTUSION,trauma_injury
"SMALL BOWEL OBSTRUCTION, CHRON'S DISEASE",gastrointestinal
CORONARY ARTERY DISEASE\STENT PLACEMENT OF LEFT ANTERIOR DESCENDING ARTERY,cardiovascular
THIRD DEGREE HEART BLOCK,cardiovascular
POST- ARREST,other
INVASIVE MELANOMA/SDA,oncology
LEFT VOCAL CORD PARALYSIS\LARYNGOSCOPY DIRECT;GEL FOAM INJECTION LEFT VOCAL CORD,neurological
T10 COMPOUND FRACTURE,trauma_injury
BARRETTS ESOPHAGUS ADENOCARCINOMA/SDA,oncology
R/O M.I.-COPD EXACERBATION-RESP DISTRESS,cardiovascular
ESOPHAGEAL REFLUX ASPIRATION\LAPAROTOMY; C-NISSEN FUNDOPLICATION; J-TUBE PLACEMENT; COLOSTOMY TAKEDOWN,gastrointestinal
RULE OUT LINE SEPSIS,infectious
PNEUMONIA; COPD,respiratory
"ABSCESS,SEPSIS",infectious
LT ATRIAL THROMBOSIS,cardiovascular
RESPIRATORY  DISTRESS,respiratory
HYPOTHERMIA;HYPOGLYCEMIA,endocrine_metabolic
CHOLANGITIS\ENDOSCOPIC RETROGRADE CHOLANGIOPANCREATOGRAPHY,hepatobiliary
ABDOMINAL AORTIC ANEURYSM;SEVERE ILIAC DISEASE/SDA,cardiovascular
CALCIUM CHANNEL BLOCKER OVERDOSE,toxicology_poisoning
PNEUMONIA;POLYSUBSTANCE ABUSE,infectious
MYCOTIC ANEURYSM,cardiovascular
PULSELESS LEFT FOOT,cardiovascular
WORSENING RENAL FAILURE;ACIDOSIS,renal
"CONGESTIVE HEART FAILURE,AORTIC STENOSIS",cardiovascular
SUPRAVENTRICULAR TACHYCARDIA;HYPOTENSION,cardiovascular
VOMITTING,symptoms_unspecified
ALRERED MENTAL STATUS,symptoms_unspecified
HEMOPTYSIS;MET RENAL CELL CA,oncology
PNEUMONIA;A-FIB,infectious
MITRAL VALVE DISORDER\MVR  ? CABG ? MAZE,cardiovascular
GASTROINTESTINAL BLEED;SEPSIS,gastrointestinal
INTOXICATION;SUICIDAL IDEATION,psychiatric
ASCENDING & DESCENDING AORTA\ ASCENDING AORTIC ARCH W/CABG,cardiovascular
"CHRONIC ASPIRATION, DYSPHAGIA/SDA",respiratory
ABNORMAL EKG;ELEVATED TROPONIN,cardiovascular
ESOPHAGEAL CA AND DOWN'S SYNDROME/SDA,oncology
CHEST PAIN;DYSPNEA ON EXERTION;CORONARY ARTERY DISEASE\CARDIAC CATH,cardiovascular
"ASCITIES, MITROVALVE REGURGITATION",cardiovascular
LEFT HIP OSTEONECROSIS/SDA,musculoskeletal
RECURRENT BRAIN TUMOR,oncology
SYMPROMATIC FIBROIDS/SDA,pregnancy_obstetric
COLONGIC STRICTURE,gastrointestinal
THORACIC ANEURYSM WITH OUT MENTION RUPTURE\AORTIC VALVE / ASCENDING AORTA REPLACEMENT; ? BENTAL PROCEDURE /SDA,cardiovascular
MVA; HEAD BLEED,trauma_injury
"UROSEPSIS,R/O MI",infectious
HYPOTENSION-PERICARDIAL EFFUSION,cardiovascular
ANEMIA BLEED;TELEMETRY,hematologic
GASTROINTESTINAL BLEED;ACUTE RENAL FAILURE;RESPPIRATORY ARREST,gastrointestinal
BRONCHIAL STENOSIS/SDA,respiratory
MYOCARDIAL INFARCTION;ACUTE CORONARY SYNDROME\CATH,cardiovascular
BOWEL RESECTION DEAD BOWEL,gastrointestinal
IMI\CATH,cardiovascular
CARDIAC  ARREST,cardiovascular
ETOH WD,psychiatric
NECK PAIN;? EPIDURAL ABSCESS,infectious
AORTIC STENOSIS;CONGESTIVE HEART FAILURE\CARDIAC CATHETERIZATION,cardiovascular
NEUROGENIC SHOCK TRAUMA,neurological
ACUTE CORONARY SYNDROME; CHF,cardiovascular
CONSTIPATION/DEHYDRATION,gastrointestinal
S/P CEREBRAL ANGIOGRAM;CAROTID STENOSIS,neurological
BILATERAL PLEURAL EFFUSION,respiratory
"GI BLEED,CHEST PAIN,HYPOTENSION",gastrointestinal
? CAROTID DISSECTION,neurological
HYPERKALEMIA;PULMONARY EDMA,renal
HEAD MASS WITH SHIFT,neurological
"HYPOTENSION,LINE SEPSIS,RENAL FAILURE",infectious
SEPSIS;MEDIASTINITIS,infectious
S/P LIVER/NAUSEA/VOMITING/DIARRHEA,postoperative_surgical
THORACIC ANEURYSM-PNEUMONIA,cardiovascular
RENAL FAILURE;RESP FAILURE,renal
LEFT UPPER LOBE CARCINOMA/SDA,oncology
"C2 FRACTURE, S/P FALL",trauma_injury
MITRAL REGURGITATION\MITRAL VALVE REPLACEMENT VS REPAIR/SDA,cardiovascular
ESRD-FEVER,renal
ICD LEAD MALFUNCTION; AFLUTTER; VT\ICD GENERATOR CHANGE/ LEAD REVISION,cardiovascular
"PERICARDIAL EFFUSION, TOMPONADE",cardiovascular
CADLNON-Q-WAVE MYOCARDIAL INFARCTION\LEFT MAIN STENT PLACEMENT,cardiovascular
STROKE TRANSIENT ISCHEMIC ATTACK,neurological
CORONARY ARTERY DISEASE\THORACOSCOPIC VENTRICULAR LEAD PLACEMENT LEFT; ? THORACOTOMY/SDA,cardiovascular
MEDIASTINAL INFECTION,infectious
PERSISTENT HYPOTENSION,symptoms_unspecified
SPLENIC AND RENAL LACERATION,trauma_injury
ETOH WITHDRAWL;HEMATEMESIS,psychiatric
AORTIC STENOSIS\BENTALL PROCEDURE; VS;AORTIC VALVE REPLACEMENT; W/ ASCENDING AORTA/SDA,cardiovascular
ST ELEVATED MI,cardiovascular
ACUTE LUKEMIA,hematologic
"CVA, BRADYCARDIA",neurological
ETOH WITHDRAWAL;CHEST PAIN,psychiatric
MITRAL STENOSIS;PULMONARY HYPERTENSION,cardiovascular
HEPATOBILIARY CANCER,hepatobiliary
MITRAL VALVE REGURGITATION\REPAIR MITRAL VALVE /SDA,cardiovascular
MITRAL VALVE DIFFIENCY\MITRAL VALVE REPLACEMENT /SDA,cardiovascular
KIDNEY TRANSPLANT REJECTION,renal
ELEVATED LIVER FUNCTIONS;S/P LIVER TRANSPLANT,hepatobiliary
NON-ST SEGMENT ELEVATION MYOCARDIAL INFARCTION;CONGESTIVE HEART FAILURE\CARDIAC CATH,cardiovascular
AORTIC STENOSIS\ AORTIC CAROTID SUBCLAVIAN BYPASS GRAFT/SDA,cardiovascular
CONGESTIVE HEART FAILURE;A-FIB,cardiovascular
WEAKNESS;HYPOTENSION,symptoms_unspecified
ACUTE MYELOGENOUS LEUKEMIA;MYELODYSPLASTIC SYNDROMES,hematologic
RECURRENT RECTAL CA/SDA,oncology
COPD-RESPIRATORY FAILURE,respiratory
AORTIC STENOSIS\AORTIC VALVE/SDA,cardiovascular
CHEST PAIN; CHF EXACERBATION,cardiovascular
HYPONATREMIA;HYPERKALEMIA;MELANOMA,oncology
NON-UNION LEFT HIP FRACTURE/SDA,musculoskeletal
RECTUS SHEATH HEMATOMA;COAGULOPATHY,hematologic
CONGESTIVE HEART FAILURE\SWAN PLACEMENT,cardiovascular
ABDOMINAL THORACIC ANEURYSM\ REPAIR ABDOMINAL THORACIC AORTIC ANEURYSM/SDA,cardiovascular
ACUTE MYELOGENOUS LEUKEMIA: NEUTROPENIA,hematologic
ABDOMINAL PAIN-ELECTROLYTE ABNORMALITIES,symptoms_unspecified
"PNEUMONIA,URINARY TRACT INFECTION",infectious
COLD LEFT FOOT,cardiovascular
INTRAPAREOLGEAL HEMORRHAGE,neurological
ILEO PSOAS ABSCESS,infectious
S/P FALL/MULTIPLE FRACTURES,trauma_injury
SKULL FRACTURE;SUBARACHNOID HEMORRHAGE,trauma_injury
HYDROCEPHALUS/VP MALFUNTION,neurological
PNEUMONIA;ATRIAL FIBRILLATION;TELEMETRY;RESP FAILURE,respiratory
TRACHEAL BLEEDING,respiratory
CHEST PAIN;DYSPNEA\LEFT HEART CATHETERIZATION,cardiovascular
ANGINA;PERIPHERAL VASCULAR DISEASE\ CATH,cardiovascular
SCHLEROSING CHOLANGITIS,hepatobiliary
UMBILICAL HERNIA & RIGHT INGUINAL HERNIA,gastrointestinal
MEDIAL PARIETAL TUMOR/SDA,oncology
LT LEG ISCHEMIA,cardiovascular
TIB;FIB,musculoskeletal
BRONCHIAL LAVAGE/SPINAL DETRUSOR HYPERREFLEXIA,neurological
CLOTACATION/SDA,hematologic
STENOSIS OF LARYNX/SDA,respiratory
"CHRONIC HEPATITIS C; CHIRRHOSIS OF LIVER, ESOPHAGEAL VARICES\ TIPS/SDA",hepatobiliary
"MESH INFECTION, UMBILICAL WOUND/SDA",infectious
RIGHT LEG ISCHEMIA,cardiovascular
CHARCOT RIGHT ANKLE,musculoskeletal
POSTERIOR MEDIASTINAL MASS/SDA,oncology
LEFT STUMP INFECTION,infectious
INFECTED FEET,infectious
RIGHT NECK NODE/SDA,oncology
ISCHEMIC ULCER/SDA,cardiovascular
THROMBOSIS OF THE AV FISTULA,hematologic
COMPLICATED RIGHT HAND WOUND/SDA,trauma_injury
ABD. PAIN,symptoms_unspecified
HYPERBILIRUBINIMIA,hepatobiliary
UPPER GASTROINTESTINAL BLEEN,gastrointestinal
ABDOMINAL HERNIA; HYDRP OF GALLBLADDER/SDA,gastrointestinal
RIGHT MIDDLE LUNG CANCER/SDA,oncology
LEFT ANKLE FX/SDA,trauma_injury
LUNG CANCER RIGHT UPPER/SDA,oncology
RIGHT INGUINAL HERNIA/SDA,gastrointestinal
ICA ANEURYSM/SDA,neurological
INTERCRANIAL CAROTID STENOSIS/SDA,neurological
SUBACUTE APPENDICITIS/SDA,gastrointestinal
T11 METASTASTIS/SDA,oncology
MALFUNCTIONING ILEAL POUCH/SDA,gastrointestinal
SHORT GUT SYNDROME\ VENOUS RECANULATION/SDA,gastrointestinal
NUMBNESS/WEAKNESS,neurological
RUPTURED FISTULA,genitourinary
INFECTED ULCER;CELLULITIS;DIABETES,infectious
BASAL CELL CARCINOMA OF PENILE/SDA,oncology
ATRIAL FIBRILLATION\PVI **REMOTE WEST**/SDA,cardiovascular
"PERITONITIS, S/P SIGMOID RESECTION/SDA",gastrointestinal
CHIARI 1 MALFORMATION/SDA,neurological
CONGESTIVE HEART FAILURE-END STAGE RENAL DISEASE,cardiovascular
"HEPARIN INFUSIN, S/P IVC FILTER PLACEMENT",cardiovascular
HEMOPTYSIS; PROBABLE ASPERGILLONA,respiratory
EXERTIONAL DYSPNEA;ANGINA\LEFT CARDIAC CATH,cardiovascular
HYPOTENSION;DIARRHEA;TELEMETRY,symptoms_unspecified
CATHETER INFECTION,infectious
"ARF,GIB",renal
LEFT HIP FRACTURE;LUNG CANCER,oncology
RENAL TUMOR/SDA,oncology
NON Q WAVE MYOCARDIAL INFARCTION\CARDIAC CATH,cardiovascular
TRACHEAL STENOSIS;NON SMALL CELL LUNG CANCER,oncology
MORBID OBESTIY /SDA,endocrine_metabolic
GLOBE RUPTURE,trauma_injury
LEFT COLON CANCER,oncology
LEFT CAROTID ARTERY ANEURYSM/SDA,cardiovascular
? PANCREAS TRANSPLANT REJECTION,other
ISCHEMIA BOTH LEGS,cardiovascular
"GI,BLEED",gastrointestinal
CHRONIC OBST PULM DISEASE;NSTEMI,cardiovascular
CORONARY ARTERY DISEASE\CORONARY ARTERY BYPASS GRAFT: ? AVR /SDA,cardiovascular
"CHEST PAIN, AORITIC ULCERATION",cardiovascular
LEFT TEMPORAL CAVENOMA/SDA,neurological
INGESTION OF COCAINE,toxicology_poisoning
ACUTE RENAL FAILURE;SEPSIS;TELEMETRY,renal
CERVICAL STENOSIS,musculoskeletal
S/P ERCP WITH ? PERF,postoperative_surgical
UNSTABLE ANGINA;AORTIC STENOSIS\COMPLETE HEART CATH,cardiovascular
SUBDURAL HEMATOMA;EAR LACERATION;GASTROINTESTINAL BLEED,trauma_injury
EXERTIONAL ANGIA;CATH,cardiovascular
SEPSIS; RESPIRATORY FAILURE,infectious
HISTORY OF ENDOCARDITIS/SDA,cardiovascular
ARTERIAL INJURY,trauma_injury
LEFT CAROTID STENOSIS\LEFT CAROTID ANGIOGRAM,cardiovascular
"CIRRHOSIS, COMMON BILE DUCT STONE",hepatobiliary
SHORTNESS OF BREATH;LYMPHOMA,oncology
DISTAL TIBIA FIBULA FRACTURE,trauma_injury
MITRAL REGURGITATION\MITRAL VALVE REPLACEMENT MINIMALLY INVASIVE,cardiovascular
SKULL FRACTURE;ICH,trauma_injury
ACUTE SUBDURAL HEMATOMA;ENLARGED RIGHT VENTRICLE,trauma_injury
ORAL TOUNGUE CANCER RIGHT/SDA,oncology
LUNG NODULE LEFT/SDA,oncology
ACUTE RENAL FAILURE;PNEUMONIA;HYPERGLYCEMIA,renal
LEFT MEDIAL PATELLA FEMORAL LIGAMENT FRACTURE\OPEN REDUCTION INTERNAL FIXATION PATELLA FRACTURE LEFT,trauma_injury
"CHARCOT, LEFT FOOT ULCER/SDA",genitourinary
BACK PAIN-DISSECTION,symptoms_unspecified
R/O MENINGITITIS,infectious
SUBARACHNOID BLEED; S/P MVC,trauma_injury
CERVICAL DISC HERNIATION,musculoskeletal
END-STAGE LIVER DISEASE; STATUS POST TRANSPLANT,hepatobiliary
OBSTRUCTIVE AIRWAY,respiratory
"MEDICATION REACTION,ISCHEMIC FOOT",cardiovascular
HYPERKALEMIA/PACREATISIS,endocrine_metabolic
NON-Q WAVE MI;CONGESTIVE HEART FAILURE\CARDIAC CATH,cardiovascular
UPPER EXTREMITY DVT; UNABLE TO REMOVE PIC,hematologic
CONGESTIVE HEART FAILURE;MITRAL STENOSIS\RIGHT AND LEFT HEART CATH,cardiovascular
TYLENOL OVERDOSE-LIVER FAILURE,toxicology_poisoning
HYPERCARBIC RESPIRATORY DISTRESS,respiratory
NECROTIC PENIS,genitourinary
RESPIRATORY FAILURE/ ACUTE RENAL FAILURE,respiratory
"HYPERKALEMIA,PNEUMONIA",infectious
ADULT RESPIRATORY DISTRRESS SYNDROME,respiratory
R/O ARDS,respiratory
?SEIZURES,neurological
ABD WOUND,trauma_injury
SEPSIS; PULMONARY EDEMA; DIABETES MELLLITUS,infectious
ESOPHAGEAL DYSPLASIA/SDA,gastrointestinal
UNSTABLE ANGINA\CARDIAC CATH;STAGED CIRCUMFLEX STENTING,cardiovascular
CHEST PAIN;ANOMOLOUS CORONARY ARTERIES,cardiovascular
CHEST MASS/SDA,oncology
RECTAL PROLASPE,gastrointestinal
OVER DOSE,toxicology_poisoning
CANCER OF THE RIGHT ORAL TONGUE/SDA,oncology
AOETIC STANOSIS \AORTIC VALVE REPLACEMENT /SDA,cardiovascular
GASTROINTESTINAL BLEED;TELMETRY,gastrointestinal
SUBDURAL HEMMORAGE,neurological
MITRAL STENOSIS\MITRAL VALVE REPAIR/SDA,cardiovascular
HEPATITIS;LIVER FAILURE,hepatobiliary
PORTAL VEIN CLOT,hematologic
BREAST CANCER,oncology
RHABDOMYOLOSIS;RENAL FAILURE,renal
AORTIC STENOSIS\AORTIC VALVE REPLACEMENT & CORONARY ARTERY BYPASS GRAFT ? MVR/SDA,cardiovascular
"METS CA,PLEURAL EFFUSION",oncology
LEFT WOUND INFECTION,infectious
HX OF BILE LEAK\ ERCP,hepatobiliary
ACUTE CORONARY SYNDROME\CARDIAC INTERVENTION,cardiovascular
SVC CLOT;RIGHT ATRIAL CLOT,hematologic
PULMONARY ALVEOLAR PROTEINOSIS,respiratory
CHOLECYSTITIS;CARDIOMYOPATHY,hepatobiliary
PVD\ARTERIOGRAM,cardiovascular
CHEST PAIN;SEPSIS,infectious
LUNG CANCER-SPINAL CORD COMPRESSION,oncology
RESPIRATORY FAILURE;DEHYDRATION;ACHONDROPLASIA;HYPERTENSION;SPINAL STENOSIS,respiratory
COPD EXACERBATION/PNEUMONIA,respiratory
FEVER;ALTERED MENTAL STATUS;R/O MENINGITIS,infectious
HEMATOMA OF CHEST,trauma_injury
ATRIAL TACHYCARDIA\CARDIOVERSION,cardiovascular
NAUSEA AND VOMITING,symptoms_unspecified
RIGHT CEREBULLUM HEMORRHAGE,neurological
CORONARY ARTERY DISEASE\CORONARY ARTERY BYPASS GRAFT; LVAD/SDA,cardiovascular
HEPATO CELLULAR CAECINOMA,oncology
SIGOID TUMOR/SDA,gastrointestinal
RIGHT FEMORAL TIBIAL STENOSIS,cardiovascular
MULTIPLE MYELOMAS/SDA,hematologic
ETOH CIROHOSIS/SDA,hepatobiliary
SCROTAL PYOCELE,genitourinary
RECURRENCE LARYNGEAL CA,oncology
"TRACHEAOBRONCHEO MALACIA, RIGHT/SDA",respiratory
STRESS INCONTINECE & CYSTOCELE/SDA,genitourinary
RIGHT FOOT BUNION AND HAMMER TOE/SDA,musculoskeletal
INCISONAL DEFECT/SDA,postoperative_surgical
RESPIRATORY DISTRESS-LUNG CANCER,oncology
RIGHT FOOOT CELLULITIS,infectious
OPEN WOUND SCALP,trauma_injury
OPEN WOUND LEFT HAND/SDA,trauma_injury
SABARACHNOID HEMORRHAGE,neurological
HYDRONEPHROSIS & URETERAL STENT OBSTRUCTION/SDA,genitourinary
INCISIONAL HERNIA; EXCESSIVE SKIN/SDA,postoperative_surgical
BILE LEAK\ERCP,hepatobiliary
CEREBRAL ANGIO;CAROTID STENT,cardiovascular
L HIP FX; HYPERGLYCEMIA,musculoskeletal
CERVICAL MYOLOPATHY/SDA,neurological
MELANOMA;DEHYDRATION;?OBSTRUCTION,oncology
JNATHJW5,other
ATHEROSCLEROSIS BYPASS GRAFT RIGHT/SDA,cardiovascular
"RIGHT FOOT ULCER;CELLULITIS;INFECTION,UKNOWN",infectious
NARROW ENDOCRINE TUMOR OF PANCREAS/SDA,endocrine_metabolic
CLOTTED RIGHT UPPER EXTREMITY AV FISTULA,hematologic
PELVIC MASS/BREAST CANCER/SDA,oncology
"CHF, LEFT VENTRICULAR LEAD CAUSING DIAPHRAGMATIC STIMULATION S/P ICD IMPLANT\LEFT VENTRICULAR LEAD REVISION **REMOTE WEST** /SDA",cardiovascular
PULSELESS EXTREMITY,cardiovascular
CENTRAL NECK MASS/SDA,oncology
LEFT POPLITEAL ANEURYSM/SDA,cardiovascular
ARTERIAL INSUFFICENCY LLE,cardiovascular
EVACUATION OF HEMATOMA,trauma_injury
SYRINGOMYELIA/SDA,neurological
INFECTED ULCER;DIABETES;PVD,infectious
R/O TRANSIENT ISCHEMIC ATTACK,neurological
"ACUTE RENAL FAILURE,HEMATURIA",renal
BILE DUCT STRICTURE;S/P LIVER TRANSPLANT/SDA,hepatobiliary
NECROTIC LEFT GREAT TOE,cardiovascular
"AAA, RIGHT RENAL ARTERY STENOSIS/SDA",cardiovascular
RIGHT KIDNEY CA/SDA,genitourinary
RIGHT WRISTS FRACTURE,trauma_injury
?TIA;IV HEPARIN,neurological
RIGHT TOE ISCHEMIA,cardiovascular
OCCLUSIVE DISEASE RIGHT /SDA,cardiovascular
HEMATURIA/SDA,renal
BILATERAL FEMORAL SUDOANEURYSMS/SDA,cardiovascular
RT LOWER EXTREMITY STENT FAILURE,cardiovascular
"FLU,SYRINK",infectious
PSEUDOARTHROSIS CERVICAL SPINE/SDA,musculoskeletal
FAILED GRAFT LEFT/SDA,postoperative_surgical
DISC HERNIATION/SPONDYLOSIS/SDA,musculoskeletal
GANGRENE RIGHT SECOND TOE,cardiovascular
BRAIN TUMOR RIGHT SIDE/SDA,neurological
GALL STONES/SDA,hepatobiliary
PLEURAL EFFUSION RIGHT/SDA,respiratory
ESRD/SDA,renal
ISCHEMIC LT LEG/SDA,cardiovascular
MELANOMA METASTASES/SDA,oncology
ANEURYSM OF LOWER EXTREMITIES/SDA,cardiovascular
"CAROTID DISEASE, LEFT/SDA",cardiovascular
THROMBECTOMY W/C ARM UPPER AV GRAFT,postoperative_surgical
INFECTED RIGHT ANKLE,infectious
CEREBRAL ANEURYSM;ANGIOGRAM,neurological
RENAL FLOW/SDA,renal
ATHERSCLEROSIS OF EXTREMITIES W/ CLAUDICATION RIGHT/SDA,cardiovascular
RIGHT FOOT ULCER W\CELLULITIS,infectious
RIGHT NECK ABSCESS,infectious
NON HEALING ULCER;ANGIOPLASTY;TENT PLACEMENT,postoperative_surgical
FOLLOW-UP COMMON BILE DUCT INJURY/SDA,postoperative_surgical
CORONARY ARTERY DISEASE\ANGIOPLASTY/SDA,cardiovascular
TRANCHEAL BRONCHIAL MALACIA/SDA,respiratory
MR\EXCISION OF STERNUM /SDA,postoperative_surgical
RIGHT ACETABULUM FRACTURE/SDA,trauma_injury
RIGHT HIP NON HEALING WOUND/SDA,infectious
GANGRENE OF FOOT,other
HYPONATREMIA;R/O SEPSIS;TELEMETRY,other
LOW INR,hematologic
NON HEALING ULCERS,other
ISCHEMIC LEFT FOOT-DIABETES MELLITUS,endocrine_metabolic
R/O MYOCARDIAL INFARCTION-ACUTE RENAL FAILURE,cardiovascular
BRONCHIAL STENOSIS\ BRONCHOSCOPY RIGID WITH T-TUBE PLACEMENT/SDA,respiratory
INFECTED LEFT LEG ULCER/SDA,infectious
CLOTTED LEFT AV GRAFT/CRF,renal
TRIGEMINAL NEURALGIA /SDA,neurological
ACUTE SUBDURAL HEMATOMA;TELEMTRY,trauma_injury
CLAUDICATION RIGHT,cardiovascular
RESTRISTED LUNG DISEASE/SDA,respiratory
FEMORAL GROIN DVT,hematologic
NON HEALING WOUND RIGHT AXILLARY/SDA,infectious
ECOLI; SEPSIS,infectious
LUMBAR STENOSIS\FUSION LAMINECTOMY LUMBAR L3-L5,musculoskeletal
FAILING GRAFT,postoperative_surgical
ATRIAL TACHYCARDIA\ATRIAL TACHYCARDIA ABLATION  **REMOTE WEST**/SDA,cardiovascular
CA OF TONGUE/SDA,oncology
OSTEOMYELITIS;VANCOMYCIN RESISTANT ENTEROCOCCUS,infectious
ULCER RIGHT LEG/SDA,other
PERIPHERAL VASCULAR DISEASE;ISCHEMIC LEFT FOOT,cardiovascular
CHRONIC URINARY RETENTION/SDA,genitourinary
HIP FRACTURE;ANEMIA,musculoskeletal
METASTATIC SQUAMOUS CELL CANCER,oncology
SMALL BOWEL OBSTRUCTION/SDA,gastrointestinal
"HYPERKALEMIA,GANGRENE",endocrine_metabolic
AORTIC ANEURYSM;IV HYDRATION,cardiovascular
CELLULITIS OF RT BREAST-S/P MASTECTOMY,infectious
S/P COLECTOMY/SDA,postoperative_surgical
ISCHEMIC FOOT RIGHT,cardiovascular
OCCLUDED FEM FEM GRAFT,cardiovascular
PANCREATITIS & BILIARY STRICTURE/SDA,hepatobiliary
LT GROIN ABSCESS,infectious
LEFT ISCHEMIC FOOT/SDA,cardiovascular
RIGHT ANKLE FRACTURE,musculoskeletal
FOOT ISCHEMIA,cardiovascular
"SUBCLAVIAN STENOSIS, RIGHT/SDA",cardiovascular
LEFT FRONTAL LOBE MASS;ATAXIA,neurological
LEFT FRONTAL MENINGOMA/SDA,neurological
LEFT INTERAL CAROTID ANEURYSM,cardiovascular
RIGHT MIDDLE LOBE CA/SDA,oncology
LARGE SUBDURAL HEMATOMA,neurological
FEMORAL THROMBOSIS,cardiovascular
GALLSTONES;SDA;METHICILLIN RESISTANT STAPH AUREUS/SDA,infectious
NAUSEA; VOMITTING,symptoms_unspecified
CAVERNOUS ANGIOMA/SDA,neurological
DECREASED BLOOD FLOW TO THE LEFT LEG,cardiovascular
LT SCROTAL ABCESS,infectious
TRACEAL BRONCHIAL MALACIA/SDA,respiratory
GASTRO INTESTINAL MALIGNANCY,oncology
"INFECTED WOUND,RIGHT THIGH",infectious
ISCHEMIC L LEG,cardiovascular
GRAVES DISEASE/SDA,endocrine_metabolic
OSTEOMYOLITIS LEFT SECOND TOE,infectious
ISCHEMIC LEFT FOOT;TELEMETRY,cardiovascular
RIGHT HAND 3RD DIGIT PROXIMAL INTERPHALANGEAL ARTHRITIS AND DEFORMITY; RIGHT HAND 3RD DIGIT STIFFNES/SDA,musculoskeletal
CHOELITHIASIS,hepatobiliary
NECROTIC TOE;PVD,cardiovascular
MALIGNANT NEOPLASM OF COLON,oncology
SYMTOMATIC ANEURYSM AORTIC ABDOMINAL,cardiovascular
DEBRIDEMENT HEEL ULCERS;? VEIN GRAFT RIGHT LEG,postoperative_surgical
HIP FRACTURE-SYNCOPE,musculoskeletal
WOUND INFECTION;TELEMETRY,infectious
OSTEOSARCOMA RIGHT PROXIMAL FEMUR/SDA,oncology
HYPERBILRUBINEIMA,hepatobiliary
BILATERAL EXTREMITY ISCHEMIA/SDA,cardiovascular
S/P LIVER TRANSPLANT\TUBE CHOLANGIOGRAM ? BALLOON DILATATION **REMOTE WEST**/SDA,postoperative_surgical
S/P LIVER TRANSPLANT;ELEVATED LIVER FUNCTION TEST\PERCUTANEOUS TRANSHEPATIC CHOLANGIOGRAM  **REMOTE WEST INR SUITE CC3**/SDA,postoperative_surgical
NON HEALING LEG ULCER,other
LIVER TRASPLANT CANDITATE\ PERCUSTANEOUS TRANSPATIC CHOLANGIOGRAM OF LIVER,hepatobiliary
RIGHT FOOT PAIN,symptoms_unspecified
BRAIN TUMOR; INCREASED EDEMA,neurological
RIGHT BUTTOCK/THIGH DEFECT/SDA,musculoskeletal
RIGHT TIBIA FRACTURE,trauma_injury
HIBILIRUBIN,hepatobiliary
FAILED LEAD PLACMENT\ BIVENTRICULAR LEAD PLACEMENT VIA LEFT THORACOTOMY/SDA,cardiovascular
R/O GASTROINTESTINAL BLEED,gastrointestinal
ACOM ANEURYSM/SDA,neurological
COIL ABDOMINAL ANEURYSM/SDA,cardiovascular
"NON HEALING ULCER, RIGHT FOOT",dermatologic
PETROUS MEINGIOMA /SDA,neurological
CAROTID ANEURYSM/SDA,cardiovascular
TRIMAN FRACTURE AND DISLOCATION,trauma_injury
CHRON'S DISEASE/VENTRAL HERNIA/SDA,gastrointestinal
ACUTE LOWER EXTREMITY ISCHEMIA,cardiovascular
ATHEROSCLEROSIS/SDA,cardiovascular
AIRWAY OBSTRUCTION\RIGID BRONCHOSCOPY WITH STENT REMOVAL,respiratory
SHORT GUT ILEOSTOMY/SDA,gastrointestinal
LLL PNEUMONIA/PLEURAL EFFUSIOM,respiratory
DURAL ARTERIAL VENOUS FISTULA/SDA,neurological
CEREBRAL ANGIOGRAM,neurological
FOOT INJURY,trauma_injury
2ND DEGREE BURN RIGHT LOWER LEG;CELLULITIS;DIABETES,toxicology_poisoning
TRACHEAL BRONCHIO MALASCIA/SDA,respiratory
L FOOT ULCER,dermatologic
PROTRUDING STERNAL WIRE\STERNAL WIRE REMOVAL/SDA,postoperative_surgical
BREAST CANCER LEFT/SDA,oncology
BRAIN METASTESIS,oncology
CHRONIC RENAL FAILURE\EXCHANGE RIGHT PERMACATH W/C-ARM /SDA,renal
ILIAC & RENAL ARTERY STENOSIS/SDA,cardiovascular
SYMPTOMATIC CAROTID STENOSIS LEFT/SDA,cardiovascular
CFS LEAK/SDA,neurological
FAILED LEFT TOTAL HIP REPLACEMENT/NON UNION INTERTROCHANTERIC FRACTURE/SDA,musculoskeletal
ISCHEMIC LEG/IV ANTIBIOTICS,cardiovascular
RESIDUAL ACOM ANEURYSM/SDA,neurological
SPEECH CHANGES;TELEMETRY,neurological
INTERMITANT CLAUDICATION/SDA,cardiovascular
RIGHT AX BIFEM,cardiovascular
RIGHT FRONTAL BRAIN TUMOR N/SDA,oncology
LEFT CAROTID OPTHALMIC ARTERY ANEURYSM/SDA,cardiovascular
CERVICAL SPINAL STENOSIS,musculoskeletal
HYPERBILINEMIA,hepatobiliary
RIGHT HEEL ULCER/SDA,dermatologic
DECOMPRESSION LAMINECTOMY,postoperative_surgical
NON HEALING ULCER RIGHT LEG,dermatologic
L TOE ULCER,dermatologic
FOOT GRAPH,postoperative_surgical
"LIVER MASS, S/P RIGHT COLECTOMY/SDA",hepatobiliary
NON HEALING ULCER RIGHT LOWER EXTREMITY/SDA,dermatologic
CELO-VESSICLE FISTULA,genitourinary
NON HEALING ULCER OF RIGHT LOWER EXTREMITY/SDA,dermatologic
BILIARY OBSTRUCTION/SDA,hepatobiliary
UNCONTROLLED HYPERTENSION,cardiovascular
S/P CATH\CATH,postoperative_surgical
NEW DEPRESSED EJECTION FRACTION; CONGESTIVE HEART FAILURE\CARDIAC CATHETERIZATION,cardiovascular
MITRAL VALVE REGURGITATION\ MITRAL VALVE REPLACEMENT REDO; ?AORTIC VALVE REPLACEMENT; TRICUSPID VALVE REPAIR OR REPLACEMENT,cardiovascular
CERBRAL ANEURYSM/SDA,neurological
ASCENDING AORTIC DISSECTION,cardiovascular
ANOXIC BRAIN INJURY,neurological
CHF\CORONARY ARTERY BYPASS GRAFT WITH MVR /SDA,cardiovascular
RENAL FAILURE;SEPSIS,renal
AMPULLARY CA/SDA,oncology
"ATHEROSCLEROSIS W/CLAUDICATION & INFECTED ARTERIAL GRAFT, RIGHT LOWER EXTREMITY/SDA",cardiovascular
CORONARY ARTERY DISEASE\CORONARY ARTERY BYPASS GRAFT REDO,cardiovascular
BILATERAL ANKLE FX; NEW AFLUTTER,trauma_injury
CRITICAL AORTIC STENOSIS,cardiovascular
SIGMOID CANCER,oncology
ASCITES;LIVER FAILURE,hepatobiliary
V FIB ARREST,cardiovascular
INGESTION OF FOREIGN BODY,gastrointestinal
ACUTE MYELOGENOUS LUKEMIA\BONE MARROW TRANSPLANT,hematologic
HYPERTENSIVE HEMORRHAGE,neurological
"DEHYDRATION,HYPOTENSION",other
ANOREXIA,psychiatric
INFECTED STENT,cardiovascular
CONGESTIVE HEART FAILURE;ELEVATED INR,cardiovascular
S/P BOATING ACCIDENT,trauma_injury
PITUITARY ADENOMA; HYPONATREMIA,endocrine_metabolic
CHEST PAIN;TIA,cardiovascular
EPIDURAL ABSCESS;ASCITES;SEPSIS,infectious
MORBID OBESITY; CHOLECYSTITIS/SDA,hepatobiliary
ACUTE PULMONARY EDEMA/MI\CATH,cardiovascular
LEFT MAIN DISEASE; CORONARY ARTERY DISEASE,cardiovascular
RIGHT URETERAL STONE,genitourinary
FAILURE TO THRIVE;TELEMETRY,symptoms_unspecified
CERVICAL FRACTURE/SDA,trauma_injury
R/O MEDIASTINITIS,infectious
CORONARY ARTERY DISEASE\CORONARY ARTERY BYPASS GRAFT WITH ? AVR /SDA,cardiovascular
S/P NON Q WAVE MI,cardiovascular
CIRRHOSIS;LIVER TRANSPLANT EVALUATION,hepatobiliary
CORONARY ARTERY DISEASE;CHEST PAIN\LEFT HEART CATHETERIZATION,cardiovascular
CORONARY ARTERY DISEASE\CATH/SUBCLAVIAN INTERVATION,cardiovascular
LARGE LIVER HEMATOMA,hepatobiliary
LEFT FRONTAL MENINGIOMA/SDA,oncology
MR\ MITRAL VALVE REPLACEMENT HEART PORT MINIMALLY INVASIVE/SDA,cardiovascular
CONGESTIVE HEART FAILURE;PNEUMONIA;TELEMETRY,cardiovascular
SLEEP APNEA,respiratory
ADRENAL MASS/SDA,endocrine_metabolic
AIRWAY OBSTRUCTION;RELAPSING POLYCHONDRITIS\BRONCHOSCOPY FLEXIBLE; AND RIGID; ? STENT/SDA,respiratory
UGIB;PANCREATIC MASS,gastrointestinal
ACUTE PULMONARY EDEMA\CATH,cardiovascular
MITRAL VALVE INSUFFIENCY\MITRAL VALVE REPLACEMENT /SDA,cardiovascular
JAUNDICE; PHOTO THERAPY,hepatobiliary
PHLEGMASIA,cardiovascular
CHRONIC ULCER LEFT FOOT/SDA,other
GANGRENE LEFT LOWER EXTREMITY/SDA,other
L HIP FX,trauma_injury
RIGHT BRONCHUS INTERMEDIAS CARCINOID/SDA,oncology
PRE-OP COLECTOMY,postoperative_surgical
MENINGITIS/SDA,infectious
INTERANAL CORTID ARTERY STENOSIS/SDA,cardiovascular
FOOT ULCER,other
SMALL BOWEL OBSTRUCTION; CORONARY ARTERY DISEASE\CATH,gastrointestinal
ANTERIOR COMMUNICATING ARTERY ANEURSYM/SDA,neurological
URINARY POUCH STONE; STENT PLACEMENT,genitourinary
SCALP LESIONS/SDA,dermatologic
CEREBAL ANEURYSM/SDA,neurological
LEFT KIDNEY CANCER/SDA,oncology
RIGHT LEG ARTERIAL CLOT,cardiovascular
ISCHEMIA BILATERAL LEGS,cardiovascular
LEFT FOOT OSTEOMYELITIS/SDA,infectious
DRY GANGRENE,other
NONRUPTED CEREBRAL ANEURYSM/SDA,neurological
STATUS POST CABBAGE\STERNAL WIRE REMOVAL W/HEART TEAM/SDA,postoperative_surgical
"RIGHT FOOT EQUINUS, CHARCOT/SDA",musculoskeletal
OPEN TIB/FIB FRACTURE,trauma_injury
RIGHT TOE INFECTION,infectious
MELANOMA. LEFT WRIST/SDA,oncology
S/P HEMI CRANIECTOMY/SDA,postoperative_surgical
DESMOID TUMOR/SDA,oncology
FAILING GRAFT; ACUTE PAIN,renal
LEAD MALFUNCTION\MEDTRONIC BiV/ICD LEAD AND DEVICE EXTRACTION /SDA,cardiovascular
THYROID NEOPLASM UNCERTSIN TYPE/SDA,oncology
TRAUMATIC HEAD INJURY/SDA,trauma_injury
MALIGNANT THYROID TUMOR/SDA,oncology
ARTERIAL OCCLUSIVE DISEASE,cardiovascular
RIGHT SIDED TEMPORAL GLIOMA/SDA,oncology
RECURRENT VAGINAL CA,oncology
ARTERIAL INSUFFICIENCY RIGHT FOOT,cardiovascular
NON HEALING ULCER LEFT LEG,other
L5-S1 HERNIATED DISC/SDA,musculoskeletal
RIGHT FRONTAL BRAIN TUMOR/SDA,oncology
MULTI MYELOMA;PAIN,hematologic
LEFT TIBIA MASS/SDA,oncology
HYPERPARATHYRODISM/SDA,endocrine_metabolic
CHOLEDOCHOLELITHIASIS/SDA,hepatobiliary
INFECTED LEFT LEG ULCER,infectious
AV GRAFT REVISION,renal
AIRWAY OBSTRUCTION/SDA\ BRONCHOSCOPY RIGID,respiratory
RIGHT SHOULDER ADHESIVE CAPSULITIS/SDA,musculoskeletal
GANGRENE L LEG,other
TRAUMATIC SPONDYLOLISTHESIS/SDA,trauma_injury
"LEFT FEMORAL SUBTROCHANTERIC FX, NON-UNION/SDA",trauma_injury
INCISIONAL DEFECT/SDA,postoperative_surgical
SUBARACHNOID HEMMORHAGE/SDA,neurological
LEFT-SIDED WEAKNESS;TELEMETRY,neurological
NON HEALING WOUND/SDA,other
MELANOMA OF MID BACK/SDA,oncology
CEREBRAL PALSY; RECURRENT ASPIRATION PNEUMONIA/SDA,neurological
RECURRENT ASPIRATION; PNEUMONIA/SDA\G TUBE CONVERSION TO GJ TUBE ** REMOTE WEST-INR **,respiratory
S/P PEDESTRIAN STRUCK-TIBIA PLATEAY,trauma_injury
"POPLITEAL ANEURYSM, RIGHT/SDA",cardiovascular
SBO,gastrointestinal
CEREBRAL AVM/SDA,neurological
BRAIN ANTERIOR VENOUS MALFORMATION/SDA,neurological
INVERTED STOMA/SDA,postoperative_surgical
LEFT URETER TUMOR/SDA,genitourinary
LEFT FRONTAL ACYSTIC MASS,neurological
RIGHT PARIETAL BRAIN MASS,neurological
S/P C2FRACTURE TYPE 2;OPEN REDUCTION INTERNAL FIXATION,trauma_injury
SEIZURE;HEAD MASS,neurological
TIPS\ TIPS REDO/SDA,hepatobiliary
DRUG REFRACTORY ATRIAL FIBRILLATION\PULMONARY VEIN ISOLATION; ATRIAL TACHYCARDIA ABLATION **REMOTE WEST** /SDA,cardiovascular
METASTATIC BRAIN TUMOR/SDA,oncology
ISCHEMIC CHOLITIS & GALLBLADDER POLYP/SDA,gastrointestinal
SKULL FRACTURE/SDA,trauma_injury
THROMBOSIS;RIGHT AV LOOP GRAFT,hematologic
LEFT CEREBRAL ARTERY ANEURYSM/SDA,neurological
LEFT CAROTID ANEURYSM/SDA,cardiovascular
RT FOOT ULCER,other
OPEN WOUND ABDOMINAL WALL/SDA,trauma_injury
CRANIAL BONE DEFECT/SDA,trauma_injury
"PULMONARY NODULE, LEFT /SDA",respiratory
"BREAST CANCER;RECONSTRUCTION,BREAST",oncology
WOUND INFECTION OF LEFT TIBIA/SDA,infectious
BASAL CCELL CARCINOMA OF TEMPLE AND EAR/SDA,dermatologic
HYPERBILIRUBEN,hepatobiliary
INCARCERATED MENTAL HERNIA,gastrointestinal
TRIPLE A/SDA,cardiovascular
METASTATIC MELANOMA LEFT NECK/SDA,oncology
HEPATOCELLUAR CARCINOMA/SDA,oncology
MESENTERIC TUMOR/COMMON BLE DUCT STONES/SDA,oncology
ARACHNOID CYST/SDA,neurological
NON-HEALING ULCER RIGHT FIRST TOE,other
GASTROPARESIS WITH LONG STANDING G-TUBE/SDA,gastrointestinal
BRAIN TIMOR/SDA,oncology
"ULCERATIVE COLITIS, CHRONIC/SDA",gastrointestinal
ABDOMINAL PAIN;PANCREATITIS,gastrointestinal
LUNG CANCER\INSERTION INDWELLING PORT **WEST REMOTE-CC2 INR SUITE**/SDA,oncology
LYMPHOMA/SDA,oncology
LEFT UPPER LUNG NODULE/SDA,respiratory
ATHEROSCLEROSIS WITH CLAUDICATION,cardiovascular
HYPOTHERMIA-PNEUMONIA,infectious
RENAL HEMATOMA;MVC,trauma_injury
CHOLANGIO MASS,hepatobiliary
CO2 RETENTION,respiratory
ATRIAL FIBRILLATION\PACEMAKER IMPLANTATION/ATRIAL FLUTTER ABLATION,cardiovascular
LEFT KNEE OSTEOARTHRITIS,musculoskeletal
HYPOTENSION;HYPOGLYCEMIA;SEIZURE,endocrine_metabolic
RECURRENT INTERNAL CARDIOVERTER DEFIBRILLATOR SHOCKS;HEART FAILURE MANAGEMENT,cardiovascular
HEMOTHORAX/HIGH INR S/P FALL,trauma_injury
SEPSIS-MYOCARDIAL INFARCTION-HEAD BLEED,infectious
?LABOR,pregnancy_obstetric
MITTAL VALVE INSUFFICIENCY\MITRAL VALVE REPLACEMENT,cardiovascular
MULTIPLE MYELOMA;SPINAL METASTASIS,oncology
FEVER AND NEUTROPENIA,infectious
STABBING VICTIM,trauma_injury
S/P VENTRICULAR FIBRILLATION ARREST;CORONARY ARTERY DISEASE\CATH,cardiovascular
CERVICAL SPINE INSTABILITY,musculoskeletal
LUNG CA WITH AIRWAY OBSTRUCTION,oncology
SUBDURAL HEMATOMA-S/P FALL,trauma_injury
STEMI;,cardiovascular
COMMON BILE DUCT STONE;CHOLANGITIS,hepatobiliary
MITRAL STENOSIS\CORONARY ARTERY BYPASS GRAFT WITH MVR; ? TVR,cardiovascular
CHEST PAIN;+ STRESS TEST\CATH,cardiovascular
RIGHT VENTRICULAR LEAD MALFUNCTION;INAPPROPRIATE IMPLANTABLE CARDIOVERTER-DEFIBRILLATOR FRING\RIGHT VENTRICULAR IMPLANTABLE CARDIOVERTER-DEFIBRILLATOR LEAD EXTRACTION/SDA,cardiovascular
NON ST ELEVATION,cardiovascular
CORONARY ARTERY DISEASE\CORONARY ARTERY BYPASS GRAFT WITH MITRAL VALVE REPLACEMENT,cardiovascular
POST OPERATIVE ILEUS,postoperative_surgical
CLIVAL MASS/SDA,neurological
"ACUTE RENAL FAILURE,THROMBOCYTOPENIA",renal
MALIGNANT NEOPLASIA OF LEFT EYE/SDA,oncology
"TIGHT RIGHT CAROTID, SYMPTOMATIC WITH VISUAL CHANGES",neurological
HYPOXIA OF UNKNOWN ETIOLOGY,respiratory
OCCLUDED FEMORAL GRAFT,cardiovascular
CONGESTIVE HEART FAILURE;MR\CATH,cardiovascular
MITRAL VALVE DISORDER\MVR/ MAZE ? CORONARY ARTERY BYPASS GRAFT /SDA,cardiovascular
RIGHT MANDIBULAR CELLULITIS,infectious
STEMI;HEAD BLEED,cardiovascular
CORONARY ARTERY DISEASE\LEFT CAROTID ANGIOGRAM,cardiovascular
AORTIC VALVE STENOSIS\AORTIC VALVE / ASCENDING AORTA REPLACEMENT /SDA,cardiovascular
CHEST PAIN;POSITIVE STRESS TEST,cardiovascular
CONGESTIVE HEART FAILURE;ACUTE CHRONIC RENAL FAILURE,cardiovascular
"SEIZURE,RHABDOMYOLSIS,FEVER",neurological
METASTATIC RENAL CELL CARCINOMA\INTERLEUKIN (HD-IL2),oncology
CAROTID STENOSIS LEFT,cardiovascular
POST ARREST;CONGESTIVE HEART FAILURE,cardiovascular
R/O MYOCARDITIS,cardiovascular
LEFT RENAL FRACTURE,trauma_injury
HYPOGLYCEMIA;SEIZURES,endocrine_metabolic
BRADYCARDIA; RIGHT UPPER LOBE NODULE/SDA,cardiovascular
ALTERED MENTAL STATUS; ACUTE LEUKEMIA,hematologic
AORTIC VALVE STENOSIS\CORONARY ARTERY BYPASS GRAFT WITH AVR,cardiovascular
"POSSIBLE PNEUMONIA,ASCITES,HYPONATREMIA",infectious
ACUTE INFERIOR MI,cardiovascular
FEVER-CHEST PAIN,symptoms_unspecified
UPPER GASTROINTESTINAL BLEEDING,gastrointestinal
AV NODAL REENTRY TACHYCARDIA; HYPOT,cardiovascular
PROSTATE CANCER;DVT,oncology
TAMPONDAE,cardiovascular
"RESPIRATORY FAILURE,ASPIRATION PNA",respiratory
"CORONARY ARTERY DISEASE\MYOMECTOMY, ? MITRAL VALVE REPLACEMENT /SDA",cardiovascular
S/P NON Q MI;CONGESTIVE HEART FAILURE\CATH,cardiovascular
"RENAL FAILURE, HYPERKALEMIA",renal
L SIDED PNEUMONIA; ESRD,infectious
ABOMINAL PAIN,symptoms_unspecified
AORTIC VALUE ENDOCARDITIS,cardiovascular
"CELLULITIS, HIP PAIN",infectious
SPON BACTERIAL PERITONITIS,infectious
TRACHEAL TEAR,trauma_injury
SUBARACHNOID HEMORRHAGE-SUBDURAL HEMORRHAGE-FEVER-UROSEPSIS,neurological
URINARY TRACT INFECTION;PYELONEPHRITIS;FEVERS,infectious
EPIDURALHEMATOMA,neurological
RIGHT INGUINAL & UMBILICAL HERNIA,gastrointestinal
CERVICAL & LUMBAR SPINAL STENOSIS/SDA,musculoskeletal
S/P MOTOR VEHICLE ACCIDENT-FEMUR FRACTURE,trauma_injury
FLANK PAIN;CHEST PAIN,symptoms_unspecified
HYPOGLYCEMIA;RESPIRATORY FAILURE,endocrine_metabolic
OVER DOSE(TYLENOL AND KLONOPIN),toxicology_poisoning
"S/P SEIZURE ATTACH,ETOH ABUSE",neurological
LEFT PAROTID MASS/SDA,oncology
"RHABDOMYOLYSIS,COMPARTMENT SYNDROME",musculoskeletal
ANEMIA/THROMBOCYTOPNEIA/FEVER,hematologic
ACA ANEURYSM,neurological
SQUAMOUS CELL CARNINOMA/SDA,oncology
CARDIOMYOPATHY\EP STUDY,cardiovascular
CORONARY ATHEROSCLEROSIS OF NATIVE CORONARY\CORONARY ARTERY BYPASS GRAFT WITH MVR /SDA,cardiovascular
"CLOTTED DIALYSIS ACCESS;OPEN WOUND,RIGHT ARM",renal
RESUCITATED CARDIAC ARREST,cardiovascular
L. SIDED EFFUSION,respiratory
CORONARY ARTERY DISEASE;ANGINA\ANGIOPLASTY,cardiovascular
HYPOTENSION;SIRS,other
"BICYCLIST STRUCK,SUBDURAL HEMATOMA",trauma_injury
ABDOMINAL PAIN;FIBROMYALGIA,symptoms_unspecified
"MITRAL VALVE INSUFFICENCY, CAD\CORONARY ARTERY BYPASS GRAFT WITH MVR, PATENT FORAMEN OVALE, ? AVR",cardiovascular
CNS INFECTION,infectious
TYNENOL OD,toxicology_poisoning
TACHY-BRADY SYNDROME\DUAL CHAMBER PACEMAKER IMPLANT/SDA,cardiovascular
S/P CABG; CHF,cardiovascular
SUBDURAL HEMAROMA,neurological
GIBLEED,gastrointestinal
"CAD, AS\CORONARY ARTERY BYPASS GRAFT;AORTIC VALVE REPLACEMENT/SDA",cardiovascular
BASILAR ANEURYSM/SDA,neurological
LT HALLUX GANGRENE,cardiovascular
RIGHT ORAL TONGUE CANCER/SDA,oncology
CANCER LARYNX/SDA,oncology
S/P CABG\STERNAL WIRE REMOVAL/SDA,postoperative_surgical
ATHEROSCLEROSIS WITH GANGRENE,cardiovascular
BRADYCARDIA;EATING DISORDER,cardiovascular
EXCESS SKIN FROM BILATERAL ARMS,other
POST SURGICAL INFECTION,postoperative_surgical
SPINAL CORD TUMOR,neurological
SUDURAL HEMATOMA/SDA,neurological
"VARICOSE VEINS,L/SDA",cardiovascular
TUMOR OF THROAT & VOICE BOX/SDA,oncology
ULCER RIGHT LOWER EXTREMITY,other
EXPLORATION UNDER ANESTHESIA,other
SIGMOID DIVERTICULITIS; PARASTOMA HERNIA/SDA,gastrointestinal
OPEN WOUND BILATERAL LEGS/SDA,trauma_injury
METASTATIC RECTAL CANCER; BILE DUCT OBSTRUCTION\PLACEMENT OF METALLIC STENT TO BILE DUCT **REMOTE WEST -- INR SUITE**/SDA,oncology
"RT HIP FRACTURE,R/O MI",trauma_injury
UNSPECIFIED BRAIN MASS/SDA,neurological
GANGRENE BILATERAL FEET;IV ANTIBIOTICS,cardiovascular
MENINGIOMA LEFT FRONTAL/SDA,neurological
PERSONAL HX OF BREAST CA/SDA,oncology
NON HEALING ULCER LEFT LOWER EXTREMITY/SDA,other
OSTEO SARCOMA LEFT DISTAL FEMUR/SDA,oncology
BREAST CA,oncology
THOROABDOMINAL ANEURYSM/SDA,cardiovascular
SEVERE PANCREATITIS; INFECTED PSEUDOCYST/SDA,gastrointestinal
BOWEL OBSTRUCTION; PANCREATITIS/SDA,gastrointestinal
RIGHT LEG RUPTURE QUADRICEPS TENDON/SDA,musculoskeletal
CENTRAL SCALP MELANOMA/SDA,oncology
INSTRUMENTATION FAILURE/SDA,postoperative_surgical
"PATHOLOGICAL FRACTURE, L1/SDA",musculoskeletal
LUMBAR SPONDYLOLISTHESIS/SDA,musculoskeletal
CELLULITIS LEFT LOWER EXTREMITY;SD,infectious
CEREBRAL ANEURSYM/SDA,neurological
REFRACTORY ARITERITIS,other
HYPOTENSION;WEAKNESS,symptoms_unspecified
PNEUMONIA;HYPERTENSION;DEPRESSION,infectious
"OBESITY,DIABETES/SDA",endocrine_metabolic
CORONARY ARTERY DISEASE\RIGHT CORONARY ARTERY ANGIOPLASTY;POSSIBLE STENT PLACEMENT,cardiovascular
HIV; RESPIRATORY FAILURE,infectious
HYPOXIC PULMONARY HYPERTENSION,respiratory
T8-T9 FRACTURE-UPPER BACK PAIN,trauma_injury
NON-ST ELEVATION MYOCARDIAL INFARCTION\LEFT HEART CATHETERIZATION,cardiovascular
ACQUIRED CARDIAC SEPTAL DEFECT\VENTRICULAR SEPTAL DEFECT REPAIR; ? MVR/SDA,cardiovascular
CHOLANGITIS;RENAL FAILURE;CONGESTIVE HEART FAILURE,infectious
HEMOPTYSIS;SHORTNESS OF BREATH,respiratory
CORONARY ARTERY DISEASE; THYROID NEOPLASM\CORONARY ARTERY BYPASS GRAFT; THYROIDECTOMY /SDA,oncology
"PANCREATIC TUMOR, ? LIVER METS/SDA",oncology
IM ROD PLACEEMENT TO LEFT FEMUR,trauma_injury
ACETABULAR FRACTURE;FALL,trauma_injury
HYPERKALEMIA; ACUTE RENAL FAILURE,renal
HYPOTENSION;PANCREATITIS;TELEMETRY,gastrointestinal
SUB GLOTTIC MASS,respiratory
S/P FALL; SUBDURAL HEMATOMA,trauma_injury
CHEST PAIN; MENTAL STATUS CHANGE,symptoms_unspecified
MR\MITRAL VALVE REPLACEMENT; REDO; ? CABG/SDA,cardiovascular
HEART MASS,cardiovascular
C SPINE FRACTURE;SYNCOPE,trauma_injury
DECONGESTINAL LIVER FAILURE,hepatobiliary
FEVER/BACK PAIN,symptoms_unspecified
TESTICULAR PAIN,genitourinary
TSAH,neurological
NECK PAIN; ?CORD COMPRESSION ON MR,musculoskeletal
SENCONDAR LESION TO SPINE/SDA,oncology
LACERATED SPLEEN;STATUS POST MOTOR VEHICLE ACCIDENT WITH INJURIES,trauma_injury
"ULCERATIVE COLITIS,ABD PAIN",gastrointestinal
BOORHAAVE'S,gastrointestinal
SKULL /BRAIN LESIONS/SDA,neurological
BONE/ SKIN NEOPLASM/SDA,oncology
PULMOMNARY EMBOLUS,cardiovascular
NEUTROPENIA;ESOPHEGEAL CANCER,oncology
MAST CELL REACTION;CHEST PAIN,hematologic
AV GRAFT INFECTION,infectious
METASTATIC ADENOCARCINOMA OF LIVER; PAPILLARY RENAL CELL CARCINOMA/SDA,oncology
"HYPERTENSION,HYPERLIPIDEMIA",cardiovascular
"FALL, SPINA; DETRUSOR HYPERREFLEXIA",neurological
MALIGNANT NEOPLASM OF THE RECTUM/SDA,oncology
PALPATATIONS,cardiovascular
INTRABDOMINAL HEMORRHAGE,trauma_injury
TRACHEOBRONCOMALASIA /SDA,respiratory
MITRAL STENOSIS\HEPARIN,cardiovascular
AORTIC INSUFFICIENCY\AORTIC VALVE REPLACEMENT; MINIMALLY INVASIVE RE-DO/SDA,cardiovascular
ALTERED MENTAL STATUS;FEBRILE,symptoms_unspecified
S/P PELVIC FRACTURE,trauma_injury
PERSISTENT V-FIB ARREST,cardiovascular
CORONARY ARTERY DISEASE\CORONARY ARTERY BYPASS GRAFT; WITH ? MVR/SDA,cardiovascular
INTRACTABLE NAUSEA,symptoms_unspecified
FOOT NUMBNESS;CLAUDICATION\RIGHT LEG ANGIOGRAM,cardiovascular
MENINIGIOMA/SDA,neurological
INTRAMURAL HEMORRHAGE,cardiovascular
F HUMERUS & AF,trauma_injury
FEVER/ HYPOTENSION,symptoms_unspecified
HEMOTHORAX;HIP FRACTURE,trauma_injury
FEVER;RULE-OUT MYOCARDIAL INFARCTION,cardiovascular
METASTATIC LUNG CANCER;PNEUMONIA,oncology
STROKE /TIA,neurological
MENTAL STATUS CHANGES;FAILURE TO THRIVE,psychiatric
FAILURE TO WEAN OFF VENT,respiratory
ATHERSCLEROSIS OF EXTREMITIES W/ INTERMITTENT CLAUDICATION RIGHT LOWER EXTREMITY/SDA,cardiovascular
RIGHT POPLITEAL ANEURYSM/SDA,cardiovascular
INTRAVENTRICULAR BRAIN TUMOR/SDA,neurological
COMPRESSION FRACTURE/SDA,trauma_injury
GANGRENE;TELEMETRY,other
GAIT ABNORMALITY,neurological
RIGHT POPLITEAL ARTERY STENOSIS/SDA,cardiovascular
OSTEROARTHRITIS OF LEFT WRIST/SDA,musculoskeletal
MESENTERIC ISCHEMIC,gastrointestinal
MESENPERIC ISCHEMIA,gastrointestinal
RIGHT HIP PAIN/SDA,musculoskeletal
ATRIAL FLUTTER\TEE; ATRIAL FLUTTER ABLATION **REMOTE WEST**/SDA,cardiovascular
SEIZURE DISORDER/SDA,neurological
CHOLEDUODENAL FISTULA/SDA,gastrointestinal
TRACHEOBRONCHOPLASTY;EPIDURAL CATHETER,respiratory
BRAIN METASTESIS/SDA,oncology
INTRACEREBRAL HEMORRHAGE/SDA,neurological
IPMT/SDA,oncology
RIGHT URETERAL STRICTURE/SDA,genitourinary
GASTROPARESIS\PLACEMENT OF G-TUBE **REMOTE WEST**/SDA,gastrointestinal
S/P FEMORAL ENDARARECTOMY,postoperative_surgical
VENTRAL HERNIA;SIGNFICANT PAIN UNRESPONSIVE TO PO MEDICATION;SURGERY MORE EXTENSIVE THAN PLANNED,postoperative_surgical
UNEXPLAINED THROMBOSIS OF LEFT LEG; FEMORAL POPLITEAL GRAFT/SDA,hematologic
STATUS POST VALVE REPLACEMENT\DEBRIDEMENT STERNUM /SDA,postoperative_surgical
"MALIGNANT NEOPLASM, RIGHT HAND/SDA",oncology
METASTATIC BREAST CANCER TO LIVER/SDA,oncology
HISTORY OF BREAST CA/SDA,oncology
SMALL INTESTINAL STRICTURE/SDA,gastrointestinal
RESOLVING ABDOMINAL COLLECTION/SDA,gastrointestinal
LEFT HAND WEAKNESS;METASTATIC RENAL CANCER,oncology
CEREBRIAL ARTERIOVENOUS MALFORMATION/SDA,neurological
PANCREATIC PSEUDOCYST/SDA,gastrointestinal
RIGHT FOOT CHRONIC ULCER/SDA,other
CAROTID STENOSIS\ CAROTID ANGIOGRAM WITH STENT; LEFT/SDA,cardiovascular
CAROTID BRUIT AND STENOSIS/SDA,cardiovascular
ULCER LEFT LEG,other
BREAST CANCER WITH WETS TO BRAIN,oncology
ASTHMA FLARE-FLU,respiratory
METASTATIC MELANOMA; RIGHT SUBMANDIBULAR MASS;PHARYNGEAL LESION/SDA,oncology
ANEURYSM; CEREBRAL/SDA,neurological
R/O GANGRENOUS CHOLECYSTITIS,hepatobiliary
GASTRIC CARDIA/SDA,gastrointestinal
"COLON TUMOR, BENIGN/SDA",oncology
PVD\PREIPHERAL ANGIOGRAM,cardiovascular
"BILIARY OBSTRUCTION, S/P LIVER TRANSPLANT/SDA\PERCUTANEOUS TRANSHEPATIC CHOLANGIOGRAM **WEST REMOTE-CC3 ANGIO SUITE**",hepatobiliary
LEFT POSTERIOR PARIETAL LOBE LESION/SDA,neurological
GALLSTONE; PANCREATITIS/SDA,hepatobiliary
NON- HEALING LEFT LOWER EXTREMITY ULCER,other
NON-HEALING ULCER LEFT LOWER EXTREMITY,other
DUODENAL ULCER;S/P ERCP,gastrointestinal
"DKA, PNEUMONIA",endocrine_metabolic
S/P KIDNEY TRANSPLANT;NAUSEA;VOMITING,renal
PNEUMONIA;HIP DISLOCATION,respiratory
REPAIR OF ASCENDING AORTIC ANEURYSM,cardiovascular
"INFECTED FOOT ULCER,RIGHT;IV ANTIBITOICS;VEIN MAPPING;DIALIYZE",infectious
CHEST APIN,symptoms_unspecified
AORTIC STENOSI\AORTIC VALVE REPLACEMENT/SDA,cardiovascular
POSSIBLE UPPER GI BLEED,gastrointestinal
LUNG NODULE\THORACOSCOPY VIDEO ASSISTED LUNG BIOPSY RIGHT; STERNOTOMY; PERICARDIAL STRIPPING /SDA,oncology
DEHYDRATION;ALTERED MENTAL STATUS,other
DUODENAL FISTULA/SDA,gastrointestinal
HEMORRHAGIC CVA;TELEMETRY,neurological
PNEUMONIA;LIVER FAILURE;RENAL FAILURE,infectious
AIRWAY OBSTRUCTION;LUNG CANCER,oncology
CONGESTIVE HEART FAILURE;DYSPNEA\CATH,cardiovascular
V TACH/CARDIOMYOPATHY,cardiovascular
CONGESTIVE HEART FAILURE;CARDIOMYOPATHY\CARDIAC CATH,cardiovascular
METASTATIC ADENOIDCYSTIC CANCER,oncology
RIGHT COLON CANCER/SDA,oncology
SIGMOID COLON CA,oncology
MITRAL REGURGITATION\CARDIAC CATHETERIZATION,cardiovascular
BRAIN MENINGIOMA/SDA,neurological
ANGINA;+ETT,cardiovascular
"CORONARY ARTERY DISEASE\CORONARY ARTERY BYPASS GRAFT, RE-DO; T.M.R./SDA",cardiovascular
SEPSIS;WOUND INFECTION,infectious
CARDIAC ISCHEMIA;HYPOTENSION,cardiovascular
AORTIC STENOSIS\RE-DO AVR; ? ASCENDING AORTA REPLACEMENT    /SDA,cardiovascular
"URINARY TRACT INFECTION,NAUSEA,VOMITING,DIARRHEA",genitourinary
PNEUMONIA; ACUTE RENAL FAILURE,infectious
GASTROINTESITINAL BLEED,gastrointestinal
"PULMONARY EDEMA,CARDIAC ARREST",cardiovascular
ACUTE CORONARY SYNDROME;STATUS EPILLECTUS,cardiovascular
TRACHEAL STENOSIS; END STAGE PARKINSON'S DISEASE,neurological
FUNGAL RESPIRATORY INFECTION,infectious
ATERIAL INSUFFICIENCY,cardiovascular
HYPOTENSION;SEPSIS;PERICARDIAL EFFUSION,infectious
PSEUDOCYST,gastrointestinal
"CORONARY ARTERY DISEASE\CORONARY ARTERY BYPASS GRAFT, MITRAL VALVE REPAIR, ? MITRAL VALVE REPLACEMENT/SDA",cardiovascular
NAUSEA;VOMITTING; HYPOTENSION,symptoms_unspecified
BIKER STRUCK,trauma_injury
BILIARY STRICTURE,hepatobiliary
ANTERIOR STEMI,cardiovascular
"R/O MI,NEW ACUTE RENAL FAILURE,ANEMIA",cardiovascular
ABDONINAL PAIN',symptoms_unspecified
LUNG CANCER;CENTRAL AIRWAY OBSTRUCTION,oncology
CIRRHOSIS;ETOH WITHDRAWAL;GASTROINTESTINAL BLEED,hepatobiliary
URINARY TRACT INFECTION;DEEP VEIN THROMBOSIS,genitourinary
RESPIRATORY FAILURE;CHRONIC OBSTRUCTIVE PULMONARY DISEASE,respiratory
ALTERED MENTAL STATUS CHANGE;TELEMETRY,symptoms_unspecified
HEMATURIA;BLADDER BLEED,genitourinary
SQUAMOUS CELL CARCINOMA;RESPIRATORY FAILURE,respiratory
"ABSCESS, HYPERGLYCEMIA",infectious
MULTIFOCAL HEPATOCELLULAR CA/SDA,oncology
OBSTRUCTIUE JAUNDICE\ ERCP; STONEHAM ONE,hepatobiliary
LUMBAR STENOSIS,musculoskeletal
TRAUMA/ICH,trauma_injury
AORTIC STENOSIS\AORTIC VALVE REPLACEMENT  ? CORONARY ARTERY BYPASS GRAFT /SDA,cardiovascular
S/P BIKE CRASH-MANDIBULAR FRACTURE,trauma_injury
TRACHEAL LACERATION,trauma_injury
POSSIBLE MI,cardiovascular
TRACHEAL LEAK;RESPIRATORY FAILURE,respiratory
CHEST  PAIN;CORONARY ARTERY DISEASE,cardiovascular
HNNK;ALTERED MENTAL STATUS,endocrine_metabolic
LOWER GIB;ATRIAL FIBRILLATION;TELEMETRY,cardiovascular
LEFT HUMERUS FRACTURE;HIP FRACTURE;HYPOXIA,trauma_injury
ALTERED MANTAL STATUS,neurological
FEVER;NEUTROPENIC,infectious
URINARY TRACT INFECTION;HYOPERGLYCEMIA;FOOT ULCER,infectious
RIGHT FOOT ULCER,infectious
RULE-OUT MYOCARDIAL INFARCTION;TELEMETRY;HYPOXIA,cardiovascular
MITRAL REGURGITATION\MITRAL VALVE REPLACEMENT;DAVID PROCEDURE /SDA,cardiovascular
CORONARY ARTERY DISEASE\CORONARY ARTERY BYPASS GRAFT; WITH AVR; ? OF MITRAL VALVE REPLACEMENT/SDA,cardiovascular
BASILAR ARTERY STENOSIS,cardiovascular
MITAL VALVE INSUFFICENCY\MITRAL VALVE REPLACEMENT /SDA,cardiovascular
NON Q MI;COPD;GI BLEED,cardiovascular
R/O CHOLECYSTITIS,hepatobiliary
DERMOID CYST,other
PNEUMONIA;HUMAN IMMUNODEFIENCY VIRUS;RULE OUT TUBERCULOSIS,infectious
NAUSA VOMITING,gastrointestinal
PELVIC INJURY,trauma_injury
PFO\PATENT FORAMEN OVALE;MINIMALLY INVASIVE,cardiovascular
RESPIRATORY FAILURE-HYPOXIA,respiratory
OCCLUDED T TUBE,postoperative_surgical
AORTIC STENOSIS;MITRAL VALVE REGURGITATION,cardiovascular
HYPERTROPHIC OBSTRUCTIVE CARDIOMYOPATHY\RIGHT AND LEFT HEART CATH ETHANOL SEPTAL ABLATION/SDA,cardiovascular
SEPSIS;ABDOMINAL PAIN,infectious
HEAD TRAUM,trauma_injury
SHOCK;HYPOVOLEMIA;BILATERAL ANKLE LACERATION,trauma_injury
RIB FRACTURE;S/P PEDESTRIAN STRUCK,trauma_injury
CORONARY ARTERY DISEASE;ATRIAL FIBRILLATION,cardiovascular
CORONARY ARTERY DISEASE\CORONARY ARTERY BYPASS GRAFT; W/POSSIBLE LVAD/SDA,cardiovascular
"AORTIC STENOSIS\BENTAL PROCEDURE, ? ASCENDING AORTA REPLACEMENT /SDA",cardiovascular
ETOH WITHDRAWAL;DEPRESSION,psychiatric
2 WEEKS/2DAYS POST PARTUM;BLEEDING,pregnancy_obstetric
NECROTIZING FASCIITIS LEFT LEG,infectious
FEVER;LOW BLOOD PRESSURE,infectious
NON STE MI,cardiovascular
SEPSIS;INFECTED RENAL STONE,infectious
PNA/ILI,infectious
ACUTE RESPIRATORY DISTRESS SYNDROME;ACUTE RENAL FAILURE,respiratory
DIABEETIC KETOACIDOSIS,endocrine_metabolic
MACRODACTYLY RIGHT 1ST DIGITI/SDA,musculoskeletal
AORTIC STENOSIS\MITRAL VALVE REPLACEMENT; HEART PORT MINIMALLY INVASIVE/SDA,cardiovascular
BENIGN PNEUMATOSIS,respiratory
THORACO-ABDOMINAL ANEURYSM \ THORACO-ABDOMINAL ANEURYSM/SDA,cardiovascular
RENAL CELL CARCINOMA\BRONCHOSCOPY WITH PDT,oncology
LEFT-SIDED BRAIN BLEED;TELEMETRY,neurological
MVA;PNEUMOTHORAX,trauma_injury
DKA/ABDOMINAL PAIN,endocrine_metabolic
TRACHEOBRONCIOMALACEA/SDA,respiratory
ACUTE CORONARY SYNDROME;ST ELEVATION MI,cardiovascular
ANEMIA-THROMBOCYTOPENIA-COAGULOPATHY,hematologic
UPPER G.I. BLEED,gastrointestinal
"SEPSIS, R/O MI",infectious
BRAIN METS-STATUS EPILEPTICUS,oncology
"HEMOPTYSIS,HYPERTENSION",respiratory
INFECTED LEG WOUND POST CORONARY ARTERY BYPASS SURGERY,infectious
DIAPHRAGM RUPTURE,trauma_injury
C-DIFF INFECTION,infectious
ENDOCARDITIS;CHEST PAIN;MITRAL VALVE MASS\CATH,infectious
AORTIC STENOSIS\CORONARY ARTERY BYPASS GRAFT; W/AVR; ? RESECTION AORTIC ASCENDING ANEURYSM/SDA,cardiovascular
S/P MVC;HEAD INJURY,trauma_injury
METASTATIC BREAST CANCER; PNEUMONIA,oncology
RIGHT UPPER QUADRANT PAIN;GASTROESOPHAGEAL REFLUX DISEASE;CHOLECYSTITIS,gastrointestinal
HYPOXIA; ABD. PAIN,respiratory
PULMONARY EDEMA;CHEST PAIN;TELEMETRY,cardiovascular
PULMONARY EDEMA;HYPERGLYCEMIA,cardiovascular
LUNG ANGIOMA;BILATERAL AIRWAY OBSTRUCTION,oncology
EVOLVING MI\CATH,cardiovascular
RESPIRATORY INSUFFICIENCY/SDA,respiratory
PNEUMONIA;RAPID AFIB,infectious
ACUTE RENAL FAILURE;NEUTROPENIA;CELLULITIS,renal
RIGHT HIP OSTEOMYELITS/SDA,infectious
LOWER GASTROINTESTINAL BLEED;A FIB,gastrointestinal
CONGESTIVE HEART FAILURE;IDIOPATHIC DILATED CARDIOMYOPATHY,cardiovascular
STEMI-GASTROINTESTINAL BLEED,cardiovascular
"PANCREATITIS,DIABETIC KETO ACIDOSIS",gastrointestinal
ASD\REPAIR ATRIAL-SEPTAL DEFECT; LIMITED ACCESS; ? TRICUSPID VALVE REPLACEMENT/SDA,cardiovascular
PVD\LOWER EXTREMITY ANGIOGRAM,cardiovascular
RENAL FAILURE;PERICADIAL EFFUSION,renal
"CAD, MR\CORONARY ARTERY BYPASS GRAFT;MITRAL VALVE REPLACEMENT/SDA",cardiovascular
ACUTE RESPIRATORY FAILURE;UROSEPSIS,infectious
"DEHYDRATION,LEUKOCYTOSIS,ABDOMINAL PAIN",infectious
CORONARY ARTERY DISEASE\CORONARY ARTERY BYPASS GRAFT WITH AVR ? MYOMECTOMY/SDA,cardiovascular
NON-ST SEGMENT ELEVATION MYOCARDIAL INFARCTION;HYPOGLYCEMIA,cardiovascular
INVASIVE SQUAMOUS CELL CARCINOMA OF SUB GLOTTIS/SDA,oncology
"SEPSIS,HYPERSTENSION, RESPIRATORY FAILURE",infectious
TRAUMATIC PANCREATITIS,trauma_injury
RESPIRATORY FAILURE;ASPIRATION;S/P INTUBATION,respiratory
MVC L1 FRACTURE,trauma_injury
S/P LIVER TRANSPLANT;ASPIRATION PNEUMONIA,respiratory
HCC S/P TACE PROCEDURE,oncology
METASTATIC BRAIN LESION/SDA,oncology
LOW HEMATOCRIT;HYPOTENSION,hematologic
NON Q-WAVE MI;CORONARY ARTERY DISEASE,cardiovascular
LEFT PANCOAST TUMOR/SDA,oncology
SUBTHERAPEUTIC INR,hematologic
SPINAL ABSCESS,infectious
HYPOTHERMIA-S/P FALL-TRANSITIONAL CELL CA W/METS,oncology
AORTIC STENOSIS\CORONARY ARTERY BYPASS GRAFT WITH MVR; RE-DO STERNOTOMY,cardiovascular
AS CORONARY ARTERY DISEASE,cardiovascular
RIGHT ACQUIRED BREAST DEFORMITY/SDA,oncology
RESPIRATORY FAILURE;GASTROINTESTINAL BLEED,respiratory
S/P MOTOR VEHICLE ACCIDENT;TELEMTRY,trauma_injury
"C2 FRACTURE,S/P MVA",trauma_injury
INFECTED FOOT;IV ANTIBIOTIC,infectious
FISTULA BLEED,gastrointestinal
SEPSIS;ENDOCARDITIS,infectious
LUNG CANCER; S/P FALL,oncology
SHOCK;HYPOTENSION;ACUTE RENAL FAILURE,renal
"SEIZURE, MET TO BRAIN",neurological
SUBDURAL HEMORRHAGE;C-SPINE FRACTURE,trauma_injury
HEAD HEMORRHAGE,neurological
CLL;GASTROINTESTINAL BLEED,hematologic
S/P FALL-INTRACRANIAL CONTUSION,trauma_injury
DEHYDRATION;HEAD AND NECK CANCER,oncology
CAROTID STENOSIS\CAROTID STENT PLACEMENT,cardiovascular
PARTIAL SMALL BOWEL OBSTRUCTION;RECTAL CANCER,oncology
S/P 45 FOOT FALL,trauma_injury
THORACIC FRACTURE-PARAPLEGIA,trauma_injury
ADTHMA;COPD EXACERBATION,respiratory
GASTRIC FOREIGN BODY;VOLVULUS,gastrointestinal
"MITRAL REGURGITATION\ MITRAL VALVE REPLACEMENT,HEART PORT MINIMALLY INVASIVE/SDA",cardiovascular
NECROTIZING FASCITITIS;TELEMETRY,infectious
INTRAPARENCHYMAL HEMATOMA,neurological
CHEST PAIN;PULMONARY EDEMA;ATNAL TACHYCARDIA,cardiovascular
SHORTNESS OF BREATH-FLU,respiratory
LARGOTRACEAL STENOSIS/SDA,respiratory
RIGHT POST CIRCULATING ARTERY STROKE,neurological
MULTI ORGAN FAILURE,other
PNEUMONIA;GASTROINTESTINAL BLEED,respiratory
"SUBDURAL HEMORRHAGE,ANKLE FRACTURE",trauma_injury
TRIGEMINAL;NEURALGIA,neurological
PNEUMONIA; RENAL FAILURE,respiratory
LEFT TIBIAL FRACTURE,trauma_injury
ETOH CIRRHOSIS;TIPS,hepatobiliary
RIGHT UPPER LOBE CANCER/SDA,oncology
MESENTERIC ARTERY OCCLUSION,cardiovascular
END STAGE RENAL DISEASE-FEVER,renal
THORACOABDOMINAL ANEURYSM WITHOUT MENTION OF RUPTURE\ENDOVASCULAR THORACIC ANEURYSM REPAIR /SDA,cardiovascular
R/O MYOCARDIAL INFARCTION-CHF EXACERBATION,cardiovascular
MITRAL INSUFFICIENCY\SEPTAL MYOMECTOMY ? MITRAL VALVE REPLACEMENT /SDA,cardiovascular
CSF LEAKAGE,neurological
THROACIC ANEURYSM,cardiovascular
TOXIC MEGACOLOM/SDA,gastrointestinal
RIGHT VISION LOSS,neurological
CONGESTIVE HEART FAILURE;(AML) ACUTE MYELOGENOUS LEUKEMIA;LUNG INFILTRATED,cardiovascular
ROOT ABSCESS,infectious
AVR;MVR,cardiovascular
GLUCOSE CONTROL;INSULIN DRIP;BILATERAL HERNIAS,endocrine_metabolic
CONTRICTIVE PERICARDITIS,cardiovascular
LEFT PARALYSIS,neurological
"LUNG CA, LEFT/SDA",oncology
GASTRIC CA,oncology
TRICUSPID REGURDS\TRICUSPID VALVE REPLACEMENT; REDO STERNOTOMY,cardiovascular
ACUTE LEUKEMIA;NEUTROPENIA,hematologic
DIABETIC KETOACIDOSIS;RENAL FAILURE;PYELO,endocrine_metabolic
CORONARY ARTERY DISEASE\MITRAL VALVE REPLACEMENT; TRICUSPID REPAIR,cardiovascular
DIABETID KETOACIDOSIS,endocrine_metabolic
AORTA THORACIC ABDOMINAL ANEURYSM/SDA,cardiovascular
TYPE B AORTIC DISSECTION-ODONTOID FRACTURE,trauma_injury
JAUNDICE;POST PROCEDURE ENDOSCOPIC RETROGRADE CHOLANGIOPANCREATOGRAPHY,hepatobiliary
"PLEURAL EFFUSION, RIGHT/SDA",respiratory
RIGHT INTRACRANIAL HEMORRHAGE;C2 FRACTURE,trauma_injury
AMPUTATION LEFT FOUR FINGERS,trauma_injury
TRACHEAL MALASIA;RESPIRATORY FAILURE,respiratory
NECK TUMOR,oncology
GALLSTONES;PANCREATITIS,hepatobiliary
?STEROID PSYCHOSIS,psychiatric
GALL BLADDER CANCER/SDA,oncology
PARAPHARYNGEAL MASS,oncology
RENAL ARTERY STENOSIS;S/P ANGIOPLASTY;S/P RENAL ARTERY STENOSIS,renal
LEFT RETRO PERITONEAL MALIGNANT NEOPLASM,oncology
TIA;A-FIB,cardiovascular
SEVERE MR\MITRAL VALVE REPLACEMENT; RE-DO STERNOTOMY/SDA,cardiovascular
CELLULITIS;URINARY RETENTION;PNEUMONIA,infectious
? BILE LEAK;HYPOXIA,hepatobiliary
"ETOH WITHDRAWAL, ACUTE PANCREATITIS, PANCREATIC PSEUDOCYST, FEVER, COPD",respiratory
AORTIC STENOSIS;AORTIC INSUFFICIENCY\BENTAL PROCEDURE /SDA,cardiovascular
ANGINA\LEFT HEART CATHETERIZATION,cardiovascular
CARDIAC ISCHEMIA; POSITIVE STRESS TEST \LEFT HEART CATHERIZATION,cardiovascular
"ETOH OVERDOSE, SUICIDE ATTEMPT",toxicology_poisoning
CORONARY ARTERY DISEASE;+ETT\CAD;+ETT,cardiovascular
THYMIC CA/SDA,oncology
LEFT ANKLE PAINFUL HARDWARE,musculoskeletal
SEIZURES;HYPOGLYCEMIA,neurological
CADES\CATH,cardiovascular
"UNSTABLE ANGINA,R/O MI",cardiovascular
COLLID CYST/SDA,other
INGUINAL HERNIA REPAIR,postoperative_surgical
ACUTE KETOACIDOSIS,endocrine_metabolic
HYPERNATREMIA;HEMORRHAGIC STROKE,neurological
PARALYSIS,neurological
ACUTE MYOCARDIAL INFARCTION;CORONARY ARTERY DISEASE,cardiovascular
DRUG REFRACTORY ATRIAL FIBRILLATION\REDO PULMONARY VEIN ISOLATION  **REMOTE WEST**/SDA,cardiovascular
LINE INFECTION;YPOTENSION;ACQUIRED IMMUNE DEFICIENCY SYNDROME,infectious
CAD'\CORONARY ARTERY BYPASS GRAFT WITH ? AVR /SDA,cardiovascular
ASCITES;LIVER AND RENAL DISEASE,hepatobiliary
SHOCK HYPOLEMIA,other
"ASPIRATION PNEUMONIA, HYPOTHERMIA",respiratory
HYPERTENSION;RULE OUT CORONARY ARTERY DISEASE\CARDIAC CATH,cardiovascular
LEFT LOWER LOBE NODULE,respiratory
LARGE MEDISTINAL TUMOR,oncology
MITRAL STENOSIS\MITRAL VALVE REPAIR VERSUS REPLACEMENT; CLOSURE OF ATRIAL SEPTAL DEFECT WITH RESECTION SEPTAL ANEURYSM; ? CORONARY ARTERY BYPASS GRAFT/SDA,cardiovascular
MYOCARDIAL INFARCT;RESPIRATORY FAILURE,cardiovascular
HYPERTENSION;VOMITING,cardiovascular
S/P RIGHT COLECTOMY; BOWEL RESECTION,postoperative_surgical
PNEUMONIA;ISCHEMIC LEG,respiratory
"NEW ONSET JAUNDICE, ENCEPHALOPATHY",hepatobiliary
CHYLOTHORAX,respiratory
GASTROINTESTINAL BLEED;ESOPHAGEAL VARICIES,gastrointestinal
HEPATITIS;SEIZURE D/O,infectious
ESPHAGEAL FOOD IMPACTION,gastrointestinal
MITRAL VALVE DISORDER\RE-DO STERNOTOMY MITRAL VALVE REPLACEMENT; TRICUSPID VALVE REPLACEMENT; ? CORONARY ARTERY BYPASS GRAFT,cardiovascular
RECURRENT PITUITARY TUMOR/SDA,oncology
"HYPOTENSION,PULMONARY EDEMA",cardiovascular
"TACHYPNEA,? ASPIRATION",respiratory
RENAL ARTERY STENOSIS\RIGHT KIDNEY STENT,renal
UTI;ABDOMINAL PAIN,genitourinary
? FOCAL WEAKNESS;S/P SPINE SURGERY,neurological
CAD AND MITRAL STENOSIS\CORONARY ARTERY BYPASS GRAFT WITH MVR /SDA,cardiovascular
PELVIC PAIN,genitourinary
"FEVER, AMS, RESPIRATORY FAILURE",respiratory
DIVERTICULAR BLEED,gastrointestinal
AORTIC STENOSIS\AORTIC VALVE REPLACEMENT  ? BENTAL PROCEDURE /SDA,cardiovascular
ACUT CORONARY SYNDROME,cardiovascular
CELLULTITIS,dermatologic
HYPOGLYCEMIA/MSDS,endocrine_metabolic
"SEPSIS,HYPERKALEMIA",infectious
HYPOXIA;R/O PNEUMONIA,respiratory
HYPOTENSION/MOTOR VEHICLE ACCIDENT,trauma_injury
S/P INFERIOR MI\CATH,cardiovascular
MORBID OBESITY AND GALLSTONES/SDA,gastrointestinal
AML;S/P BONE MARROW TRANSPLANT,hematologic
HYPERTENSIVE EMERGENCY;CONGESTIVE HEART FAILURE,cardiovascular
CLAUDICATION\RIGHT LOWER EXTREMITY ANGIOGRAPHY,cardiovascular
PERICARDIAL EFFUSION/NSTEMI,cardiovascular
BRAIN TUMOR /SDA,oncology
RIGHT SIDE GLIOMA/SDA,oncology
CORONARY ARTERY DISEASE\CYSTOSCOPY/SDA,cardiovascular
AFLUTTER-CONGESTIVE HEART FAILURE,cardiovascular
SMALL BOWEL OBSTRUCTION;LARGE BOWEL OBSTRUCTION,gastrointestinal
ANEMIA;GI BLEED;RESP ARREST,hematologic
LE EDEMA,cardiovascular
VARICEL BLEED;TELEMETRY,hematologic
"STERNAL FRACTURE,RIB FRACTURE,LACERATIONS",trauma_injury
INTRACRANIAL HEMORRHAGE; FEMUR FX; S/P ATV CRASH,trauma_injury
HARDWARE FAILURE,musculoskeletal
PULMONARY HYPERTENSION;SHORTNESS OF BREATH,cardiovascular
S/P PEDESTRIAN STRUCK;SUBARACHNOID HEMORRHAGE,trauma_injury
DIABETIC KETOACIDOSIS;SEPSIS,endocrine_metabolic
CENTRAL NERVOUS SYSTEM LESIONS,neurological
TIA VS SEIZURES,neurological
ALLERGIC REACTION;HYPOTHERMIA,other
AORTIC STENOSIS\AORTIC VALVE REPLACEMENT; ? PATENT FORAMEN OVALE/SDA,cardiovascular
CORONARY ARTERY DISEASE;MYXOMA\CORONARY ARTERY BYPASS GRAFT;LEFT ATRIAL MYXOMA REMOVAL/SDA,cardiovascular
INTRACTABLE VOMITING;ALLERGIC REACTION,gastrointestinal
RESPIRATORY FAILIUR,respiratory
TRACHEAL STENOSIS/AMYLOIDSIS\ SUSPENSION LARYNGOSCOPY/SDA,respiratory
CROHN'S /SDA,gastrointestinal
"CORONARY ARTERY DISEASE\ AORTIC & MITRAL VALVE REPLACEMENT;CORONARY ARTERY BYPASS GRAFT, RE-DO; RESECTION AORTIC ASCENDING ANEURYSM/SDA",cardiovascular
S/P ERCP;BLEED,hepatobiliary
MI CHF,cardiovascular
NON-ST-ELEVATION MYOCARDIAL INFARCTION; CONGESTIVE HEART FAILURE,cardiovascular
"HYPONATREMIA,HYPOKALEMIA",endocrine_metabolic
ESOPHAGEAL,gastrointestinal
CORONARY ARTERY DISEASE\DIAGNOSTIC CATH,cardiovascular
CLOSE HEAD INJURY,trauma_injury
L5 FRACTURE/SDA,trauma_injury
ANEMIA;ELEVATED TROP,hematologic
CORONARY ARTERY DISEASE\CORONARY ARTERY BYPASS GRAFT WITHRADIAL ARTERY; RIGHT; VIDEOSCOPIC MAMMARY HARVEST/SDA,cardiovascular
DKA;UGIB,endocrine_metabolic
24 WEEKS PREGNANT;KIDNEY STONE,pregnancy_obstetric
"LIVER LACERATION,S/P MVA",trauma_injury
SEVERE HYPERTROPHIC CARDIOMYOPATHY\RIGHT AND LEFT HEART CATH,cardiovascular
ADULT RESPIRAROTY DISTRESS SYNDROME;PANCREATITIS,respiratory
0778,other
HYPONATREMIA;HYPERKALEMIA,endocrine_metabolic
S/P MYOCARDIAL INFARCTION,cardiovascular
CORNEAL ULCER,other
PULMONARY EMBOLUS;JAUNDICE,cardiovascular
DIABETES MELLITUS;HYPERTENSION;PVD; GANGRENOUS LEFT GREAT TOE; CELLULITIS,endocrine_metabolic
LEFT CHEST WALL TUMOR/SDA,oncology
FEVER; MENTAL STATUS CHANGE,infectious
FEVER/HYPOXIA,infectious
SYNCOPE/BRADYCARDIA,cardiovascular
PSEUDOANEURYSM OF THE DESCENDING THORACIC AORTA\BENTALL PROCEDURE; TRANS AORTIC ANEURYSM STENT/SDA,cardiovascular
CHRONIC OBST PULM DISEASE;RENAL FAILURE;S/P STERNAL WOUND INFECTION,respiratory
AORTIC STENOSIS\AORTIC VALVE REPLACEMENT  BENTAL PROCEDURE ? REPLACEMENT ASCENDING AORTA/SDA,cardiovascular
POST PROCEDURE ENDOSCOPIC RETROGRADE CHOLANGIOPANCREATOGRAPHY;RESPIRATORY ARREST,hepatobiliary
ASCENDING CHOLANGITIS;SEPTIC SHOCK,infectious
SPHINCTER MALFUNCTION/SDA,gastrointestinal
NON ST ELEVATION MI;FEMUR FRACTURE;ANEMIA,cardiovascular
PANCRATITIS,gastrointestinal
COMPLICATION FEMUR HARDWARE,trauma_injury
PULMONARY EDEMA;SVT,cardiovascular
PFO\ PFO,cardiovascular
TRACHEOBRONCHIO MALACIA/SDA,respiratory
"MENTAL STATUS CHANGES,CHF",cardiovascular
RIGHT PATELLA FRACTURE/SDA,trauma_injury
CARDIOMYOPATHY\CARDIAC CATHETERIZATION,cardiovascular
PNEUMOCOCCIAL SEPSIS OF HAND AND FEET,infectious
RECURRENT RIGHT FRONTAL TUMOR/SDA,oncology
PEDESTRIAN STRUCK;SUBDURAL HEMORRHAGE,trauma_injury
BLUNT TRAUMA;S/P MOTOR VEHICLE ACCIDENT,trauma_injury
SQUAMOUS CELL CARCINOMA SCALP/SDA,dermatologic
BREAST CA METASTATIC TO STERNUM/SDA,oncology
PFO\ MINIMALLY INVASIVE PFO CLOSURE/SDA,cardiovascular
ASPIRATION-RESPIRATORY FAILURE,respiratory
"CEREBRAL ANEURYSM\ CEREBRAL ANGIOGRAM, COILING/SDA",neurological
ASCENDING AORTIC ANEURYSM\ RESECTION AORTIC ASCENDING ANEURYSM/SDA,cardiovascular
AP,gastrointestinal
CARDIOMYOPATHY;SYNCOPE\IMPLANTABLE CARDIOVERTER DEFIBRILLATOR PLACEMENT,cardiovascular
UNABLE TO AMBULATE,symptoms_unspecified
LEFT KNEE OSTEOARTROSIS UNSPECIFICED RATHER GENERALIZED OR LOCALIZED INVOLVING LOWER LEG/SDA,musculoskeletal
SYNCOPE; HEART BLOCK\ELECTROPHYSIOLOGY STUDY +/- PACEMAKER IMPLANTATION,cardiovascular
REIMPLANTATION OF LEFT THUMB,trauma_injury
PRE OP PANCREAS TRANSPLANT,other
CORNARY ARTERY DISEASE;CHEST PAIN\CARDIAC CATH,cardiovascular
RUPTURED BLEB/SDA,respiratory
R KIDNEY BLEED,renal
AORTIC ULCERS,cardiovascular
THORACIC ANEURYSM\ENDOVASCULAR THORACIC ANEURYSM REPAIR  /SDA,cardiovascular
RESPPIRATORY OBSTRUCTION,respiratory
MITRAL STENOSIS \MITRAL VALVE REPAIR VERSUS PLACEMENT ? CORONARY ARTERY BYPASS GRAFT,cardiovascular
BRAIN LESIONS,neurological
PLEURITIC RIGHT FLANK PAIN,symptoms_unspecified
END STAGE RENAL DIESEASE\DIALYSIS CATHETER PLACEMENT,renal
PNEUMOTOSIS,respiratory
MVR\CORONARY ARTERY BYPASS GRAFT WITH MVR ;TVR,cardiovascular
MITRAL STENOSIS\AORTIC VALVE REPLACEMENT/SDA,cardiovascular
"GI BLEED, R/O MI",gastrointestinal
WEAKNESS;FEVER,symptoms_unspecified
CHEST PAIN;CORONARY ISCHEMIA,cardiovascular
THYROID TUMOR,endocrine_metabolic
PATENT FORAMEN OVALE\PATENT FORAMEN OVALE CLOSURE,cardiovascular
NON HEALING ULCER RIGHT LOWER EXTREMIOTY,other
RESP. DISTRESS/PNEUMONIA,respiratory
S/P BLUNT TRAUMA TO HEAD,trauma_injury
+ TROPONIN,cardiovascular
EBV; MENINGITIS;PULMONARY EMBOLIS;RESPIRATORY FAILURE,infectious
ASCENDING AORTIC ANEURYSM\AORTIC VALVE REPLACEMENT; RESECTION AORTIC ASCENDING ANEURYSM/SDA,cardiovascular
ATRIAL FIB/FLUTTER/VT/CAD\EP STUDY AND ABLATION/SDA,cardiovascular
DYSPNEA;R/O FLU,respiratory
S/O COLECTOMY,postoperative_surgical
AORTIC ANEURYSM\RESECTION AORTIC ASCENDING ANEURYSM /SDA,cardiovascular
METASTATIC CARCINOID\CHEMOEMBOLIZATION,oncology
FALL;HEAD INJURY,trauma_injury
PREMTURITY,pregnancy_obstetric
SMALL BOWEL OBSTRUCTION;GASTROINTESTINAL BLEED,gastrointestinal
OTHER MACHANIC COMP OF OTHER INTERNAL ORTHOPEDIC DEVICE IMPLANTS AND GRAFTS/SDA,postoperative_surgical
L1 DISC PROTRUSION;CORD COMPRESS,neurological
CORONARY ARTERY DISEASE\CORONARY STENT PLACEMENT,cardiovascular
S/P RESECTION,postoperative_surgical
FAILURE TO THRIVE;HYPOTENSION,other
CHEST PAIN;DYSPNEA\CATH,cardiovascular
TRACHEAL BRONCHIAL MALASIA\ RIGID BRONCHOSCOPY W/STENT REMOVAL,respiratory
DYSPNEA;DEHYDRATION;TELEMETRY,respiratory
AROTIC ANUERYSM,cardiovascular
LARGE FRONTAL MASS,oncology
MEDIASTINAL AIR,respiratory
R/O SMA THROMBOSIS,gastrointestinal
UNSTABLE ANGINA;ELEVATED CREATININE\CATH,cardiovascular
ST-SEGMENT ELEVATION;MYOCARDIAL INFARCTION,cardiovascular
ASTHMAQ;CHRONIC OBST PULM DISEASE,respiratory
AGITATION;SUICIDAL IDEATION,psychiatric
SPIANAL METASTASES,oncology
EXERTIONAL ANGINA,cardiovascular
PNEUMONIA-HYPOGLYCEMIA,infectious
CONGESTIVE HEART FAILURE;COPD,cardiovascular
LEUKEMIA;FEVER;NEUTROPENIA,hematologic
MR\ REDO MITRAL VALVE REPLACEMENT; HEART PORT MINIMALLY INVASIVE/SDA,cardiovascular
"GI BLEED,HYPOTENSION,FEVER",gastrointestinal
ENDOCARDITIS\REDO AVR; REDO ASCENDING AORTA; HEMIARCH CIRCULATORY ARREST/? BENTAL WITH HOMOGRAFT /SDA,cardiovascular
THORACIC ABDOMINAL ANEURYSM/SDA,cardiovascular
"OVERDOSE,ALTERED MENTAL STATUS",toxicology_poisoning
DYSTONIC RXN,neurological
REIMPLANTATION OF LEFT INDEX AND MIDDLE FINGER,trauma_injury
MITRAL VALVE DISORDER\MITRAL VALVE REPLACEMENT; TRISCUPID VALVE REPLACEMENT; LEFT ATRIAL APPENDAGE LIGATION; ? CORONARY ARTERY BYPASS GRAFT; ? MAZE; ? LEFT EPICARDIAL LEAD PLACEMENT/SDA,cardiovascular
CHEST PAIN; CORONARY ARTERY DISEASE\CORONARIES ANGIOGRAPHY,cardiovascular
CENTRAL VENOUS OCCLUSION,hematologic
TETRALOGY OF FALLOT,cardiovascular
TUBAL LIGATION;EXPLORATORY LAP,pregnancy_obstetric
ISCHEMIC LEG/SDA,cardiovascular
LOWER EXTREMITY  PARALYSIS,neurological
CORATID STENOSIS\CAROTIS ANGIOGRAM,cardiovascular
CONGESTIVE HEART FAILURE\MITRAL VALVE REPLACEMENT;POSSIBLE CORONARY ARTERY BYPASS GRAFT /SDA,cardiovascular
RIGHT PROXIMAL HUMERUS FRACTURE/SDA,trauma_injury
R/O LEG INFECTION,infectious
"SPLENIC HE,ATOMA",trauma_injury
"SHORTNESS OF BREATH,RENAL FAILURE",renal
HYPERTENSIVE URGENCY;ACUTE RENAL FAILURE,renal
CHOLELITHIASIS;SIGNIFICANT PAIN UNRESPONSIVE TO PO MEDICATIONS,gastrointestinal
CAUDA EQUINA,neurological
34 WEEKS PLACENTA CREDA AND ABD PAIN,pregnancy_obstetric
RAPID ATRIAL FIBRILLATION;RULE-OUT MYOCARDIAL INFARCTION;PNEUMONIA,cardiovascular
ESOPAGEAL CANCER/SDA,oncology
URINARY TRACT INFECTION;NEPHROLITHIASIS,genitourinary
HYPERKALEMIA;DIABETIC KETOACIDOSIS,endocrine_metabolic
ANXIETY\BYPASS FEMORAL PEDAL ARTERY GRAFT; LEFT,psychiatric
FEVER;CONFUSION,infectious
CORONARY ARTERY DISEASE;S/P NON Q MI,cardiovascular
INTRAPARENCHMAL HEMORRHAGE,neurological
"CAD, AORTIC STENOSIS\CORONARY ARTERY BYPASS GRAFT WITH AVR /SDA",cardiovascular
NON-ST SEGMENT ELEVATION MYOCARDIAL INFARCTION;CORONARY ARTERY DISEASE\CARDIAC CATH,cardiovascular
"HYPERGLYCEMIA,DEHYDRATION;HYPOTENSION;PANCREATIC MASS",endocrine_metabolic
LEFT LEG WEAKNESS,neurological
"CAD,AS\CORONARY ARTERY BYPASS GRAFT;AORTIC VALVE REPLACEMENT/SDA",cardiovascular
"NON UNION FRACTURE, LEFT FEMUR/SDA",musculoskeletal
SDH AND FEMUR FX,trauma_injury
"CORONARY ARTERY DISEASE\CORONARY ARTERY BYPASS GRAFT, RE-DO; MITRAL VALVE REPLACEMENT VIA LEFT THORACOTOMY",cardiovascular
"SEPSIS, HYPOSTENSION",infectious
WEAKNESS-BRADYCARDIA-ACUTE RENAL FAILURE,renal
LOWER GASTRO INTESTINAL BLEED;S/P ERCP\ERCP,gastrointestinal
CRITICAL AORTIC STENOSIS;DEPRESSED EF,cardiovascular
PLEURAL EFFUSIONS;LYMPHOCYTIC EFFUSSION\PLEUROSCOPY/PLEURODESIS WITH TALK,respiratory
HYPERKALEMIA-RENAL FAILURE-ALTERED MENTAL STATUS,renal
ELEVATED FEVERS;LIVER MASSES,hepatobiliary
DIABETIC KEOACIDOSIS;TELEMETRY,endocrine_metabolic
ST-ELEVATION MYOCARDIAL INFARCTION\CARDIAC CATHETERIZATION,cardiovascular
COPD AND PNEUMONIA,respiratory
CHEST PAIN;HYPERTENSION\LEFT HEART CATHETERIZATION,cardiovascular
NECK EDEMA,other
"HYPONATREMIA, LOW BICARB, DVT",hematologic
"METASTATIC ADENOCARCINOMA, COLON TO LIVER/SDA",oncology
V-TACH/CARDIOVERSION,cardiovascular
CEREBRAL HEMORRAHAGE,neurological
TRACHEO & BRONCHO MALACIA/SDA,respiratory
VENTRICULAR BLEED,neurological
CRITICAL RENAL ARTERY STENOSIS,renal
ALCOHOL WITHDRAWL;SEIZURES,psychiatric
STENOSIS\ AORTIC & MITRAL VALVE REPLACEMENT,cardiovascular
CONGESTIVE HEART FAILURE;ARF;HYPOTENSION,cardiovascular
DYSPNEA;FLUID OVERLOAD,cardiovascular
RESP DESTRESS,respiratory
PULMONARY EDEMA TRANSPLANT REJECTION,respiratory
INFECTED LEFT LEG ULCERS,infectious
URINARY TRACT INFECTION/PYELONPHRITIS,infectious
SUBARACHNOID HEMORRHAGE;LIVER LACERATION,neurological
DYSPNEA;SARCOID FLARE;?PNEUMONIA,respiratory
OBSTRUCTED RENAL STONE,renal
SUBDURAL HEMOATOMA,trauma_injury
LEFT COMMON CAROTID ARTERY ANEURYSM\ AORTO TO LEFT COMMON CAROTID BYPASS/SDA,cardiovascular
RAPID ATRIALFIBRILLATION;HYPOTENSION;ELEVATED INR,cardiovascular
CORONARY ARTERY DISEASE; ISCHEMIC CARDIOMYOPATHY; S/P CORONARY ARTERY BYPASS GRAFT\CATH; ICD IMPLANTATION,cardiovascular
METASTSTIC SARCOMA/SDA,oncology
LIVER FAILURE;ENCEPHALOPATHY,hepatobiliary
PERIPHERAL VASCULAR DISEASE; RIGHT SUPERFICIAL FEMORAL ARTERY DISEASE\RIGHT PERIPHERAL ANGIOGRAM,cardiovascular
AORTIC STENOSIS\CORONARY ARTERY BYPASS GRAFT; A; AVR (BOVINE VALVE),cardiovascular
INGESTION OF,toxicology_poisoning
CORONARY ARTERY DISEASE/ V-TACH,cardiovascular
RIGHT LEG HEMATOMA,trauma_injury
HEMOTHORAX;FEVER;CHEST PAIN;TELEMETRY,trauma_injury
ANTERIOR ST ELEVATIONS,cardiovascular
DYSPNEA;CIRRHOSIS,hepatobiliary
DIARRHEA;HYPOTENSION,gastrointestinal
ACUTE ISCHEMIC STROKE,neurological
ASCENDING AORTA ANEURYSM,cardiovascular
ADRENAL NEOPLASM/SDA,endocrine_metabolic
AFIB W/ RVR,cardiovascular
"ANTICHOLINERGENIC TOXICITY, OVERDOSE",toxicology_poisoning
UNRESPONSIVE; S/P OVERDOSE,toxicology_poisoning
THROBOVYTOPENIA,hematologic
DEHYDRATION;FEVER,infectious
AORTIC DISSECTION;STROKE,cardiovascular
SUBARACHOID HEMORRAGE,neurological
CONGESTIVE HEART FAILURE; SYNCOPE AND LEG WOUND ULCER,cardiovascular
NORMAL PRESSURE HYDROCEPHALUS,neurological
"PNEUMONIA,COPD",respiratory
URINARY TRACT INFECTION;HYPERNATREMIA,infectious
CELLULITIS;OSTEOLYELITIS,infectious
"BRONCIAL CARCINOID, RIGHT MIDDLE LOBE\BRONCHOSCOPY RIGID; ENDOBRONCHIAL U/S; ? ARAGON PLASMA COAGULATION",oncology
ALTERED MENTAL STATUS;PNEUMONIA,infectious
SUBARACHNOID HEMORRHAGE;SDH;TELEMETRY,neurological
ACUTE MI/GI BLEED,cardiovascular
TRIPLE AAA;RESECTION AORTIC ASCENDING ANEURSYM,cardiovascular
CORONARY ARTERY DISEASE/UNSTABLE ANGINA,cardiovascular
RIB FX; HIP FX,trauma_injury
PAROTID CANCER; HYPERGLYCEMIA,oncology
SEPSIS;DIARRHEA;NAUSEA;VOMITING;RENAL FAILURE,infectious
PREOP HYDRATION,other
C1-C3 TUMOR/SDA,oncology
AORTIC DISECTION\ ENDOVASCULAR STENT REPAIR W/ OPEN REPLANTATION OF SUPERIOR INOMINATE ARTERY,cardiovascular
LUNG ABCESS;PAINLESS JAUNDICE,infectious
CARDIOMYOPATHY;CONGESTIVE HEART FAILURE;CORONARY ARTERY DISEASE,cardiovascular
MITRAL STENOSIS\MITRAL VALVE REPLACEMENT; TRICUSPID VALVE REPLACEMENT,cardiovascular
+ETT;LEFT MAIN DISEASE,cardiovascular
COPD,respiratory
SWALLOWED TOOTHBRUSH,trauma_injury
CORONARY ARTERY DISEASE;CHEST PAIN;ELEVATED TROPONIN\CATH,cardiovascular
BRAIN MASS; LUNG MASS; RIGHT HIP FRACTURE,oncology
"AORTIC STENOSIS\CORONARY ARTERY BYPASS GRAFT WITH AVR, ? MITRAL VALVE REPLACEMENT, ? TRICUSPID VALVE REPAIR",cardiovascular
HEPATITS C;CIRRHOSIS;GASTROINTESTINAL BLEED,hepatobiliary
"DELTA MS, PNEUMONIA",neurological
? SKULL FX,trauma_injury
DILATED AORTIC ARC\BENTALL PROCEDURE/SDA,cardiovascular
HEMOTHORAX;EMPYEMA,respiratory
ALTERED MENTAL STATUS;ABDOMINAL PAIN,symptoms_unspecified
RESPIRATORY DISTRESS;WILLIAMS SYNDROME,respiratory
CORONARY ARTERY DISEASE;EXERTIONAL ANGINA;CHRONIC RENAL INSUFFICIENCY\LEFT HEART CATHETERIZATION,cardiovascular
UTI/PYELONEHRITIS,genitourinary
HEAD BLEED;S/P FALL,trauma_injury
MOTOR  VEHICLE ACCIDENT,trauma_injury
PNEUMONIA;TRANSAMINITIS,respiratory
CHEST PAIN;HEART FAILURE\CATH,cardiovascular
RIGHT HYLAR MASS,oncology
SHINGLES;CONSTIPATION,infectious
RIGHT KIDNEY TUMOR/SDA,oncology
RIGHT FACIAL DROOP,neurological
AVR\AORTIC VALVE REPLACEMENT,cardiovascular
FALX MENINGIOMA/SDA,oncology
HYPERTENSION URGENCY,cardiovascular
MULTIPLE RIB FXS,trauma_injury
ABNORMAL AORTIC ANEURYSM,cardiovascular
ETOH INTOXICATION;INTUBATED,toxicology_poisoning
AORTIC STENOSIS\AORTIC VALVE REPLACEMENT; ? ASCENDING AORTA REPLACEMENT /SDA,cardiovascular
ADNEXAL MASS/SDA,pregnancy_obstetric
"PLEURAL EFFUSION,R/O MI",respiratory
TRACHEALBRONCIAL MALACEA/SDA,respiratory
AORTIC OCCULSION,cardiovascular
LUNG CANCER;RESPIRATORY DISTRESS,oncology
DIALATED ASCENDING AORTA\AORTIC VALVE / ASCENDING AORTA REPLACEMENT; ? BENTAL PROCEDURE /SDA,cardiovascular
LEAKING THORACIC ANEURYSM,cardiovascular
HYPOXIA;DYSPHAGIA,symptoms_unspecified
CHOLANGITIS ABSCESS,hepatobiliary
UNSTABLE ANGINA;3 VESSEL DISEASE;CONGESTIVE HEART FAILURE;CHRONIC OBSTRUCTIVE PULMONARY DISEASE\CATH,cardiovascular
SAH S/P ASSAULT,neurological
LEFT FRONTAL MASS/SDA,oncology
DIABETIC KETOACIDOSIS;ACUTE RENAL FAILURE;ACUTE PANCREATITIS,endocrine_metabolic
ISCHEMIC CARDIOMYOPATHY\LEFT HEART CATHETERIZATION,cardiovascular
14-AAA,cardiovascular
CORONARY ARTERY DISEASE\/SDA,cardiovascular
ACUTE MYELOGENOUS LEUKEMIA;CTX,hematologic
HIV;DEHYDRATION,infectious
PERIPHERAL VASCULAR DISEASE\AA RUNOFFS,cardiovascular
RIGHT COMMON CAROTID ARTERY W/ INTRAHEPATIC THROMBUS,cardiovascular
DRUG REFRACTORY ATRIAL FIBRILLATIN\PULMONARY VEIN ISOLATION  **REMOTE WEST**/SDA,cardiovascular
RHABDOMYELOSIS,musculoskeletal
RIGHT HIP HEMATOMA,trauma_injury
URINARY TRACT INFECTION/DIARRHEA,genitourinary
ETOH WITHDRAWAL;ABDOMINAL PAIN,psychiatric
UNRESPONSIVE; RESPIRATORY FAILURE,respiratory
SEROTONIN SYNDROME,neurological
DYSPNEA ON EXERTION\CARDIAC CATH,cardiovascular
MITAL VALVE REPLACEMENT,cardiovascular
CORONARY ARTERY DISEASE;ACUTE CORONARY SYNDROME\RAMUS ARTERY STENT PLACEMENT,cardiovascular
TRUMA SUB DURAL HEMATOMA,trauma_injury
DELERIUM TREMENS,psychiatric
PANCREATITIS-GALLSTONES,gastrointestinal
MITRAL VALVE REGORDITATION\MITRAL VALVE REPLACEMENT; ?CABG/SDA,cardiovascular
ACUTE RENAL FAILURE;URINARY TRACT INFECTION;? C-DIFF COLITIS,renal
RP BLEED,gastrointestinal
COMPLETE HEART BLOCK;LYME CARDITIS,cardiovascular
AORTIC STENOSIS\RESTYLE PROCINE BENTAL PROCEDURE; ? CORONARY ARTERY BYPASS GRAFT /SDA,cardiovascular
SPINE FRACTURE; PELVIS FRACTURE,trauma_injury
SYNCOPE;CARDIAC ISCHEMIA\CARDIAC CATH,cardiovascular
PANCREATITIS;CONGESTIVE HEART FAILURE;PNEUMONIA;PULMONARY EMBOLIS,gastrointestinal
PULOMARY EMBOLIS;TELEMETRY,cardiovascular
"S/P DIVING INJURY, C4 FX",trauma_injury
OBSTRUCTED CBD,hepatobiliary
BRONCHOSCOPY RIGID;LARYNGEAL EDEMA\BRONCHOSCOPY RIGID,respiratory
S/P STROKE,neurological
RENAL STONE,renal
PEPTIC ULCER DISEASE/VENTRAL HERNIA/SDA,gastrointestinal
RIGHT LOWER LOBE LUNG CA/SDA,oncology
"PNEUMONIA,RIGHT MIDDLE LOBE",infectious
LEFT MAIN DISEASE;3 VESSEL DISEASE,cardiovascular
PNEUMONIA;VANCOMYCIN RESISTANT ENTEROCOCCUS,infectious
EPISTAKIS,hematologic
VENTRICULAR TACHYCARDIC,cardiovascular
STEVEN JOHNSON SYNDROME,dermatologic
METASTATIC LESION ON SPINE/SDA,oncology
DRUG ELUTING CORONARY ARTERY STENT,cardiovascular
PORTAL HYPERTENSION,hepatobiliary
MITRAL REGURGITATION\REPAIR ANOMALOUS PULMONARY VEIN; ? MITRAL VALVE REPLACEMENT /SDA,cardiovascular
DEHYDRATION;ELEVATED INR,other
SEPTIC TOTAL HIP REPLACEMENT/SDA,postoperative_surgical
NSTEMI/HYPOTENSION,cardiovascular
SUBARACHNOID HEMORRHAGE;ACUTE SUBDURAL HEMATOMA;INTRAPARENCHYMAL HEMORRHAGE,neurological
TACHY-BRADYCARDIA,cardiovascular
AORTIC STENOSIS/MITRAL REGURGITATION\AORTIC AND MITRAL VALVE REPLACEMENT; ? TRICUSPID VALVE REPLACEMENT /SDA,cardiovascular
CORONARY ARTERY DISEASE;CARDIAC CATHERIZATION,cardiovascular
AORTIC VALVE INSUFFICIENCY\AORTIC AND MITRAL VALVE REPLACEMENT ? MAZE,cardiovascular
"CORONARY ARTERY DISEASE\CORONARY ARTERY BYPASS GRAFT; OFF PUMP, USING LEFT RADIAL ARTERY/SDA",cardiovascular
NEW ONSET SEIZURE;BRAIN LESION,neurological
LIVER LESSION/SDA\RADIOFREQUENCY ABLATION LIVER,oncology
"BRAIN TUMOR, RIGHT/SDA",oncology
ALTERED MENTAL STATUS; FEVER,infectious
S-T ELEVATIONS;MYOCARDIAL INFARCTION\CATH,cardiovascular
DYSTONIA;S/P G-TUBE PLACEMENT,neurological
CORONARY ARTERY DISEASE;AORTIC STENOSIS;MITRAL VALVE DISEASE,cardiovascular
ABDOMINAL AORTIC ANEURYSM;? ULCERATIVE COLITIS,cardiovascular
HEMOPARINEUM,hematologic
INCREASED LFT'S; S/P LIVER TX,hepatobiliary
INTRPARENCHYMAL HEMORRHAGE,neurological
PNEUMONIA;TELEMETRY;METHICILLIN RESISTANT STAPH AUREUS;VANCOMYCIN RESISTANT ENTEROCOCCUS,infectious
LOWER GASTRIINTESTINAL BLEED,gastrointestinal
"DKA,SEPSIS",endocrine_metabolic
SEPSIS;PILONIDAL ABSCESS,infectious
INTERCEREBRAL HEMORRHAGE/SDA,neurological
CORONARY ARTERY DISEASE\CARDIAC CATHETERIZATION;BARE METAL STENT PLACEMENT LEFT ANTERIOR DESCENDING ARTERY,cardiovascular
MCA STROKE;COMP SYNDROME;RHABDOMYOLISIS,neurological
MAGLIGNANT NEOPLASM OF ESOPHAGUS /SDA,oncology
ACUTE CORONARY SYNDROME;DIABETIC KETOACIDOSIS,cardiovascular
PNEUMOTHORAX;FRACTURES,trauma_injury
PERFERATION S/P ERCP,postoperative_surgical
POST INFARCT CARDIOMYOPATHY\IMPLANTABLE CARDIOVERTER DEFIBRILLATOR IMPLANT/SDA,cardiovascular
CORONARY ARTERY DISEASE\ATRIAL MYXOMA REMOVAL;?AORTIC VALVE REPLACEMENT  ? CORONARY ARTERY BYPASS GRAFT; ? TRICUSPID VALVE REPLACEMENT;? REPLACEMENT ASCENDING AORTA /SDA,cardiovascular
AORTIC STENOSIS;MITRAL REGURGITATION;CAROTID STENOSIS\RIGHT AND LEFT HEART CATH,cardiovascular
GI BLEED;BILATERAL PULMONARY EMBOLI,cardiovascular
VENA CAVAL TUMOR,oncology
HYPOTENSION;HYPERKALEMIA ? ADDISON,endocrine_metabolic
TYLENOL OD; WRIST LACERATION,toxicology_poisoning
TONSIL CANCER/SDA,oncology
HYPOTENSION;HYPERGLYCEMIA;HYPERKALEMIA,endocrine_metabolic
SEPTICK SHOCK,infectious
S/P CARDIAC ARREST;UPPER GI BLEED,cardiovascular
SEVERE MR/MITRAL VALVE REPLACEMENT;MAZE PROCEDURE\MITRAL VALVE REPLACEMENT; MAZE PROCEDURE,cardiovascular
MASS BRAIN,oncology
CLOTTED PERMA CATH;CRF;FAILURE TO THRIVE,renal
ADRENAL CA/SDA,oncology
EXTREME PREMATURITY/?SEPSIS,infectious
PERFORATED GALLBLADDER/SDA,hepatobiliary
ALTERED MENTAL STATUS;PNEUMONIA;DEHYDRATION,infectious
EPIDURAL AND SUBDURAL HEMATOMA,trauma_injury
DILATED AORTIC ROOT,cardiovascular
ILIAC ANEURYSM,cardiovascular
EYE PAIN,symptoms_unspecified
DEHISCENCE OF WOUND,postoperative_surgical
TRAUMATIC SHOCK;PELVIC FRACTURE,trauma_injury
ABDOMINAL PAIN;CARDIAC ARREST,cardiovascular
SEPTIC HIP,infectious
ALTERED MENTAL STATUS;DIABETIC KETOACIDOSIS,endocrine_metabolic
FEMORAL HERNIA;SMALL BOWEL OBSTRUCTION,gastrointestinal
CANCER WITH BRAIN METASTASIS,oncology
GI EVALUATION,symptoms_unspecified
40 & 6WKS LABOR,pregnancy_obstetric
ADRENAL CRISIS,endocrine_metabolic
PERICARDIAL EFFUSION\CARDIAC TAP,cardiovascular
GAIT CHANGES,neurological
SUBARACHNOID HEMATOMA;MAXILLARY SINUS FRACTURE,trauma_injury
MITRAL STENOSIS\MITRAL VALVE REPLACEMENT;? OF AVR;METINANINA LYMP NODE BIOPSY /SDA,cardiovascular
"ANEMIA, SHORTNESS OF BREATH, NAUSEA",hematologic
LEFT UPPER LOBE LUNG CANCER/SDA,oncology
HEADACHE; ANEURYSMS,neurological
"INTRACTABLE NAUSEA,VOMITING",gastrointestinal
FAILURE TO THRIVE;DEHYDRATION,other
SUBMANDIBULAR ABCESS,infectious
END STAGE RENAL DISEASE/FOR TRANSPLANT,renal
"ICH, RIB FX'S, PELVIS FX'S",trauma_injury
BRACHIAL ARTERY INJURY,trauma_injury
CERBRAL EDEMA,neurological
ADENOCARCINOMA,oncology
PNEUMONIA; HIV,infectious
DOUBLE VESSEL DISEASE\CORONARY ARTERY BYPASS GRAFT; WITH AVR/SDA,cardiovascular
RENAL FAILURE;CORONARY ARTERY DISEASE;SEPSIS,renal
NEPHROLITHIASIS;ACUTE RENAL FAILURE,renal
OPEN WOUND OF RIGHT LEG/SDA,trauma_injury
PNEUMONIA;ALS,infectious
ATRIAL FIBRILLATION\PULMONA VEIN ISOLATION **REMOTE WEST**/SDA,cardiovascular
MITRAL STENOSIS\MITRAL VALVE REPLACEMENT/SDA,cardiovascular
ISCHEMIC BOWEL; HERNIA,gastrointestinal
CORONARY ARTERY DISEASE\CORONARY ARTERY BYPASS GRAFT;AORTIC VALVE REPLACEMENT; REPAIR ASCENDING AORTA'/SDA,cardiovascular
PARKINSON DISEASE; ACUTE RELAPSE,neurological
HEMORRHAGIC CONTUSION,trauma_injury
ENDOCARDITIS;PERICARDIAL EFFUSION,infectious
ACS/CHF,cardiovascular
CORONARY ARTERY DISEASE\OFF PUMP CORONARY ARTERY BYPASS,cardiovascular
HEART RATE CONTROL,cardiovascular
PNEUMONIA;VOLUME OVERLOAD,infectious
ASYTOLIC ARREST,cardiovascular
CHRONIC OBSTRCUTION PULMONARY DISEASE,respiratory
LAMINECTOMY,postoperative_surgical
CONGESTIVE HEART FAILURE;DIALYSIS,cardiovascular
AORTIC INSUFFICIENCY\CATH,cardiovascular
MITRAL STENOSIS\FULL MAZE/ MITRAL VALVE REPLACEMENT/ TRICUSPID VALVE REPLACEMENT; CORONARY ARTERY BYPASS GRAFT,cardiovascular
STERNAL DRAINAGE,postoperative_surgical
CI BLEED,neurological
CORONARY ARTERY DISEASE\CORONARY ARTERY BYPASS GRAFT LV ANEURYSMECTOMY/SDA,cardiovascular
"CORONARY ARTERY DISEASE\CORONARY ARTERY BYPASS GRAFT WITH AVR, MAZE",cardiovascular
"UTI, BLADDER CANCER",genitourinary
? MENINGITIS,infectious
MOTORCYCLE ACCIDENT SPLENIC LACERATION,trauma_injury
CROHN'S FLARE;CONTAINED FERFORATION,gastrointestinal
CHF\PNEUMONIA\ACUTE RENAL FAILURE,cardiovascular
MEDIASTINUM TUMOR;LYMPHOMA,oncology
THORACIC ANEURYSM\BENTALL PROCEDURE/SDA,cardiovascular
"RENAL CELL CARCINOMA;FEVER,HYPOKALEMIA",oncology
S/P FALL;STAB WOUND;POLYTRAUMA,trauma_injury
STERNAL HEMATOMA,trauma_injury
SPINDAL CORD TUMOR,neurological
PROLAPSE UTERUS,pregnancy_obstetric
STERNAL WOUND  EVALUATION,postoperative_surgical
RT FOREARM LACERATION-ULNAR NERVE INJURY,trauma_injury
DEHYDRATION;DIARRHEA,gastrointestinal
ARTERIOVENOUS FISTULA/SDA,renal
SHORTNESS OF BREATH;CHEST MASS,respiratory
SHOCK; RHABDOMYOLSIS; RF/SDA,renal
TRACHEOSTOMY BLEEDING,postoperative_surgical
MITRAL REGURGITATION\CATH/SDA,cardiovascular
A-FIB\THORACOSCOPIC MAZE PROCEDURE LEFT/SDA,cardiovascular
AORTIC STENOSIS\AVR; ? MVR; ? CORONARY ARTERY BYPASS GRAFT,cardiovascular
BISCUPID VALVE;DILATED AORTIC ROOT,cardiovascular
RETROSTERNAL HEMATOMA,trauma_injury
LEFT MAIN AIRWAY OBSTRUCTION/SDA,respiratory
SEPSIS;GASTROINTESTINAL BLEED,infectious
C1-C2 INSTABILITY 2 DEGREE'S TO ODONTOID FRACTURE ( REMOTE ),trauma_injury
C3 LATERAL MASS/SDA,neurological
MITAL VALVE PROLAPSE\MITRAL VALVE REPLACEMENT/SDA,cardiovascular
EARLY SEPSIS;PNEUMONIA,infectious
SEPSIS;CELLULITIS,infectious
COLON POLYPS\COLONOSCOPY  **REMOTE EAST**,gastrointestinal
"R/O SEPSIS, S/P LAP CHOLE.",infectious
ADRENAL MASS LEFT/SDA,endocrine_metabolic
SQUAMOUS CELL CARCINOMA ORAL TONGUE/SDA,oncology
CHF\CORONARY ARTERY BYPASS GRAFT,cardiovascular
LEFT FOOT GANGRENE/SDA,infectious
BRONCHIAL FISTULA,respiratory
MALIGNANT MELANOMA\BONE MARROW TRANSPLANT,oncology
PULMONARY EMBOLIS; RIGHT VENTRICULAR THROMBUS,cardiovascular
DIABETIC KETOACIDOSIS;CELLULITIS,endocrine_metabolic
AORTIC VALVE INSUFFICIENCY\CORONARY ARTERY BYPASS GRAFT WITH AVR /SDA,cardiovascular
"SHORTNESS OF BREATH,PLEURAL EFFUSION",respiratory
AORTIC STENOSIS; CAD\AORTIC VALVE REPLACEMENT; POSSIBLE CORONARY ARTERY BYPASS GRAFT & MAZE,cardiovascular
TONGUE LACERATION,trauma_injury
PANCREATITIS;CONGESTIVE HEART FAILURE;A FIB RVR,gastrointestinal
RULE OUT CEREBROVASCULAR ACCIDENT,neurological
CLONUS,neurological
OSTEOARTHRITIS LEFT KNEE\LEFT KNEE ARTHROPLASTY,musculoskeletal
AIRWAY FAILURE,respiratory
HYPOTENSION;FEVER;R/O SEPSIS,infectious
PTX; RESPIRATORY FAILURE,respiratory
INTERSTITIAL LUNG DISEASE/SDA,respiratory
MOTOR CYCLE COLLISION,trauma_injury
CARDIAC CARREST,cardiovascular
"DVT, ANEMIA",hematologic
CONGESTIVE HEART FAILURE;BRADYCARDIA,cardiovascular
STEMI;CATH\CATH,cardiovascular
RENAL FAILIURE-SYNCOPE-HYPERKALEMIA,renal
SEIZURE;HEAD BLEED;28 WEEKS ANTEPARTUM,neurological
CHEST PAIN; R/O PULMONARY EMBOLUS,respiratory
PERFORATION S/P ERCP;GALLSTONES,hepatobiliary
SHORTNESS OF BREATH-HYPOGLYCEMIA,endocrine_metabolic
POPLITEAL ANEURYSM LEFT/SDA,cardiovascular
RECURRENT ATRIAL FIBRILLATION\PULMONARY VEIN ISOLATION  **REMOTE WEST**/SDA,cardiovascular
"PNA, RENAL FAILURE, SEPSIS",infectious
"FALL,INTRACRANIAL HEMORRHAGE",trauma_injury
S/P MULTI STAB WOUNDS,trauma_injury
SPINE FRACTURE;FRACTURE,trauma_injury
NON MELANOMA NEOPLASM OF THE FACE/SDA,oncology
INABILITY TO SWALLOW,symptoms_unspecified
LARGE ABDOMINAL MASS/SDA,oncology
SUBARACHNOID HEMARRHAGE,neurological
AORTIC STENOSIS\AORTIC VALVE / ASCENDING AORTA REPLACEMENT W/ HEMI ARCH REPLACEMENT & MAZE/SDA,cardiovascular
NEUTROPENIA; HYPOMATREMIA; METASTIC BREAST CANCER,oncology
WEBSTER TRIPLE A,cardiovascular
S/O MVA,trauma_injury
PSEUDO AORTIC ANEURYSM\ REPAIR OF PSEUDO ANEURYSM/SDA,cardiovascular
CEREBROVASCULAR ACCIDENT;FEV,neurological
PNEUMONIA-AFLUTTER-HYPERTENSION,infectious
PROGRESSIVE WEAKNESS,neurological
CONGESTIVE HEART FAILURE\TRANSCATHETER AORTIC VALVE IMPLANT (TAVI) TRANSFEMORAL APPROACH,cardiovascular
S/P 30 FOOT FALL,trauma_injury
TRAUMA; HEAD INJURY; MULTI FRACTURES,trauma_injury
"C SPINE FRACTURE,FRONTAL SINUS FRACTURE",trauma_injury
NON-HODGKINS'S DISEASE,oncology
END STAGE CARDIOMYOPATHY,cardiovascular
MITRAL REGURGITATION\MITRAL VALVE REPLACEMENT; MAZE PROCEDURE; LLA LIGATION/SDA,cardiovascular
MIDGUT VOLVULUS,gastrointestinal
ACUTE SUBDURAL HEMATOMA;S/P FALL,trauma_injury
CONGESTIVE HEART FAILURE\ANGIOPLASTY,cardiovascular
COPD FLARE;RISING LACTATE,respiratory
"RESPIRATORY DISTRESS,UROSEPSIS",infectious
MYESTEMIA,neurological
ANEXITY;COLITIS,psychiatric
FAILURE TO THIRVE,other
LOWER GASTROINTESINAL BLEED,gastrointestinal
S/P FALL;HIP PAIN,trauma_injury
AORTA VALVE DISORDER\REDO STENOTOMY; AVR ? CORONARY ARTERY BYPASS GRAFT/SDA,cardiovascular
CAD/+ETT\CATH,cardiovascular
SYNCOPE-HYPERKALEMIA,renal
HF;PNA,cardiovascular
DIVERTICUL;ITIS,gastrointestinal
VARICEAL BLEED CIRRHOSIS,hepatobiliary
ELEVATED STEMI,cardiovascular
AORTIC STENOSIS;HYPOTENSION;PULMONARY EDEMA,cardiovascular
UTERINE BLEED,pregnancy_obstetric
CHOLANGIOCARCINOMA;UPPER GASTROINTESTINA BLEED,hepatobiliary
THOMACIC ANEURYSM\THORACOABDOMINAL ENDARTERECTOMY/ RIGHT PARTIAL BYPASS; LUBAR DRAIN,cardiovascular
MYOCARDIAL INFARCTION S/P CATH,cardiovascular
ABDOMINAL PAIN;EVALUATION FOR LYMPHOMA,oncology
SUBDURAL HEMATOMA S/P FALL,trauma_injury
"TRUMA,RIGHT BLOBE RUPTURE",trauma_injury
MITRAL VALVE DISORDER\MITRAL VALVE REPLACEMENT WITH TVR/SDA,cardiovascular
HYPOMAGNESEMIA,endocrine_metabolic
VENTRICULAR MASS,oncology
GALLSTONE;HYPOTENSION;ENDOSCOPIC RETROGRADE CHOLANGIOPANCREATOGRAPHY,hepatobiliary
SUPRA GLOTTITIS,respiratory
MULTIPLE PES,hematologic
FEVER; ATRIAL FIBRILLATION,cardiovascular
S/P MOTOR VEHICLE ACCIDENT;SMALL BOWEL OBSTRUCTION,trauma_injury
R/O EPIGLOTTITIS,respiratory
LARYNEAL STENOSIS;NECK ARM PAIN,respiratory
COOAGULOPATHY;RIGHT HIP BLEEDING,hematologic
NEUTROPENIC FEVER;? PNEUMONIA,infectious
THORACIC SPINE INJURY;TRAUMA,trauma_injury
ISCHEMIC CARDIOMYOPATHY;RECURRENT CHEST PAIN\CATH,cardiovascular
ACUTE CHRONIC RESPIRATORY FAILURE,respiratory
MALIGNANT MELANOMA OF SKIN AND SCALP AND NECK /SDA,oncology
ANAPHALACTIC SHOCK;CARDIAC ARREST;TELEMETRY,cardiovascular
VERTEBRAL DISSECTION;STROKE;TELEMETRY,neurological
RIGHT FOOT CELLULITIS;TELEMETRY,infectious
ACUTE CHRONIC RENAL FAILURE;DIABETES MELLITUS,renal
"KYPHOSIS, S/P FRACTURE/SDA",musculoskeletal
RIGHT LUNG  CA/SDA,oncology
PLEURAL EFFUSION;RESPIRATORY FAIL,respiratory
S/P FALL;HEAD BLEED,trauma_injury
TRACHEAL TEAR-MEDIASTINAL EMPHYSEMA,respiratory
VENTRICULAR TACHYCARDIA;CONGESTIVE HEART FAILURE\CATH,cardiovascular
CHOLANIOCARCINOMA - PAIN CONTROL,oncology
CRITCAL LEFT ICA STENOSIS/SDA,neurological
AMPULARY MASS,oncology
METASTATIC MELANOMA /SDA,oncology
SEPSIS;ACUTE RENAL FAILURE,infectious
VARIOES BLEEDING,gastrointestinal
CHEST PAIN/ CHANGE IN MENTAL STATUS,cardiovascular
UNCONTROLLED DIABETES;PANCREAS TRANSPLANT,endocrine_metabolic
RENAL STONE OBSTRUCTION,renal
"MITRAL VALVE INSUFFICENCY\MVR, MAZE PROCEDURE, ? CORONARY ARTERY BYPASS GRAFT",cardiovascular
GUN SHOT WOUND HEAD,trauma_injury
NECK INJURY;?CHEST INJURY,trauma_injury
"CORONARY ARTERY DISEASE\CORONARY ARTERY BYPASS GRAFT WITH AVR, DEEP HYPOTHERMIC CIRCULATIORY ARREST/SDA",cardiovascular
CARCINOID CRISIS,endocrine_metabolic
FEVER;BILIARY BLOCKAGE,infectious
ASCENDING AORTA\ASCENDING AORTA REPLACEMENT & HEMI-ARCH ? AORTIC VALVE REPLACEMENT /SDA,cardiovascular
INNOMINATE OCCLUSION\AORTO/ INNOMINATE/ CAROTID SUBCLAVIAN BYPASS,cardiovascular
MITRAL VALVE REGURITATION\BENTALL PROCEDURE/SDA,cardiovascular
LEFT PATELLA FRACUTRE/SDA,musculoskeletal
STERNAL FX,trauma_injury
RENAL ARTERY STENOSIS\RENAL ARTERIOGRAN,renal
SEIZURES;BRAIN MASS,neurological
PYELONEPHRITIS;PULMONARY EMBOLIS,renal
CORONARY ARTERY DISEASE\CORONARY ARTERY BYPASS GRAFT;AORTIC VALVE REPLACEMENT; ? MVR/SDA,cardiovascular
"AORTIC STENOSIS\AORTIC VALVE REPLACEMENT, ? MITRAL VALVEREPLACEMENT /SDA",cardiovascular
LIVER FAILURE; ETOH ABUSE,hepatobiliary
LEFT FEMORAL PSEUDOANEURYSM,cardiovascular
HEMATEMSIS,gastrointestinal
S/P MOTOR VEHICLE ACCIDENT;ARREST,trauma_injury
CHEST PAIN WITH NSTEMI,cardiovascular
ST ELEVATION MYOCARDIAL INFARCTION\CORONARY ANGIOGRAM,cardiovascular
DIABETIC KETOACIDOSIS;NSTEMI,endocrine_metabolic
LUMBER SPINE FRACTURE,trauma_injury
90% LEFT MAIN CORONARY ARTERY DISEASE,cardiovascular
RECURRENT ANGINA\CATH,cardiovascular
CORONARY ARTERY DISEASE\CORONARY ARTERY BYPASS GRAFT; RESECTION AORTIC ASCENDING ANEURYSM /SDA,cardiovascular
ABSENCE/SDA,neurological
"PNEUMONIA,HYPONATREMIA",respiratory
LARYNGOTRACHIAL STENOSIS/SDA,respiratory
NONUNION T12-L1/SDA,musculoskeletal
S/P ORIF TIBIA FX,trauma_injury
TRACHEOBROPCHIAL MALACIA/SDA,respiratory
VULVUS,genitourinary
LUNG CANCER;MENTAL STATUS CHANGES,oncology
CHEST PAIN;SURGICAL REVASCULARIZATION\CATH,cardiovascular
FEVER-R/O TB,infectious
GASTRIC CANCER;PNEUMONIA,oncology
S/P AAA REPAIR,postoperative_surgical
"ACUTE RENAL FAILURE, CELLULITIS",renal
LEFT LOWER EXTREMITY INJURY,trauma_injury
"LYMPHOMA,FEVER, NEUTROPENIA",hematologic
PORT INFECTION,infectious
HYPOXIA-PANCYTOPENIA,hematologic
ABDOMINAL PAIN;URINARY TRACT INFECTION,genitourinary
FEVER;ELEVATED LIVER FUNCTION TEST,hepatobiliary
ASCENDING AORTIC ANEURYSM\BENTAL PROCEDURE REDO,cardiovascular
DILATED CARDIOMYOPATHY/VENTRICULAR TACHYCARDIA\BIVENTRICULAR INTRACARDIAC DEFIBRILLATOR IMPLANT,cardiovascular
RUPTURE ESOPHAGUS,gastrointestinal
CHOLECYSTITIS;RESPIRATORY FAILURE,hepatobiliary
"SEPSIS, MET CA ESOPHAGEAL",infectious
LIKELY THROMBOCYTOPENIA,hematologic
CIRRHOSIS;HEPATIC PLEURAL EFFUSION,hepatobiliary
HYPOKALEMIA-URINARY TRACT INFECTION,genitourinary
ST ELEVATION;MYOCARDIAL INFARCTION,cardiovascular
NON-HEALING RIGHT FOOT ULCER;DIABETES MELLITUS,endocrine_metabolic
CAROTID STENOSIS\CAROTID ANGIO AND STENT,cardiovascular
PED STRUCK; MULTI SYSTEM TRAUMA,trauma_injury
CHRONIC SUBDURAL BLEED,neurological
R/O CVA;CHEST PAIN,cardiovascular
ACUTE RENAL FAILURE;WEAKNESS,renal
PYELONEPHRITIS/SDA,renal
ABDOMINAL PAIN;RECTAL CANCER,oncology
DIABETES MELLITUS,endocrine_metabolic
S T ELEVATED ION MI,cardiovascular
CORD COMPRESSION;RENAL CELL CANCER,oncology
"CONGESTIVE HEART FAILURE,COPD",cardiovascular
ASCENDING SINUS VENUS\ REPAIR ANOMALY PULMONARY VEIN; ASCENDING AORTIC VALVE REPLACEMENT/SDA,cardiovascular
R/O MI/CATH,cardiovascular
"CHF,+ETT\LEFT HEART CATHETERIZATION",cardiovascular
APPENDICEAL/SDA,gastrointestinal
ALTERED MENTAL STATUS/ GI BLEED,gastrointestinal
CORONARY ARTERY DISEASE\CORONARY ARTERY BYPASS GRAFT;AORTIC VALVE REPLACEMENT; ASCENDING AORTA & PROXIMAL ARCH/SDA,cardiovascular
PNEUMONIA;CHRONIC OBST PULM DISEASE;RESPIRATORY FAILURE,respiratory
COLITIS FLARE; RENAL FAILURE,renal
L3 BURST FRACTURE,trauma_injury
METASTATIC OVARIAN CANCER;TELEMETRY,oncology
PANCYTOPENIA;FEBRILE NEUTROPENIA,hematologic
RAYNAUDS,cardiovascular
EPISTAXIS/SDA,other
R/O MYOCARDIAL INFARCTION-FEVER,cardiovascular
HYPERCAPNEA;SHORTNESS OF BREATH,respiratory
LINE INFECTION;TELEMETRY,infectious
FEVER; MENTAL STATUS CHANGES,symptoms_unspecified
AORTIC STENOSIS\ AORTIC VALVE REPLACEMENT; REDO/SDA,cardiovascular
PORTAL HYPERTENSION;VARICEAL BLEED,hepatobiliary
RIGHT ANKLE CELLULITIS; R/O SUBACUTE BACTERIAL ENDOCARDITIS,infectious
PSEUDOANEURYSM OR PULMONARY ARTERY,cardiovascular
V2 TYPICAL TRIGEMINAL NEURALGIA/SDA,neurological
MULTI DRUG OVERDOSE,toxicology_poisoning
C7 FRACTURE;HEAD INJURY,trauma_injury
RIGHT BASAL GANGLIA BLEED,neurological
S/P TRAUMA;NEUROLOGIC INJURY,trauma_injury
SHORTNESS OF BREATH/FEVER,symptoms_unspecified
ADENOCARCINOMA RIGHT COLON/SDA,oncology
R/O HEAD BLEED; S/P KIDNEY TX,trauma_injury
TYLENOL LIVER TOXICITY,toxicology_poisoning
RIGHT INTERNAL CAPSULE HEMORRHAGE,neurological
MYOCARDIAL INFARCTION;RESPIRATORY FAILURE,cardiovascular
IVC THROMBOSIS,cardiovascular
"S/P MVC, LIVER LACERATION",trauma_injury
HYPERTENSION;ENCEPHALOPATHY,cardiovascular
CHEST PAIN; R/O MI; COPD FLARE,cardiovascular
RENAL CALL CANCER/CHEMO,oncology
AR\AORTIC AND MITRAL VALVE REPLACEMENT /SDA,cardiovascular
SPINAL SHOCK,neurological
LEFT CFA CLOT,cardiovascular
ACUTE MYOCARDIAL INFARCTION;PNEUMONIA;CONGESTIVE HEART FAILURE,cardiovascular
CORONARY ARTERY DISEASE\ OFF PUMP CORONARY ARTERY; BYPASS/SDA,cardiovascular
CHEST PAIN;DYSPNEA ON EXERTION\CARDIAC CATH,cardiovascular
MR/CHF\MITRAL VALVE REPLACEMENT MINIMALLY INVASIVE APPROACH/SDA,cardiovascular
MR\MITRAL VALVE REPLACEMENT; REDO,cardiovascular
UTI; PYELONEPHRITIS,genitourinary
URETEROLITHIASIS,genitourinary
GASTRO ESOPHAGEL REFLUX DISEASE/SDA,gastrointestinal
FRONTAL CONTUSION,neurological
SMALL BOWEL CARCINOIDS/SDA,oncology
ANTIDEPRESSANT OVERDOSE,toxicology_poisoning
C2 FRACTURE-S/P FALL,trauma_injury
"LOOSE HIP,LEFT SIDE",musculoskeletal
AI AND MR\AORTIC AND MITRAL VALVE REPLACEMENT; AORTIC VALVE REPLACEMENT ? ASCENDING; RE-DO STENOTOMY/SDA,cardiovascular
NON-ST SEGMENT ELEVATION MYOCARDIAL INFARCTION;COPD EXACERBATION,cardiovascular
BACERTIAL PERITONITIS,infectious
HEAD INJURY;SUBDURAL HEMORRHAGE;SUBARACHNOID HEMATOMA;PI BLEED,neurological
"OD,ALTERED MS",toxicology_poisoning
CELLULITIS;DIALYSIS,infectious
DIGOXIN TOXICITY;HYPERTENSION,toxicology_poisoning
MR\MITRAL VALVE REPLACEMENT MINIMALLY INVASIVE APPROACH,cardiovascular
RENAL ARTERY STENOSIS;CLAUDICATION\RIGHT KIDNEY; LEFT LEG ANGIOGRAM,renal
NECROTIZING FASCITIS LEFT LEG,infectious
PULMONARY EDEMA;ANEMIA,cardiovascular
SUBARACHNOID HEMORRHAGE;INTUBATED,neurological
"CELLULITIS,A-FIB",infectious
ISCHEMIC CHANGES\CARD CATH,cardiovascular
R/O PANCREATITIS,gastrointestinal
LEFT VENTRICULAR ANEURYSM;CORONARY ARTERY DISEASE,cardiovascular
SEPSIS/ERCP,infectious
CRESCENDO ANGINA,cardiovascular
PNEUMONIA;COUGH,respiratory
CAROTID STENOSIS RIGHT,cardiovascular
SUBDURAL HEMATOMA-COMA,neurological
REPAIR OF PERFORATED ESOPHAGUS,postoperative_surgical
AORTIC VALVE DISEASE\CORONARY ARTERY BYPASS GRAFT WITH AVR /SDA,cardiovascular
SP MVC,trauma_injury
SEVERE AORTIC STENOSIS;CHEST PAIN;ATRIAL FIBRILLATION\RIGHT AND LEFT HEART CATHERTERIZATION,cardiovascular
ATRIAL FIBRILLATION\BILATERAL MINI-THORACOTOMY; PULMONARY VEIN ISOLATION W/RESECTION OF LEFT ATRIAL APPENDAGE & LEFT UPPER LUNG BIOPSY/SDA,cardiovascular
DKA/HYPERNATREMIA,endocrine_metabolic
RESPIRATORY FAILURE/TRACHEAL INJURY,respiratory
POST/OP FEVER,postoperative_surgical
"MVA,HEAD BLEED",trauma_injury
ICH/C2 FX,neurological
BRAIN TUMOR MALIGNANT/SDA,oncology
ASTHMA & COPD EXACERBATION,respiratory
"HYPOTENSION,GI BLEED",gastrointestinal
CAO; CHEST PAIN,cardiovascular
CHARCOT LEFT FOOT/SDA,musculoskeletal
GOITER;CHRONIC AIRWAY OBSTRUCTION,endocrine_metabolic
DEHYDRATION;TACHYCARDIA,other
HEPATO;BILIARY RESSECTION;VRE,hepatobiliary
CORONARY ARTERY DISEASE\REPAIR ANOMALOUS RIGHT CAROTID ARTERY; ? CORONARY ARTERY BYPASS GRAFT /SDA,cardiovascular
RENAL ARTERY STENOSIS/SDA,renal
"UPPER AIRWAY RESTRICTION, LEUKEMIA",hematologic
MITRAL REGURGITATION & RENAL INSUFFICIENY\MITRAL VALVE REPLACEMENT  W/ ? MAZE,cardiovascular
THORACIC AORTIC ANEURYSM\REPLACEMENT ASCENDING AORTA W/ HEMI-ARCH VS BENTAL PROCEDURE/SDA,cardiovascular
DIABETIC FOOT INFECTION,infectious
CHRONIC RENAL FAILURE;PANCREATITIS,renal
RESPIRATORY FAILURE;ALTERED MENTAL STATUS,respiratory
LIVER AND LUNG FISTULA,hepatobiliary
POPLITEAL INJURY,trauma_injury
BILATERAL GANGRENE; DIABETES,endocrine_metabolic
ANEMIA;KNOWN ULCERS,hematologic
BILATERAL FEMORAL  FX,trauma_injury
ENDOCARDITIS\CATH,cardiovascular
HTN; INTRACRANIAL BLEED,neurological
R FEMUR FRACTURE; RENAL FAILURE,trauma_injury
NECROTIC PANCREATITIS,gastrointestinal
INTRAPARENCHYMAL HEORRHAGE,neurological
SALICYLATE OVERDOSE,toxicology_poisoning
THREATENED LEFT LOWER EXTREMITY,other
PARAFUSION,other
CRUSH INJURY,trauma_injury
LIVER LESION;CHOLANGIOCARCINOMA/SDA,oncology
AORTIC STENOSIS;MR\ AORTIC AND MITRAL VALVE REPLACEMENT,cardiovascular
CODE STROKE,neurological
"CHOLANGITIS;ELEVATED WHITE BLOOD COUNT;FEVER,ETIOLOGY UKNOWN",infectious
OVARIAN CANCER;NEUTROPENIC;HYPOTENSION,oncology
OSTEOARTHRITIS LEFTKNEE/SDA,musculoskeletal
GOUT;FEVER,musculoskeletal
CAORONARY ARTERY DISEASE,cardiovascular
PNEUMOPERTONEUM,gastrointestinal
CIRRHOSIS;RENAL FAILURE,hepatobiliary
"ANEMIA;BLEEDING,VAGINA",hematologic
"COLD R FOOT, ? AORTIC DISSECTION",cardiovascular
PSYCHOGENIC POLYDISPIA,psychiatric
AR\AORTIC VALVE REPLACEMENT,cardiovascular
ATRIAL FIBULATION\REDO STERNOTOMY WITH FULL MAZE,cardiovascular
CARDIAC CATHERIZATION;UNSTABLE ANGINA;TELEMETRY,cardiovascular
HERNIATED DISC/SDA,musculoskeletal
FALL;FEMUR FRACTURE,trauma_injury
AML RELAPSE,hematologic
DYSPNEA;CHEST PAIN;TELEMETRY;RAPID AFIB,cardiovascular
"29WKS,GALLSTONE",pregnancy_obstetric
SEPTIC KNEE;PNEUMONIA,infectious
NEURO SYPHILIS,neurological
HYPOTENSION;SUBSTANCE ABUSE;PANCREATITIS,toxicology_poisoning
"HEAD ACHE,R/O BLEED",symptoms_unspecified
SEVERE GASTROENTERITIS,gastrointestinal
S/P MVA;PEDESTRIAN STRUCK,trauma_injury
LEFT FEMORAL FRACTURE,trauma_injury
ADENO CANCER ETHMOID SINUS /SDA,oncology
INTERACRANIAL HEMORRHAGE,neurological
"ALTERED MENTAL STATUS,URINARY TRACT INFECTION",infectious
HYPERNATREMIA-ALTERED MENTAL STATUS,endocrine_metabolic
RESPIRATORY DISTRESS;DIARRHEA,respiratory
GLAGARINE INSULIN OVERDOSE,endocrine_metabolic
"OVERDOSE,TRICYCLIC ANTIDEPRESSANT",toxicology_poisoning
PNEUMONIA;DEHYDRATION,infectious
OVERDOSE; ASPIRATION,toxicology_poisoning
ACUTE RENAL FAILURE; HYPOKALEMIA,renal
COLON CANCER;ARTERIAL CLOT,oncology
NON SMALL CELL CANCER;HYPOXIA,oncology
CORONARY ARTERY DISEASE\CORONARY ARTERY BYPASS GRAFT; WITH AVR; ? MITRAL VALVE REPLACEMENT/SDA,cardiovascular
HIP FRACTURE;RESPIRATORY FAILURE,trauma_injury
SUBARACHNOID HEMATOMA;TELEMETRY,neurological
LEFT NASOPHARYNGEAL MASS,oncology
SHORTNESS OF BREATH;S/P TRACHEOPLASTY,respiratory
R/O ST SEGMENT MI,cardiovascular
ATRIAL TACHYCARDIA\LEFT ANTERIOR TACHYCARDIA ABLATION; TEE **REMOTE WEST**,cardiovascular
R/O CAROTID DISECTION,cardiovascular
STAGE IV SUBGLOTTIC CANCER,oncology
LUNG CANCER;SUPERIOR VENA CAVA SYNDROME,oncology
CLAUDICATION\AA RUNOFFS,cardiovascular
HEMATOCHEZIA,gastrointestinal
LT HAND FX-BLUNT HEAD INJURY-S/P MVA,trauma_injury
"FEVER,DEHYDRATION,FAILURE TO THRIVE",infectious
"OPEN FRACTURE,LEFT LEG",trauma_injury
MITRAL STENOSIS\MITRAL VALVE REPLACEMENT ? MAZE,cardiovascular
?LEEFT BASAL GANGLIA BLEED,neurological
WEAKNESS;CERVICAL STENOSIS,musculoskeletal
FEVER;THROMBOCYTOPENIA,hematologic
CONGESTIVE HEART FAILURE;AORTIS STENOSIS,cardiovascular
DEHYDRATION ?DIFF,other
MELANOMA,oncology
TRACHEAL OCCLUSION,respiratory
"PNEUMONIA,BLADDER CARCINOMA",infectious
BRADYCARDIA;WEAKNESS,cardiovascular
"VARICEAL BLEED,S/P TIPS",gastrointestinal
GASTROADENOCARCINOMA/SDA,oncology
CERVICAL DISC HERNIATION/SDA,musculoskeletal
"CORONARY ARTERY ARTHROSCLEROSIS\RE-DO STERNOTOMY, MYXOMA RESECTION",cardiovascular
DEHYDRATION;RENAL CELL CARCINOMA,oncology
STERNAL DRAINAGE;SHORTNESS OF BREATH,postoperative_surgical
HEPATITIS;ATRIAL FIBRILLATION;TELEMETRY,infectious
PNEUMOTHORAX;FACIAL FX,trauma_injury
SQUAMOUS CELL CANCER OF HYPO PHARYNX/SDA,oncology
AORTIC INSUFFIENCY\AORTIC VALVE REPLACEMENT; MINIMALLY INVASIVE,cardiovascular
INTER-CRANIAL MASS,neurological
PLEURO EFFUSION/SDA,respiratory
"S/P FALL,LT FRONTAL HEAD BLEED,SUB ARACHNOID HEMORRHAGE",trauma_injury
BRAIN MASS-HYDROCEPHALUS,neurological
PYLEONEPHRITIS;CO2 RETENTION,genitourinary
COLONIC OBSTRUCTION,gastrointestinal
ABSCESS;RULE OUT TUBERCULOSIS,infectious
PERICARDIAL EFFUSION;S/P FALL,cardiovascular
RIGHT UPJ STRICTURE,genitourinary
NON ST ELEVATION MYOCARDIAL INFARCTION;ACUTE CORONARY SYNDROME;CHEST PAIN\LEFT HEART CATHETERIZATION,cardiovascular
ANGINA;DYSPNEA\LEFT HEART CATHETERIZATION,cardiovascular
CARDIAC ARREST;SEPTIC SHOCK,cardiovascular
PNEUMONIA;NECROTIC RIGHT FOOT,infectious
UNSTABLE ANGINA\CORONARY ARTERY BYPASS GRAFT,cardiovascular
CONGESTIVE HEART FAILURE;PNEUMONIA;HYPOXIA,cardiovascular
ADRENAL TUMOR/SDA,endocrine_metabolic
RULE OUT CORONARY ARTERY DISEASE; CHEST PAIN\LEFT HEART CATHETERIZATION,cardiovascular
OSTEOMYELITIS LEFT HIP/SDA,infectious
STRUKE,neurological
LEG WOUND,trauma_injury
BLOMYSCIN RESPIRATORY TOXICITY,toxicology_poisoning
ALTERED;RLL;PNEUMONIA,infectious
STAB WOUND TO THROAT,trauma_injury
ACUTE MYOCARDIAL INFARCTION; ENDOCARDITIS,cardiovascular
MYCOCARDIAL INFARCTION\CARDIAC CATHETERIZATION,cardiovascular
ACUTE HEPATITIS A,infectious
ASCENDING AORTIC ANEURYSM\AORTIC VALVE REPLACEMENT/SDA,cardiovascular
CHEST PAIN;TELEMETRY;PNEUMONIA,cardiovascular
HYPOTENSION ABDOMINAL PAIN,other
"CORONARY ARTERY DISEASE\CORONARY ARTERY BYPASS GRAFT, RE-DO;MITRAL VALVE REPLACEMENT; ?AVR/SDA",cardiovascular
MITRAL DISORDER\MITRAL VALVE REPLACEMENT; ? TRICUSPID VALVE REPLACEMENT; ? PATENT FORAMEN OVALE; ? AORTIC VALVE REPLACEMENT /SDA,cardiovascular
URINARY TRACT INFECTION;DEHYDRATION;HYPERGLYCEMIA;TELEMTRY,infectious
FLUCONAZOLE DESENSITIZATION,other
DISSECTED AORTA,cardiovascular
DUODENAL ULCER PERFORATION/SDA,gastrointestinal
CLOSE LOOP OBSTRUCTON,gastrointestinal
HYPOTENSION-HYPERGLYCEMIA,endocrine_metabolic
HYPERKALEMIA;CARDIAC ARREST,cardiovascular
DIABETIC KETOACIDOSIS;GASTROINTESTINAL BLEED;TELEMETRY,endocrine_metabolic
RULE-OUT MYOCARDIAL INFARCTION;R/O PE,cardiovascular
"CAROTID STENOSUS/ELEVATED CREATNINE,L/SDA",cardiovascular
SEVERE DRUG RASH,dermatologic
HYPOXIA;HY[PTENSION,other
ISCHEMIC ULCER RIGHT FOOT,cardiovascular
RESPIRATORY FAILURE;ASPIRATION,respiratory
CORONARY ARTERY DISEASE\CORONARY ARTERY BYPASS GRAFT; W/ ? MVR/SDA,cardiovascular
UROSEPSIS;WOUND INFECTION,infectious
HEPATOCELLULAR CA/SDA,oncology
"CHF,PLEURAL EFFUSION,CLOTTED GRAFT",cardiovascular
JUNCTIONAL RHYTHM REQUIRING PACEMAKER,cardiovascular
CEREBRIAL ANEURYSM/SDA,neurological
"HYPERKALEMIA,RENAL FAILURE",renal
DEEP SPACE NECK INFECTION,infectious
"SEPSIS, CONGESTIVE HEART FAILURE",cardiovascular
METASTATIC MELANOMA\CHEMO(HIGH DOSE INTERLEUKIN-2),oncology
RULE-OUT MYOCARDIAL INFARCTION;TELEMETRY;THORACIC AORTA INTRAMURAL HEMATOMA,cardiovascular
CARDIOGENIC SHOCK\CATH,cardiovascular
CORONARY ARTERY DISEASE \CORONARY ARTERY BYPASS GRAFT /SDA,cardiovascular
AAA\/SDA,cardiovascular
PROSTATITIS;FEVER,genitourinary
CORONARY ARTERY DISEASE\ENDOSCOPIC CORONARY ARTERY BYPASS GRAFT/SDA,cardiovascular
SHORTNESS OF BREATH;AORTIC STENOSIS\CARDIAC CATHETERIZATION,cardiovascular
CLOTTED LEFT UPPER ARM AV GRAFT/SDA,cardiovascular
R/O PULMONARY EMBOLUS,respiratory
EXPLORATORY LAP,gastrointestinal
CORONARY ARTERY DISEASE\AORTIC VALVE REPLACEMENT; TISSUE VALVE /SDA,cardiovascular
EPIDURAL HAMATOMA,trauma_injury
S/P MOTOR VEHICLE ACCIDENT-OPEN TIBIA/FIBIA FX,trauma_injury
MITRAL VALVE DISORDER\MITRAL VALVE REPAIR VS REPLACEMENT; ? CORONARY ARTERY BYPASS GRAFT,cardiovascular
LEFT MAINSTREAM BRONCHIAL MASS,oncology
AORTIC STENOSIS\AORTIC VALVE / ASCENDING AORTA REPLACEMENT  CORONARY ARTERY BYPASS GRAFT /SDA,cardiovascular
FEVER/R/O BACTEREMIA,infectious
GALLSTONES/PANCRATITIS,gastrointestinal
VARICEAL BLEEDING,gastrointestinal
LUNG CANCER/L.SIDED OBSTRUCTION,oncology
"HIP FRACTURE,RIGHT SIDE",trauma_injury
CHEST PAIN;ANGINA,cardiovascular
CERVICAL SPINE FX,trauma_injury
BILATERAL URETERAL OBSTRUCTION/SDA,genitourinary
S/P MOTOR VEWHICLE ACCIDENT,trauma_injury
LEFT TIBIAL FIB FRACTURE,trauma_injury
INTRAPARENCHYMAL HEMORRHAGE;GI BLEED,neurological
S/P FALL-C5 FRACTURE,trauma_injury
ISCHEMIC ULCERATION LEFT FOOT,cardiovascular
BILATERAL PES,musculoskeletal
DELIRIUM,neurological
ASTHMA ATTACK,respiratory
HEAD MASS;S/P SEIZURE,neurological
PELVIC FRACTURE;BLEED,trauma_injury
MYASTHENIC CRISIS,neurological
RIGHT BREAST CA/HX OF DCIF LEFT BREAST/SDA,oncology
S/P TIA/ CAROTID STENOSIS,neurological
ICD LEAN INFECTION;VEGITATION,infectious
CORONARY ARTERY DISEASE\OFF PUMP CORONARY ARTERY BYPASS; ? AORTIC VALVE REPLACEMENT,cardiovascular
TETRALOGY OF FALLOT\ PFO CLOSURE;CORONARY ARTERY BYPASS GRAFT; PULMONARY OUTFLOW RECONSTRUCTION; PULMONARY VALVE REPAIR,cardiovascular
IHC,cardiovascular
CHEST PAIN; WOUND INFECTION,infectious
HEMOPYTISIS,respiratory
STENT NON FUNCTION\BRONCHOSCOPY RIGID; STENT REMOVAL,respiratory
? KIDNEY TRANSPLANT REJECTION,renal
MITRAL REGURGITATION\CARDIAC CATH,cardiovascular
LEFT BRAIN MASS/SDA,oncology
CHEST PAIN;DIABETIC KETOACIDOSIS;SUICIDAL IDEATION;TELEMETRY,endocrine_metabolic
TRAUMA;FEMUR FX,trauma_injury
"CLOTTED LEFT FOREARM AV LOOP GRAFT\AV GRAFT; THROMBECTOMY, LEFT FOREARM LOOP GRAFT",cardiovascular
"NSTEMI, UTI, SEIZURES",cardiovascular
AORTIC STENOSIS;CONGESTIVE HEART FAILURE;CORONARY ARTERY DISEASE\CATH,cardiovascular
ISOPROPYL ALCOHOL OVERDOSE,toxicology_poisoning
LIP MELANOMA/SDA,oncology
FEMUR FRACTURE;INTUBATED,trauma_injury
"GANGRENE, RIGHT LOWER EXTREMITY",other
AF\AORTIC VALVE REPLACEMENT,cardiovascular
HYPERGLYCEMIC/HYPEROSMOLAR,endocrine_metabolic
COPD W/HYPOXCEMIA,respiratory
PNEUMONIA;PHARYNGEAL EDEMA,infectious
DIALIATED ASCENDING AORTA\ RESECTION AORTIC ASCENDING ANEURYSM; TRANSVERSE ARCH REPLACEMENT/SDA,cardiovascular
PERICARDIAL FUSION/SDA,cardiovascular
TRACHEOBRONCHOMALACIA\BRONCHOSCOPY RIGID W/ STOMA REVISION T TUBE PLACEMENT,respiratory
MALIGNANT NEOPLASM OF OVARY TO DIAPHRAGM & LIVER,oncology
CORONARY ARTERY DISEASE\CORONARY ARTERY BYPASS GRAFT WITH ATRIAL VALVE REPLACEMENT; ? MITRAL VALVE REPLACEMENT/SDA,cardiovascular
ASTHMA/COPD EXCERBATION,respiratory
SYNCOPE;VTACH,cardiovascular
TRICUSPID DISORDER\REDO STERNOTOMY; PULMONARY VALVE REPLACEMENT; TRICUSPID VALVE REPAIR; LEAD REMOVAL/SDA,cardiovascular
S/P PEDESTRIAN STRUCK BY TRAIN,trauma_injury
TRAUMA;SUBARACHNOID HEMATOMA;C 6-7 FRACTURE,trauma_injury
JNAJOJ77/SDA,other
LOW PLATELETS,hematologic
ZOSTER VS. MENINGITIS,infectious
CORONARY ARTERY DISEASE;ACUTE CORONARY SYNDROME\CARDIAC CATH,cardiovascular
MYESTHENIC CRISIS,neurological
LEAD MALFUNCTION\LEAD EXTRACTION; LEFT VENTRICULAR LEAD IMPLANT/SDA,cardiovascular
WEAKNESS;DEHYDRATION,symptoms_unspecified
HYDROTHORAX;LIVER FAILURE,hepatobiliary
LIVER FAILURE;BACTERIAL  PERITONITIS,infectious
"HYPOTENSION,MENTAL STATUS CHANGES",symptoms_unspecified
S/P KIDNEY TRANSPLANT;BIOPSY BLEED;TELEMETRY,renal
MEDIASTINAL THYMIC CANCER/SDA,oncology
ICD SHOCK FOR VT/VF,cardiovascular
CORONARY ARTERY DISEASE\CORONARY ARTERY BYPASS GRAFT; ? MAZE/SDA,cardiovascular
MENTAL STATUS CHANGES;HYPONATREMIA,symptoms_unspecified
EXP LAP,gastrointestinal
R/O EMPHYSEMATOUS GASTRITIS;COLITIS,gastrointestinal
TRACHEO BRONCHIAL FISTULA,respiratory
HEMORRHAGIC BRAIN METASTISIS,oncology
ALLO TX,other
"MR\MITRAL VALVE REPLACEMENT, L-VAD BACK-UP",cardiovascular
ALTERED MENTAL STATUS;ACIDOSIS,symptoms_unspecified
CHRONIC PANCREATITIS\ ERCP,gastrointestinal
BRAIN MASS WITH SEIZURE,neurological
GASTROINTESTINAL BLEED;CHRONIC OBST PULM DISEASE,gastrointestinal
AORTIC STENOSIS\AORTIC VALVE; ? ASCENDING AORTA REPLACEMENT;  ? CORONARY ARTERY BYPASS GRAFT,cardiovascular
"ANEMIA,SHORTNESS OF BREATH",hematologic
ACUTE ST ELEVATION MYOCARDIAL INFARCTION\CARDIAC CATH,cardiovascular
MITRAL VALVE PROLAPSE\ MINIMALLY INVASIVE MVR ? OPEN MVR/SDA,cardiovascular
SEVERE AORTIC STENOSIS;TRICUSPID REGURGITATION;STATUS POST MECHANICAL MITRAL VALVE REPLACEMENT\CARH,cardiovascular
ATRIAL FLUTTER\ATRIAL FLUTTER ABLATION +/- PACEMAKER IMPLANT,cardiovascular
ETOH INTOXICATION/RESPIRATORY FAILURE,toxicology_poisoning
FRONTAL HEMATOMA;SUBDURAL HEMATOMA,trauma_injury
RAPID ATRIAL FIBRILLATION;STATUS POST LIVER TRANSPLANT,cardiovascular
SEIZURES AND SKULLTUMOR,neurological
IMMUNOCOMPROMISED HOST,infectious
VARICELLA PNEUMONIA,infectious
TREACHEAL STENOSIS /SDA,respiratory
AORTIC TEAR,trauma_injury
GASTROINTESTINAL BLEED;PNEUMONIA;RENAL FAILURE,gastrointestinal
ADEMA/LIVER FAILURE,hepatobiliary
ACUTE SUBDORAL HEMATOMA,trauma_injury
"ACUTE RENAL FAILURE, SEPSIS",renal
RIGHT MIDDLE CERBERAL ANEURYM/SDA,neurological
LIVER LESION\RADIO FREQUENCY ABLATION LIVER **REMOTE WEST**,oncology
PANCREATITIS;DIABETIC KETOACIDOSIS,gastrointestinal
"MOTOR VEHICAL CRASH,OPEN ANKLE FRACTURE",trauma_injury
PLEURAL EFFUSION;METASTATIC RCC,oncology
MITRAL INSUFFICIENCY\MITRAL VALVE REPAIR; ? MITRAL VALVE REPLACEMENT /SDA,cardiovascular
"FRACTURE,C2 & C5",trauma_injury
UNSTABEL ANGINA\LEFT HEART CATHETERIZATION,cardiovascular
ETOH (CONCERN OF TOXIC ETOH),toxicology_poisoning
COLON TUMOR/SDA,oncology
HYPERNATREMIA-HYPERGLYCEMIA,endocrine_metabolic
ANEMIA;ENDOSCOPY;POST-PROCEDURE RESPIRATORY INSUFFICIENY\ENDOSCOPY,hematologic
CORONARY ARTERY DISEASE;FATIGUE\LEFT HEART CATH,cardiovascular
"CHF,CAD;COPD",cardiovascular
ATHEROSCLEROSIS W/ GANGRENE,cardiovascular
CHRONIC RENAL FAILURE\ INSERTION PERMACATH W/C-ARM RIGHT INTERNAL JUGULAR/SDA,renal
UNCINATE MASS,oncology
PULMONARY EMBOLIS;PNEUMONIA,respiratory
TYLENOL AND ASPIRIN OVERDOSE,toxicology_poisoning
MR\ MITRAL VALVE REPLACEMENT REDO WITH TVR ; VIA RIGHT THORACOTOMY/SDA,cardiovascular
RUPTURED DIVERTICULITIS,gastrointestinal
ARTRIAL FIBRILLATION,cardiovascular
INFLAMMED PANCREATITIS,gastrointestinal
TRACHEOSTOMY PLACEMENT,respiratory
S/P KIDNEY TRANSPLANT; URINARY TRACT INFECTION,genitourinary
"DIARRHEA,ANEMIA",gastrointestinal
MOTOR VEHICLE ACCIDENT;RIB FRACTURES;INTRACRANIAL HEMORRHAGE,trauma_injury
NECK PAIN;POSSIBLE INFECTION,musculoskeletal
VOMITING-DIARRHEA-TACHYCARDIA,symptoms_unspecified
OVERDOSE;R/O MENINGITIS,toxicology_poisoning
FACIAL NUMBNESS,neurological
RENAL FAILURE;ATRIAL FIBRILLATION,renal
RECTUS HEMATOMA,trauma_injury
NICKED BILE DUCT;CHEST PAIN,hepatobiliary
SEPSIS;PYELONEPHRITIS;HYPOGLYCEMIA,genitourinary
DIABETIC KETOACIDOSIS/TELEMETRY,endocrine_metabolic
GI BLEED;INTRACRANIAL HEMORRHAGE,gastrointestinal
CORONARY ARTERY DISEASE;MR\CATH,cardiovascular
MITRAL VALVE REPLACEMENT;ACCENDING AORTA,cardiovascular
BILATERAL SUBDURAL HEMATOMA;HEADACHE,neurological
PYELONEPHRITIS;ACUTE RENAL FAILURE,renal
AORTIC STENOSIS\AORTIC VALVE / ? ASCENDING AORTA REPLACEMENT,cardiovascular
GASTROINTESTINAL BLEED;DUODENAL LIPOMA,gastrointestinal
"ABDOMINAL PAIN, NAUSEA VOMITING",symptoms_unspecified
ENCEPHALOPHATHY,neurological
PAINFUL RIGHT TOTAL HIP REPLACEMENT/SDA,musculoskeletal
"LGE,BOWEL OBSTRUCTION",gastrointestinal
INFECTED ARTERIAL GRAFT/SDA,postoperative_surgical
BASAL GANGLIA INTRACRANIAL HEMORRHAGE,neurological
CARCINOMATOUS MENINGITIS SVC SYNDROME,oncology
RESPITORY FAILURE;CORONARY ARTERY DISEASE,cardiovascular
CAS,cardiovascular
TACHYCARDIA; ELEVATED TROP; PNA; CH,cardiovascular
S/P GUN SHOT WOUND TO NECK,trauma_injury
MOTOR VEHICLE ACCIDENT WITH UNSPECIFIED INJURIES;LIVER LACERATION;FEMUR FX,trauma_injury
ABDOMINAL PAIN-ACUTE RENAL FAILURE,renal
MENGIOMA/SDA,neurological
CORONARY ARTERY DISEASE\CORONARY ARTERY BYPASS GRAFT WITHRADIAL ARTERY; ? OFF PUMP CORONARY ARTERY BYPASS WITH RADIAL ARTERY LEFT/SDA,cardiovascular
DILATED AORTA ROUTE\BENTALL PROCEDURE; VS AORTIC VALVE REPLACEMENT;ASCENDING AORTA REPAIR/SDA,cardiovascular
AORTIC VALVE INSUFFICIENCY;DYSPNEA ON EXERTION\RIGHT AND LEFT CARDIAC CATH,cardiovascular
SEPTAL ETHANOL ABLATION\R+L HEART CATH;SEPTAL ETHANOL ABLATION,cardiovascular
UPPER;GASTROINTESTINAL BLEED;ESOPHAGEAL BLEED,gastrointestinal
AORTIC STENOSIS\CATH/SDA,cardiovascular
SKULL FX/HEAD BLEED,trauma_injury
MITRAL STENOSIS;INTERSTIAL LUNG DISEASE,cardiovascular
DIVERTICULITIS;HYPOTENTION,gastrointestinal
AVR\CATH,cardiovascular
INTRACRANIAL HEMORRHAGE-SEIZURE-MYOCARDIAL INFARCTION,neurological
LIVER LAC,trauma_injury
ABCESS,infectious
END STAGE RENAL DISEASE-URTICARIA-FEVER,renal
AORTIC VAVLE DISORDER\AORTIC VALVE REPLACEMENT /SDA,cardiovascular
CLOTTED ILEO FEMORAL GRAFT,cardiovascular
BASILE TRANSPOSITION;BRACHIAL RADIAL INTERPOSITION GRAFT;CHRONIC RENAL FAILURE,renal
UROSEPSIS; OBSTRUCTING STONE,infectious
ETOH ASPIRATION,respiratory
MULTIPLE MYELOMA;R/O INFECTION VS BRONCHITIS OBLITERANS WITH ORGANIZED PNEUMONIA,hematologic
S/P MOTOR VEHICHLE CRASH,trauma_injury
LEFT CHEST HEMATOMA,trauma_injury
"CAROTID ARTERY STENOSIS;S/P ANGIOPLASTY,STENT\CAROTID ANGIOGRAM",cardiovascular
SOB;BILATERAL PE'S,cardiovascular
RIGHT HIP FRACTURE;URINARY TRACT INFECTION,trauma_injury
CENTRALAIRWAY OBSTRUCTION,respiratory
RECURRENT PLEURAL EFFUSION\PLEUROSCOPY/CHEST TUBE PLACEMENT,respiratory
BILIARY COLIC;POST SPHINCTEROTOMY,hepatobiliary
ANGINA;INFERIOR ISCHEMIA\CARDIAC CATH,cardiovascular
"ANEMIA,EKG CHANGES",hematologic
VANCO DESENTSITIZATION,other
CIRRHOSIS;JAUNDICE,hepatobiliary
HEPATIC VEIN VENA CAVAL STENOSIS/SDA,hepatobiliary
RENAL INFARCTION,renal
CORONARY ARTERY DISEASE\RIGHT CAROTID ANGIOGRAPHY;POSSIBLE REVASCULARIZATION,cardiovascular
ISCHEMIA RIGHT LOWER EXTREMITY,cardiovascular
"HYPOTENSION,LUNG CANCER",oncology
G.E JUNCTION CANCER,oncology
BILIARY LEAK/SDA,hepatobiliary
ENDOCARDITIS;NON Q-WAVE;MYOCARDIAL INFARCTION,cardiovascular
CAVERNOUS MALFORMATION RIGHT/SDA,neurological
CONGENITAL HEART DESEASE\ DOUBLE CHAMBER RIGHT VENTRICULAR ; RESECTION W/VSD CLOSURE/SDA,cardiovascular
GASTROINTESTINAL BLEED;DIABETIC KETOACIDOSIS;S/P CARDIAC ARREST,gastrointestinal
MEDIASTINAL ADENOPATHY WITH EXTRINSIC COMPRESSION OF TRACHEA,respiratory
"ABDOMINAL PAIN;NAUSEA,DIARRHEA",symptoms_unspecified
INTRACRANIAL HEMORRHAGE;,neurological
GUN SHOT WOUND TO CHEST/HEMOTHORAX,trauma_injury
LI TOXICITY,toxicology_poisoning
BACK PAIN-SACRAL FRACTURE,musculoskeletal
ATRIAL FIBRILLATION;CARDIOVERSION,cardiovascular
THIGH HEMATOMA,trauma_injury
EXCESSIVE WIGHT LOSS,symptoms_unspecified
CORONARY ARTERY DISEASE\LEFT VENTRICULAR LEAD PLACEMENT VIA LEFT THORACOTOMY ** NO IV'S OR A-LINES IN LEFT ARM ** ** ZIMETBAUM WILL NOT BE ASSISTING ** /SDA,cardiovascular
TYLENOL O/D,toxicology_poisoning
"BRADYCARDIA,SYNCOPE,SEIZURE",neurological
S/P KIDNEY TRANSPLANT;?REJECTION,renal
CONGESTIVE HEART FAILURE;STEMI,cardiovascular
AORTIC STENOSIS\AVR W/ ? CORONARY ARTERY BYPASS GRAFT,cardiovascular
MITRAL REGURGITATIO\ REDO MITRAL VALVE REPLACEMENT/SDA,cardiovascular
ELEVATED LIVER FUNCTIONS;CHRONIC OBST PULM DISEASE,hepatobiliary
AORTIC VALVE DISORDER\AORTIC VALVE REPLACEMENT; ? REPLACEMENT ASCENDING AORTA/SDA,cardiovascular
HEPATOMA;SEPSIS,oncology
MG CRISIS,neurological
CERVICAL SPONDYLOSIS W/MYELOPATHY/SDA,musculoskeletal
NON-ST SEGMENT ELEVATION MYOCARDIAL INFARCTION;CORONARY ARTERY DISEASE\CATH,cardiovascular
CLAUDICATION\LEFT LOWER EXTREMITH ANGIO,cardiovascular
RIGHT UPPER LOBE LUNG MASS;COPD,respiratory
CORONARY ARTERY DISEASE/SDA\CORONARY ARTERY BYPASS GRAFT,cardiovascular
FAILED LEFT TOTAL KNEE REPLACEMENT/SDA,musculoskeletal
FEVER;R/O LINE SEPSIS,infectious
ENDOCARDIATITIS OF MITRAL VALVE\MITRAL VALVE REPLACEMENT,cardiovascular
FAILED RIGHT TOTAL HIP/SDA,musculoskeletal
DRUG REFRACTORY ATRIAL FIBRILLATION\LEFT ATRIAL TACHYCARDIA ABLATION/ATRIAL FLUTTER ABLATION **REMOTE WEST**/SDA,cardiovascular
CONGESTIVE HEART FAILURE;ABDOMINAL PAIN,cardiovascular
ESOPHAGEAL CANCER & TRACHEOESOPHAGEO FISTULA,oncology
OPEN WOUND LEFT FOOT/SDA,trauma_injury
TRACHEOBRONCHIAL MALACEA/SDA,respiratory
INFECTION;ACUTE RENAL FAILURE,infectious
ANEMIA;FEVER,hematologic
WOLFF PARKINSON WHITE SYNDROME,cardiovascular
T11 FRACTURE-AORTIC DISECTION,trauma_injury
ASTHAMA,respiratory
S/P LIVER TRANSPLANT;GI BLEED,postoperative_surgical
RENO STAGE- LIVER DISEASE,hepatobiliary
RIGHT HEPATIC DUCT STRICTURE/SDA,hepatobiliary
TRAUMA;SAH,trauma_injury
"PNA, CHF",respiratory
PNEUMONIA; UTI,infectious
MOTOR VEHICLE CRASH;HYPOTENSION,trauma_injury
CORONARY ARTERY DISEASE;AORTIC STENOSIS;MR\CORONARY ARTERY BYPASS GRAFT;AORTIC VALVE REPLACEMENT;MITRAL VALVE REPLACEMENT/SDA,cardiovascular
CONGESTIVE HEART FAILURE;ATRIAL FIBRILATION,cardiovascular
GATROINTESTIONAL BLEEDING,gastrointestinal
R/O FLU; AML,hematologic
S/P PACEMAKER;PLEURAL EFFUSION;SP PNEUMOTHORAX\PERICARDIOCENTESIS,postoperative_surgical
TRACHEBRONCHIALMALACIA/SDA,respiratory
CHEST PAIN/CABG,cardiovascular
CAROTID ARTERY DISEASE;ATRIAL FIBRILLATION;STATUS POST STROKE\CAROTID INTERVENTION,neurological
MITRAL STENOSIS\MITRAL VALVULOPLASTY,cardiovascular
"PNEUMONIA, COPD EXACERBATION",respiratory
NECK INJURY,trauma_injury
NON SMALL CELL LUNG CA,oncology
S/P MOTOR VEHICLE ACCIDENT;RIB FRACTURE;CLAVICLE RACTURE,trauma_injury
S/P FALL C1 FRACTURE,trauma_injury
CORONARY ARTERY DISEASE\ BENTAL HOMOGRAFT PROCEDURE;CORONARY ARTERY BYPASS GRAFT; RADIAL ARTERY; LEFT INTERNAL MAMMARY ARTERY/SDA,postoperative_surgical
TRACHIOBRONCHOMALACIA/SDA,respiratory
CHRONIC LYMPHOCYTIC LEUKEMIA;SHORTNESS OF BREATH,hematologic
AORTIC INSUFFICENCY\MEDIASTINOSCOPY; BRONCHOSCOPY FLEXIBLE; CORONARY ARTERY BYPASS GRAFT WITH AVR /SDA,postoperative_surgical
"CVA,INTRACRANIAL HEMORAGE",neurological
GASTRIC OUTLET,gastrointestinal
AORTIC STENOSIS;MITRAL STENOSIS\AORTIC VALVE REPLACEMENT; WITH MITRAL VALVE REPLACEMENT/SDA,cardiovascular
"ACUTE RENAL FAILURE,SEPSIS",renal
CHEST PAIN-R/O MYOCARDIAL INFARCTION\CARDIAC CATH,cardiovascular
V -TACH ARREST,cardiovascular
SEPSIS; UTI; PYELONEPHRITIS,infectious
AV GRAFT THROMBECTOMY,renal
FEMUR FRACTURE-COLLAPSED LUNG,trauma_injury
INCISIONAL HERNIA; PERIPANCREATIC PSEUDO CYST/SDA,postoperative_surgical
"SEIZURE,FEVER",neurological
STATUS POST MOTOR VEHICLE ACCIDENT WITH INJURIES;HEAD TRAUMA,trauma_injury
PULMONARY EFFUSION;TELEMETRY,cardiovascular
TRAUMA;S/P ASSAULT,trauma_injury
"GLIOBLASTOMA,NAUSEA",oncology
TAMPONADE S/P PACEMAKER PLACEMENT,cardiovascular
OPEN WOUND CHEST WALL/SDA,postoperative_surgical
AORTIC STENOSIS\AVR STANDARD KHABBAZ /SDA,postoperative_surgical
PAROTITIS;MRSA,infectious
MILD ABDOMINAL PAIN,symptoms_unspecified
ETOH WITHDRAWEL;LIVER FAILURE;RENAL FAILURE;ENCEPHALOPATHY,hepatobiliary
AORTIC STENOSIS\AVR; ? ASCENDING AORTA REPLACEMENT,postoperative_surgical
RECURRENT LUNG CANCER/SDA,oncology
ALCOHOL WITHDRAWL;CARDIOMYOPATHY;VENTRICULAR TACHYCARDIA,cardiovascular
"FEVERS, A-FIB, RVR",cardiovascular
LIVER FAILURE; VARICEAL BLEED,hepatobiliary
R/O MYASTHENIA GRAVIS,neurological
CHEST PAIN-CONGESTIVE HEART FAILURE,cardiovascular
OVARIAN HYPERSTIMULATION,pregnancy_obstetric
STATUS EPI,neurological
HYPOTENSION-END STAGE RENAL CANCER,renal
ENDOCARDITIS\TRICUSPID VALVE REPLACEMENT,cardiovascular
SPINA BIFIDA-TRACHEAL OBSTRUCTION,respiratory
HYPOXIA; CHF,cardiovascular
CHEST WALL ABSCESS,infectious
"AORTIC STENOSIS\RE-DO STERNOTOMY, AORTIC VALVE REPLACEMENT /SDA",cardiovascular
BILATERAL NON HEALING ULCERS,dermatologic
NEOPLASM OF LEFT RETRO PERITONEAL /SDA,oncology
INTRAPRANCHYMAL BLEED,neurological
AIRWAY OBSTRUCTION\BRONCHOSCOPY FLEXIBLE AND RIGID; STENT PLACEMENT; EXTERNAL FIXATION,respiratory
HEPATOBILIARY FAILURE,hepatobiliary
RENAL CELL CANCER/SDA,oncology
DIABETIC KETOACIDOSIS;PNEUMOMEDIASTINUM,endocrine_metabolic
ETOH W D;COMPRESSION FX,trauma_injury
CORONARY ARTERY DISEASE\CORONARY ARTERY BYPASS GRAFT WITH MVR REDO; ? AVR/SDA,cardiovascular
OVARIAN CANCER\CHEMOTHERAPY,oncology
ACUTE CORONARY ARTERY DISEASE\CORONARY ARTERY BYPASS GRAFT,cardiovascular
"CORONARY ARTERY DISEASE\LEFT INTERNAL MAMMARY ARTERY, LEFT ANTERIOR DESCENDING INTERVENTION",cardiovascular
SEVERE HEART FAILURE;ALTERED MENTAL STATUS,cardiovascular
STOMACH MASS,gastrointestinal
ENLARGED PROSTATE/SDA,genitourinary
DKS/GASTROPARESIS,endocrine_metabolic
RIGHT HIPOA/SDA,musculoskeletal
TRICUSPID VALVE DISORDERS\REDO STERNOTOMY; TRICUSPID VALVE REPLACEMENT /SDA,cardiovascular
TRACHEOBRONCHIALMALACHIA,respiratory
PERIPHERAL VASCULAR DISEASE\LOWER EXTREMITY ANGIOGRAM,cardiovascular
LIVER FAILURE;VICODIN OVERDOSE,hepatobiliary
IRREGULAR RHYTHM,cardiovascular
S/P ASSULT,trauma_injury
SEPISI/RESPIRATORY ARREST,infectious
CORONARY ARTERY DISEASE\CORONARY ARTERY BYPASS GRAFT;  ? AORTIC VALVE / ?ASCENDING AORTA REPLACEMENT /SDA,cardiovascular
HEPATIC ENCEPHALOPATHY;S/P TRANSPLANT,hepatobiliary
EPISTAXIS;THROMBOCYTOPENIA,hematologic
CORONARY ARTERY DISEASE\CORONARY ARTERY BYPASS GRAFT; PULMONARY VALVE REPLACEMENT AICD PLACEMENT/SDA,cardiovascular
CHEST WALL LESION,musculoskeletal
MYASTHENIA FLARE,neurological
COMMON BILE DUCT DILATION,hepatobiliary
UNKNOWN BRAIN TUMOR/SDA,oncology
PELVIC INFECTION,infectious
LIVER TRANFER,hepatobiliary
NAUSEA W\VOMITTING,symptoms_unspecified
NSTEM;? ENDOCARDITIS,cardiovascular
END STAGE RENAL DISEASE;DELIRIUM;DIABETES MELLITUS,renal
"SCOLIOSIS,STENOSIS/SDA",musculoskeletal
VAGINAL BLEEDING; ANEMIA,pregnancy_obstetric
VOMITING;R/O PNEUMONIA,symptoms_unspecified
RUPTURE AORTIC ANEURYSM,cardiovascular
IN ACTIVE LABOR,pregnancy_obstetric
ETOH CIRRHOSIS;PANCREATITIS,hepatobiliary
ALTERED MENTAL STATUS; DYSPNEA,symptoms_unspecified
INFECTED PACEMAKER\LEAD EXTRACTION,infectious
SUBARACHNOID HEMORRHAGE;FALL,neurological
LIVER LACERATIN S/P MVA,trauma_injury
AORTIC STENOSIS\BENTALL PROCEDURE; REDO/SDA,cardiovascular
SUBTHERAPUTIC INR,hematologic
DIFFUSED INFILTRATES,respiratory
HYPERTENSION;NAUSEA W\VOMITING,cardiovascular
SHORTNESS OF BREATH\CATH ? RENAL ANGIOGRAM,symptoms_unspecified
STATUS EPILECTICUS;TELEMETRY,neurological
TONGUE LESION\EXCISIONAL BIOPSY; TONGUE LESION ; PANENDOSCOPY ? OF; WITH FROZEN SECTION,oncology
MULTIPLE ICD CHARGES,cardiovascular
LT LOWER LOBE PNEUMONIA,respiratory
CONGESTIVE HEART FAILURE; R/O MI,cardiovascular
AORTIC STENOSIS\AORTIC VALVE REPLACEMENT; ?   CORONARY ARTERY BYPASS GRAFT /SDA,cardiovascular
UNSTABLE ANGINA;ASTHMA;BRONCHITIS,cardiovascular
"DVT,INTRACTABLE PAIN",hematologic
"PNEUMONIA,AIRWAY OBSTRUCTION",respiratory
SYNCOPE;SUBARACHNOID HEMATOMA;TRAUMA,neurological
UNSTABLE ANGINA;NON Q WAVE MI,cardiovascular
VENTRICULAR SEPTAL DEFECT\ CLOSURE OF VENTRICULAR SEPTAL DEFECT/SDA,cardiovascular
STRESS URINARY INCONTINENCE/SDA,genitourinary
"DIARRHEA, DEHYDRATION",gastrointestinal
R/O MENINGITIS-FEVER,infectious
METAL STATUS CHANGES;UNRESPONSIVE,neurological
ATRIAL FIBRILLATION;CHEST PAIN;AORTIC VALVE DISEASE\CATH,cardiovascular
HEMOTHORAX/RIB FX,trauma_injury
B CELL LYMPHOMA;VRE,oncology
C5-C6 FRACTURE,trauma_injury
PNEUMONIA-UNSSTABLE ANGINA,cardiovascular
GALLSTONE PANCREATITIS;TELEMETRY,gastrointestinal
PERICARDITIS\CHEST TAP,cardiovascular
FACIAL FRACTURES/WRIST FRACTURES/INTRACRANIAL HEMORRHAGE,trauma_injury
RIGHT TIBIAL NON-UNION; RIGHT LEG TIBIAL DEFECT/SDA,musculoskeletal
CHEST PAIN;HYPOTENSION,symptoms_unspecified
ST ELEVATION MI\CARDIAC CATH,cardiovascular
LEFT LUNG CARCINOMA/SDA,oncology
MYELODYSPLASIA;BONE MARROW TRANSPLANT/SDA,hematologic
CHEST PAIN;RULE-OUT MYOCARDIAL INFARCTION;TELEMETRY;GI BLEED,cardiovascular
S/P NQW\LEFT HEART CATHETERIZATION,cardiovascular
S/P LIVER TRANSFER;FEVER,infectious
ATRIAL FIBRILLATION;CORONARY ARTERY DISEASE; CHEST PAIN,cardiovascular
CORONARY ARTERY DISEASE;+ STRESS TEST\LEFT HEART CATH,cardiovascular
MESENTERIC VASCULAR INJURY,trauma_injury
S/P LIVER TRANSPLANT;SEIZURE,neurological
ACUTE RENAL FAILURE/LIVER FAILURE,renal
HEPATIC LIVER FAILURE,hepatobiliary
HIGH INR,hematologic
UNRESPONSIVE;ASPIRATION,respiratory
RESPIRTORY FAILURE,respiratory
TYPE 1 AORTIC DISSECTION,cardiovascular
"C7,T1 FRACTURE",trauma_injury
OVERDOSE;CHANGE IN MENTAL STATUS;TELEMETRY,toxicology_poisoning
ATRIAL SEPTAL DEFECT\MITRAL VALVE REPLACEMENT;REPAIR ATRIAL-SEPTAL DEFECT/SDA,cardiovascular
ACUTE GI BLEED,gastrointestinal
BILIARY BRONCHIAL FISTULA,hepatobiliary
AORTIC STENOSIS\CORONARY ARTERY BYPASS GRAFT; WITH AVR;MITRAL VALVE REPLACEMENT/SDA,cardiovascular
? ISCHEMIC BOWEL,gastrointestinal
ACUTE MENTAL STATUS,neurological
ARTERIAL THROMBOSIS;TELEMETRY,cardiovascular
PERIPHERAL VASCULAR DISEASE;CORONARY ARTERY DISEASE\PERIPHERAL ANGIOGRAM,cardiovascular
"LT HIP FX, DIALYSIS",musculoskeletal
"ACUTE RENAL FAILURE,HYPONATREMIA",renal
RESP. FAILURE; MULTIPLE SCLEROSIS,neurological
R/O MI; BRONCHITIS,cardiovascular
VENOUS STASIS ULCER,cardiovascular
,cardiovascular
MITRAL REGURG;RHEUMATIC HEART DISEASE\RIGHT HEART CATH,cardiovascular
"S/P FALL,SDH,SAH",trauma_injury
CORONARY STENOSIS\AORTIC AND MITRAL VALVE REPLACEMENT REDO; ? CORONARY ARTERY BYPASS GRAFT WITH AVR REDO /SDA,cardiovascular
HERPES ZOSTER,infectious
ACUTE RENAL FAILURE;HYPERKALEMIA;ELEVATED INR,renal
MITRAL VALVE REGURGETATION\AORTIC VALVE REPLACEMENT;MITRAL VALVE REPLACEMENT/SDA,cardiovascular
AORTIC STENOSIS\? CORONARY ARTERY BYPASS GRAFT WITH AVR,cardiovascular
PULMONARY HYPERTENSION\RIGHT HEART CATH,cardiovascular
HYPERTRNSIVE EMERGENCY.SEIZURE,neurological
INTERMITTENT CHEST PAIN,symptoms_unspecified
INTRA CEREBRAL LESION,neurological
PACEMAKER FAILURE;TELEMETRY,cardiovascular
METASTATIC RENAL CELL CARCINOMA\CHEMOTHERAPY (HD-IL2),oncology
FEVER;MYELOMA,hematologic
UPPER GI BLEES,gastrointestinal
CORONARY ARTERY DISEASE;SHORTNESS OF BREATH\CATH,cardiovascular
DEHYDRATION;THROAT CANCER,oncology
SECOND DEGREE ESOPHAGEAL CANCER,oncology
S/P MOTOR VEHICLE ACCIDENT;PELVIC FRACTURE,trauma_injury
SUBDURAL SUBARACHNOID,trauma_injury
R/O MYOCARDIAL INFARCTION-FAILURE TO THRIVE,cardiovascular
CONGESTIVE HEART FAILURE;NEW MI\CATH,cardiovascular
"SCLOLIOSIS, STENOSIS/SDA",musculoskeletal
NON SMALL CELL LUNG CANCER;ESOPHAGEAL STRUCTURE,oncology
VAGINAL BLEEDING;TELEMETRY,pregnancy_obstetric
HYPERGLYCEMIA;PNEUMONIA;RENAL FAILURE,endocrine_metabolic
CORONARY ARTERY DISEASE/CONGESTIVE HEART FAILURE,cardiovascular
HEART FAILURE\LEFT VENTRICULAR LEAD PLACEMENT VIA LEFT THORACOTOMY /SDA,cardiovascular
"AORTIC DISSECTION, TYPE B",cardiovascular
RIGHT FLANK PAIN,genitourinary
ABDOMINAL PIAN;R/O BILE LEAK\ERCP,gastrointestinal
CONGESTIVE HEART FAILURE\THORACOSCOPIC LEFT VENTRICULAR LEAD PLACEMENT;? THORACOTOMY ? THORACOSCOPIC EPICARDIAL LEAD W/ OR WITHOUT ENDOVASCULAR LEAD/SDA,cardiovascular
PROGRESSIVE ANGINA;CORONARY ARTERY DISEASE\CARDIAC CATH,cardiovascular
VENTRAL HERNIA; ENTEROCUTANEOUS FISTULA/SDA,gastrointestinal
THORACIC AORTIC ANEURYSM\ RESECTION ANEURYSM THORACIC; LEFT CHEST/SDA,cardiovascular
DISSECTING THORACIC ANEURYSM,cardiovascular
CHF;SEIZURE,cardiovascular
TRACHEOBRONCHAL MALACIA,respiratory
ICD LEAD COMPLICATION\ICE LEAD EXTRACTION W/ICD REIMPLANTATION /SDA,cardiovascular
IPH;BRAIN METS,neurological
REPIRATORY FAILURE,respiratory
ENDOVASCULAR ANEURYSM\ENDOVASCULAR THORACIC ANEURYSM REPAIR /SDA,cardiovascular
"PNEUMONIA,ARRYTHMIA,R/O MI",cardiovascular
ANGINA\ANGIOPRAM/ANGIOPLASTY,cardiovascular
MISFIRING AICD,cardiovascular
SUBARACHNOID HEMORRHAGE;SKULL FX,trauma_injury
CORONARY ARTERY DISEASE\CORONARY ARTERY BYPASS GRAFT; LEFT VENTRICULAR OUT-FLOW TRACT MASS RESECTION,cardiovascular
CONGESTIVE HEART FAILURE;VS;PNEUMONIA,cardiovascular
MORBID OBESITY;INCISIONAL HERNIA;GALLSTONES/SDA,gastrointestinal
ENDSTAGE LIVER/KIDNEY DISEASE/TRANSPLANT,renal
FEVERS;SEIZURES,neurological
POPLITEAL TRANSECTION,trauma_injury
CORONARY ARTERY DISEASE;CHEST PAIN;CONGESTIVE HEART FAILURE,cardiovascular
RIGHT FRONTAL PARIETAL INTERCRANIAL HEMORRHAGE,neurological
AORTIC STENOSIS & MITRAL REGURGITATION\AORTIC AND MITRAL VALVE REPLACEMENT; ? CORONARY ARTERY BYPASS GRAFT,cardiovascular
CORONARY ARTERY DISEASE; CAROTID STENOSIS LEFT\CORONARY ARTERY BYPASS GRAFT  ENDARTERECTOMY CAROTID LEFT/SDA,cardiovascular
RESPIRATORY FAILURE; TRACHEOBRONCHOMALACIA,respiratory
SPINAL FRACTURE-PELVIC FRACTURE,trauma_injury
ASCITES-LIVER CONGESTION,hepatobiliary
CAROTID ARTERY STENOSIS\CAROTIC ANGIOGRAM,cardiovascular
"RENAL FAILURE, MS CHANGE",renal
C4-C5 SUBLUXATION,trauma_injury
WEAKNESS;LETHARGY,symptoms_unspecified
RENAL ARTERY STENOSIS\REANL ANGIOGRAM;RENAL STENT,renal
CHARCOT MARIE TOOTH;ARDS;ATN;OSTEOGENESIS IMPERFECTA,neurological
THREE VESSEL CORONARY DISEASE,cardiovascular
HEPATIC MASSES,hepatobiliary
DYSPNEA ON EXERTION;POSITIVE STRESS TEST\CATH,cardiovascular
SEVERE HYPERTROPHIC CARDIOMYOPATHY\LEFT HEART CATH,cardiovascular
RENAL CELL CARCINOMA;CHEMO,oncology
CAROTID ARTERY STENOSIS\CAROTID ARTERY ANGIOGRAM;STENT PLACEMENT/SDA,cardiovascular
MET RENAL CELL CA-TRACHEL OBSTRUCTION,oncology
SHORTNESS OF BREATH;ACUTE RENAL FAILURE,renal
NON-Q WAVE MI,cardiovascular
R/O SEPSIS-DKA-IMMUNO SUPRESSED KIDNEY TX,infectious
DIABECTIC KETOACIDOSIS,endocrine_metabolic
CHOLEDOCHAL CYST;ENDOSCOPIC RETROGRADE CHOLANGIOPANCREATOGRAPHY;SPHINCTEROTOMY,hepatobiliary
STERNAL FRACTURE;EPIDERMAL HEMATOMA,trauma_injury
"HYPERNATREMIA,FEVERS",symptoms_unspecified
HYPOTENSION;ACUTE CORONARY SYNDROME,cardiovascular
WOLLFE-PARKINSON-WHITE SYNDROME;SUPRAVENTRICULAR TACHYCARDIA\EP STUDY WITH ABLATION,cardiovascular
CHRONS DISEASE,gastrointestinal
L1 FRACTURE/SDA,trauma_injury
VENTRICULAR TACHYCARDIA;SHORTNESS OF BREATH; ABNORMAL STRESS TEST\CARDIAC CATHETERIZATION,cardiovascular
REGURGITAION\MITRAL VALVE REPLACEMENT/SDA,cardiovascular
PERICARDITIS;PERICARDIAL EFFUSION,cardiovascular
"MENTAL STATUS CHANGES, FEVER",neurological
DEGENERATIVE SCOLIOSIS & SPINAL STENOSIS/SDA,musculoskeletal
PERIPHERAL VASCULAR DISEASE;FEMUR FRACTURE;ORBITAL FRACTURE,cardiovascular
NSTEMI/CHF EXACERBATION,cardiovascular
ROTATOR CUFF TEAR;RIGHT SHOULDER,musculoskeletal
S/P MVA-C5-6 FX-RT1ST LT CLAVICLE,trauma_injury
"RECURRENT CAROTID STENOSIS, LEFT\ CAROTID ANGIOGRAM, LEFT; ? STENT PLACEMENT",cardiovascular
LEFT SUBCLAVIAN DEEP VEIN THROMBOSIS,cardiovascular
TREMOR;BRAIN TUMOR,neurological
T-SPINE INFECTION,infectious
CHR/SDA,cardiovascular
POSITIVE EXERCISE TOLERANCE TEST\LEFT HEART CATHETERIZATION,cardiovascular
METASTATIC MELANOMA;PAIN CONTROL,oncology
BARRETTS ESOPHAGUS\ENDOSCOPY WITH RADIO FREQUENCY ABLATION,gastrointestinal
RESPIRATORY FAILURE;SUBGLOTTIC STENOSIS,respiratory
"AORTIC STENOSIS, CAD\CORONARY ARTERY BYPASS GRAFT;AORTIC VALVE REPLACEMENT/SDA",cardiovascular
INTRACRANIAL HEMORRHAGE-S/P FALL,neurological
RECURRENT MEDIASTINAL CARCINOID TUMOR/SDA,oncology
"MITRAL STENOSIS\MITRAL VALVE REPAIR, ? REPLACEMENT",cardiovascular
LOWER GASTROINTESTINAL BLEEDING,gastrointestinal
INTRACRANIAL HEMORRHAGE;ENDOCARDITIS,neurological
S/P AORTO FEMORAL BYPASS,cardiovascular
UNSTABLE ANGINA;NON Q WAVE MI\CATH,cardiovascular
FAILED GRAFT/SDA,postoperative_surgical
LIVER TRANSPLANT WORK UP,hepatobiliary
"URINARY TRACT INFECTION,HYPOGLYCEMIA",infectious
LYMPHOMA;CHEMOTHERAPY,oncology
DIABETIC KETOACIDOSIS;HEMATEMESIS,endocrine_metabolic
GASTROINTESTINAL PERCUTANEOUS FISTULA,gastrointestinal
22 WEEKS PREGNANT;ULCER FLARE,pregnancy_obstetric
RENAL FAILURE;KIDEY TRANSPLANT,renal
UNSTEADY GAIT/BRAIN METS,neurological
DIARRHEA;DEHYDRATION;URINARY TRACT INFECTION,infectious
ARTHEROSCLEROSIS REST PAIN/SDA,cardiovascular
HYPERCALCEMIA;METHICILLIN RESISTANT STAPH AUREUS,infectious
CHRONIC PROSTATITIS,genitourinary
S/P CARDIAC ARREST/CATH,cardiovascular
CORONARY ARTERY DISEASE/CARDIAC CATH,cardiovascular
GRAM NEGATIVE SEPSIS/LIVER MASS,infectious
GUILLAIN-BARRE,neurological
LIVER LESION,hepatobiliary
ASTHMA;FEVER OF UNKNOW ORIGIN,respiratory
ACUTE RESPITORY DISTRESS;LUNG CANCER,respiratory
MR\MITRAL VALVE REPLACEMENT; ASCENDING AORTA TO SUPRACILIAC AORTA BYPASS /SDA,cardiovascular
CORONARY ARTERY DISEASE;CARDIOMYOPATHY\RIGHT AND LEFT HEART CATH,cardiovascular
HYPERKALEMIA;MYOCARDIAL INFARCT;CHRONIC OBST PULM DISEASE;RENAL FAILURE,cardiovascular
INGESTION;ALTERED MENTAL STATUS,toxicology_poisoning
CERVICAL TRACHEOBRONCHOMALASIA/SDA,respiratory
PNEUMONIA;LINE INFECTION,infectious
"FOUND DOWN,SUB DURAL HEMATOMA",neurological
PARATONSILLAR ABSCESS,infectious
2ND DEGREE HEART BLOCK,cardiovascular
HEPATOCELLULAR CARCINOMA 155.0\RADIOFREQUENCY ABLATION,oncology
HYPEROSMOLAR NON-KETOTIC HYPERGLYCEMIA,endocrine_metabolic
SEVERE GALLSTONE PANCRETITIS,gastrointestinal
CONGESTIVE HEART FAILURE;RIB FRACTURES,cardiovascular
LEFT LOWER EXTREMITY ISCHEMIA,cardiovascular
THORACIC AORTIC ULCERATION,cardiovascular
COLO-VESICAL FISTULA S/P MYOCARDIAL INFARCTION,cardiovascular
ULCER SEVERITY; RENAL FAILURE,renal
RIGHT FEMORAL ARTERY STENOSIS/SDA,cardiovascular
SUBARACHNOID HEMORRHAGE;INTRACRANIAL HEMORRHAGE,neurological
HYPOTENSION WITH HEMODIALYSIS,renal
OSTEOARTHRITIS LEFT HIP/SDA,musculoskeletal
S/P KIDNEY TRANSPLANT;BACTEREMIA,renal
"MANIA, ANEMIA, LE EDEMA",psychiatric
CARDIAC ATRIUM NEOPLASM\LEFT ATRIAL MYXOMA RESECTION WITH POSSIBLE MVR,cardiovascular
RESPIRATORY FAILURE;PNEUMONIA;CHRONIC OBST PULM DISEASE,respiratory
HYPOXIA; PNEUMONIA; PULMONARY EDEMA,respiratory
"STROKE,CARDIAC ARREST",neurological
FRONTAL BRAIN LESION/SDA,neurological
ORBITAL FRONTAL FX,trauma_injury
DYSPNEA ON EXCERTION,symptoms_unspecified
ASCENDING AORTIC MASS,cardiovascular
CONGESTIVE HEARTH FAILURE,cardiovascular
OD/DKA,endocrine_metabolic
INOMINATE STENOSIS,cardiovascular
S/P FALL;LEFT EPIDURAL HEMORRHAGE,trauma_injury
CHF FLARE,cardiovascular
SORE THROAT;HOARSENESS,infectious
RT UPPER EXTREMITY CRUSH INJURY,trauma_injury
S/P MYOCARDIAL INFARCTION;CHEST PAIN;CORONARY ARTERY DISEASE\CATH,cardiovascular
HIGH BLOOD PRESSURE;ABDOMINAL AORTIC ANEURYSM,cardiovascular
"DIABETES, HYPERGLYCEMIA, PNEUMONIA",endocrine_metabolic
SPLENIC LACERATION;S/P MOTOR VEHICLE ACCIDENT,trauma_injury
PEDESTRIAN VS. MOTOR VEHICLE;SUBARACHNOID HEMORRHAGE;C7 JOINT FRACTURE,trauma_injury
RENAL CELL CARCINOMA\INTERLEUKIN-2,oncology
RESPIRATORY FAILURE-ANEMIA,respiratory
FAILED BYPASS GRAFT LEFT LEG,cardiovascular
DKA/ UGI BLEED,endocrine_metabolic
CATH LAB,other
CONGESTIVE HEART FAILURE;ELEVATED CREATININE,cardiovascular
"DKA, ARF, CHOLECYSTITIS",endocrine_metabolic
CORONARY ARTERY DISEASE\STENT AND ANGIOPLASTY,cardiovascular
MR\MITRAL VALVE REPLACEMENT; VIA STERNOTOMY/SDA,cardiovascular
ACUTE RENAL FAILURE;HEPATIC CANCER,renal
"ARF,HYPOTENION",renal
S/P MOTOR VEHICLE ACCIDENT ROLLOVER;SUBDURAL HEMATOMA,trauma_injury
PMNEUMONIA;ACUTE RENAL FAILURE,respiratory
DIABETIC RENAL FAILURE,renal
S/P KIDNEY TRANSPLANT;SEPSIS,renal
UNABLE TO WALK,symptoms_unspecified
? GI BLEED,gastrointestinal
MITRAL REGURGITATION\MITRAL VALVE REPLACEMENT & TVR ? CORONARY ARTERY BYPASS GRAFT;REDO STERNOTOMY,cardiovascular
CORD CONTUSION,neurological
WEAKNESS/UROSEPSIS,genitourinary
"ACUTE MI, MOTOR VEHICAL CRASH",cardiovascular
"PNEUMONIA, HIV",infectious
MESTERIC ISCHEMIA;ABDOMINAL PAIN,gastrointestinal
DIVERTICULITIS WITH MICRO PERFORATION,gastrointestinal
WORSENING SUBDURAL HEMATOMA,trauma_injury
ASTHMA COPD EXACERBATION,respiratory
DIGOXIN TOXICITY; VENTRICULAR TACHYCARDIA,toxicology_poisoning
UPPER GI BLEED; HYPOTENSION,gastrointestinal
DRUG REFRACTORY ATRIAL FIBRILLATION\PULMONARY VEIN ISOLATION  *REMOTE WEST**/SDA,cardiovascular
S/P PEDESTRIAN STRUCK-SUBARACHNOID HEMORRHAGE,trauma_injury
"N/V/D, HYPOTENSION",symptoms_unspecified
COPD ASTHMA,respiratory
"MULTIPLE FRACTURE,S/P FALL",trauma_injury
CONGESTIVE HEART FAILURE;AFIB,cardiovascular
CERVICAL RADICULOPATHY,musculoskeletal
CORONARY ARTERY DISEASE\CORONARY ARTERY BYPASS GRAFT; X3/SDA,cardiovascular
SPLENIC;LIVER LACERATION,trauma_injury
ALCHOL WITHDRAWAL,psychiatric
SINUSITIS,infectious
MASTOCYTOSIS,hematologic
CARDIOMYOPATHY;MI\CATH,cardiovascular
COAGULATION MANAGEMENT,hematologic
LEFT LOWER EXTREMITY CELLULITIS-S/P MOTOR VEHICLE CRASH,infectious
RIGHT HEEL GANGRENE,infectious
RIGHT SIDED INTERCRANIAL MASS/ICH,neurological
HYPERVILIRUBINEMIA,hepatobiliary
SYNCOPE\EP STUDY;PACEMAKER INSERTION,cardiovascular
"PERIPHERAL VASCULAR DISEASE\LEEMAN,DAVID",cardiovascular
CHEST PAI N,symptoms_unspecified
CLOTTED SVC,cardiovascular
NON ISCHEMIC CARDIOMYOPATHY;STATUS POST VENTRICULAR FIBRILLATION,cardiovascular
MAST CELL CRISIS,hematologic
TEMPORAL BONE FX,trauma_injury
RIGHT HIP ANKYLOSIS/SDA,musculoskeletal
ISCHEMIC COLITIS/SDA,gastrointestinal
ICH VS STROKE,neurological
POLYTRAUMA-FACIAL TRAUMA,trauma_injury
MITRAL REGURGITATION\MITRAL VALVE REPAIR; ? REPLACEMENT/SDA,cardiovascular
UNRESPONSIVE HYPERKALEMIA,endocrine_metabolic
HEMATOCHROMATOSIS,endocrine_metabolic
SEVERE TRICUSPID REGURGITATION\ TRICUSPID VALVE REPLACEMENT/SDA,cardiovascular
UROSEPSIS;PYELONEPHRITIS,genitourinary
"AORTIC INSUFFICIENCY\AVR, ? CORONARY ARTERY BYPASS GRAFT",cardiovascular
CHARCOT DEFORMITY/DIABETIC MYELITIS/SDA,musculoskeletal
THEOCHROMOCYTOMA/SDA,endocrine_metabolic
SPINAL CORD INJURY;TELEMETRY,neurological
ATRIAL FIBRILLATION;VT,cardiovascular
BP-FALLS,symptoms_unspecified
RENAL ARTERY STENOSIS\RENAL ANGIOPLASTY/SDA,renal
LEFT UPPER LOBE LUNG NODULE/SDA,oncology
FOOT PAIN,symptoms_unspecified
ACUTE CORONARY SYNDROME;,cardiovascular
STATUS POST MYOCARDIAL INFARCTION;CONGESTIVE HEART FAILURE\CARDIAC CATH;CORONARY ARTERY DISEASES STENT,cardiovascular
PERITONSILAR CELLULITIS,infectious
RAPID ATRIAL FIBRILLATION;CORONARY ARTERY DISEASE;LATERAL ST DEPRESSION\CATH,cardiovascular
CHF\BENTALL PROCEDURE; PROXIMAL ARCH/SDA,cardiovascular
DILANTIN TOXICITY-MENTAL STATUS CHANGES,toxicology_poisoning
"BACTEREMIA,DIABETIC KETOACIDOSIS",infectious
GI PERFORATION,gastrointestinal
DIAHRREA,gastrointestinal
SEPSIS;UGIB,infectious
MALLERY-WEISS TEAR,gastrointestinal
"ADENOCARCINOMA, ESOPHAGUS/SDA",oncology
HYPERGLYCEMIA;VOMITING,endocrine_metabolic
MR\MITRAL VALVE ANNULOPLASTY; HEART PORT MINIMALLY INVASIVE/SDA,cardiovascular
SUBDURAL HEMORRHAGE;INTRAPARENCHYMAL HEMORRHAGE,neurological
POLYP ADENOMATOUS/SDA,gastrointestinal
BILE LEAK;ACUTE RENAL FAILURE;PNEUMONIA;HYPERTENSION\ERCP,renal
CORONARY ARTERY DISEASE\CORONARY ARTERY BYPASS GRAFT & CONCOMINANT MAZE PROCEDURE/SDA,cardiovascular
COLO-URETERAL FISTULA/SDA,gastrointestinal
ALTERED MENTAL STATUS;HYPERTENSION;BRADYCARDIA,neurological
ETOH/COCAINE,toxicology_poisoning
CORONARY ARTERY DISEASE;SHORTNESS OF BREATH;CHEST PAIN\LEFT HEART CATH,cardiovascular
CORONARY ARTERY DISEASE;AORTIC STENOSIS\AORTIC VALVE REPLACEMENT; ? CORONARY ARTERY BYPASS GRAFT/SDA,cardiovascular
"AORTIC STENOSIS\CORONARY ARTERY BYPASS GRAFT, RE-DO;AORTIC VALVE REPLACEMENT",cardiovascular
LUNG CANCER W/ SPINAL INVASION/SDA,oncology
HIP FX;FACIAL TRAUMA,trauma_injury
CANCER,oncology
LIVER CIRRHOSIS,hepatobiliary
AORTIC STENOSIS\? CORONARY ARTERY BYPASS GRAFT WITH AVR/SDA,cardiovascular
PNEUMONIA;PANCREATIC MASS,infectious
VAGINOENTERIC FISTULA,gastrointestinal
COMMON BILE DUCT STONE;ENDOSCOPIC RETROGRADE CHOLANGIOPANCREATOGRAPHY,hepatobiliary
VENTRICULAR TACHYCARDIA\EP STUDY/ABLATION,cardiovascular
CIIRRHOSIS; RENAL FAILURE,renal
SUBDURAL HEMORRHAGE;GLUTEAL HEMATOMA;ALTERED MENTAL STATUS,neurological
ASCENDING THORASIC ANEURYSM,cardiovascular
"SUBARACHNOID HEM., WITH FACIAL FXS",neurological
"PULMONARY EDEMA,ARF",cardiovascular
MELANOMA ORAL CAVITY/SDA,oncology
CHOLECYTITIS,hepatobiliary
METASTATIC COLON CANCER TO LIVER /SDA,oncology
MOTORCYCLE ACCIDENT;TELEMETRY,trauma_injury
SRTROKE/TIA,neurological
AORTIC STENOSIS\AORTIC VALVE REPLACEMENT;MITRAL VALVE REPLACEMENT; ?/SDA,cardiovascular
PONTINE HEMORRAGE,neurological
R/O CORD COMPRESSION',neurological
CONGESTIVE HEART FAILURE-COPD,cardiovascular
HYPERPARATHYROIDISM;RIGHT THYROID MALIGNANT NEOPLASM/SDA,endocrine_metabolic
"3RD DEGREE HEART BLOCK, AORTIC VEGETATION",cardiovascular
AORTIC STENOSIS\REDO STENOTOMY/AVR/SDA,cardiovascular
ABDOMINAL ABSCESS;BACTEREMIA,infectious
"ABD PAIN, MASTOCYTOSIS",other
"CHANGE IN MENTAL STATUS,SEIZURE",neurological
PLEURAL EFFUSION;SHORTNESS OF BREATH,respiratory
ACUTE LYMPHOCYTIC LEUKEMIA;FEVER;NEUTROPENIA,hematologic
THORACIC FX/SDA,trauma_injury
NON-Q-WAVE MYOCARDIAL INFARCTION\RIGHT AND LEFT HEART CATH,cardiovascular
R/O COMPARTMENT SYNDROME,trauma_injury
INTRAPARENCHYMEL BLEED,neurological
"6 WEEKS,HYPERGLYCEMIA",endocrine_metabolic
"MITRAL REGURGITATION\MITRAL VALVE REPLACEMENT,HEART PORT MINIMALLY INVASIVE; ? CORONARY ARTERY BYPASS GRAFT /SDA",cardiovascular
PINEAL REGION TUMOR/SDA,neurological
MITRAL VALVE REGURETATI0N\MITRAL VALVE REPLACEMENT/SDA,cardiovascular
BLLEDING;D&C,pregnancy_obstetric
HYPOTHERMIC;HYPOTENSIVE,other
NAUSEA WITH JAUNDICE,hepatobiliary
S/P MOTOR VEHICKE ACCIDENT,trauma_injury
RENAL CALCULUS,renal
FAILURE TO THRIVE;S/P LIVER TRANSPLANT,hepatobiliary
CARCINOID OF RIGHT MAIN STEM/SDA,oncology
"HYPOTENSION,SEPSIS",infectious
FEBRILE SYNDROME,infectious
MITRAL STENOSIS\MITRAL VALVE REPLACEMENT REDO; TVR; ? EPICARDINAL LEAD PLACEMENT,cardiovascular
UNABLE TO STAND,symptoms_unspecified
ATRIAL TUMUR\IVC RIGHT ATRIAL THROMBECTOMY/ TUMOR RESECTION;  OPEN RIGHT RADICAL NEPHRECTOMY;  MOBILIZATION LIVER EXTRACTION TABLE THROMBUS ? CABLE RECONSTRUCTION,oncology
CHEST PAIN;TELEMETRY;THROAT PAIN,symptoms_unspecified
CHRONIC OBSTRUCTIVE PULMONARY DISEASE;BLEBS IN LUNG,respiratory
"CONGESTIVE HEART FAILURE,SEPSIS",cardiovascular
HYPONATREMIA;STATUS POST SEIZURE,neurological
CROHN'S DISEASE;PENTASA ALLERGY\PENTASA DESENSITIZATION,gastrointestinal
HYPOXIA;RESPIRATORY DISTRESS,respiratory
BRONCHO PLEURAL FISTULA/SDA,respiratory
PULMONARY EMBULUS,cardiovascular
INCREASING SHORTNESS OF BREATH;CORONARY ARTERY DISEASE\CARDIAC CATH,cardiovascular
LEFT CELEBRAL STENOSIS/SDA,neurological
"ETOH CIRRHOSIS, ENDOCARDITIS",infectious
SEPSIS; UTI,infectious
NAUSEA;VOMITING; IMBALANCE,symptoms_unspecified
LUEKEMIA;LYMPHOMA;NSTEMI,hematologic
NEUTROPENIA;SEPSIS,infectious
AORTIC STENOSIS\CORONARY ANGIOGRAM;CAROTID STENT PLACEMENT/SDA,cardiovascular
? CHOLANGITIS,hepatobiliary
RIGHT CAROTID BODY TUMOR/SDA,oncology
NON HEALING ULCER LEFT LOWER EXTREMITY,dermatologic
CHOLEDOCOLITHIASIS,hepatobiliary
T-SPINE MASS,oncology
ETOH WITHDRAWAL;CIRRHOSIS,psychiatric
"V-FIB ARREST,METASTATIC CANCER",oncology
METASTATIC CANCER;BACK PAIN,oncology
MVC TRAUMA,trauma_injury
MVP\MITRAL VALVE REPLACEMENT MINIMALLY INVASIVE APPROACH/SDA,cardiovascular
SEPSIS;RESPIRATORY DISTRES,infectious
SUBARACHNOID;SPINE FRACTURE,neurological
SDH + S/P CARDIAC ARREST,neurological
KIDNEY CANCER;NEW BRAIN METS,oncology
ASD\ REPAIR ATRIAL SEPTAL DEFECT LIMITED ACCESS/SDA,cardiovascular
"HYPOTENSION,ANEMIA",hematologic
FREE AIR ABDOMEN,gastrointestinal
DYSPNEA; TAMPONADE,cardiovascular
INTRAPRAECHYMAL HEMORRHAGE,neurological
CLOTTED TIPS,hematologic
AORTIC OBSTRUCTION\ DIVISION OF DOUBLE AORTIC ARCH/SDA,cardiovascular
ANTICHOLINERGIC TOXICITY,toxicology_poisoning
INFECTED PROSTHESIS LEFT FEMUR/SDA,musculoskeletal
NEW ONSET CHF,cardiovascular
AR\BENTALL PROCEDURE; **HOMOGRAFT**/SDA,cardiovascular
AORTIC STENOIS/AORTIC VALVE REPLACEMENT; BENTAL PROCEDURE POSSIBLE MAZE\AORTIC VALVE REPLACEMENT? BENTAL PROCEDURE POSSIBLE MAZE/SDA,cardiovascular
ACUTE MI',cardiovascular
SEPSIS; BLADDER CANCER,infectious
HYPOTENSION;METHICILLIN RESISTANT STAPH AUREUS;VANCOMYCIN RESISTANT ENTEROCOCCUS,infectious
RIGHT ASPERGILOMA/SDA,infectious
THORACIC ANUERYSM/SDA,cardiovascular
"T12 FRACTURE,MVC TRAUMA",trauma_injury
ACUTE VIRAL HEPATITIS,infectious
PNEUMONIA/ COPD,respiratory
JAUNDICE;INCREASED BILIRUBIN,hepatobiliary
CEREBRAL INFARCTION,neurological
TRACHEAL STENOSIS;BULBAR PALSY\BRONCHOSCOPY RIGID,respiratory
STATUS POST CARDI ARREST,cardiovascular
LEFT MAIN OCCULUSION,cardiovascular
ICH;ACUTE RENAL FAILURE;ALTERED MENTAL STATUS,neurological
SAH; HYPOTENSION,neurological
RUPTURED DIAPHRAM;FRACTURED FEMUR,trauma_injury
ANGINA;+ETT\ASPIRIN DESENSITIZATION,cardiovascular
IMPENDING MYOCARDIAL INFARCTION,cardiovascular
SUPER RENAL ANEURYSM/SDA,cardiovascular
HYPOXIA;MORBID OBESITY,respiratory
ARRHYTHMIA\ PACEMAKER LEAD PLACEMENT/SDA,cardiovascular
AFIB RVR,cardiovascular
TRACHEOBRONCHEOMALACIA/SDA,respiratory
AORTIC INSUFFICIENCY\RE-DO STERNOTOMY; AORTIC VALVE REPLACEMENT,cardiovascular
CERVICAL TRACHEAL STENOSIS,respiratory
SOB;NEW PLEURAL EFFUSION,respiratory
RIGHT KIDNEY MASS/SDA,genitourinary
RIGHT ORBITAL FRACTURE;S/P FALL,trauma_injury
CAROTID ARTERY STENOSIS\CAROTIS STENT,cardiovascular
OVERDOSE;ARDS,toxicology_poisoning
ESOPHAGEAL TUMOR,gastrointestinal
SEPSIS;LIVER FAILURE,infectious
INTRACRANIAL HEMORRHAGE WITH MASS EFFECT,neurological
R/O SEPSIS /ERCP,infectious
SPLENIC LACERATION;TELEMETRY,trauma_injury
NON ST ELEVATION MI\CATH,cardiovascular
COMPLETE LEFT PLEURAL EFFUSION,respiratory
ESOPHAGEAL RUPTURE-FEVER,gastrointestinal
S-T ELEVATION MYOCARDIAL INFARCTION\CARDIAC CATH,cardiovascular
CORONARY ARTERY DISEASE;UNSTABLE ANGINA\CATH,cardiovascular
BPH W/ URINARY OBSTRUCTION/SDA,genitourinary
"S/P FALL,ICH",trauma_injury
LUNG HERNIA;DOE,respiratory
MITRAL AND AORTIC VALVES INSUFFICIENCY\CATH,cardiovascular
ACUTE RESPIRATORY FAILURE;SEPSIS,respiratory
CLOTTED DIALYSIS GRAFT,renal
S/P HIP REPLACEMENT,musculoskeletal
CORONARY ARTERY DISEASE\CORONARY ARTERY BYPASS GRAFT WITH ? MVR VS REPLACEMENT  /SDA,cardiovascular
R/O AORTIC VALVE THROBOSIS,cardiovascular
SEVERE MITRAL REGURGITATION;CORONARY ARTERY DISEASE\CATH/SDA,cardiovascular
MITRAL VALVE RELAPSE\MITRAL VALVE REPAIR/SDA,cardiovascular
ETOH CIRRHOSIS;RENAL FAILURE,renal
MITRAL REGURGITATION\CORONARY ARTERY BYPASS GRAFT WITH MVR W/MAZE/SDA,cardiovascular
URETER STONES,genitourinary
CORONARY ARTERY DISEASE\LEFT CIRCUMFLEX STENT,cardiovascular
HYPERGLYCEMIC NONKETOTIC SYNDROME,endocrine_metabolic
CORONARY ARTERY DISEASE;ANGINA\CORONARY STENT,cardiovascular
NASAL NASOPHARYNGEAL BLEED,other
S/P AAA,cardiovascular
22WKS LUPUS,other
PELVIC BLEED,other
? SEROTONIN SYNDROME,neurological
ALCOHOL KETOACIDOSIS,endocrine_metabolic
S/OP MVA,trauma_injury
DUODENITIS,gastrointestinal
METASTATIC LIVER LESION/SDA,oncology
"MITRAL REGURGITATION\MITRAL VALVE REPLACEMENT,HEART PORT MINIMALLY INVASIVE",cardiovascular
UTI;S/P RENAL TRANSPLANT,genitourinary
TVR\ REDO STERNOTOMY TRICUSPID VALVE;REPAIR & REPLACEMENT,cardiovascular
CVA;TELEMETRY,neurological
MALIGNANT NEOPLASM OF OROPHARNYX/SDA,oncology
"DEHYDRATION,FAILURE TO THRIVE",other
EPISTAXIS;ANEMIA,hematologic
CONGESTIVE HEART FAILURE;ENDOCARDITIS\TRANSESOPHAGEAL ECHOCARDIOGRAM,cardiovascular
ABDOMINAL PAIN;CELLULITIS,other
CHEST PAIN WITH LEFT ARM NUMBNESS,cardiovascular
RUPTURED ASCENDING AORTIC GRAFT,cardiovascular
AORTIC STENOSIS\AORTIC VALVE REPLACEMENT; MAZE PROCEDURE,cardiovascular
CERVICAL DISC NEURO COMPRESSION/SDA,neurological
"HYPERTENSION,CELLULITIS,CHF",cardiovascular
ABDOMINAL PAIN;PNEUMONIA,respiratory
V FIB ARREST;PNEUMONIA,respiratory
"ACUTE MI,SEPSIS",cardiovascular
MESOTHELIOMA/SDA,oncology
MI ST ELEVATION,cardiovascular
ABDOMINAL PAIN;VOMITING,gastrointestinal
SEPSIS;HEPATIC ABSCESS;TELEMETRY,infectious
RIGHT FEMERAL FRACTURE,trauma_injury
PNEUMONIA;SEPTIC ARTHRITIS;ACUTE LEUKEMIA,infectious
DYSPNEA;NAUSEA W\VOMITING;TELEMETRY,symptoms_unspecified
AORTIC INSUFFIENCY\BENTAL PROCEDURE,cardiovascular
HYPERNATREMIA;CONGESTIVE HEART FAILURE,cardiovascular
COMPLICATED FINGER WOUND LEFT HAND/SDA,trauma_injury
AORTIC VALVE DISEASE\AORTIC VALVULOPLASTY,cardiovascular
SEVERE ANEMIA,hematologic
SYNCOPE-HYPOXIA,cardiovascular
PARCREATIC TRANSPLANT,gastrointestinal
SPINAL OSTEOMYELITIS,musculoskeletal
RENAL CANCER;PERICARDIAL FLUID,oncology
ENCEPHALOPATHY;ST ELEVATION MI,cardiovascular
ATRIAL FIBRILLATION;PROLONGED QI,cardiovascular
SCAPULA FRACTURE;HUMERUS FRACTURE;PULMONARY CONTUSION,trauma_injury
DYSPHAGIA\ENDOSCOPY,gastrointestinal
ACUTE SUBDURAL HEMATOMA;FACIAL FRACTURE,trauma_injury
RECURRENT ASPIRATION; MENTAL RETARDATION/SDA,respiratory
FIBROID BLEED,pregnancy_obstetric
LARGE LEFT ATRIAL MASS\ ATRIAL MYXOMA REMOVAL/SDA,cardiovascular
SHORTNESS OF BREATH-NEUTROPENIA,respiratory
LEFT PLEURAL EFFUSION;STATUS POST LIVER TRANSPLANT,respiratory
SEVERE BACK PAIN/SDA,symptoms_unspecified
GASTROINTESTINAL BLEED;HYPERTENSION;RENAL FAILURE,gastrointestinal
CORONARY ARTERY DISEASE;NON ST ELEVATION MYOCARDIAL INFARCTION,cardiovascular
ESOPHAGEAL CANCER;DEHYDRATION,oncology
AORTIC ANEURYSM\ASCENDING AORTA REPLACEMENT WITH DEEP HYPOTHERMIC CIRCULATORY ARREST AND HEMIARCH REPLACEMSNT ? AORTIC VALVE ? CABG,cardiovascular
HYPOTENSION;N/V/D; ADRENAL INSUFFICENCY,endocrine_metabolic
HEART BLOCK;SYNCOPE,cardiovascular
PNEUMONIA;LIVER FAILURE,infectious
OVARIAN CANCER;ACUTE RESPIRATORY FAILURE,oncology
AORTIC VALVE INSUFFICENCY\AORTIC VALVE REPLACEMENT /SDA,cardiovascular
MYOCARDIAL INFRARTION,cardiovascular
"JAUNDICE, GASTRIC CANCER; PERCUTANROUS TRANSHEPATIC CHOLANGIOGRAPHY",oncology
AORTIC STENOSIS\AVR W/? CORONARY ARTERY BYPASS GRAFT,cardiovascular
MALIGNANT HYPERTENSION S/P KIDNEY TRANSPLANT,renal
SAH/SDH,neurological
LEFT CVA,neurological
"HYPERTENSION, CHEST PAIN\CORONARY ARTERY BYPASS GRAFT /SDA",cardiovascular
EXTERNAL WOUND INFECTION,infectious
"AORTIC STENOSIS\MACHANICAL ATRIAL VALVE REPLACEMENT; MYECTOMY, ?CORONARY ARTERY BYPASS GRAFT /SDA",cardiovascular
RAPID AFIB UTI,infectious
CORONARY ARTERY DISEASE\RCA STENT,cardiovascular
UNSTABLE ANGINA\COMPLETE HEART CATH,cardiovascular
PAN COLITIS,gastrointestinal
HEMATEMESIS;PANCREATIC CANCER,oncology
EMPYEMA;GASTRIC ULCER,infectious
LIVER LACERATION;SAH,trauma_injury
INTRA-ABDOMINAL MASS/SDA,oncology
CORONARY ARTERY DISEASE;UNSTABLE ANGINA\CARDIAC CATH,cardiovascular
RULE-OUT MYOCARDIAL INFARCTION;TELEMETRY;ABDOMINAL PAIN,symptoms_unspecified
CAROTID INJURIES,trauma_injury
PERFORATED DIVERTICULA,gastrointestinal
MITRAL VALVE INSUFFICIENCY\Mitral Valve Repair/Replace with Concomitant Maze Procedure /SDA,cardiovascular
MASSIVE DEEP VEIN THROMBOSIS,hematologic
ASPIRATION;RESPIRATORY FAILURE,respiratory
MYOCARDIAL INFARCTION; CONGESTIVE HEART FAILURE\LEFT HEART CATHETERIZATION,cardiovascular
NEUTROPENIC;WEAKNESS,hematologic
SUSPECTED EPIGLOTIS ABSCESS,infectious
ACUTE ALLERGIC REACTION,other
ANTERIOR WALL MYOCARDIAL INFARCTION;RULE OUT CORONARY ARTERY DISEASE\RIGHT AND LEFT HEART CATH,cardiovascular
HX ENDOCARDITIS;AORTIC VALVE;PLANNED VALVE REPLACEMENT,cardiovascular
"MR\MITRAL VALVE REPLACEMENT, ? CORONARY ARTERY BYPASS GRAFT",cardiovascular
S/O CABG WITH CHF,cardiovascular
CIRRHOSIS;HEPATITIS C,hepatobiliary
IDIOPATHIC HYPERTROPHIC SUBAORTIC STENOSIS\ETHANOL ABLATION,cardiovascular
SEPSIS;TELEMETRY;METHICILLIN RESISTANT STAPH AUREUS,infectious
? RUPTURED ILIAC ANEURYSM,cardiovascular
PEDESTRIAN STUCK,trauma_injury
BLEEDING DISORDER,hematologic
CORONARY ARTERY DISEASE\STANT PLACEMENT,cardiovascular
BACTEREMIA;ABDOMINAL ABCESS,infectious
"RENAL FAILURE,MI",renal
RAPID ATRIAL FIBRILLATION;MITRAL REGURGITATION,cardiovascular
"UNRESPONSIVE,FOUND DOWN",symptoms_unspecified
METASTATIC COLON CANCER TO LIVER/STERNUM/SDA,oncology
CEREBRAL ANEURYSM /SDA,neurological
ANEMIA;RULE OUT MYOCARDIAL INFARCTION,hematologic
ETOH WITHDRAWAL;HYPOXIA,psychiatric
CORONARY ARTERY DISEASE\CORONARY ARTERY BYPASS GRAFT WITH AVR ? ASCENDING AORTA REPLACEMENT /SDA,cardiovascular
FEMORAL ARTERY THROMBOSIS,hematologic
"HYPONATREMIA,CONFUSION",endocrine_metabolic
TRACHEAL TEAR\BRONCHOSCOPY RIGID,respiratory
COMMON BILE DUCT STRICTURE,hepatobiliary
PERICARDIAL EFFUSION WITH TAMONADE,cardiovascular
ALTERED MENTAL STATUS;CARDIAC ARREST,cardiovascular
ATRIAL FRIBILLATION\AORTIC VALVE REPLACEMENT W/ BIVENTRICULAR MAZE PROCEDURE,cardiovascular
AAA;,cardiovascular
HYPERTENSION/VOMITING/HYPERGLYCEMIA,endocrine_metabolic
GASTROPARESIS\J-TUBE PLACEMENT,gastrointestinal
CHEST PAIN;CORONARY ARTERY DISEASE;+ETT\CATH,cardiovascular
TYNELOL OVERDOSE,toxicology_poisoning
AVR;CABG,cardiovascular
DESENSITIZATION TO CHEMO,oncology
DILATED CARDIOMYOPATHY,cardiovascular
"FEVER,ETIOLOGY UNKNOWN;TELEMETRY",infectious
RUPTURED DIAPHRAGM,trauma_injury
URINARY RETENTION; URETHERAL STRICTURE/SDA,genitourinary
HYPERTROPHIC OBSTRUCTIVE CARDIOMYOPATHY\ETHANOL SEPTAL ABLATION /SDA,cardiovascular
PACER EROSION,cardiovascular
"GALLSTONES, NEED FOR ACCESS",hepatobiliary
DIABETIC KETOACIDOSIS.,endocrine_metabolic
METHICILLIN RESISTANT STAPH AUREUS;SMALL BOWEL OBSTRUCTION,infectious
"CHEST PAIN,GIB",cardiovascular
BRADYCARDIA;ALTERED MENTAL STATUS;TELEMETRY,cardiovascular
PEPTIC ULCER;HIATIAL HERNIA/SDA,gastrointestinal
RIGHT FOOT FRACTURE,trauma_injury
"AORTIC STENOSIS\ AVR, HEART PORT MINIMALLY INVASIVE/SDA",cardiovascular
HEMORRHAGIC BRAIN METASTASES,oncology
RESPIRATORY FAILURE;NQWMI,respiratory
MULTIPLE DRUG OD,toxicology_poisoning
ACUTE CORONARY SYNDROME\MITRAL VALVE REPLACEMENT; LVAD,cardiovascular
AORTIC STENOSIS\AORTIC VALVE REPLACEMENT; ? ASCENDING AORTA REPLACEMENT; ? CORONARY ARTERY BYPASS GRAFT,cardiovascular
"PNA,CHF",respiratory
R. VENTRICULAR MI,cardiovascular
CORONARY ARTERY DISEASE\CORONARY ARTERY BYPASS GRAFT  ASCENDING AORTA HEMI ARCH REPLACEMENT/SDA,cardiovascular
STATUS POST MYOCARDIAL INFARCTION\CATH,cardiovascular
ANTERIOR CORD SYNDROME,neurological
ACUTE CORONARY SYNDROME\CARDIAC CATHETERIZATION,cardiovascular
GASTORINTESTINAL BLEED,gastrointestinal
SUBPHRENIC ABDCESS S/P COLECTIMY,infectious
RESPIRATORY FAILURE;TRACHEAL MALASIA;S/P BRONCHOSCOPY,respiratory
S/P CRANI,postoperative_surgical
SPINAL DETRUSOR HYPERREFLEXIA,neurological
HETEROTOPIC BONE LEFT HIP/SDA,musculoskeletal
HYPONATREMIA-R/O MYOCARDIAL INFARCTION-RHABDOMYOLYSIS,cardiovascular
AORTIC STENOSIS\AORTIC VALVE REPLACEMENT  WITH ? MAZE AND LIGATION OF LEFT ATRIAL APPENDAGE,cardiovascular
CORONARY ARTERY DISEASE\CORONARY ARTERY BYPASS GRAFT; HOMOGRAFT ROOT REPLACEMENT/SDA,cardiovascular
ASCENDING AORTIC ANEURYSM\REPLACEMENT ASCENDING ARCH AORTA /SDA,cardiovascular
CORONARY ARTERY DISEASE\CORONARY ARTERY BYPASS GRAFT; WITH LEFT RADIAL ARTERY/SDA,cardiovascular
OVERDOSE ON ECSTASY,toxicology_poisoning
HYPERBILIRUEMIA,hepatobiliary
AORTIC DISSECTION;ANUERYSM,cardiovascular
BILATERAL CAROTID STENOSIS\RIGHT CAROTID ANGIOGRAM,cardiovascular
THORACOABDOMINAL ANEURSYM/SDA,cardiovascular
HYPERTENSION\ TIPS,cardiovascular
MVR\MITRAL VALVE REPAIR? REPLACEMENT ?TVR,cardiovascular
"DYSPNEA,HYPOTENSION",respiratory
MR\MITRAL VALVE REPLACEMENT; RE-DO/SDA,cardiovascular
LARYNGEAL FRACTURE;S/P TRACH REMOVAL,trauma_injury
ST ELEVATION MI; RESPIRATORY FAILURE\CATH,cardiovascular
MCA ANEURYSM,neurological
HYPOCAPNEA,respiratory
S/P PEDESTRIAN STRUCK BY CAR,trauma_injury
HEADACHE;FEVER;?MENINGITIS,infectious
LUNG MASS-SHORTNESS OF BREATH,oncology
CRUSHING INJURY /RIGHT LEG,trauma_injury
CONGESTIVE HEART FAILURE-RESPIRATORY FAILURE,cardiovascular
FEVER;MENINGITIS,infectious
MVP\MITRAL VALVE REPLACEMENT/SDA,cardiovascular
R/O SUBARACHNOID HEMORRHAGE,neurological
SEIZURE;STATUS EPILEPTICUS,neurological
LIVER TRANSPLANT;PRE OP,hepatobiliary
CONGESTIVE HEART FAILURE/FOOT INFECTION,cardiovascular
"DOWNS SYNDROME,SINUS ARREST,DYSPHAGIA\PEG",neurological
SHORTNESS OF BREATH;AORTIC VALVE DISEASE/CABG,cardiovascular
"AKA,ETOH WD",psychiatric
"HEADACHE,SINUSITIS",neurological
KIDNEY THROMBOEMBOLISM,renal
"PNEUMONIA, HYPOXIA, FEVER",respiratory
MYXOMA,cardiovascular
OSTEOMYELITIS;ANKLE FRACTURE,musculoskeletal
"PNEUMONIA,HYPOXIA",respiratory
CHOLANGITIS; BILE DUCT OBSTRUCTION,hepatobiliary
PANCREATITIS-ARDS,gastrointestinal
CORONARY ARTERY DISEASE\CORONARY ARTERY BYPASS GRAFT W/POSSIBLE ATRIAL SEPTAL DEFECT CLOSURE /SDA,cardiovascular
GALLSTONE,hepatobiliary
UNSTABLE ANGINA;MYOCARDIAL INFARCTION\CARDIAC CATH,cardiovascular
CHEST PAIN/ SHOTNESS OF BREATH,cardiovascular
NEW ONSET OF EXERTIONAL CHEST PAIN;CARDIAC ISCHEMIA\CARDIAC CATHETERIZATION,cardiovascular
HYPONATREMIA; INCREASED ASCITES,other
CELLULITIS OF RIGHT BREAST,infectious
STATUS POST VENTRICULAR FIBRILLATION ARREST\CARDIAC CATH,cardiovascular
"CAD,FOR CABG\CATH",cardiovascular
LEFT WRIST LACERATION,trauma_injury
HYPOXIA;? PULMONARY HYPERTENSION,respiratory
BRAIN ARTERIAL CLOT,neurological
URINARY TRACT INFECTION;SHORTNESS OF BREATH,genitourinary
LOOSE STOOL,gastrointestinal
FEVER;PARALYSIS,neurological
RSV PNUEMONIA,infectious
PEDESTRIAN VS AUTO,trauma_injury
EKG CHANGES;PLEURAL EFFUSION\CARDIAC CATH,cardiovascular
S/P CARDIAC CATH PLACEMENT,postoperative_surgical
ULNAR/RADIAL FX; C2 FX;S/P FALL,trauma_injury
"AORTIC STENOSIS,AORTIC INSUFFICIENCY\LEFT AND RIGHT HEART CATHETERIZATION",cardiovascular
MITRAL STENOSIS FOR CABG,cardiovascular
CIRRHOSIS;R/O FOR TIPS,hepatobiliary
RESPIRATORY FAILURE;LIVER FAILURE,respiratory
ISCHEMIC ULCER LEFT FOOT,cardiovascular
RESPIRATORY DISTRESS;SEPSIS,respiratory
NEW FISTULA,gastrointestinal
CORONARY ARTERY DISEASE;AVR;CABG,cardiovascular
CORONARY ARTERY DISEASE;NON-ST SEGMENT ELEVATION MYOCARDIAL INFARCTION,cardiovascular
LOWER BI  BLEED,gastrointestinal
NEW DVT,hematologic
ALCOHOL WITHDRAWAL;SEIZURE,psychiatric
L2 MASS,oncology
GAMMA-BUTYROLACTONE WITHDRAWAL,psychiatric
NEUROENDOCRINE TUMOR OF LIVER AND PANCREAS/SDA,oncology
FEVER;HYPOTENTION;TELEMETRY,other
S/P BIKE ACCIDENT,trauma_injury
TIBIAL PLATEAU FRACTURES,musculoskeletal
ACUTE RENAL FAILURE;PANCREATITIS,renal
LEFT INTRAPARENCHYMAL HEMORRHAGE,neurological
R/O MESENTERIC ISCHEMIA,gastrointestinal
CHF;S/P CABG;TELEMETRY,cardiovascular
PERFORATED DIVERTICULITIS/SDA,gastrointestinal
VT/VF,cardiovascular
PELVIC MASS;URINARY RETENTION,genitourinary
DIVERTICULITIS;ACUTE RESPIRATORY DISTRESS SYNDROME,gastrointestinal
KIDNEY STONE;TELEMETRY,genitourinary
PREOP PANCREAS TRANSPLANT,endocrine_metabolic
ASCENDING AORTIC ANEURYSM\BENTAL PROCEDURE; ? AORTIC VALVE REPLACEMENT /SDA,cardiovascular
PERFORATED VISCERA,gastrointestinal
SEVERE MULTIVESSEL CAD,cardiovascular
MR;AORTIC STENOSIS & INSUFFICIENCY\ AORTIC AND MITRAL VALVE REPLACEMENT; ? BENTAL PROCEDURE/SDA,cardiovascular
"PNEUMONIA,HYPOTHERMIA",infectious
SPLENIC RUPTURE;TELEMETRY,trauma_injury
T6 COMPRESSION FRACTURE,trauma_injury
AORTIC STENOSIS\AORTIC AND MITRAL VALVE REPLACEMENT ? MAZE /SDA,cardiovascular
HYPOXIA;R/O PNA,respiratory
S/P SEPSIS,infectious
OCCLUDED CELIAC ARTERY/SDA,cardiovascular
HYPERKALEMIA;DEHYDRATION,renal
CHEST PAIN;+ ETT\CATH,cardiovascular
SEZIURES,neurological
CORONARY ARTERY DISEASE\CARDIAC CATH;PLANNED CORONARY ANGIOPLASTY;STENT PLACEMENT,cardiovascular
HARD PALATE HEMATOMA,trauma_injury
ABDOMINAL PAIN;ACUTE RENAL FAILURE,renal
INTRACTABLE HEMORRHAGE,hematologic
CORONARY ARTERY DISEASE\CORONARY ARTERY BYPASS GRAFT; ? OFF PUMP CABG/SDA,cardiovascular
SEPSIS;S/P V-FIB ARREST,infectious
TRACHEAL MALASIA;CHRONIC OBST PULM DISEASE,respiratory
SUBGLOTTIC STENOSIS\LARYNGOSCOPY; MICRO WITH C02 LASER BILATERAL; PLACEMENT OF T-TUBE,respiratory
CORONARY ARTERY DISEASE;LEFT MAIN DISEASE\CORONARY ARTERY BYPASS GRAFT,cardiovascular
SHORT OF BREATH; AORTIC STENOSIS\RIGHT AND LEFT HEART CATHETERIZATION,cardiovascular
FAILURE TO THRIVE;ALTERED MENTAL STATUS,other
RESPIRATORY FAILURE;COPD EXACERBATION;PNEUMONIA,respiratory
HEAD TRAUMA; PED STRUCK,trauma_injury
AMYLOIDOSIS\BONE MARROW TRANSPLANT,hematologic
DYSPNEA\LEFT HEART CATHERIZATION,cardiovascular
CONGESTIVE HEART FAILURE;CRF,cardiovascular
DISABLING CLAUDICATION RIGHT LEG/SDA,cardiovascular
PERIORBITAL STREP CELLULITIS,infectious
"HYPERKALEMIA, ANEMIA, NAUSEA, ARF",renal
CIRRHOSIS;PLEURAL EFFUSION,hepatobiliary
"BLUNT TRAUMA,LIVER LACERATION",trauma_injury
CORONARY ARTERY DISEASE\CORONARY ARTERY BYPASS GRAFT WITH AVR;POSSIBLE MITRAL VALVE REPLACEMENT,cardiovascular
A-FIB;RVR,cardiovascular
PERIDONTAL ABSCESS;TELEMETRY,infectious
ICD FIRING;SOB,cardiovascular
AORTIC STENOSIS;\AORTIC VALVE REPLACEMENT; ? CABG/SDA,cardiovascular
ACUTE MYOCARDISAL INFARCTION,cardiovascular
"LIVER LACERATION,TRAUMA",trauma_injury
RIGHT HEART FAILURE,cardiovascular
MELANOMA;FAILURE TO THRIVE,oncology
RESPIRATORY DISTRESS-PNEUMONIA,respiratory
PLURAL EFFUSION;ACUTE RENAL FAILURE;PNEUMONIA,respiratory
STATUS EPILEPTIC,neurological
GASTROINTESTINAL BLEED;ACUTE RENAL FAILURE,gastrointestinal
CONGESTIVE HEART FAILURE/URINARY TRACT INFECTION,cardiovascular
MITRAL STENOSIS\ MITRAL VALVE REPLACEMENT ?  AORTIC VALVE REPLACEMENT,cardiovascular
SEPSIS;WEAKNESS,infectious
RIB FRACTURES;PNEUMOTHORAX,trauma_injury
"SUB ARACHNOID HEMORRHAGE,S/P FALL",neurological
CHOLANGIOCARCINOMA\BILIARY DRAIN,oncology
ASCENDIBG AORTIC ANEURYSM\BENTAL PROCEDURE /SDA,cardiovascular
LEFT LOWER LOBE CA/SDA,oncology
UNRESPONSIVE;OVERDOSE,toxicology_poisoning
ALTERED MENTAL STATUS;ALCOHOLIC HALLUCINATIONS,psychiatric
ASTHMA; PNEUMONIA,respiratory
"CHEST PAIN,CAD\ANGIOPLASTY",cardiovascular
S/P CATH;?CABG\CATH,postoperative_surgical
OBSTRUCTIVE SLEEP APNEA; SOFT PALATE LESION; NASAL & TONSILLAR HYPERTROPHY,respiratory
LEFT CEBELLAR ISCHEMIC STROKE,neurological
S/P DIRT BIKE CCIDENT,trauma_injury
AORTIC ANEURYSM DISSECTION,cardiovascular
DEGENERATIVE JOINT DISEASE BILATERAL KNEES/SDA,musculoskeletal
LEFT CEREBELLUM TUMOR/SDA,neurological
FEVER;? CVA,symptoms_unspecified
BRAIN CANCER - TERMINAL - INTUBATED,oncology
PERFORATED RIGHT CORONARY ARTERY,cardiovascular
LL MASS,oncology
HYPOTENSION;FALL;ELEVATED TROP,cardiovascular
"AORTIC INSUFICIENCY\AORTIC AND MITRAL VALVE REPLACEMENT, PERCUTANEOUS RVAD PLACEMENT",cardiovascular
HYPOTENSION;WEAKNESS\HYPOTENSION;WEAKNESS,symptoms_unspecified
RIGHT LOWER LOBE CANCER;PNEUMONIA,oncology
CARIDIA ARREST,cardiovascular
DILATED CARDIOMYOPATHY;ACUTE RENAL FAILURE,cardiovascular
ILEOSTOMY CLOSE/SDA,postoperative_surgical
POST ST ELEVATION MI,cardiovascular
TOUNGE SWELLING,symptoms_unspecified
PNEUMONIA;PULMONARY EMBOLUS,respiratory
PERIPHERAL DISEASE;ANGIOPLASTY;STENT PLACEMENT\CATH,cardiovascular
HEAD INJURY-RESPIRATORY FAILURE,trauma_injury
SUPERIOR VENA CAVA STENOSIS\SUPERIOR VENA CAVA STENT PLACEMENT,cardiovascular
SEVERE AORTIC STENOSIS\RIGHT AND LEFT HEART CATHETERIZATION,cardiovascular
CORONARY ARTERY DISEASE;CONGESTIVE HEART FAILURE;CHEST PAIN\RIGHT AND LEFT HEART CATH,cardiovascular
TACHYCARDIA;HYPOXIA;FEVER,symptoms_unspecified
BUDDCHIRROSIS,hepatobiliary
PLEURAL EFFUSION;PERINEAL INFECTION,respiratory
ETOH WITHDRAWAL;ASSUALT,psychiatric
FLASH PULMONARY EDEMA\CATH,cardiovascular
CIRRHOSIS\TRANSJUGULAR INTRAHEPATIC PORTACAVAL SHUNT,hepatobiliary
CAROTID STENOSIS \CAROTID ANGIOGRAM AND STENT,cardiovascular
RESPIRATORY FAILURE-HYONATREMIA,respiratory
"SUBDURAL HEMMORAGE, AORTIC DISSECTION",neurological
AFIB\ EP STUDY; ABLATION,cardiovascular
RP BLEED;HYPOTENSION,gastrointestinal
PANCREAS CANCER/SDA,oncology
MR\AORTIC VALVE REPLACEMENT; ?  CORONARY ARTERY BYPASS GRAFT/SDA,cardiovascular
CAROTID ARTERY STENOSIS;CLAUDICATION\RIGHT CAROTID ANGIOGRAM,cardiovascular
MITRAL REGURGITATION\MITRAL VALVE REPLACEMENT REDO,cardiovascular
"R/O MI, BRBPR",cardiovascular
BLEEDING CHEST WOUND,trauma_injury
CORONARY ARTERY DISEASE;MITRAL REGURGE,cardiovascular
PULMONARY AVEOLAR PROTEINOSIS/SDA,respiratory
"SHOCK,ACUTE RENAL FAILURE,CARDIAC ARREST",cardiovascular
COLITIS;INFECTION,infectious
S/P REJECTION KIDNEY TRANSPLANT,renal
RESP DITRESS,respiratory
EXERTIONAL DYSPNEA\CARDIAC CATH,cardiovascular
SEPTAL DEFECT\REPAIR ATRIAL SEPTAL DEFECT LIMITED ACCESS /SDA,cardiovascular
DYSPNEA;THROMBOCYTOPENIA,hematologic
EPIGLOTTITIS;FEVER,infectious
URINARY TRACT INFECTION;ATRIAL FIBRILLATION,infectious
SPINAL CORD BLEED',neurological
AORTIC STENOSIS;AR\AORTIC VALVE REPLACEMENT;MITRAL VALVE REPLACEMENT/SDA,cardiovascular
CARDIAC ARREST;MYOCARDIAL INFARCTION,cardiovascular
LEFT SPHENOID MENENGIOMA/SDA,neurological
L PARIETAL MASS,neurological
SYSTOLIC HEART FAILURE;ATRIAL FIBRILLATION\BIVENTRICULAR PACEMAKER IMPLANT,cardiovascular
GASTROINTESTINAL BLEED;RENAL FAILURE CAD,gastrointestinal
"HYPOTENSION,FALL",trauma_injury
CELLULITIS;POSSIBLE LEUKEMIA,infectious
CORONARY ARTERY DISEASE\CORONARY ARTERY BYPASS GRAFT; MAZE /SDA,cardiovascular
CORONARY ARTERY DISEASE;NEW ATRIAL FIBRILLATION,cardiovascular
MENTAL STATUS CHANGES-ACUTE RENAL FAILURE,renal
CONTRICTIVE PERICARDITIS\PERICARDIAL STRIPPING/SDA,cardiovascular
SUBARACHNOID HEMORRHAGE;PEDESTRIAN STRUCK,neurological
ACUTE PARAPLEGIA,neurological
PACEMAKER ASSESSMENT,cardiovascular
CORONARY ARTERY DISEASE-ARRYTHMIAS,cardiovascular
RENAL FAILURE;HEPATIC FAILURE,renal
ANEMIA;HYPOXIA,hematologic
NSTEMI/DKA,endocrine_metabolic
MITRAL VALVE INSUFFICIENTCY,cardiovascular
CORONARY ARTERY DISEASE;CHEST PAIN\ANGIOPLASTY AND STENT,cardiovascular
CORONARY ARTERY DISEASE;CARDIAC CATH,cardiovascular
INTRACRANIAL INJURY-S/P FALL,trauma_injury
MITRAL REGURGITATION\MVR/AVR AND MAZE,cardiovascular
RIGHT UPPER POLE MASS/SDA,oncology
RENAL FAILURE;CONGESTIVE HEART FAILURE,cardiovascular
INFECTIOUS PROCESS,infectious
PULSLESS FOOT,cardiovascular
NEUROCYSTICERCOSIS W/CYST/SDA,neurological
PNEUMONIA;LEFT EMPYEMA\ THORACOSCOPY VIDEO ASSISTED; DECORTICATION LEFT,respiratory
ST ELEVATION MI;V-FIB ARREST\CATH,cardiovascular
"GI BLEED, RESPIRATORY DISTRESS",gastrointestinal
STATUS POST KIDNEY-PANCREAS TRANSPLANT,renal
"CHEST PAIN;TELEMETRY;CATHERIZATION,CARDIAC",cardiovascular
CHEST PAIN;DYSPNEA;CORONARY ARTERY DISEASE\CARDIAC CATH,cardiovascular
MYELODYSPLATIC SYNDROME;ACUTE MYELOGENOUS LEUKEMIA,hematologic
TORSADE,cardiovascular
MI-UTI-PNEUMONIA,cardiovascular
VENTRICULAR TACHYCARDIA/CHEST PAIN,cardiovascular
"+ETT, S/P MI\LEFT HEART CATHETERIZATION",cardiovascular
POST PROCEDURE BLEED;GASTROINTESTINAL BLEED;S/P ERCP,gastrointestinal
CAROTID STENOSIS\LEFT CAROTID ANGIOPLASTY\INTERVENTION,cardiovascular
SUBARACHNOID HEMATOMA;TRAUMA,trauma_injury
MITRAL STENOSIS\Mitral Valve Repair/Replace with Concomitant Maze Procedure /SDA,cardiovascular
URINARY TRACT INFECTION S/P TRANSPLANT,infectious
CVA;INTRACRANIAL HEMORRHAGE,neurological
GVH OF LIVER,hepatobiliary
ATRIAL FIBRILLATION;CARDIOMYOPATHY,cardiovascular
LARYNGO-TRACHEAL STENOSIS/SDA,respiratory
FRACTURED ICD LEAD\ICD LEAD EXTRACTION; LEAD IMPLANTATION,cardiovascular
HEMOPTYSIS;PULMONARY CONGESTION,respiratory
ENDOSCOPIC RETROGRADE CHOLANGIOPANCREATOGRAPHY;BILE LEAK,hepatobiliary
HIGH INR;ANASARCA;TELEMETRY,hematologic
LUMBAR RADICULOPATHY/SDA,neurological
SUBARACHNOID HENORRHAGE;S/P MOTOR VEHICLE ACCIDENT,trauma_injury
CELLULITIS RT FOOT-PVD-OSTEOMYELITIS-DM,infectious
LYME RIDICULITIS,infectious
LUNG CANCER;HEMOPTYSIS;BREAST CANCER,oncology
SUBDERAL HEMATOMA,trauma_injury
"RT THIGH HEMATOMA,R/O MI",trauma_injury
PRE SYNCOPE,cardiovascular
FACIAL LACERATION,trauma_injury
MEDIASTINAL TUMOR/SDA,oncology
S/P TREE LIMB FELL ON PATIENT,trauma_injury
PNEUMONIA;ELEVATED TROPONIN,respiratory
CHRONIC MYELOGENOUS LEUKEMIA\INSERTION HICKMAN LINE; W/C-ARM DOUBLE AND 3L CVL,hematologic
HEAD INJURY;RESPIRATORY FAILURE,trauma_injury
INTERCRANIAL,neurological
DAH,respiratory
CONFUSION;MYXEDEMA COMA,endocrine_metabolic
MITRAL VALVE STENOSIS\MITRAL VALVULOPLASTY,cardiovascular
RENAL FAILURE;PYELONEPHRITIS,renal
RENAL STONES\ESWL; RIGHT,renal
LEFT CAROTID STENOSIS\LEFT CAROTID ANGIO STENT/SDA,cardiovascular
DIARRHEA; DEHYDRATION,gastrointestinal
CORONARY ARTERY DISEASE\CORONARY ARTERY STENTING,cardiovascular
3 VESSELL CORONARY ARTERY DISEASE,cardiovascular
SUPRAVENTRICULAR TACHYCARDIA\ELECTROPHYSIOLOGY STUDY;POSSIBLE ABLATION,cardiovascular
NON-ST SEGMENT ELEVATION MYOCARDIAL INFARCTION\CARDIAC CATHETERIZATION,cardiovascular
TRACIAL MALAICIA,other
POST-OPERATIVE BLEEDING,postoperative_surgical
ALCOHOL WITHDRAWAL; ? UPPER GI BLEED,gastrointestinal
INTRA-CRANIAL BLEED,neurological
RESPIRATORY FAILURE;SEPTIC SHOCK,respiratory
HEPATORENAL CIRRHOSIS,renal
ATRIAL FIBRILLATION\THORACOSCOPIC MAZE PROCEDURE LEFT,cardiovascular
AORTIC STENOSIS\MITRAL VALVE REPLACEMENT; MINIMALLY INVASIVE/SDA,cardiovascular
POST MENOPAUSAL BLEEDING/SDA,pregnancy_obstetric
TRAUMATIC CORD INJURY,trauma_injury
SATUS POST TACH ARREST,cardiovascular
RIGHT MIDDLE LOBE OBSTRUCTION,respiratory
AFIB WITH RAPID VENTRICULAR RESPONSE,cardiovascular
CORONARY ARTERY DISEASE;MITRAL VALVE REPLACEMENT,cardiovascular
LOWER GI;TELEMETRY,gastrointestinal
S/P ARREST AT REHAB,cardiovascular
RENAL MASS RIGHT; GALLSTONES/SDA,renal
LEFT MCA ANEURYSM-SUBARACHNOID HEMORRHAGE,neurological
"AORTIC STENOSIS\ AORTIC,MITRAL VALVE REPLACEMENT/SDA",cardiovascular
HYPERKALEMA;ARF;BRADYCARDIA,renal
L4-L5 LUMBAR STENOSIS/SDA,musculoskeletal
"HYPONATREMIA, EMESIS",endocrine_metabolic
MITRAL STENOSIS\MITRAL VALVE REPLACEMENT WITH ? CORONARY ARTERY BYPASS GRAFT /SDA,cardiovascular
STATUS POST MOTOR VEHICLE ACCIDENT WITH INJURIES;MULTIPLE FRACTURES,trauma_injury
MITRAL VALVE DEFICIENCY\MITRAL VALVE REPLACEMENT; TRICUSPIC VALVE REPLACEMENT; ATRIAL SEPTAL DEFECT REPAIR,cardiovascular
LEFT UPPER LOBE MASS/SDA,oncology
LOWER GI BLEED;CHRONIC OBST PULM DISEASE;HUMAN IMMUNODEFIENCY VIRUS,infectious
RECURRENT HEMOPTYSIS,respiratory
CORONARY ARTERY DISEASE\CORONARY ARTERY BYPASS GRAFT; ? MITRAL VALVE REPAIR VS REPLACEMENT; ? AVR; ? ASCENDING AORTA REPLACEMENT; ? MAZE /SDA,cardiovascular
ICD LEAD FRACTURE,cardiovascular
ATHEROEMBOLISM SYNDROME/SDA,cardiovascular
ULNAR FRACTURE,trauma_injury
AROTIC STENOSIS,cardiovascular
CORONARY ARTERY DISEASE;CONGESTIVE HEART FAILURE;CATH,cardiovascular
AORTIC STENOSIS\AORTIC VALVE REPLACEMENT; REPLACEMENT ASCENDING AORTIA; ?MITRIAL VALVE REPLACEMENT; ? BENTAL /SDA,cardiovascular
AROTIC DISSECTION,cardiovascular
RHABDO,musculoskeletal
SUBDURAL HEMMORRHAGE,neurological
CHRONIC LYMPHOCYTIC LEUKEMIA\BONE MARROW TRANSPLANT,hematologic
LUNG NODULES/SDA,oncology
"HYPOTENSION,UREMIA",renal
INCESSANT VENTRICULAR TACHYCARDIA\VENTRICULAR TACHYCARDIA ABLATION,cardiovascular
METS BRAIN CA,oncology
METASTASIS BREAST CANCER,oncology
AORTIC STENOSIS;MR\AORTIC VALVE REPLACEMENT;MITRAL VALVE REPLACEMENT; TOTAL MAZE PROCEDURE/SDA,cardiovascular
UPPER GI BLEED;PANCREATITIS,gastrointestinal
AMPUTATION OF 4TH FINGER LEFT HAND,trauma_injury
HEART FAILURE;SUPRAVENTRICULAR TACHYCARDIA,cardiovascular
UPPER GASTROINTESTINAL BLEED;NSTEMI,cardiovascular
LEFT HIP ABSCESS,infectious
CONGESTIVE HEART FAILURE;AORTIC STENOSIS;RENAL FAILURE;CIRRHOSIS,cardiovascular
SYNCOPE; AORTIC STENOSIS,cardiovascular
RAPID AF CHF,cardiovascular
R/O COMMON BILE DUCT STONE\ERCP,hepatobiliary
ASCENDING AORTIC ANEURYSM\AORTIC VALVE REPLACEMENT; REPAIR ASCENDING AORTIC ANEURYSM/SDA,cardiovascular
MITRAL REGURGITATION;CORONARY ARTERY DISEASE\CORONARY ARTERY BYPASS GRAFT WITH MVR  ? MITRAL VALVE REPLACEMENT /SDA,cardiovascular
SAH;PNEUMONIA;TELEMETRY,neurological
MITRAL VALVE REGURGITATION;VENTRICULAR TACHYCARDIA,cardiovascular
RASH;FEVER;RAPID ATRIAL FIBRILLATION,infectious
RENAL CELL CARCINOMA\CHEMO,oncology
PANOLITIS,gastrointestinal
CHEST PAIN; USA,cardiovascular
RENAL CANCER/ATRIAL FLUTTER,oncology
CHEST PAIN;CATH,cardiovascular
URINARY TRACT INFECTION;TELEMETRY,infectious
DYSPNEA;CORONARY ARTERY DISEASE\CARDIAC CATH,cardiovascular
S/P ASD REPAIR;S/P MVR\COMPLETE HEART CATH,cardiovascular
MITRAL REGURGITATION\CARDIAC CATHETERIZATION MITRAL VALVE REPLACEMENT REDO,cardiovascular
GI BLEED-PULMONARY EDEMAN,cardiovascular
VOMITING;RESPIRATORY DISTRESS,respiratory
POST PROCEDURE ENDOSCOPIC RETROGRADE CHOLANGIOPANCREATOGRAPHY;? SEPSIS,infectious
PANCREATITIS; SPLENOMEGALY,gastrointestinal
CORONARY ARTERY DISEASE;PRESYNCOPE;END STAGE RENAL DISEASE,cardiovascular
SIGMOID COLON STRICTURE/SDA,gastrointestinal
ANOREXIA NERVOSA;BMI 14.7,psychiatric
PHARYNGEAL SWELLING,infectious
CAROTID ARTERY STENOSIS\CAROTID STENT PLACEMENT/SDA,cardiovascular
TAMPONADE\PERICARDIOCENTESIS/SDA,cardiovascular
SPINAL STENOSIS L3-S1/SDA,musculoskeletal
RETAINED PRODUCTS OF CONCEPTION,pregnancy_obstetric
S/P MVC;SKULL FX;PELVIS FX,trauma_injury
NON S-T ELEVATION MI;CONGESTIVE HEART FAILURE\CARDIAC CATH,cardiovascular
"ETOH WITHDRAWAL,DTS",psychiatric
CYSTO SUPRATOIC TUBE,genitourinary
CARD ARREST,cardiovascular
"CHF,MI",cardiovascular
CHEST PAIN;HYPERGLYCEMIA,endocrine_metabolic
ODYNOPHAGIA,symptoms_unspecified
MITRAL STENOSIS\MITRAL VALVE REPLACEMENT  BENTAL PROCEDURE,cardiovascular
PNEUMONIA;MRSA,infectious
HYPOTENSION-TACHYCARDIA,cardiovascular
RESPIRATORY FAILURE;TRACHEAL MALACIA,respiratory
AMPULLARY ADENOMA/SDA,oncology
PERFORATED DIVERTICULITIS STATUS/POST HARTMANN PROCEDURE/SDA,postoperative_surgical
GI BLEED;PULSELESS LE,cardiovascular
CONGESTIVE HEART FAILURE\INTERNAL CARDIOVERTER DEFIBRILLATOR,cardiovascular
ATRIAL FIBILLATION\BILATERAL THORACOSCOPIC MINI MAZE PROCEDURE WITH LEFT ATRIAL APPENDAGE RESECTION /SDA,cardiovascular
PONS HEMORRHAGE,neurological
PAINLESS JAUNDICE ; BILIARY OBSTRUCTION,hepatobiliary
SPLEEN LACERATION,trauma_injury
VEIN THROMBUS,hematologic
UPPER GASTROINTESSTINAL BLEED,gastrointestinal
ATRIAL TACHYCARDIA,cardiovascular
CORONARY ARTERY DISEASE\AORTIC VALVE / ASCENDING AORTA REPLACEMENT  CORONARY ARTERY BYPASS GRAFT WITH AVR /SDA,cardiovascular
FEMUR FRACTURES,trauma_injury
IDIOPATHIC HYPERTROPHIC SUBAORTIC STENOSIS\ATRIAL FIBRILLATION ABLATION  **REMOTE WEST**,cardiovascular
HYPOTENSION;PERICARDIAL EFFUSION,cardiovascular
NAUSEA W\VOMITING;ELEVATED LFTS,hepatobiliary
ABDOMINAL STABBING,trauma_injury
RIGHT TEMPLE LESION/SDA,oncology
VASCULAR OCCLUSION,cardiovascular
"SEPSIS,STROKE",infectious
PNEUMONIA-URINARY TRACT INFECTION,infectious
CORONARY ARTERY DISEASE\CARDIAC INTERVENTION,cardiovascular
R/O RESPIRATORY DISTRESS,respiratory
"BRAIN METS,(RENAL CELL CA)",oncology
POST OP INTRA ABDOMINAL ABSCESS,postoperative_surgical
ATRAIL SEPTAL DEFECT\ REPAIR ATRAIL SEPTAL DEFECT LIMITED ACCESS/SDA,cardiovascular
INSULINOMA/SDA,endocrine_metabolic
CLOTTED AV FISTULA,hematologic
MITRAL VALSE INSUFFICIENCY\MITRAL VALVE REPAIR VS REPLACEMENT /SDA,cardiovascular
RENAL FAILURE;TRANSAMINITIS,renal
CHEST PAIN; ABNORMAL STRESS TEST\CARDIAC CATHETERIZATION,cardiovascular
SEIZURE WITH ETOH WITHDRAWAL,neurological
SUB GALEAL COLLECTION,trauma_injury
CORONARY ARTERY DISEASE\PLANNED INTERVENTION OF THE RCA,cardiovascular
MYOCARDIAL INFACTION/CHF/RENAL INSUFFICIENCY,cardiovascular
MS CHANGES AND HYPOTENSION,neurological
RHABDO; AFIB,cardiovascular
CHEST PAIN;ABNORMAL ECHO;ADNORMAL EKG\CARDIAC CATH,cardiovascular
AORTIC STENOSIS;\ AORTIC AND MITRAL VALVE REPLACEMENT,cardiovascular
MITRAL STENOSIS\MINIMALLY INVASIVE MICRO VALVE REPLACEMENT,cardiovascular
COMPRESSION FX,trauma_injury
DECOMPENSATED LIVER DISEASE,hepatobiliary
HYPERKALEMIA;FISTULA OBSTRUCTION,renal
PULOMONARY EMBOLIS;TELEMETRY,cardiovascular
GANGRENE;CHEST PAIN,cardiovascular
GRAFT STENOSIS,cardiovascular
MITRAL VALVE ABNORMALITY\MITRAL VALVE REPLACEMENT; HEART PORT MINIMALLY INVASIVE/SDA,cardiovascular
"CHEST PAIN,+ETT\CATH",cardiovascular
SAFE BED,other
ATRIAL FIBRILLATION\TRANSESOPHAGEAL ECHOCARDIOGRAM,cardiovascular
SUBDURAL HEMATOMA;RIB FRACTURE,trauma_injury
MITRAL VALVE REGURGITATION\MITRAL VALVE REPLACEMENT/SDA,cardiovascular
VT  WITH ACID FIRING,cardiovascular
POSTERIOR DECOMPRESSION T9-L4,musculoskeletal
COCAINE INGESTION,toxicology_poisoning
MULITPLE RIB FRACTURES,trauma_injury
ATRIAL FIBRILLAION\AFIB ABLATION; PHARMACOLOGICAL/NONPHARMACOLOGICAL MANAGEMENT OF AFIB,cardiovascular
A FAILED RIGHT TOTAL HIP REPLACEMENT/SDA,postoperative_surgical
GALLSTONES;SEIZURES MONITORING,gastrointestinal
AORTIC STENOSIS\AORTIC VALVE REPLACEMENT  CORONARY ARTERY BYPASS GRAFT X 2/SDA,cardiovascular
THYROTOXICOSIS,endocrine_metabolic
CAD/MITRAL REGURGITATION\CORONARY ARTERY BYPASS GRAFT; W/AVR,cardiovascular
LEFT BREAST CA,oncology
INTERIOR MI/CATH,cardiovascular
3 VESSEL DISEASE REQUIRING CORONARY ARTERY BYPASS GRAFT,cardiovascular
"SEPSIS,ADULT RESPIRATORY DISTRESS SYNDROME",infectious
CORONARY ARTERY DISEASE\CORONARY INTERVENTION,cardiovascular
"TETRALOGY OF FALLOT\ PULMONARY VALVE REPAIR; VENTRICULAR OUTFLOW RECONSTRUCTION, RIGHT/SDA",cardiovascular
CORONARY ARTERY DISEASE\CORONARY ARTERY BYPASS GRAFT; ? MITRAL VALVE REPLACEMENT; ? AORTIC VALVE REPLACEMENT /SDA,cardiovascular
URETERAL CA/SDA,genitourinary
MULTIPLE ARRYTHMIA,cardiovascular
ACUTE AORTIC DISSECTION,cardiovascular
NON HODGKIN'S LYMPHOMA\BONE MARROW TRANSPLANT,hematologic
STROKE-R/O VASCULITIS,neurological
"HEPATITIS, ACIDOSIS, ETOH WITHDRAWAL, ELEVATED ACETAMINOPHEN LEVEL",hepatobiliary
PERITONEAL MASS,oncology
"FEVER,HIV,HEMATURIA",infectious
DEHYDRATION/UTI,genitourinary
"PNEUMONIA, SEPSIS",infectious
MITRAL REGURGITATION\MITRAL VALVE REPLACEMENT/SDA,cardiovascular
CORONARY ARTERY DISEASE;NON Q MI\CATH,cardiovascular
3RD NERVE PALSY,neurological
ACIDEMIA; ELECTROLYTE ABNORMALITIES,endocrine_metabolic
MITRAL VALVE DISEASE\ AORTIC AND MITRAL VALVE REPLACEMENT/SDA,cardiovascular
AFIB W. RVR;ANEMIA;PNEUMONIA,cardiovascular
"CELLULITIS;ULCER,LEFT FOOT",infectious
BATEREMIA;CARDIOMYOPATHY,infectious
CHRONIC PELVIC PAIN;EXTENSIVE LYSIS OF ADHESIONS,gastrointestinal
"S/P FALL,TRAUMA",trauma_injury
CSF OTORRHEA RIGHT EAR/SDA,neurological
ABNORMAL HEAD CT,neurological
STAB WOUND LEFT CHEST,trauma_injury
RIGHT GROIN SARCOMA/SDA,oncology
BLADDER CANCER; ATROPHIC RIGHT KIDNEY/SDA,genitourinary
AAA RUPTURE,cardiovascular
SHORTNESS OF BREATH;MULTIFOCAL PNA,respiratory
LEFT HIP DISLOCATION,trauma_injury
TAMPONADE\PERICADIOCENTESIS,cardiovascular
"RECURRENT ANGINA PECTORIS, STATUS POST ANGIOPLSTY OF RM GRAFT\LEFT HAEART CATHETERIZATION",cardiovascular
CONGESTIVE HEART FAILURE-ACUTE PULMONARY EDEMA,cardiovascular
LEFT CAROTID ARTERY STENOSIS\LEFT CAROTID ARTERY ANGIOGRAM,cardiovascular
(AML) ACUTE MYELOGENOUS LEUKEMIA;HYPOTENSION,hematologic
UNSTABLE ANGINA;CHEST PAIN\CARDIAC CATH,cardiovascular
LEFT FOOT GANGRENE;IV ANTIBIOTICS,infectious
L3-L5 SPINAL STENOSIS/SDA,musculoskeletal
INTRA-ABDOMINAL ABSCESS;FEVER,infectious
ELEVATED LFT'S/S/P TRANSPLANT,hepatobiliary
FALL;HYPONATREMIS;HYPERKALEMIA,other
MR\AORTIC VALVE REPLACEMENT; HEART PORT MINIMALLY INVASIVE/SDA,cardiovascular
STROKE;TELEMETRY;TELEMETRY;SEIZURES,neurological
CONGESTIVE HEART FAILURE;MORBID OBESITY,cardiovascular
ACUTE CORONARY SYNDROME-SYNCOPE,cardiovascular
"APNEA,MENTAL STATUS CHANGES",respiratory
UMBILICAL HERNIA,gastrointestinal
S/P RIGHT GROIN EXPLORATION;? ANGIO,postoperative_surgical
CHRONIC OBSTRUCTIVE PULMONARY DISEASE;TRACHEOBRONCHIALMALACIA,respiratory
SRTOKE;TRANSIENT ISCHEMIC ATTACK,neurological
CHEST PAIN; SOB,symptoms_unspecified
ETOH AND DRUG WITHDRAWAL,psychiatric
RENAL FAILURE-SEPSIS,renal
RIB;SCAPULAR FXS;HEMO-PNEUMOTHORAX,trauma_injury
CECAL VOLVULUS,gastrointestinal
DIABETIC KETOACIDOSIS;MYOCARDIAL INFARCT,endocrine_metabolic
ATHEROSCLEROSIS WITH ULCER,cardiovascular
DIABETIC KETOACIDOSIS;RENAL FAILURE;RULE-OUT MYOCARDIAL INFARCTION;TELEMETRY,endocrine_metabolic
DIARRHEA;DEHYDRATION;CHEST PAIN,symptoms_unspecified
DYSPNIA,symptoms_unspecified
LUNG CANCER-RESPIRATORY FAILURE,oncology
LEFT FEMUR MALUNION/SDA,musculoskeletal
ACUTE LEG PAIN;SYNCOPE;TELEMETRY;,symptoms_unspecified
ELEVATED INR;COUMADIN TOXICITY;LOWER GI BLEED,toxicology_poisoning
"C2 FRACTURE,ODONTOID FRACTURE",trauma_injury
PITUITARY MASS,endocrine_metabolic
FEVER-FAILURE TO THRIVE,symptoms_unspecified
LEFT UPPER LOBE MASS;TELEMETRY,oncology
HYPOKALEMIC PERIODIC PARALYSIS,endocrine_metabolic
FEVER;SHORTNESS OF BREATH,symptoms_unspecified
RENAL CELL CANCER;FEVER,oncology
RHABDO MYOLYSIS,musculoskeletal
LEFT ARM INJURY;S/P MOTOR VEHICLE ACCIDENT,trauma_injury
PROBABLE ACUTE LEUKEMIA;PNEUMONIA,hematologic
C5 FRACTURE;S/P FALL,trauma_injury
THORACIC SPINE FRACTURE;DISLOCATION,trauma_injury
"DISCITIS, OSTEOMYELITIS/SDA",infectious
ST ELEVATION MI;S/P ARREST,cardiovascular
PSEUDOOBSTRUCTION,gastrointestinal
MITRAL VALVE DISORDER \MVR;? TVR;? CORONARY ARTERY BYPASS GRAFT WITH MVR/SDA,cardiovascular
SENCONDARY MALIGNANT NEOPLASM OF BONE AND BONE MARROW/SDA,oncology
QWAVE MI;TELEMETRY,cardiovascular
GALLSTONES;COLON CA/SDA,oncology
FEMORAL NECK FRACTURE,trauma_injury
"GANGRENE TOES, BILATERAL FEET",other
CERVICAL DISHERNIATION/SDA,musculoskeletal
PANREATITIS,gastrointestinal
OSTEOMYELITIS LEFT FOOT/SDA,infectious
SAH;VETEBRAL DISSECTION;TROP LEAK,neurological
S/P PANCREATIC TX-RIGHT ABDOMINAL PAIN,postoperative_surgical
ST-ELEVATION MYOCARDIAL INFARCTION\CATH,cardiovascular
CLAUDICATION\LEFT LOWER EXTREMITY ANGIOPLASTY/STENT,cardiovascular
RIGHT THIGH EXTENSIVE HETEROTOPIC OSSIFICATION/SDA,musculoskeletal
BILE DUCT INJURY/SDA,postoperative_surgical
AORTIC STENOSIS\CORONARY ARTERY BYPASS GRAFT /SDA,cardiovascular
SHORTNESS OF BREATH WITH STRIDOR,respiratory
PNEUMONIA'PLEURAL EFFUSIONS,infectious
LEFT RETROPERITONEAL MASS/SDA,oncology
HEMMO-HAGIC STROKE,neurological
CORONARY ARTERY DISEASE\CORONARY ARTERY BYPASS GRAFT WITHRADIAL ARTERY/SDA,cardiovascular
UROSEPSIS; CAD,infectious
"V-TACH,FEVER",cardiovascular
DIABETIC KETOACIDOSIS; HTN EMERGENCY,endocrine_metabolic
DYSPNEA;TACHYCARDIA,symptoms_unspecified
SDH BILATERAL,neurological
"HYPOTENSION, PNEUMONIA, URINARY TRACT INFECTION",infectious
ACETOMENGOHEN OVERDOSE,toxicology_poisoning
RHABDOMMYOLYSIS,musculoskeletal
RIGHT ATRIAL THROMBUS,cardiovascular
PATENT FORAMAN OVALE\ PATENT FORAMEN OVALE MINIMALLY INVASIVE/SDA,cardiovascular
MULTI-TRAUMA-S/P MOTOR VEHICLE ACCIDENT,trauma_injury
HEMATEMASIS,gastrointestinal
"COPD, PNEUMONIA VS. BRONCHITIS",respiratory
RIGHT-SIDED PARALYSIS,neurological
RASP FAILURE BMT,other
RULE OUT CORONARY ARTERY DISEASE\LEFT HEART CATH,cardiovascular
NECROTIC TOE LEFT FOOT,infectious
RESPIRATORY DISTRESS;BREAST MASS,respiratory
OBSTRUCTING RENAL STONE,renal
ASTHMA;LARYNGOSPASM,respiratory
ASCITES-SHORTNESS OF BREATH,hepatobiliary
CHOLANGITIS;METHICILLIN RESISTANT STAPH AUREUS,infectious
CORONARY ARTERY DISEASE\CORONARY ARTERY BYPASS GRAFTWITH AVR; ? REPLACING ACENDIND AORTA/SDA,cardiovascular
LEFT KNEE OSTEOARTHRITIS\KNEE REPLACEMENT TOTAL LEFT,musculoskeletal
NEW ONSET ANGINA\LEFT HEART CATHETERIZATION,cardiovascular
LEFT ICA STENOSIS,neurological
L THIGH HEMATOMA;FACTOR V111 INHIBITOR,hematologic
HYPONATREMIA;MALAISE,endocrine_metabolic
"NEUTROPENIA,CHEST PAIN",hematologic
CAROTID STENOSIS\CAROTID ANGIOGRAM ? STENT,neurological
STATUS POST LIVER TRANSPLANT;RENAL FAILURE,renal
SALICYLATE TOXICITY,toxicology_poisoning
PRE OP AVR;MVR\CATH,cardiovascular
"ICD FIRING,RF,DM",cardiovascular
TORN MENISCUS LEFT KNEE,musculoskeletal
VERTEBRAL ARTERY DISSECTION,neurological
ANTICHOLINERGIC SYNDROME,toxicology_poisoning
TRANSBRONCHIAL BIOPSY,respiratory
SEPTIC; SEIZURES,infectious
OCCLUDED AV GRAFT,renal
"INFECTED FEMORAL TO POPLITEAL BYPASS GRAFT, LEFT/SDA",infectious
BRONCHOPULMONARY FISTUAL,respiratory
"AORTIC STENOSIS, CAD\ CORONARY ARTERY BYPASS GRAFT W/ AVR/SDA",cardiovascular
OROPHARYNGEAL BLEEDING,other
INTERNAL CAVERNOUS CAROTID ANEURYSM,neurological
DISTAL BILE DUCT TUMOR; PANCREATIC CA/SDA,oncology
LEFT INCISIONAL HERNIA/SDA,gastrointestinal
URINARY TRACT INFECTIOM;PYELONEPHRITIS,infectious
POLYTRAUMA;TELEMETRY,trauma_injury
ACUTE RENAL FAILURE;SEPTIC ARTHRITIS,renal
ELEVATED WHITE COUNT; HALLUCINATIONS,psychiatric
CLOGGED G-TUBE,gastrointestinal
PULMONARY EMBOLIS;URINARY TRACT INFECTION,cardiovascular
CARDIAC TAMPONADE\PERICARDIAL TAP,cardiovascular
SMOKE INHALATION,toxicology_poisoning
COLCHICIME OD,toxicology_poisoning
FEVER;HEADACHE,symptoms_unspecified
FEVER/UNRESPONSIVE,symptoms_unspecified
ASA\REPAIR ATRIAL-SEPTAL DEFECT; LIMITED ACCESS/SDA,cardiovascular
PULM EDEMA,cardiovascular
PNEUMOTHORAX;FEVER;PNEUMONIA,respiratory
"CIRRHOSIS,ESOPHAGEAL VARICES",hepatobiliary
INGEGSTION,gastrointestinal
EXERTIONAL CHEST PAIN;RULE OUT CORONARY ARTERY DISEASE\CORONARY ANGIOGRAM,cardiovascular
PANCREATIC CANCER;BILE DUCT OBSTRUCTION,oncology
SEPSIS;RESPITORY FAILURE,infectious
GI BLEED;HIP FX,gastrointestinal
CLONIDINE INGESTION,toxicology_poisoning
RHABDOMYOLSIS,musculoskeletal
CORONARY ARTERY DISEASE\CARDIAC CATH WITH INTRAVASCULAR ULTRASOUND,cardiovascular
LEFT LEG NUMBNESS,neurological
"HEART BLOCK,NON STE MI",cardiovascular
"BLOOD CLOTS, ATRIUM BODY\RESECTION OF INTRACARDIAC RETROHEPATIC ABDOMINAL TUMOR",oncology
"OGILVIE'S SYNDROME, R.O PNEUMONIA",gastrointestinal
LOWER GI BLEED;MYOCARDIAL INFARCTION,cardiovascular
HYPONATREMIA-NON-HODGKIN'S LYMPHOMAS,hematologic
ACUTE RENAL FAILURE;PERICARDIAL EFFUSION,renal
ASCITES;HYPERKALEMIA,renal
S/P MOTOR VEHICLE ACCIDENT-ETOH,trauma_injury
PERICARDIAL EFFUSION;SHORTNESS OF BREATH,cardiovascular
RESPIRATORY INSUFFIENCY,respiratory
LUNG CANCER;PNEUMONIA,oncology
S/P FALL WITH C2 FRACTURE,trauma_injury
HYPOGLYCEMIA;HYPOTENSION;TELEMETRY,endocrine_metabolic
URINARY TRACT INFECTION;NARCOTOSIS,infectious
ASCENDING AORTA DISECTION,cardiovascular
NEUROPATHY,neurological
"RT EYE INFLAMMATION,VISION LOSS,HEPATITIS",hepatobiliary
SHORTNESS OF BREATH\ TRACHEALPLASTY/BRONCHEOPLASTY VIA RIGHT THORACOTOMY,respiratory
STATUS POST FALL;ATRIAL FIBRILLATION,cardiovascular
AVR\AORTIC VALVE REPLACEMENT/SDA,cardiovascular
WEAKNESS;RULE-OUT MYOCARDIAL INFARCTION,cardiovascular
AUTUMN56,other
"S/P L.ELBOW FRACTUR, PNEUMONIA",trauma_injury
SEPSIS/ACUTE RENAL FAILURE,infectious
"LUNG CANCER,",oncology
RIGHT UPPER NODULE/SDA,other
A FIB;DEHYDRATION,cardiovascular
GI PROBLEM\ERCP,gastrointestinal
SYNCOPE/MI,cardiovascular
ACUTE CORONARY SYNDROME\CORONARY ANGIOGRAM,cardiovascular
CARDIAC ISCHEMIA\CARDIAC CATHETERIZATION,cardiovascular
"BACK PAIN, FEVER",symptoms_unspecified
RULE-OUT MYOCARDIAL INFARCTION;TELEMETRY;RIGHT-HAND ISCHEMIA,cardiovascular
SEPSIS/FEVER,infectious
ANKLE FRACTURE;HYPOXIA,trauma_injury
RA MASS W\CLOT,oncology
CORONARY ARTERY DISEASE\RIGHT HEART CATH,cardiovascular
PNEUMOTHORAX;HEMOTHORAX;MCC,trauma_injury
LEFT ATRIAL MYXOMA\LEFT ATRIAL MYXOMA RESECTION/SDA,cardiovascular
AIRWAY OBSTRUCTION\ BRONCHOSCOPY RIGID STENT PLACEMENT/SDA,respiratory
ENLARGED PLEURAL EFFUSION,respiratory
"PNEUMONIA, ACUTE RENAL FAILURE",infectious
DYSPNEA ON EXERTION\RIGHT AND LEFT HEART CATH,cardiovascular
UPPER GASTROINTESTINAL BLEED;HYPOTENSION,gastrointestinal
MR\AORTIC VALVE REPLACEMENT; ?MVR/SDA,cardiovascular
"SUBDURAL HEMATOMA,SKULL FRACTURE",trauma_injury
HEPATITIS;TYLENOL TOXICITY,toxicology_poisoning
CONGESTIVE HEART FAILURE;A FIB VS ATRIAL TACHUCARDIA,cardiovascular
ICD MALFUNCTION; CHF; RECURRENT VT; SVT\ICD GENERATOR CHANGE/AV NODAL ABLATION,cardiovascular
LEFT PCA STROKE,neurological
NON-HODGKINS LYMPHOMA;FEBRILE;NEUTROPENIA,oncology
R/O ISCHEMIC BOWEL,gastrointestinal
CONTROL OF TONSILAR BLEED,other
GASTROPASESIS,gastrointestinal
ARTERIAL BLEED,hematologic
HYPERCALCEMIA\IV FLUIDS,endocrine_metabolic
HTN URGENCY;GASTROPARESIS,cardiovascular
TYLENOL BENZO OVERDOSE,toxicology_poisoning
ATRIAL FIBRILLATION;TELEMETRY;TELEMETRY,cardiovascular
CORONARY ARTERY DISEASE;FOR AVR/CABG\CATH,cardiovascular
HEPATIC FAILURE;ACUTE ABDOMEN;?SEPTIC,hepatobiliary
CHRONIC PERICARDIAL\ REDO AORTIC ROOT/ARCH REPLACEMENT/SDA,cardiovascular
S/P NON Q W MI\LEFT HEART CATHETERIZATION,cardiovascular
"ABD PAIN,PNA",infectious
NON-STRESS ELEVATED MI,cardiovascular
VENTRICULAR TACHYCARDIA;ICD SHOCKS\VENTRICULAR TACHYCARDIA ABLATION,cardiovascular
MITRAL INSUFFICIENCY\MITRAL VALVE REPLACEMENT; ? REDO AORTIC VALVE REPLACEMENT VIA REDO STENOTOMY VS RIGHT THORACOTOMY,cardiovascular
BILATERAL VOCAL CORD PARALYSIS/SDA,respiratory
COLONIC INERTIA /SDA,gastrointestinal
MENTAL STATUS CHANGES;ACIDOSIS,other
HYPERTENSION;HYPERGLYCEMIA,endocrine_metabolic
S/P MOTORCYCLE ACCIDENT WITH MULTIPLE INJURIES,trauma_injury
CERVICAL EPIDURAL ABSCESS/SDA,infectious
"GASTROINTESTINAL BLEED, CHEST PAIN;TELEMETRY",cardiovascular
SUBLINGUAL INFECTION,infectious
OSTEOMYELITIS RIGHT FOOT,infectious
PNEUMONIA;S/P LIVER TRANSPLANT;DEHYDRATION,respiratory
SEPSIS;METHICILLIN RESISTANT STAPH AUREUS;VANCOMYCIN RESISTANT ENTEROCOCCUS,infectious
CAROTID ARTERY DISEASE\CAROTID STENTING/SDA,cardiovascular
CHEST PAIN;CORONARY ARTERY DISEASE; MITRAL REGURGITATION\LEFT HEART CATHETERIZATION,cardiovascular
ANGINA;+STRESS TEST\CATH,cardiovascular
AORTIS STENOSIS\AORTIC VALVE REPLACEMENT /SDA,cardiovascular
CHEST PAIN/RENAL FAILURE,renal
PNEUMONIA;R/O TB,respiratory
MYOCARDIAL INFARCTION-RENAL FAILURE-ANEMIA,cardiovascular
AORTIC VALVE ABSCESS;SEPSIS,infectious
COLONIC FISTULA/SDA,gastrointestinal
LEFT LOWER EXTREMITES;INFECTED RIGHT FOOT WOUND,infectious
"+ MI,UNSTABLE ANGINA\LEFT HEART CATHETERIZATION",cardiovascular
CROHN'S DISEASE; ENTEROCUTANEOUS FISTULA,gastrointestinal
EDEMA/ELEVATED TROPONIN,cardiovascular
CLOTTED GRAFT,hematologic
PRE-HYDRATION;CORONARY ARTERY DISEASE;PVD\CATH AND LOWER EXTREMITY ANGIOGRAM,cardiovascular
ASA OVERDOSE-SUICIDAL IDEATION,toxicology_poisoning
CORONARY ARTERY DISEASE;CORONARY ARTERY BY PASS GRAFT/SDA\CORONARY ARTERY BY PASS GRAFT,cardiovascular
CONGESTIVE HEART FAILURE\RIGHT AND LEFT CARDIAC CATH,cardiovascular
KEARNS SAYER SYNDROME,neurological
"MVC, FEMUR FX",trauma_injury
CHF;AVR REPLACEMENT,cardiovascular
AORTIC ANUERYSM W/ EMOBILZATION/SDA,cardiovascular
LEFT FRONTAL HEMORRHAGE,neurological
ATRIAL DEFECT\ REPAIR ATRIAL SEPTAL DEFECT/SDA,cardiovascular
CONGESTIVE HEART FAILURE;PNEUMONIA;RULE OUT MYOCARDIAL INFARCTION,cardiovascular
CORONARY ARTERY DISEASE\CORONARY ARTERY BYPASS GRAFT; WITH MITRAL VALVE REPLACEMENT REDO WITH MAZE/SDA,cardiovascular
AORTIC STENOSIS\CORONARY ARTERY BYPASS GRAFT WITH AVR ? ASCENDING AORTA/SDA,cardiovascular
TACHY-BRADY SYNDROME;ATRIAL FLUTTER\ELECTROPHYSIOLOGIC STUDY/ABLATION/?PACEMAKER IMPLANT,cardiovascular
INTERPARENCYMAL HEMORRHAGE,neurological
INFECTED AAA GRAFT,infectious
TTP VS  HUS,hematologic
S/P NON Q WAVE MI;ALTERED MENTAL STATUS\CATH,cardiovascular
"CHF,R/O MII",cardiovascular
CHEST PAIN;TELEMETRY; GI BLEED,cardiovascular
TRANSVERSE COLON CANCER/SDA,oncology
LEFT FEMUR NON UNION/SDA,musculoskeletal
PSEUDO ANEURYSM,cardiovascular
NEUTROPENIC FEVER;HYPOTENSION,infectious
ILI,infectious
S/P BIKE ACCIDENT WITH MULTIPLE FX,trauma_injury
POSTERIOR FOSSA MASS LESION,neurological
AORTIC DILATATION,cardiovascular
"TRAUMA,S/P MVA",trauma_injury
LUNG CA; HYPOXEMIA,oncology
RIGHT ANKLE WOUND,trauma_injury
PNEUMONIA;ALTERED MENTAL STATUS,infectious
TRAUM;S/P MOTOR VEHICLE ACCIDENT;TELEMETRY,trauma_injury
?DIABETIC KETOACIDOSIS,endocrine_metabolic
PNEUMONIA/COPD,respiratory
APLASTIC ANEMIA;CHEMO,hematologic
PLEURAL EFFUSION\PLEUR-X CATHETER PLACEMENT; RIGHT,respiratory
ABDOMINAL PAIN/ EXPLORATORY LAPAROTOMY,gastrointestinal
STERNAL WOUND/SDA,postoperative_surgical
SUBARCHNOID HEMORRHAGE;TELEMETRY,neurological
HEPATOMNA LIVER,hepatobiliary
GLOTTIC MASS,oncology
HEMATOCRIT DROP,hematologic
RECTAL BLEEDING;HIGH INR,gastrointestinal
"GASTROESOPHAGEAL JUNCTION, ESOPHAGEAL MASS/SDA",oncology
CORONARY ARTERY DISEASE;CHEST PAIN\LEFT HEART CATH,cardiovascular
CORONARY ARTERY DISEASE;CHRONIC OBST PULM DISEASE,cardiovascular
CORONARY ARTERY DISEASE\ CORONARY ARTERY BYPASS GRAFT REDO/SDA,cardiovascular
FRACTURED RIGHT HIP;S/P INTEROCHANTERIC\ ORIF INTERTROCHANTERIC FRACTURE RIGHT,trauma_injury
LEFT UPPER LOBE LUNG CA/SDA,oncology
INCREASED CREATINE;S/P KIDNEY TRANSPLANT,renal
BASILAR THROMBOSIS,neurological
"AORTIC STENOSIS\AORTIC VALVE REPLACEMENT, ? ASCENDING AORTA REPLACEMENT /SDA",cardiovascular
? GRAFT INFECTION,infectious
OGILVIE'S SYNDROME,gastrointestinal
HYPOTENSIVE;SEPSIS,infectious
MR;AORTIC STENOSIS;AFIB\AORTIC VALVE REPLACEMENT;MITRAL VALVE REPLACEMENT; MAZE PROCEDURE/SDA,cardiovascular
MENTAL STATUS CHANGES;HYPOGLYCEMIA,endocrine_metabolic
COMPLETE HEART BLOCK;CORONARY ARTERY DISEASE;RENAL DISEASE,cardiovascular
HEART BLOCK;TELEMETRY,cardiovascular
"LIVER FAILURE,HEPATITIS",hepatobiliary
CAROTID ARTERY DISEASE\CAROTID ANGIOGRAM;POSSIBLE LEFT CAROTID STENT PLACEMENT,cardiovascular
RIGHT HIP NECROSIS/SDA,musculoskeletal
NASOPHARYNGEAL MASS,oncology
ANASARCA;TELEMETRY,other
"SQUAMOUS CELL CA, RIGHT LATERAL TONGUE/SDA",oncology
LEFT CAROTID ANEURYSM,cardiovascular
SLEEP APNEA;OVER DOSE;ASPIRATION PNEUMONIA,respiratory
AMANITA INTOXICATION,toxicology_poisoning
NONQ WAVE MI,cardiovascular
CORONARY ARTERY DISEASE;CHEST PAIN\CATH WITH INTERVENTION,cardiovascular
?LGIB/LIVER FAILURE,gastrointestinal
PNEUMONIA; R/O MI,infectious
BOWEL PNEUMATOSIS,gastrointestinal
GASTROINSTESTINAL BLEED,gastrointestinal
SUB ARACHNOID,neurological
POST TRANSPLANTATION STRICTURE\BRONCHOSCOPY RIGID; WITH LASER,respiratory
NON HODGKIN'S LYMPHOMA\CHEMOTHERAPY,oncology
T6 FRACTURE,trauma_injury
AORTIC STENOSIS\CORONARY ARTERY BYPASS GRAFT WITH AVR REDO,cardiovascular
"LE EDEMA, R/O MI",cardiovascular
PCN DESENTIZATION,other
RECURRENT CHEST PAIN;CORONARY ARTERY DISEASE\LEFT HEART CATHETERIZATION,cardiovascular
R FEMUR & LIVER LACERATION,trauma_injury
"DKA, CHEST PAIN R/O MI",endocrine_metabolic
RESPIRATORY DIFFICULTY,respiratory
V-TACH ARREST;SUBDURAL HEMATOMA,cardiovascular
PNEUMONIA;CONGESTIVE HEART FAILURE;ATRIAL FIBRILLATION,infectious
FRONTAL BRAIN TUMOR,neurological
GUN SHOT WOUND ; PNEUMOTHORAX,trauma_injury
PERICARDIAL EFFUSION;CHOLECYSTITIS,cardiovascular
"HYPOTENSION;FEVER,ORIGINS UNKNOWN;RESPIRATORY FAILURE",respiratory
AORTIC STENOSIS\AVR TISSUE ? CORONARY ARTERY BYPASS GRAFT ? MAZE,cardiovascular
VENTRICULAR TACHYCARDIA;ACID FIRING,cardiovascular
END-STAGE LIVER DISEASE,hepatobiliary
AORTIC VALVE INSUFFICIENCY\AVR ? CORONARY ARTERY BYPASS GRAFT/SDA,cardiovascular
CONGESTIVE HEART FAILURE;SEVERE MIRTAL REGURGITATION,cardiovascular
DUODENAL CANCER/SDA,oncology
LARYNX CA/SDA,oncology
VENTRICULAR SEPTAL D EFFECT,cardiovascular
OVERDOSE;ALTERED MENTAL STATUS,toxicology_poisoning
"DIABETIC KETOACIDOSIS;CVA;FEVER,ETIOLOGY UNKNOWN",endocrine_metabolic
ACUTE RENAL FAILURE;MENTAL STATUS CHANGES,renal
CP;FEVER,symptoms_unspecified
MITRAL VALVE DISORDER\MITRAL VALVE REPLACEMENT W/ CONCOMITANT MAZE,cardiovascular
NON ST ELEVATION MYOCARDIAL INFARCTION; RECURRENT ANGINA\LEFT HEART CATHETERIZATION,cardiovascular
CHRONIC OBST PULM DISEASE;CO2 NARCOSIS,respiratory
RESPIRATORY DISTRESS;HYPOTENSION,respiratory
POST-ERCP,postoperative_surgical
CEREBROVASCULAR ACCIDENT;SUBDURAL BLEED;TELEMETRY,neurological
AAA\ACENDING AORTA REPAIR,cardiovascular
DIAGNOTIC LAP;POST OPERATIVE BLEEDING,postoperative_surgical
CORONARY ARTERY DISEASE\CORONARY ARTERY BYPASS GRAFT ? MAZE/SDA,cardiovascular
AIRWAY MONITORING; RIGID BRONCHOSCOPY,respiratory
C. DIF,infectious
S/P SPLENECTOMY;POLYCYTHEMIA VERA,hematologic
"HYPOXIA,CHANGE IN MENTAL STATUS",symptoms_unspecified
HYPOTENSION;SHORTNESS OF BREATH;ACUTE RENAL FAILURE;HCT DROP,renal
PERICARDIAL TAMPONADE\PERICARDIAL TAP,cardiovascular
SEVERE PVD/SDA,cardiovascular
INFECTED RIGHT HAND;EXPOSED HARDWARE,infectious
BRIGHT RED BLOOD PER RECTUM;LOWER GI BLEED,gastrointestinal
ACUTE FEVER;SEPSIS;TELEMETRY,infectious
GASTROINTESTINAL PERFORATION,gastrointestinal
UVULAR EDEMA,respiratory
CHEST PAIN;ETT,cardiovascular
"RESPIRATORY FAILURE,VOLUME OVERLOAD",respiratory
ABD AORTIC ANEURYSM,cardiovascular
CHRONIC RENAL FAILURE;OPEN EXPLORATORY LAP,renal
RIGHT ARM FRACTURE,trauma_injury
SPONTANEOUS HEMOPERITONEUM,gastrointestinal
CHRONIC LYMPHOCYTIC LEUKEMIA;SEIZURE,hematologic
R/O SEPSIS;RENAL FAILURE,renal
CORONARY ARTERY DISEASE\AVR; ? CORONARY ARTERY BYPASS GRAFT/SDA,cardiovascular
DUSKY SPELLS,symptoms_unspecified
CHEST PAIN/NSTEMI,cardiovascular
"PNEUMONIA, HYPERKALEMIA",infectious
T7-8 DISC HERNIATION WITH MYELOPATHY/SDA,neurological
MYOCARDIAL INFARCT;HYPOTENSION,cardiovascular
MYASTHESNIA GRAVIA;VENTRAL HERNIA,neurological
HYPERBILIRUBINANEMIA,hepatobiliary
RUPTURED ADRENAL,endocrine_metabolic
CORONARY ARTERY DISEASE\LEFT CIRCUMFLEX AND LEFT MAIN CORONARY ARTERY INTERVENTION,cardiovascular
PNEUMONIA HODGKINS DISEASE,oncology
BRADYCARDIA;JUNCTIONAL RHYTHM,cardiovascular
MULTI LOBAR PNEUMONIA,infectious
LOWER GSTROINTESTINAL BLEED,gastrointestinal
RIB FRACTURES;T SPINE FRACTURE,trauma_injury
PANCREATITIS;ACUTE RENAL FAILURE;DIABETIC KETO ACIDOSIS,gastrointestinal
COLON POLYP;BLEEDING/SDA,gastrointestinal
V TACH/AICD FIRE,cardiovascular
AR\AORTIC VALVE REPLACEMENT; ? RESECTION AORTIC ASCENDING ANEURYSM/SDA,cardiovascular
"GI BLEED,DIZZY",gastrointestinal
"FEVER, HEADACHE",symptoms_unspecified
"CAROTID ARTERY ANEURYSM, RIGHT/SDA",cardiovascular
BACTEREMIA;FEVER;ABDOMINAL PAIN,infectious
HEROIN OD,toxicology_poisoning
ACQUIRED RIGHT BREAST DEFORMITY/SDA,other
"MULTIFOCAL PNEUMONIA,COPD,HYPERGLYCEMIA",infectious
OVARIAN HYPER STIMULATION,pregnancy_obstetric
CIRRHOSIS;DIABETIC KETOACIDOSIS;GALLSTANE,hepatobiliary
ALTERED MENTAL STATUS;DELIRIUM;TREMERS,neurological
"SEIZURE,FEEVER",neurological
MYOCARDIAL INFARCTION;RENAL FAILURE,cardiovascular
ENTEROCYTANEOUS FISTULA AND CHRON'S DISEASE,gastrointestinal
PERIPHERAL VASCULAR DISEASE;RIGHT ILIAC STENOSIS\ANGIOGRAM WITH RUN-OFFS,cardiovascular
KIDNEY;LIVER INJURY,trauma_injury
S/P LIVER TX;NAUSEA;VOMITING;ABDOMINAL PAIN,postoperative_surgical
"S/P FALL, SPINAL CORD INJURY",trauma_injury
PELVIC PROLAPSE/SDA,genitourinary
RESPIRATOTY FAILURE,respiratory
SUPRACELLAR LESION/SDA,neurological
"HODGKINS, FEVER",oncology
PSEUDO ANEURYSM\REDO AORTIC ARCH RECONSTRUCTION/SDA,cardiovascular
RENL FAILURE,renal
ALCOHOL INTOXICATION/UNRESPONSIVE,toxicology_poisoning
PNEUMONIA; CHF,respiratory
BILATERAL KIDNEY CANCER/SDA,oncology
BASE OF TONGUE TUMOR,oncology
CORONARY ARTERY DISEASE\BRACHY THERAPY,cardiovascular
RECTAL CANCER;ASCENDING CHOLANGITIS,oncology
AORTIC STENOSIS\AORTIC VALVE REPLACEMENT; DE-DO STERNOTOMY/SDA,cardiovascular
"PANCREATITIS,GALL STONES",hepatobiliary
BILATERAL VOCAL FOLDS LESIONS,other
HYPOXIA;DIARRHEA,symptoms_unspecified
IDIOPATHIC PULMONARY FIBROSIS,respiratory
ATRIAL FIBRILLATION;RAPID VENTRICULAR RESPONSE,cardiovascular
ASPIRATION PNEUMONIA;SEPSIS;LYMPHOMA,infectious
SQUAMOUS CELL LUNG CANCER,oncology
BONY PAIN,symptoms_unspecified
COMPLETED ABDOMINAL FISTULA/SDA,gastrointestinal
SARCOMA LEFT PELVIS & GROIN/SDA,oncology
FEVER;R/O LINE INFECTION;RENAL FAILURE,infectious
WEAKNESS;C-DIFF DIARRHEA,infectious
"CHEST PAIN, DYSPNEA",symptoms_unspecified
"DGN TOXICITY,V-TACH",toxicology_poisoning
ASCENDING AORTIC ANEURYSM\BENTALL PROCEDURE; RED0,cardiovascular
CORONARY ARTERY DISESE,cardiovascular
MITRAL INSUFFICIENCY\MITRAL VALVE REPLACEMENT / MYOMECTOMY/SDA,cardiovascular
"ASD\ATRIAL SEPTAL DEFECT REPAIR,  PATENT FORAMEN OVALE CLOSURE MINIMALLY INVASIVE /SDA",cardiovascular
AOORTIC STENOSIS\AORTIC VALVE REPLACEMENT,cardiovascular
MITRAL VALVE DISORDER\MITRAL VALVE REPLACEMENT ; TVR ;AVR,cardiovascular
MELANOMA ? ABSCESS,oncology
OSTEOMYLITIS 2ND LEFT DIGIT,infectious
GAIT DISTURBANCE,neurological
FAILURE TO THRIVE;WEAKNESS,symptoms_unspecified
THROMBOCYTOPENIA;GASTROINTESTINAL BLEED;ACUTE RENAL FAILURE,hematologic
RIGHT LOWER ETREMITES GANGRENE,infectious
VENTRICULAR TACHYCARDIA STORM,cardiovascular
INTOXICATED ? TRAUMATIC INJURY,trauma_injury
CONGESTIVE HEART FAILURE;NON S-T ELEVATION MYOCARDIAL INFARCTION\CARDIAC CATH,cardiovascular
HYPERKALEMIA/BRADYCARDIA,endocrine_metabolic
CONGESTIVE HEART FAILURE;SYNCOPE;TELEMETRY,cardiovascular
LARGE PERICARDIAL EFFUSION\POSSIBLE TAP,cardiovascular
CHRONIC MESENTERIC ISCHEMIA/SDA,gastrointestinal
THORACIC AROTIC ANEURYSM,cardiovascular
"HYPOXIA,PNEUMONIA",respiratory
ALCHOLIC CIRRHOSIS\EGD ** REMOTE EAST STONEMAN 3 **,hepatobiliary
SUBARACHNOID HEMORRHAGE WITH ANEURYSM,neurological
MASSIVE PULMONARY EMBOLUS,cardiovascular
HEAD MASS;PNEUMONIA,oncology
"CP,+ETT\LEFT HEART CATHETERIZATION",cardiovascular
MASSIVE CEREBRAL HEMORRHAGE,neurological
ETHYLENE GLYCOL INTOXICATION,toxicology_poisoning
BRADY CARDIA,cardiovascular
PLASMA CELL LEUKEMIA;FEVER,hematologic
CORONARY ARTERY DISEASE;CONGESTIVE HEART FAILURE;GASTROINTESTINAL BLEED;ANEMIA\CATH,cardiovascular
SPESIS,infectious
CERVICAL EPIDURAL HEMATOMA,trauma_injury
AORTIC STENOSIS; MITRAL REGURGITATION; CAD\AORTIC VALVE REPLACEMENT;MITRAL VALVE REPLACEMENT;CORONARY ARTERY BYPASS GRAFT; TRICUSPID VALVE REPLACEMENT/SDA,cardiovascular
AIRWAY OBSTRUCTION\BRONCHOSCOPY RIGID W/ Y STENT PLACEMENT,respiratory
RECURRENT LT PLEURAL EFFUSION,respiratory
BOWEL DIVERSION FOR TAKEDOWN COLOSTOMY/SDA,postoperative_surgical
CORONARY ARTERY DISEASE;PROGRESSIVE CHEST PAIN\CATH,cardiovascular
SDH/HEART BLOCK,neurological
STATUS-POST PANCREAS TRANSPLANT;FEVER,infectious
SUBARACHROID HEMORRHAGE,neurological
ORGANOPHOSPHATE OVERDOSE,toxicology_poisoning
COLLOID CYST/SDA,neurological
CHRON'S FLARE,gastrointestinal
ANAL & CERVICAL CONDYLOMATA,infectious
HEMATURIA;DYSPNEA;HYPOXIA,genitourinary
DIVERTICULITIS;LOWER GI BLEED,gastrointestinal
CEREBRAL ANEURYM/SDA,neurological
EVOLVING ANTERIOR M.I.,cardiovascular
UNSTABLE ANGINA;TELEMETRY\CARDIAC CATHERIZATION,cardiovascular
HEPATIC ENCEOPHALOPATHY,hepatobiliary
RESPIRATORY INSUFFICENCY/SDA,respiratory
CORONARY ARTERY DISEASE;CHRONIC OBSTRUCTIVE PULMONARY DISEASE;DIABETES,cardiovascular
SEIZURE;FEVER,neurological
INFECTED INTERNAL CARDIOVERTER DEFIBRILLATOR\ICD GENERATOR CHANGE; LEAD EXTRACTION/SDA,cardiovascular
LEG ULCER/SDA,other
AORTIC STENOSIS\AORTIC VALVE REPLACEMENT  ? BENTAL PROCEDURE,cardiovascular
CORONARY ARTERY DISEASE; CONGESTIVE HEART FAILURE,cardiovascular
ISCHEMIA;HYPOTENSION,cardiovascular
DYSPNEA ON EXERTION;CARDIAC ISCHEMIA\LEFT HEART CATHETERIZATION,cardiovascular
RETROPHARYNGEAL SWELLING,infectious
PNEUMONIA;R/O CAUDA EQUINA,respiratory
MAJOR DEPRESSION,psychiatric
NON HEALING RIGHT FOOT ULCER,other
MENTAL STATUS CHANGES;BRAIN TUMOR,oncology
MAOI OVERDOSE,toxicology_poisoning
"BRAIN MASS, LEFT/SDA",oncology
VARICEAL BLEED;TELEMETRY,hepatobiliary
HUMAN IMMUNODEFIENCY VIRUS;GASTROINTESTINAL BLEED,infectious
MR\MITRAL VALVE REPLACEMENT; ? AORTIC VALVE REPLACEMENT/SDA,cardiovascular
HYPOTENSION;UTI,infectious
ATRIAL VENTRICULAR NODAL RE-ENTRY TACHYCARDIA\ATRIAL VENTRICULAR NODAL RE-ENTRY TACHYCARDIA ABLATION,cardiovascular
S/P DILATION & CURTTAGE,pregnancy_obstetric
SUBARACNOID HEMORRHAGE,neurological
HYPERTROPIC CADIOMYOPATHY\ETHANOL SEPTAL ABLATION,cardiovascular
PULMONARY FIBROSIS;HAMMOND RICH SYNDROME,respiratory
INTERCRANIAL HEMORRAGE,neurological
DIARRHEA;ABDOMINAL PAIN,gastrointestinal
"CORONARY ARTERY DISEASE\CORONARY ARTERY BYPASS GRAFT;AORTIC VALVE REPLACEMENT, RE-DO/SDA",cardiovascular
S/P LIVER TRANSPLANT; R/O RIB FRACTURE,postoperative_surgical
SEVERE ACUTE PANCREATITIS,gastrointestinal
TARUMA;STATUS POST FALL,trauma_injury
OBSTRUCTIVE HYPERTROPHIC CARDIOMYOPATHY\ETHANOL SEPTAL ABLATION/SDA,cardiovascular
"HYPOTENSION,RASH,FEVER,SEIZURE",neurological
ESOPHAGLE CANCER/SDA,oncology
PRIMARY SCLEROSING CHOLANGITIS;POSSIBLE STRICTURE\ERCP,hepatobiliary
IC CONTUSION,trauma_injury
PRIMARY SCLEROSING CHOLANGITIS CIRRHOSIS;RENAL FAILURE,hepatobiliary
ENDOSCOPIC RETROGRADE CHOLANGIOPANCREATOGRAPHY;BILIARY OBSTRUCTION;RESPIRATORY OBSTRUCTION,hepatobiliary
RESPIRATORY FAILURE;ARDS,respiratory
CHEST PAIN;ST ELEVATED MYOCARDIAL INFARCTION,cardiovascular
METASTATIC MELANOMA;DEHYDRATION,oncology
INTRACRANIAL HEMORRHAGE;RESPIRATORY FAILURE,neurological
HEMOPTOSIS,respiratory
CORONARY ARTERY DISEASE\CORONARY ARTERY BYPASS GRAFT WITH AORTIC VALVE REPLACEMENT REDO /SDA,cardiovascular
"HYPERGLYCEMIA,SEIZURES",endocrine_metabolic
ATRIAL SEPTAL DEFECT\PATENT FORAMEN OVALE CLOSURE/SDA,cardiovascular
MYOCARDIAL INFARCTION;VENTRICULAR TACHYCARDIA,cardiovascular
ISCHEMIC R LEG,cardiovascular
TRANSIENT ISCHEMIC ATTACK; CVA,neurological
"S/P CVA,FAILURE TO THRIVE",neurological
LESION FRONTAL LOBE /SDA,neurological
CORONARY ARTERY DISEASE;S/P RENAL TRANSPLANT,cardiovascular
AORTIC VALVE DISORDER\BENTAL PROCEDURE /SDA,cardiovascular
CONGESTIVE HEART FAILURE;RESPIRATORY FAILURE;HIP FRACTURE,cardiovascular
CORONARY ARTERY DISEASE\CORONARY ARTERY BYPASS GRAFT; ?TVR/SDA,cardiovascular
STATUS EPILEPTICUS;SVT,neurological
RLE ISCHEMIA,cardiovascular
"PNEUMONIA,R/O MI",infectious
RENAL ARTERY STENOSIS\RENAL ARTERY STENT,renal
CORONARY ARTERY DISEASE;CHEST PAIN;ANGINA;SYNCOPE\CARDIAC CATH,cardiovascular
ATRIAL TACHYCARDIA\EP STUDY; ATRIAL TACHYCARDIA ABLATION **REMOTE WEST**/SDA,cardiovascular
"AORTIC STENOSIS\AORTIC VALVE REPLACEMENT REDO, ? CORONARY ARTERY BYPASS GRAFT  /SDA",cardiovascular
HYPOTENSION;CONFUSION,other
CRITICAL AORTIC STENOSIS/HYPOTENSION,cardiovascular
S/P KIDNEY TRANSPLANT;URINARY RETINTION,postoperative_surgical
RITUXIMAB DESENSITIZATION,other
CONGESTIVE HEART FAILURE;NON Q MI\CATH,cardiovascular
BILATERAL FEMUR FRACTURES,trauma_injury
COLITIS FLARE,gastrointestinal
CHEST PAIN;STATUS POST CARDIAC ARREST\CATH,cardiovascular
TYLENOL OVERDOSE-GASTROINTESTINAL BLEED,toxicology_poisoning
ATRIAL FIBRILLATION/PERI CARDIAL STRIPPING;PLUS MINSUS MAZE/SDA\MEDIAN STERNOTOMY; PERI CARDIAL STRIPPING PLUS/MINUS MAZE,cardiovascular
PULMONARY HYPERTENSION;PULMONARY VENO-OCCLUSIVE DISEASE\RIGHT HEART CATH/SDA,cardiovascular
"DIARRHEA,ABDOMINAL PAIN",gastrointestinal
ZONE 2 NECK INJURY,trauma_injury
RENAL ARTERY STENOSIS/ARF,renal
CAD\CORONARY ARTERY BYPASS GRAFT WITH MVR;MAZE,cardiovascular
MITRIAL DISORDER\MITRAL VALVE REPLACEMENT; ? SEPTAL MYOMECTOMY/SDA,cardiovascular
CIRRHOSIS;ACUTE RENAL FAILURE,renal
NON-HODGKIN'S LYMPHOMIA\BONE MARROW TRANSPLANT,oncology
NEEDS FLUCONAZOLE DESENSITIVITY,infectious
NEW AFIB/PNA,cardiovascular
ERECTILE DYSFUCTION/SDA,genitourinary
"CARDIAC CATH, S/P MYOCARDIAL INFARCTION",cardiovascular
PNEMONIA/ALTERED MENTAL STATUS,respiratory
CHARCOT MARIE TOOTH DISEASE;CHRONIC SHORTNESS OF BREATH,neurological
HYPERBILIRUBENMIA,hepatobiliary
SHORTNESS OF BREATH;FAILURE TO THRIVE,respiratory
GI BLEED/NSTEMI,cardiovascular
RULE IN MYOCARDIAL INFARCTION,cardiovascular
URINARY SEPSIS,genitourinary
LOWER GSTROINTEDTINAL BLEED,gastrointestinal
ACUTE RENAL FAILURE;TACHYCARDIA,renal
DIVERTICULITIS;TELEMETRY,gastrointestinal
SEPSIS S/P BILL KNEE REPL,postoperative_surgical
COCAINE INTOXICATION,toxicology_poisoning
STERNAL WOUND INFECTION\STERNAL DEBRIDEMENT/SDA,postoperative_surgical
"MENTAL STATUS CHANGES, RHABDO, ARF",neurological
SEVERE AORTIC INSUFFICIENCY\AORTIC VALVE REPLACEMENT/SDA,cardiovascular
"OVERDOSE, SEPSIS",toxicology_poisoning
MOTOR VEHICLE COLLISION;HYPOXIA;RESPIRATORY FAILURE,trauma_injury
AORTIC VAVLE DISORDER\REDO AORTIC VALVE REPLACEMENT; ? MITRAL VALVE REPLACEMENT/SDA,cardiovascular
MITRAL VALVE INSUFFICIENCY\CORONARY ARTERY BYPASS GRAFT WITH MVR POSSIBLE AVR AORTIC VALVE REPLACEMENT /SDA,cardiovascular
ACUTE INFECTED LEFT FOOT;ABSCESS;DIABETES,infectious
ANEMIA\CATH,hematologic
LEFT PNEUMOTHORAX,respiratory
SADDLE PE;TELEMETRY,cardiovascular
CHB,cardiovascular
LEFT HIP FRACTURE/R/O MI,trauma_injury
MITRAL REGURGITATION\MITRAL VALVE REPLACEMENT; W/MAZE,cardiovascular
PREOP KIDNEY,renal
PNEUMOTHORAX;HYPOTENSION,respiratory
RIGHT CAROTID STENOSIS,cardiovascular
VOMITING PYELO,genitourinary
URINARY TRACT INFECTION;HYPERKALEMIA,genitourinary
SEIZURE;UNRESPONSIVE,neurological
PERFED BOWEL,gastrointestinal
PMEUMONIA;CONGESTIVE HEART FAILURE,respiratory
RECURRENT BILIARY CANCER,oncology
BRADYCARDIA;MENTAL STATUS CHANGES,cardiovascular
POST SPHINCTERECTOMY BLEED,postoperative_surgical
S/P INJURY CRUSHING,trauma_injury
HYPOTENSION;PLEURAL EFFUSION,cardiovascular
PEDISTRIAN STRUCK;TELEMETRY,trauma_injury
DIABETES;CHRONIC OBST PULM DISEASE,endocrine_metabolic
CORONARY ARTERY DISEASE\CORONARY ARTERY BYPASS GRAFT WITH RIMA & LIMA; AVR/SDA,cardiovascular
FEVER-RULE OUT SEPSIS,infectious
AORTIC STENOSIS;CONGESTIVE HEART FAILURE\COMPLETE HEART CATH,cardiovascular
METASTATIC RENAL CELL CARCINOMA\INTERLEUKIN CHEMOTHERAPY (HD-IL2),oncology
CHRONIC SUBDURAL HEMATOMA,neurological
R/O APNEA,respiratory
"GALLSTONE,PANCREATITIS",gastrointestinal
SHORTNESS OF BREATH;HEMOPTYSIS,respiratory
END STAGE LIVER DISEASE;ABDOMINAL PAIN;SUPRAVENTRICULAR TACHYCARDIA;FEVER,hepatobiliary
FEVER;UNKNOWN ORIGIN,infectious
CORONARY ARTERY DISEASE\CORONARY ARTERY BYPASS GRAFT WITH MAZE,cardiovascular
SHUNT INFECTION,infectious
HYPOVOLEMIC SHOCK,other
GANGRENE L FOOT,infectious
GANGRENE L 4TH TOE ; S/P TRANSPLANT FOR IV ANTIBIOTICS,infectious
RENAL CELL CARCINOMA;CAUDA EQUINA,oncology
L1 FX,trauma_injury
CORONARY ARTERY DISEASE\AVR; ACENDING AORTA;?CORONARY ARTERY BYPASS  /SDA,cardiovascular
BRADYCARDIA;SYNCOPE;TELEMETRY,cardiovascular
BILIARY CIRRHOSIS; ASCITES,hepatobiliary
VENTRICULAR TACHYCARDIA\ EPS; VENTRICULAR TACHYCARDIA ABLATION  **REMOTE WEST**/SDA,cardiovascular
RIGHT HUMEROUS FRACTURE,trauma_injury
LEFT ANKLE ARTHRITIS; LEFT SUB TALAR ARTHRITIS,musculoskeletal
OROPHARYNX BURN,trauma_injury
CLOSTRIDUIUM DIFFICILE COLITIS,infectious
"ABDOMINAL TRAUMA,HYPOTENSION",trauma_injury
COPD EXACERBATION;CONGESTIVE HEART FAILURE,respiratory
"FEVER,DIARRHEA,HYPOTENSION",infectious
MITRAL REGURGITATION\AORTIC AND MITRAL VALVE REPLACEMENT; PULMONIC VALVE REPLACEMENT; VENTRICULAR SEPTAL DEFECT CLOSURE; RE-DO X 2/SDA,cardiovascular
CHEST PAIN;VENTRICULAR TACHYCARDIA,cardiovascular
ANGINA;CHEST PAIN\CARDIAC CATH,cardiovascular
SMS OBSTRUCTION,other
AORTIC REGURGITATION & MITRAL REGURGITATION\AORTIC AND MITRAL VALVE REPLACEMENT W/ ?  CORONARY ARTERY BYPASS GRAFT /SDA,cardiovascular
ASCITES; ABDOMINAL PAIN,hepatobiliary
MYOCARDIAL INFARCTION/CHEST PAIN,cardiovascular
CORONARY ARTERY DISEASE\MITRAL VALVE REPLACEMENT;  RE-DO/SDA,cardiovascular
MITRAL VSLVE DISORDER\MITRAL VALVE REPLACEMENT/MYOMECTOMY/? MAZE/? LEFT ATRIAL APPENDAGE /SDA,cardiovascular
IDIOPATHIC THROMBOCYTOPENIC PURPURA;LOW PLATELETS,hematologic
FAILURE TO THRIVE-ANEMA,hematologic
NEUTROPENIC FEVERS,infectious
HEAD BLEED/SPLENIC LACERATION/KIDNEY LACERATION/MVC,trauma_injury
HEADACHE; ATAXIA; R/O MENINGITIS,neurological
PULSELESS FOOT,cardiovascular
INTRACRANIAL HEMORRHAGE;BRAIN METS,neurological
CAROTID ARTERY STENOSIS/SDA,cardiovascular
SYMPTOMATIC FIBROID UTERUS,pregnancy_obstetric
S/P MOTOR VEHICLE ACCIDENT;C2 FRACTURE,trauma_injury
LIVER FAILURE;ACUTE RENAL FAILURE;ALTERED MENTAL STATUS,hepatobiliary
CAD/AORTIC STENOSIS\CORONARY ARTERY BYPASS GRAFT WITH AVR /SDA,cardiovascular
INTERSTITIAL PNEUMONITIS/SDA,respiratory
S/P FALL;RIB FRACTURE;PNEUMOTHORAX,trauma_injury
ETOH WITHDRAWAL;SEIZURES,psychiatric
COMPLETE HEART BLOCK; ACS,cardiovascular
"CHEST PAIN,ETOH INTOXICATION",toxicology_poisoning
HYPERCARBIA;PNEUMONIA,respiratory
ATRIAL FIBRILLATION;TELEMETRY;PLEURAL EFFUSION,cardiovascular
CLAUDICATION;IV HYDRATION,cardiovascular
HYPOTENSION;ABDOMINAL PAIN,symptoms_unspecified
ISCHEMIC LEGS DVTS,cardiovascular
CORONARY ARTERY DISEASE\LEFT ANTERIOR DESCENDING INTERVENTION,cardiovascular
TRANSAMINITIS/FEVER,hepatobiliary
HEAD BLEED VS TUMOR,neurological
CONN'S SYNDROME/SDA,endocrine_metabolic
AORTIC STENOSIS;MR;CORONARY ARTERY DISEASE\AORTIC VALVE REPLACEMENT;MITRAL VALVE REPLACEMENT;CORONARY ARTERY BYPASS GRAFT/SDA,cardiovascular
CHOLEDOCALITHIASIS,hepatobiliary
BRONCHIAL STENOSIS,respiratory
CAD/CABG/SDA,cardiovascular
"RENAL MASS, RIGHT/SDA",renal
PNEUMONIA;HEART MURMUR,respiratory
ACUTE LIVER FAILURE;2/2 TYLENOL,hepatobiliary
LARGE BIFRONTAL SKULL LESION/ MENINGIOMA/SDA,neurological
TRACHEAL BRONCHIAL MALASIA,respiratory
AORTIC ANEURYSM\AORTIC VALVE REPLACEMENT;ASCENDING AORTA/SDA,cardiovascular
S/P MOTOR VEHICLE ACCIDENT;SPLENIC LAC;SKULL FRACTURE,trauma_injury
LEFT MIDDLE CAROTID ARTERY ANEURYSM/SDA,neurological
RHABDO;TELEMETRY,musculoskeletal
INFECTION;GASTROINTESTINAL BLEED,infectious
T12 FRACTURE AND CORD COMPRESSION,trauma_injury
GASTROINTESTINAL BLEED; R/O MI,gastrointestinal
HEMO PERITONEUM,trauma_injury
PROLONGED HYPOGLYCEMIA;END STAGE RENAL DISEASE,renal
DUODENAL MASS,gastrointestinal
PICC LINE INFECTION,infectious
ANEURYSM; INCREASING HEADACHES,neurological
LEFT FRONTAL BRAIN MASS/SDA,neurological
CHEST PAIN DYSPNEA\CARDIAC CATHETERIZATION,cardiovascular
AORTIC ANEURYSM\ ASCENDING AORTIC ANEURYSM REPAIR,cardiovascular
HEPATITIS C,infectious
HYPERTENSIVE URGENCY-R/O MYOCARDIAL INFARCTION,cardiovascular
BREAST CANCER;BRAIN METS,oncology
AORTIC INSUFFICIENCY\BENTAL PROCEDURE; REPLACING ASCENDING & HEMI-ARCH AORTA; ? CABG W/DEEP HYPOTHERMIC ARREST/SDA,cardiovascular
PANCREATITIS;ABDOMINAL PAIN,gastrointestinal
ELECTROLYTE ABNORMALITIES;CANCER,oncology
BENTAL PROCEDURE,postoperative_surgical
ABDOMINAL DISTENTION;RESPIRATORY DISTRESS,respiratory
AORTIC VALVE INSUFFICIENCY\AORTIC AND MITRAL VALVE REPLACEMENT /SDA,cardiovascular
"RESPIRATORY FAILURE,MENTAL STATUS CHANGES",respiratory
MITRAL VALVE REGURGITATION\ MITRAL VALVE REPLACEMENT HEART PORT MINIMALLY INVASIVE/SDA,cardiovascular
AORTIC INSUFFICIENCY;ENDOCARDITIS\RIGHT AND LEFT HEART CATH;SUPRAVALVULAR AORTOGRAM,cardiovascular
CONGESTIVE HEART FAILURE;HYPERTENSION,cardiovascular
ANASARCA;SLEEP APNEA,respiratory
INTRAABDOMINAL ABSCESS,infectious
AORTIC VALVE ENDOCARDITIS;AORTIC INSUFFICIENCY\CATH,cardiovascular
HEPATITIS C-LIVER FAILURE,hepatobiliary
CARCINOMA/SDA,oncology
POLYPHARMACY OVERDOSE,toxicology_poisoning
CAROTID ARTERY DISEASE\RIGHT CAROTID ANGIOGRAM,cardiovascular
MITRAL VALVE REGURGITATION\MITRAL VALVE REPLACEMENT MECHANICAL/SDA,cardiovascular
CHEST PAIN;RULE OUT CORONARY ARTERY DISEASE;ASPIRIN ALLERGY\LEFT HEART CATHETERIZATION,cardiovascular
RECTAL FISTULA;DEHYDRATION,gastrointestinal
HYPOGLYCEMIA;HYPOXIA,endocrine_metabolic
CORONARY ARTERY DISEASE;MR\CORONARY ARTERY BYPASS GRAFT; ?MVR,cardiovascular
CORONARY ARTERY DISEASE;S/P CABBAGE,cardiovascular
N;V,symptoms_unspecified
T7 FRACTURE,trauma_injury
COLITIS;BILE LEAK,gastrointestinal
"TRAUMA,S/P MOTOR VEHICAL ACCIDENT",trauma_injury
ADRENAL MASS; VENTRAL HERNIA/SDA,endocrine_metabolic
AORTIC STENOSIS\AORTIC VALVE / ASCENDING AORTA REPLACEMENT; REDO STERNOTOMY /SDA,cardiovascular
S/P LIVER TRANSPLANT;? REJECTION,hepatobiliary
RAPID VENTRICULAR RATE,cardiovascular
FAILURE TO THRIVE;PEG PLACEMENT,other
CARDIOGENIC SHOCK;CATH,cardiovascular
CHRONIC TYLENOL INGESTION,toxicology_poisoning
OVARIAN TORSION,pregnancy_obstetric
CORONARY ARTERY DISEASE\LEFT ANTERIOR DESCENDING ANGIOPLASTY;STENT PLACEMENT,cardiovascular
RENAL CANCER;BACK PAIN,oncology
"S/P MVC, SAH",trauma_injury
RIGHT URETERAL CALCULUS,genitourinary
ETOH,toxicology_poisoning
CAROTID STENOSIS;ELEVATED CREATININE\CAROTID ANGIOGRAM,cardiovascular
UNSTABLE ANGINA;ACUTE MI,cardiovascular
EROSION; INFRECTION OF ICD LEAD\ICD LEAD EXTRACTION,cardiovascular
PULSELESS R. LOWER EXTREMETY,cardiovascular
AAA\ASCENDING AORTIC ARCH REPAIR/REPLACEMENT,cardiovascular
CORONARY ARTERY DISEASE\LEFT ANTERIOR DESCENDING STENT,cardiovascular
S/P FALL;SYNCOPE,trauma_injury
"DYSPNEA,NAUSEA,VOMITING",symptoms_unspecified
BILLIARY SEPSIS,infectious
ASCENDING AORTA\BENTAL PROCEDURE; POSSIBLE CORONARY ARTERY BYPASS GRAFT WITH AVR /SDA,cardiovascular
MALIGNANT CENTRAL AIRWAY OBSTRUCTION,oncology
TRACHEAL OBSTRUCTION;CVA,respiratory
"CONGESTIVE HEART FAILURE,ENDOCARDITIS",cardiovascular
PNEUMONIA; SEIZURE,infectious
NEOPLASM OF HEART\ATRIAL MYXOMA REMOVAL ? TRICUSIP VALVE REPAIR; ? MITRAL VALVE RAPAIR;? PULMONARY EMBOLECTOMY  /SDA,cardiovascular
L MAIN DISEASE; FOR CABG,cardiovascular
LEFT LUNG CA]/SDA,oncology
UNSTABLE ANGINA/R/O MI,cardiovascular
HIGH GRADE DYSPLASIA OF ESOPHAGUS/SDA,gastrointestinal
HEPATIC CYST,hepatobiliary
S/P HIP FX,trauma_injury
MASS LESION IN BRAIN,neurological
LEFT HIP HARDWARE FAILURE,trauma_injury
RULE-OUT MYOCARDIAL INFARCTION;TELEMETRY;FREQUENT FALLS,cardiovascular
HIP FRACTURE-HYPOTENSION,trauma_injury
AORTIC REGURGITATION;CORONARY ARTERY DISEASE;GASTROINTESTINAL BLEED,cardiovascular
MENTAL STATUS CHANGES;?BLEED,neurological
PULMONARY EMBOLI; COPD,respiratory
ENDOMETRIL CA/SDA,pregnancy_obstetric
GASTROINTESTINAL BLEED; SMALL BOWEL OBSTRUCTION,gastrointestinal
"HYPONATREMIA,SEIZURE",neurological
MAMMARY HYPERPLASIA & FATTY DEPOSITS ABDOMEN,other
ATRIAL SEPTIC DEFECT\REPAIR ATRIAL SEPTAL DEFECT; MINIMALLY INVASIVE,cardiovascular
MITRAL STENOSIS\MITRAL VALVE REPLACEMENT; ? REPAIR; ? MAZE,cardiovascular
CHEST PAIN/ CARDIAC CATH,cardiovascular
"UTI,CHRONIC RENAL FAILURE",renal
AORTIC STENOSIS\AORTIC VALVE; ? ASCENDING AORTA REPLACEMENT; ? CORONARY ARTERY BYPASS GRAFT,cardiovascular
HEPATO CELLULAR CARCINOMA/SDA,oncology
DESCENDING THORACIC ANEURYSM\TAA ENDOSTENTING /SDA,cardiovascular
URINARY TRACT INFECTION;HYPOTENSION;ABDOMINAL PAIN,genitourinary
MI/CHF,cardiovascular
DISSECTING THORACIC AORTA/SDA,cardiovascular
LEFT ANKLE INFECTION,infectious
CEREBRALVASCULAR ACCIDENT,neurological
VENTRICULAR TACHYCARDIA;SEPSIS;HYPERTENSION,cardiovascular
CERVICAL SPONDYLOSIS C1-C7/SDA,musculoskeletal
CERVICAL 1-2 FRACTURE; ETOH WITHDRAWAL,trauma_injury
RESPIRATORY FAILURE;DIABETES;PERIPHERAL VASCULAR DISEASE,respiratory
ACUTE PANCREATITIS;RENAL FAILURE,gastrointestinal
ASD\REPAIR ATRIAL-SEPTAL DEFECT; LIMITED ACCESS,cardiovascular
SENSORY MOTOR NEUROPATHY,neurological
"PANCREATITIS, HIV",infectious
S/P MOTOR VECHICLE ACCIDENT,trauma_injury
S/P FALL-SUBARACHNOID HEMORRHAGE,neurological
HYPERTENSIVE URGENCY;GASTROPARESIS,cardiovascular
ISCHEMIC ULCERS INFECTED BOTH LEFT AND RIGHT LEGS,infectious
S/P LIVER TRANSPLANT;R/O REJECTION;S/P MI,postoperative_surgical
AORTIC STENOSIS\MITRAL VALVE REPLACEMENT /SDA,cardiovascular
ACUTE CORONARY SYNDROME; TROPS; NAUSEA AND VOMITING,cardiovascular
METASTATIC COLON CANCER;NAUSEA;VOMITIN;HEADACHES,oncology
JAW PAIN;DYSPNEA ON EXERSION,cardiovascular
UNCONTROLLED HYPERTENSION-NAUSEA-VOMITING,cardiovascular
S/P KIDNEY;ACUTE RESPIRATORY FAILURE; ? MYOCARDIAL INFARCTION,renal
ABDOMINAL PAIN;RISING WBC,symptoms_unspecified
PNEUMONIA;URINARY TRACT INFECTION;HYPOTENSION,infectious
AORTIC ANEURYSM\ REPLACEMENT ASCENDING AORTA & PROXIMAL ARCH,cardiovascular
PNEUMONIA;CELLULITS,infectious
ARR,cardiovascular
PERICARDIAL TAMPONADE;TELEMETRY,cardiovascular
DIABETIC KETOACIDOSIS;NEW ONSET DIABETES,endocrine_metabolic
PNEUMONIA-LT HIP FRACTURE-EMPHYSEMA,infectious
"CHF,MR\LEFT AND RIGHT HEART CATHETERIZATION",cardiovascular
CORONARY ARTERY DISEASE\CORONARY ARTERY BYPASS GRAFT; W/ LEFT VENTRICULAR ANEURYSM RESECTION,cardiovascular
PERFORATED ESPHAGUS,gastrointestinal
MR\MITRAL VALVE REPAIR REPLACEMENT/SDA,cardiovascular
DYSPNEA;ASCENDING AORTIC ANEURYSM,cardiovascular
CORONARY ARTERY DISEASE;ICD DISCHARGE\CARDIAC CATHETERIZATION,cardiovascular
AAA\AORTIC VALVE REPLACEMENT; RESECTION AORTIC ASCENDING ANEURYSM/SDA,cardiovascular
SMALL BOWEL OBSTRUCION,gastrointestinal
MITRAL STENOSIS\MITRAL VALVE REPLACEMENT REDO;  ? CORONARY ARTERY BYPASS GRAFT /SDA,cardiovascular
LARYNGEAL INFECTION,infectious
CARDIAC ARREST; CONGESTIVE HEART FAILURE,cardiovascular
RESPIRATORY DISTRESS; RENAL FAILURE; CARDIOMYOPATHY,respiratory
ASCENDING AORTIC ANEURYSM\ ASCENDING AORTA REPLACEMENT; HEMI-ARCH REPLACEMENT/SDA,cardiovascular
RULE OUT TIA,neurological
"PNEUMONIA,HEPATITIS C",infectious
CONGESTIVE HEART FAILURE; DM; CRF\COMPLETE HEART CATH,cardiovascular
VENTRICULAR TACHYCARDIA;CARDIOMYOPATHY,cardiovascular
LOWER HEMATOMA,trauma_injury
MULTI SYSTEM ORGAN FAILURE,other
PULMONARY EFFUSION,respiratory
METASTATIC THRYOID CA/SDA,oncology
HEART FAILURE\PACEMAKER IMPLANT/ABLATION,cardiovascular
PETECHIAE;HYPOTENSION,hematologic
DYSPHAGIA-ESOPHAGEAL STRICTURE-HYPERTENSION-DIABETES,gastrointestinal
PERICARDIAL EFFUSION WITH TAMPONADE\PERICARDIOCENTESIS,cardiovascular
HYPONATREMIA;HYPERTENSION;BREAST CANCER;DIABETES MELLITUS,endocrine_metabolic
CONGESTIVE HEART FAILURE;CORONARY ARTERY DISEASE\COMPLETE HEART CATHERIZATION,cardiovascular
SEIZURE; BRAIN METASTASES,neurological
COLO RECTAL CA;LIVER METS/SDA,oncology
S/P MOTOR VEHICLE ACCIDENT;SUBARACHNOID HEMORRHAGE,trauma_injury
PNEUMONIA; AMS; THROMBOCYTOPENIA,infectious
STABLE LEFT FRONT IPH,trauma_injury
LIVER FAILURE;HEPATIC ENCEPHALOPATHY,hepatobiliary
TRANSIENT HYPOTENSION;NEAR SYNCOPE,cardiovascular
ASCENDING AORTIC ANEURYSM\ RESECTION AORTIC ASCENDING ANEURYSM; POSSIBLE CORONARY ARTERY BYPASS GRAFT,cardiovascular
HUMERAL FRACTURE,musculoskeletal
NON Q MI;+ETT\CATH,cardiovascular
PNEUMONIA-R/O FLU,infectious
LEFT LEG INFECTION;S/P CABG;EKG CHANGES,infectious
PNEUMONIA;S/P RENAL TRANSPLANT,infectious
VENTRICULAR TACHYCARDIA;ISCHEMIA\CARDIAC CATHETERIZATION,cardiovascular
AKA;DIABETIC KETOACIDOSIS,endocrine_metabolic
HODGKINS DISEASE;FEVER,oncology
NECROTIC BOWEL,gastrointestinal
AORTIC VALV INSUFFICIENCY\AORTIC VALVE / ASCENDING AORTA REPLACEMENT  ? CORONARY ARTERY BYPASS GRAFT /SDA,cardiovascular
ISCHEMIA BOWEL,gastrointestinal
CROHNS STRICTURE OF COLON/SDA,gastrointestinal
TRACHEA MALACIA,respiratory
"GROSS HEMATURIA,CARDIAC ARREST",cardiovascular
SEPIS,infectious
CORNARY DISEASE\CORONARY ARTERY BYPASS GRAFT /SDA,cardiovascular
"PNEUMONIA,SEPSIS,HYPOTENSION",infectious
CORONARY ARTERY DISEASE\CORONARY ARTERY BYPASS GRAFT WITH AVR  BENTAL PROCEDURE /SDA,cardiovascular
"NO ST ELEVATION MI,PANCREATITIS",cardiovascular
TRACHEOBROCHOMALACIA\BRONCHOSCOPY FLEXIBLE AND RIGID,respiratory
S/PO FALL,trauma_injury
BREAST CANCER;TRACHEAL STENOSIS,oncology
LIVER CONTUSION;S/P ASSAULT,trauma_injury
MYASTHENIA GRAVID,neurological
ASCENDING AORTIC ANEURYSM\BENTALL PROCEDURE; ? VALVE SPARING ROOT REPLACEMENT/SDA,cardiovascular
HYPOTENSIOM,symptoms_unspecified
S/P MVA; FACIAL TRAUMA,trauma_injury
THROMBOTIC THROMBOCYTOPENIC PUPURA;? STROKE,hematologic
RIGHT ANKLE EQUINUS/SDA,musculoskeletal
"SUB ARACHNOID HEMORRHAGE,HEMATOMA",neurological
CORONARY ARTERY DISEASE\CORONARY ARTERY BYPASS GRAFT; WITH MVR,cardiovascular
HYPOXIC;SHORTNESS OF BREATH,respiratory
PULMONARY EDEMA;CARDIOGENIC SHOCK\RIGHT HEART CATH,cardiovascular
CEREBROVASCULAR ACCIDENT;S/P TPA,neurological
PHARYNGITIS,infectious
"HYPOXIA,SHOCK",symptoms_unspecified
ANGINA\CATH WITH ? BRACHY THERAPY,cardiovascular
CLOSTRIDIA NECROSIS,infectious
C2 FRACTURE;FACIAL FRACTURES,trauma_injury
WEAKNESS;ANEMIA;TELEMETRY,hematologic
LOWER EXTREMITY FRACTURES,trauma_injury
DIABETIC LEG ULCER;CELLULITIS,endocrine_metabolic
ESOPHAGEAL CANCER;CROHNS DISEASE,gastrointestinal
GANGRENE RIGHT LOWER EXTREMITY,cardiovascular
VT WITH AICD FITTING,cardiovascular
HYPERKALEMIA AND CP,endocrine_metabolic
"BRADYCARDIA,CONGESTIVE HEART FAILURE\CATH",cardiovascular
SHORTNESS OF BREATH;ATRIAL FIBRILLATION,cardiovascular
CONGESTIVE HEART FAILURE\CATH/SDA,cardiovascular
PULMONARY POLYCRONDRITIS,respiratory
CORONARY ARTERY DISEASE\CATH; CABG,cardiovascular
METASTATIC RENAL CELL CARCINOMA\INTERLEUKIN HD-IL2,oncology
SUBARACHNOID HEMORRHAGE;INTRAPARENCHYMAL HEMORRHAGE,neurological
VASCULAR INSUFFICIENCY;RIGHT LEFT GRAFT FAILURE,cardiovascular
SEVER ANEMIA,hematologic
LEFT KNEE SUPERFICAL CELLULITIS,infectious
DEHYDRATION-PNEUMONIA-CHANGE IN MENTAL STATUS,infectious
EMPHYEMA,infectious
TOXIC SHOCK;SEPSIS,infectious
ST SEGMENT MYOCARDIQAQL INFARCTION\CATH,cardiovascular
ADENOCARCINOMA STOMACH/SDA,oncology
SUBACUTE STROKE,neurological
ANGIO ADEMA,other
THORACIC ANEURYSM WITHOUT RUPTURE\BENTAL PROCEDURE /SDA,cardiovascular
GUNSHOT WOUND;TELEMETRY,trauma_injury
RESPIRATORY DISTRESS;PNEUMONIA;CHRONIC OBST PULM DISEASE,respiratory
HEAD INJURIES,trauma_injury
AORTIC STENOSIS\AV FISTULA;MITRAL VALVE REPLACEMENT; MAZE PROCEDURE,cardiovascular
PATHOLOGICAL FRACTURES TO SPINE,musculoskeletal
SEPSIS;HYPOXIA,infectious
RENAL CELL CARCINOMA 189.0\INTERLEOKIN 2,oncology
LEFT PROXIMAL TIBIAL FRACTURE/SDA,trauma_injury
ACUTE MYOCARDIAL INFARCTION/S/P CARDIAC ARREST,cardiovascular
THROMBOEMBOLISM,cardiovascular
MITRAL VALVE INSUFFICIENCY\MITRAL VALVE REPLACEMENT MAZE;  ? TRICUSPID VALVE REPLACEMENT,cardiovascular
RIGHT HILAR MASS/SDA,oncology
DYSPNEA;HYPOTENSION,symptoms_unspecified
PNA/AFIB,respiratory
ACUTE MYOCARDIAL INFARCTION-SUBDURAL HEMATOMA,cardiovascular
RIGHT MIDDLE LOBE MASS,oncology
SMALL FRONTAL BRAIN TUMOR/SDA,neurological
CORONARY ARTERY DISEASE\LEFT HEART CATH WITH PERCUTAREOUS CORONARY INTERVENTION TO THE LEFT ANTERIOR DESCENDING ARTERY,cardiovascular
S/P FALL;DROWNING,trauma_injury
ABDOMONAL PAIN,symptoms_unspecified
BACTERIAL PERITONITIS,infectious
OD HEPATIC FAILURE,toxicology_poisoning
MULTIPLE FRACTURES;S/P PEDESTRIAN STRUCK BY MOTOR VEHICLE,trauma_injury
S/P HANGING-CARDIAC ARREST,trauma_injury
TOXIC ALCOHOL INGESTION,toxicology_poisoning
CITALOPRAM OVERDOSE,toxicology_poisoning
AORTIC STENOSIS\AORTIC VALVE /? ASCENDING AORTA REPLACEMENT /SDA,cardiovascular
ABDOMINAL AORTIC ANEURYSM;,cardiovascular
SOB;+ETT\CATH,symptoms_unspecified
ACUTE RENAL FAILURE-UTI-?FASCITIS/HEMATOMA OF THIGH,renal
CORONARY ARTERY DISEASE\PERCUTANEOUS INTERVENTION TO RIGHT CORONARY ARTERY,cardiovascular
ESOPHAGEAL DIVERTICULUM,gastrointestinal
"COPD,PNEUMONIA,PULMONARY EMBOLUS",respiratory
S/P CABG\STERNAL PLATING /SDA,postoperative_surgical
SUPERFICIAL FEMORAL ARTERY STENOSIS,cardiovascular
MYOCARDIAL INFARCTION;UNSTABLE ANGINA\CATH,cardiovascular
INFECTED THYROGLOSSAL DUCT CYST,infectious
THROMBOCYTOPENIA\EPISTAXIS,hematologic
VASCULAR BLOCKAGE;R/O MYOCARDIAL INFARCTION,cardiovascular
END-STAGE LIVE DISEASE,hepatobiliary
MITRAL VALVE INSUFFIECIENY\CORONARY ARTERY BYPASS GRAFT WITH MVR  AORTIC VALVE REPLACEMENT /SDA,cardiovascular
LEFT DIAPHRAGM INJURY,trauma_injury
NAUSEA;VOMITING;S/P ABSCESS DRAINAGE,symptoms_unspecified
PEDESTRIAN STRUCK;MULTIPLE TRAUMA,trauma_injury
SCROTAL CELLULITIS,infectious
PELVIC PAIN-? OVARIAN TORSION,pregnancy_obstetric
ELEVATED INR;HYPERKALEMIA,hematologic
CHOLANGIO CARCINOMA /SDA,oncology
MULTILOBAR PNA,respiratory
"MENTAL STATUS CHANGES, KETOACIDOSIS",endocrine_metabolic
"GIB, RENAL FAILURE",renal
RECURRENT CONJESTIVE HEART FAILURE;ATRAIL FIBRILLATION,cardiovascular
HYPERCALEMIA,endocrine_metabolic
CONGESTIVE HEART FAILURE; ATRIAL FIBRILLATION; S/P CVA\BIVENTRICULAR ICD IMPLANTATION/SDA,cardiovascular
PLEURAL EFFUSION; AIRWAY TUMOR,respiratory
LEFT LEG ISCHEMIA; CHF,cardiovascular
CORONARY ARTERY DISEASE;TIA,cardiovascular
RIGHT HIP FRACTURE S/P FALL,trauma_injury
ESOPHAGEAL CA/SDA\ESOPHAGOGASTRECTOMY LAPAROSCOPIC,oncology
CORONARY ARTERY DISEASE\ TOTAL ARCH REPLACEMENT; BENTAL PROCEDURE/SDA,cardiovascular
TONSIL HYPERTROPHY,respiratory
HYPERTENSION;JAUNDICE,cardiovascular
RIGHT  SUBCLAVIAN ANEURYSM/SDA,cardiovascular
PULMONARY EDEMA; S/P MI/CARDIAC CATHERIZATION,cardiovascular
PERFERATED CECUM/SDA,gastrointestinal
TRACHEAL INJURY,respiratory
BABEIOSIS,infectious
HEART BLOCK; UTI,cardiovascular
"CHEST PAIN,HYPERTENSION",cardiovascular
ASPIRATION SEIZURE,neurological
GUIANNE BARRE SYNDROME,neurological
FEVER;NEUTOPENIA,infectious
PRE OP LIVER,hepatobiliary
CORONARY ARTERY DISEASE\CORONARY ARTERY BYPASS GRAFT W/ ? MVR/SDA,cardiovascular
LOWER GASTROINTESTIAL BLEED,gastrointestinal
PERICARDIAL EFFUSION;ATRIAL FIBRILLATION\PERICARDIOCENTESIS,cardiovascular
RIGHT LEG REST PAIN/SDA,cardiovascular
ANTERIOR NECK INJURY,trauma_injury
"UROSEPSIS,PNEUMONIA,R/O MI",infectious
ANGINA;CONGESTIVE HEART FAILURE;MULTIPLE PULMONARY EMBOLI\CARDIAC CATH,cardiovascular
ABDOMINAL PAIN;SHORTNESS OF BREATH,symptoms_unspecified
"INTRACRANIAL HEMORRHAGE,MENINGITIS",neurological
CONGESTIVE HEART FAILURE;KIDNEY FAILURE;ATRIAL AND MITRAL VALVE DISEASE,cardiovascular
LOWER EXTREMETY EDEMA,cardiovascular
S/P FALL;RESPIRATORY FAILURE,respiratory
CONGESTIVE HEART FAILURE;ATRIAL FIB,cardiovascular
INTRACEREBRAL HEMMORHAGE,neurological
ETOH WITHDRAWAL;TELEMETRY,psychiatric
NON ST ELEVATION MYOICARDIAL INFARCTION\CATH,cardiovascular
AF/HYPOTENSION,cardiovascular
AAA\RESECTION ANEURYSM THORACIC DESCENDING,cardiovascular
CLAUDICATION\L LEG ANGIO ? SFA STENT,cardiovascular
INFECTED LEFT FOOT;DIABETES MELLITUS,infectious
UNSTABLE ANGINA\CATH WITH BRACHY S/B,cardiovascular
IMPLANTABLE CARDIAC DEFIBRILLATOR LEAD MALFUNCTION\IMPLANTABLE CARDIAC DEFIBRILLATOR LEAD PLACEMENT\REVISION,cardiovascular
ACUTE RENAL FAILURE; HYPOGLYCEMIA,renal
SEVERE PANCREATITIS,gastrointestinal
PERIRENAL BLEED HEMATOMA,renal
"FEVER, LIKELY LINE SEPSIS",infectious
CHEST PAIN;BOWEL OBSTRUCTION;ACUTE RENAL FAILURE,gastrointestinal
ABDOMINAL PAIN; HYPOTENSION,symptoms_unspecified
HAND EMBOLI;THROMBOS GRAFT,cardiovascular
VENTRICULAR TACHYCARDIA\EP STUDY + ABLATION,cardiovascular
CHIARIN I MALFORMATION/SDA,neurological
ASTHMA; WOLFRAM DISEASE,respiratory
METASTATIC RENAL CELL CANCER,oncology
COLON CANCER;SEPTIC,oncology
PNEUMONIA;MENTAL STATUS CHANGE,infectious
OPEN DISTAL ULNAR FRACTURE,trauma_injury
ABDOMINAL PAIM,symptoms_unspecified
"ABDOMINAL PAIN,?SEPSIS",infectious
FACIAL FRACTOR/SDA,trauma_injury
ST SEGMENT ELEVATION MYOCARDIAL INFARCTION;VENTRICULAR SEPTAL DEFECT;RIGHT TO LEFT SHUNT\CARDIAC CATHETERIZATION,cardiovascular
"CHANGE IN MENTAL STATUS, HYPOTENSION,BRADYCARDIA",symptoms_unspecified
FAILED TOTAL HIP RIGHT/SDA,musculoskeletal
FEVER-LINE SEPSIS,infectious
MI/CARDIAC ARREST\LEFT HEART CATHETERIZATION,cardiovascular
INTRACRANIAL HEMORRHAGE;ALTERED MENTAL STATUS,neurological
ELEVATER CREATININE;S/P KIDNEY TRANSPLANT,renal
S/P TWELVE FOOT FALL,trauma_injury
DEEP VEIN THROMBUS;HYPERTENSION;CHRONIC OBST PULM DISEASE;,hematologic
CORONARY ARTERY DISEASE\ANGIOPLASTY;STENT PLACEMENT,cardiovascular
MITRAL REGURGITATION\MITRAL VALVE REPLACEMENT; MAZE; LEFT ATRIAL APPENDAGE/SDA,cardiovascular
ANEURSYM HEAD,neurological
CAVERNOUS SINUS THROMBOSIS,neurological
LIVER LACERATION;S/P MOTOR VEHICLE ACCIDENT,trauma_injury
S/P LAP CHOLE WITH LEAK,postoperative_surgical
CAROTID STENISIS\RELOOK CAROTID ANGIOGRAM,cardiovascular
ANAL CANCER,oncology
PULMONARY ALVEOLAR PROTEINOSIS\ LUNG LAVAGE BILATERAL HOLES,respiratory
HEADACHE;FEVER,symptoms_unspecified
"SKULL FRACTURE,INTRACRANIAL HEMORRHAGE",trauma_injury
THYRIOD GOITER/SDA,endocrine_metabolic
SAGITAL SINUS THROMBOSIS,neurological
HEADACHE-SEIZURES-R/O SHEEHAN SYNDROME,neurological
HYPOTENSION;BRADYCARDIA;TELEMETRY,symptoms_unspecified
DYSPNEA;S/P EGD,respiratory
TIA\PATENT FORAMEN OVALE /SDA,neurological
ARDS;PNEUMONIA,respiratory
HYPOXIA;CELLULITIS,infectious
PLEURAL EFFUSION;MEDIASTINAL MASS,respiratory
RECURRENT CAROTID STENOSIS;RIGHT ANGIOGRAM,cardiovascular
RIGHT UPPER LOBE MASSES/SDA,oncology
LEFT  FOOT CELLULITIS,infectious
AORTIC STENOSIS;CORONARY ARTERY DISEASE\LEFT HEART CATH,cardiovascular
ARTERIAL CLOT,hematologic
VOMITING;FEVER UNKNOWN ORIGEN;HIV,infectious
PERIPHERAL VASCULAR DS,cardiovascular
GBS,neurological
INTRACRANIAL HEMORRHAGE;RUPTURED ANEURYSM,neurological
L2 FRACTURE/SDA,trauma_injury
EXERTIONAL CHEST PAIN;MYOCARDIAL ISCHEMIA\LEFT HEART CATHERTERIZATION,cardiovascular
PERIPHERAL VASCULAR DISEASE\LEFT LEG ANGIOGRAM,cardiovascular
AORTIC STENOSIS & CAD\AVR; POSSIBLE CORONARY ARTERY BYPASS GRAFT  /SDA,cardiovascular
TRACHEAL BRONCHIALMALACIA/SDA,respiratory
AS CAD\CATH-COMPLETE HEART CATH,cardiovascular
"LARGE PERICARDIAL EFFUSION,MEDIASTINAL MASS",cardiovascular
ASCENDING AORTIC ARCH THROMBUS\CATH,cardiovascular
HYPERMAGNESEMIA,endocrine_metabolic
S/P KIDNEY TRANSPLANT;INCREASED CREATININE,renal
AORTIC REGURGITATION,cardiovascular
BOWEL OBTRUCTION,gastrointestinal
NAUSEA;VOMITING;DEHYDRATION,symptoms_unspecified
"JAUNDICE,KLATSKIN TUMOR",hepatobiliary
S/P CATH;CHEST PAIN\CATH,cardiovascular
OBSTRUCTIVE JAUNDICE;ENDOSCOPIC RETROGRADE CHOLANGIOPANCREATOGRAPHY,hepatobiliary
"UROSEPSIS,DEHYDRATION",infectious
THROMBOCYTOPENIA;ANEMIA,hematologic
PNEUMONIA/SEPSIS/RAPID AFIB,infectious
THROMBOTIC THROMBOCYTOPENIA PURPURA,hematologic
URINARY TRACT INFECTION;PYELONEP,infectious
CELLULITIS ULCERS,infectious
HEMOPHILIA,hematologic
STATUS EPELEPTICUS,neurological
SKULL METASTASIS/SDA,oncology
CARDIAC ARREST;GI BLEED,cardiovascular
DISSECTING ABDOMINAL AORTIC ANEURYSM,cardiovascular
HYPERTENSION;RENAL ARTERY ARTHEROSCLEROSIS\AORTIC FENESTRATION & ANGIOGRAM W/BILATERAL RENAL STENT,cardiovascular
HEMOPTYSIS;GASTROINTESTINAL BLEED,respiratory
RESPIRATORY FAILURE/EFFUSION,respiratory
CEREBRAL AVM,neurological
SEPSIS LIKELY LINE INFECTION,infectious
CHEST PAIN;PNA,infectious
? PNA INFILTRATE,infectious
SMALL BOWELL OBSTRUCTION/UTI,gastrointestinal
"CORONARY ARTERY DISEASE\CORONARY ARTERY BYPASS GRAFT, RE-DO;THORACOTOMY; LEFT; ? OFF PUMP/SDA",cardiovascular
POST OP STERNAL WOUND,postoperative_surgical
"L. HP FRACTURE AOTIC STENOSIS, SHINGLES",musculoskeletal
NECROTIC TOES AND ULCERS,other
INFECTED LEG;SEPSIS,infectious
"EPIGASTRIC PAIN,R/O MI",cardiovascular
AORTIC STENOSIS 3VD\CORONARY ARTERY BYPASS GRAFT;BENTALL PROCEDURE; ? HOMOGRAFT,cardiovascular
SEIZURE;ALCOHOL WITHDRAWAL;TELEMETRY,psychiatric
SKULL FRACTURE; IPH,trauma_injury
ACUTE LEUKEMIC CRISIS,hematologic
CONGESTIVE HEART FAILURE\R HEART CATH WITH SWAN PLACEMENT,cardiovascular
COMM ACQUIRED VS ASPIRATION PNEUMONIA,infectious
PULMONARY EMBOLIS;SUPER VENTRICULAR TACHYCARDIA,cardiovascular
ACUTE MYOCARDIAL INFARCTION; S/P FALL,cardiovascular
TRACHEOBRONCHIAL FISTULA,respiratory
PNEUMONIA;HYPOGLYCEMIA;GASTROINTESTINAL BLEED;SYNCOPE;TELEMETRY,infectious
QUESTION OF SAH,neurological
MR\MITRAL VALVE REPLACEMENT;  VIA RIGHT THORACOTOMY/SDA,cardiovascular
"CAD, AORTIC STENOSIS\CORONARY ARTERY BYPASS GRAFT WITH AVR  ? MITRAL VALVE REPLACEMENT /SDA",cardiovascular
HYPERGLYCEMIA;DYSPNEA,endocrine_metabolic
LEFT SHOULDER HARDWARE REMOVAL/SDA,musculoskeletal
RIGHT MCA STROKE;TELEMETRY,neurological
CAROTID DISEASE\CAROTID ANGIOGRAM,cardiovascular
UTI AND AMS,genitourinary
RIGHT HIP FRACTURE;HYPONATREMIA,trauma_injury
RESPIRATORY ARREST;TELEMETRY,respiratory
ACUTE RENAL FAILURE;LYMPHOMA,renal
CORONARY ARTERY DISEASE\AORTIC VALVE / ASCENDING AORTA REPLACEMENT;  MVR STANDARD HAGBERG R; CORONARY ARTERY BYPASS GRAFT; HEMI-ARCH/SDA,cardiovascular
"CLOTTED LEFT AV FISTULA, CRF",renal
PERFORATION S/P ERCP,gastrointestinal
SUBCARINAL MASS,oncology
DYSPNEA-HYPONATREMIA-WEAKNESS,symptoms_unspecified
LEFT KNEE DJD/SDA,musculoskeletal
RETROPERITONEAL MASS,oncology
FEVER;HICKMAN LINE INFECTION,infectious
S/P MOTOR ROLLOR,trauma_injury
BILATERAL ULCER LOWER EXTREMITY,dermatologic
ARM SWELLING;?CLOT,hematologic
ACUTE RENAL FAILURE; HYPERKALEMIA,renal
CHRONIC RENAL FAILURE;NAUSEA;UNABLE TO TOLERATE PO'S\REVISION;AV FISTULA; LEFT FOREARM,renal
THORACIC AORTIC ANEURYSM;DISSECTION,cardiovascular
MITRAL VALVE DISORDER\MITRAL VALVE REPLACEMENT; TRICUSPIC VALVE REPLACEMENT; MAZE PROCEDURE /SDA,cardiovascular
ALTERED MENTAL STATUS;OBSTRUCTING STONE,genitourinary
CORONARY ARTERY DISEASE;PVD\R HEART CATH;PERIPHERAL ANGIO,cardiovascular
CORONARY ARTERY DISEASE\REDO STERNOTOMY/AVR(TISSUE)/CABG X1/SDA,cardiovascular
"CHRONIC WOUND, RIGHT ABDOMINAL WALL",dermatologic
TRACHEOBRONCHOMALASIA/SDA,respiratory
MELANOMA\CHEMO(INTERLEUKIN-2),oncology
CRITICAL AORTIC STENOSIS; HEART FAILURE,cardiovascular
S/P MI;ISCHEMIC LEFT LEG,cardiovascular
"CONFUDION, TEMPORAL MASS/STROKE",neurological
BREAST CANCER;DYSPNEA,oncology
"PNEUMONIA, RENAL FAILURE",infectious
CARDIAC MASS,cardiovascular
ANAL SQUAMOUS CELL CANCER/SDA,oncology
BILATERAL SUBDURAL HEMORRHAGE,neurological
ALCOHOL;HEPATITIS;LIVER FAILURE,hepatobiliary
MISSFIRING ICD,cardiovascular
INTRACRANIAL HEMMORHHAGE,neurological
THORACIC ANEURYSM\REPLACEMENT OF ASCENDING AORTA/ MAZE; LIGATION OF LEFT ATRIAL APPENDAGE ** SPECIAL EQUIPTMENT **/SDA,cardiovascular
CORONARY ARTERY DISEASE;CARDIAC ISCHEMIA\LEFT HEART CATHETERIZATION,cardiovascular
CORONARY ARTERY DISEASE\CORONARY ARTERY BYPASS GRAFT W/OPEN LUNG BIOPSY/SDA,cardiovascular
MULITPLE STAB WOUNDS/PENETRATING TRAUMA,trauma_injury
CONGESTIVE HEART FAILURE;NQWMI,cardiovascular
PERIPHERAL VASCULAR DUSEASE,cardiovascular
LEFT FOOT OPEN WOUMD/SDA,trauma_injury
MITRAL STENOSIS\MITRAL VALVE REPAIR VS REPLACEMENT/SDA,cardiovascular
MYOCARDIAL INFARCTION;+ETT\CATH,cardiovascular
HIV,infectious
S/P SPLEENECTOMY,postoperative_surgical
"MULTIPLE FRACTURES,FRONTAL CONTUSIONS",trauma_injury
ACUTE CORONARUY SYNDROME,cardiovascular
UNSTABLE ANGINA;MITRAL REGURGITATION\CATH,cardiovascular
HEAD MASS;SEIZURES,neurological
TRAUMA;INTUBATION,trauma_injury
NON-ST SEGMENT ELEVATION MYOCARDIAL INFARCTION;PERIPHERAL VASCULAR DISEASE;ISCHEMIA\CARDIAC CATH,cardiovascular
"NAUSEA,VOMITING,DEHYDRATION",symptoms_unspecified
AORTIC STENOSIS\AORTIC VALVE REPLACEMENT; ? ACENDING AORTA PROCEDURE   /SDA,cardiovascular
FEVER;ANEMIA,symptoms_unspecified
CHF/PNA,cardiovascular
RIGHT FRONTAL CONTUSION,trauma_injury
DYSPNEA ON EXERTION-CHROMIC RENAL INSUFFICIENCY,renal
AORTIC STENOSIS & CAD\CORONARY ARTERY BYPASS GRAFT WITH AVR /SDA,cardiovascular
AORTIC STENOSIS\AORTIC VALVE REPLACEMENT; ACENDING AORTA PROCEDURE /SDA,cardiovascular
PERICARDITITIS,cardiovascular
METISTATIC LEIOMYOSARCOMA,oncology
PNEUMONIA-BOOP,respiratory
HYPOTHERMIA;SUBARACHNOID HEMATOMA,neurological
LOW URINE OUTPUT,symptoms_unspecified
VOCAL PARALYSIS\LARYNGOSCOPY MICRO SUSPENSION; W/CO2 LASER,respiratory
INTESTINAL FISTULA,gastrointestinal
LEFT ADRENAL NEOPLASM/SDA,oncology
OCCIPITAL TUMOR/SDA,oncology
LEG PAIN FROM LYTIC LESIONS,musculoskeletal
OSTEONECROSIS LEFT MAXILLA/SDA,musculoskeletal
LEG CELLULITIS;SPINAL MUSCULAR ATROPHY,musculoskeletal
VESICLE VAGINAL FISTULA/SDA,genitourinary
DIABETES;ACUTE PANCREATITIS;RENAL FAILURE,endocrine_metabolic
CONGESTIVE HEART FAILURE;HYOTHYROIDISM,cardiovascular
SPINAL LESION/SDA,neurological
ABNORMAL EEG,neurological
NEW ONSET SEIZURE,neurological
RENAL ABSCESS,renal
ABDOMINAL PAIN S/P MVC,trauma_injury
ACUTE ONSET CHF\CATH,cardiovascular
ESOPHAGUS FOOD BOLUS,gastrointestinal
STABBING;SKULL FRACTURE,trauma_injury
NEW DIAGNOSIS LEUKEMIA,hematologic
ACUTE CORONARY SYNDROME;PNEUMONIA;INFLUENZA,cardiovascular
BRAIN TUMOR RIGHT/SDA,oncology
RULE-OUT MYOCARDIAL INFARCTION;TELEMETRY;PVD,cardiovascular
STENOSIS\BILATERAL CAROTID ANGIOGRAM,cardiovascular
ESOPHAGUS CANCER/SDA,oncology
COLON CANCER;BOWEL OBSTRUCTION,oncology
"S/P KIDNEY TX,ARF,RESP DISTRESS",renal
CORONARY ARTERY DISEASE;TRANSIENT ISCHEMIC ATTACK,cardiovascular
CHEST PAIN;PRIOR MYOCARDIAL INFARCTION\CARDIAC CATH,cardiovascular
DISC HERNIATION,musculoskeletal
BACK/FLANK PAIN,symptoms_unspecified
AORTIC STENOSIS\AORTIC AND MITRAL VALVE REPLACEMENT; ATRIAL MYXOMA REMOVAL;  BENTAL PROCEDURE; ? OF A MAZE/SDA,cardiovascular
DESCENDING DISSECTING AORTIC ANEURYSM,cardiovascular
MUTIPLE RIB FRACTURE;RIGHT CLAVICLE FRACTURE;HEMOTHORAX;PNEUMOTHORAX,trauma_injury
S/P MOTOR VEHICLE ACCIDENT-RT ARM WEAKNESS,trauma_injury
ALTERED MENTAL STATUS;INTOXICATION,toxicology_poisoning
DIABETIC KETOACIDOSIS; ACUTE RENAL FAILURE,endocrine_metabolic
HYPOTENSION;RULE OUT SEPSIS,infectious
ABDOMINAL PAIN;PORTAL VEIN THROMBOSIS,gastrointestinal
LIVER FAILURE TRANSPLANT,hepatobiliary
UNISOM OVERDOSE,toxicology_poisoning
HEMORHAGE,hematologic
PULMONARY EMBOLI;HYPOXIA,respiratory
CERREBRAL HEMMORHAGE,neurological
INFECTED KIDNEY STONE,genitourinary
INFECTED BACK WOUND,infectious
MITRAL REGURGITATION\ MITRAL VALVE REPLACEMENT HEART PORT MINIMALLY INVASIVE/SDA,cardiovascular
CROHN'S; PERFORATION,gastrointestinal
EXPLORATORY LAPORATOMY/? BOWEL PROLAPSE,gastrointestinal
LEFT CAROTID BODY TUMOR/SDA\ CAROTID ANGIOGRAM; ? WITH EMBOLIZATON,oncology
MR; CAD\CORONARY ARTERY BYPASS GRAFT;MITRAL VALVE REPLACEMENT/SDA,cardiovascular
HYPOTENSION;HYPOTHERMIA,other
SHORTNESS OF BREATH;CHRONIC OBST PULM DISEASE;CHF EXACERBATION,cardiovascular
BASILAR SKULL FRACTURE;TELEMETRY,trauma_injury
"PREOP HEPARIN/ AORTIC VALVE REPLACEMENT\AORTIC VALVE REPLACEMENT, RE-DO",cardiovascular
SMALL BOWEL OBSTRUCTION;FISTULA,gastrointestinal
AIRWAY OBSTRUCTION\ BRONCHOSCOPY WITH STENT,respiratory
SUBARACHNOID HEMORRHAGE-HEAD INJURY,neurological
S/P FALL;CERVICAL SPIN FRACTURE,trauma_injury
SPINE INFECTION,infectious
ST ELEVATED MYOCRDIAL INFARCT\CARDIAC CATH,cardiovascular
BRANCHIAL STENOSIS,other
ANEMIA;GASTROINTESTINAL BLEED,hematologic
BILE LEAK FROM BILIARY DRAIN,hepatobiliary
PACEMAKER FAILURE; TEMPORARY PACING WIRE,cardiovascular
SUBBARACHNOID HEMORRHAGE/SDA,neurological
AORTIC STENOSIS\CORONARY ARTERY BYPASS GRAFT WITH AVR  ? ASCENDING AORTA; ? BENTAL PROCEDURE /SDA,cardiovascular
POLYSUBSTANCE INGESTION,toxicology_poisoning
BACK PAIN R/O CORD COMPRESSION,neurological
CHEST SARCOMA/SDA,oncology
R.U.Q. PAIN,symptoms_unspecified
CHEST PAIN;CARDIOMYOPATHY\CARDIAC CATH,cardiovascular
MULTIPLE MYELOMA;RESPIRATORY FAILURE,hematologic
CHEST PAIN;MITRAL REGURGITATION;ELEVATED CREATININE\CATH,cardiovascular
CHEST PAIN MYOCARDIAL INFARCTION,cardiovascular
HYPOTENSION;POST DIALYSIS,renal
ALTERED MENTAL STATUS;SEIZURE,neurological
MOTOR VEHICLE ACCIDENT\INJURIES;HEAD INJURY,trauma_injury
AIRWAY OBSTRUCTION\ BRONCHOSCOPY RIGID,respiratory
VOMITING;RULE OUT MYOCARDIAL INFARCTION;DIABETIC KETOACIDOSIS,endocrine_metabolic
CERVICAL TRACTION,musculoskeletal
THORACIC AORTIC DISSECTION;TELEMETRY,cardiovascular
LEFT LOWER EXTREMITY DISCOMFORT;PERIPHERAL VASCULAR DISEASE;HYPERTENSION\LEFT LOWER EXTREMITY ANGIOGRAM WITH RUN-OFFS,cardiovascular
ARTERIOVENOUS FISTULA,cardiovascular
POSITIVE BLOOD CULTURE,infectious
HODGKIN'S DISEASE\BONE MARROW TRANSPLANT,oncology
ANEMIA;SVT,hematologic
PED. STRUCK L2 COMPRESSION FRACTURE;TELEMETRY,trauma_injury
SEPTIC SHOCK; LIVER ABCESS,infectious
DIABETES MELLITUS;CHOLANGITIS,endocrine_metabolic
RIGHT FOOT ULCER;CELLULITIS,infectious
S/P FALL;WRIST FRACTURE,trauma_injury
ISCHEMIC LLE,cardiovascular
"ADENOCARCINOMA, RIGHT COLON/SDA",oncology
SHORTNESS OF BREATH;PLEURAL EFFUSION,respiratory
HEPATITIS-C;LIVER FAILURE,hepatobiliary
AORTIC REGURGITATION\AORTIC VALVE REPLACEMENT /SDA,cardiovascular
RIGHT HEMOTHORAX,trauma_injury
ASCENDING CHOLANGITIS & PANCREATIC MASS,hepatobiliary
AIRWAY OBSTRUCTION\BRONCHOSCOPY FLEXIBLE AND RIGID;STENT REMOVAL; ? CRYO THERAPY,respiratory
ALTERED MENTAL STATUS;CONGESTIVE HEART FAILURE;PNEUMONIA,cardiovascular
"CHEST PAIN,RENAL FAILURE",renal
"MASTOCYTOSIS,GI BLEED",hematologic
VENTRICULAR HEMORRHAGE,neurological
"AORTIC STENOSIS\AVR, ?CORONARY ARTERY BYPASS GRAFT",cardiovascular
ADULT RESPIRATORY DISTRESS SYNDROME;CHRONIC OBST PULM DISEASE,respiratory
RIGHT LOWER EXTREMITY FAILED FIXATION/SDA,musculoskeletal
HELP SYNDROME,pregnancy_obstetric
INTRA ABDOMINAL ABCESS; PERIRECTAL ABCESS,infectious
TRAUMATIC SUBARACHNOID BLEED,neurological
COMMON BILE DUCT STONES;RESPIRATORY DISTRESS\ERCP  ** REMOTE EAST ** STONEMAN 1,hepatobiliary
RESTENOSIS;ASA ALLERGY;ASPIRIN DESENSITIZATION,cardiovascular
ABDOMINAL PAIN;OBSTRUCTIVE JAUNDICE,hepatobiliary
SKULL FX;SUBARACHNOID HEMORRHAGE;ACUTE SUBDURAL HEMATOMA,neurological
S/P FALL-SUBDURAL HEMORRHAGE,neurological
SOMULENCE/CHANGE IN MENTAL STATUS,symptoms_unspecified
AORTIC PSEUDOANEURYSM,cardiovascular
S/P FALL;PAIN CONTROL,trauma_injury
TUBERCULUM MENINGIOMA/SDA,neurological
TRACHEOMALASIA,respiratory
LARGE NECK MASS,other
ETOH WITHDRAWAL-SUBTOTAL LOW PLATLETS LT ABNORMALITY,psychiatric
BRAIN MASS WITH 12 MM SHIFT,neurological
CAROTID STENOSIS/CAROTID STENT,cardiovascular
PULMONARY ALBEOLAR PROPEINOSIS,respiratory
AORTIC STENOSIS; 3 VESSEL DIAGNOSIS,cardiovascular
RIGHT RIB MASS/SDA,oncology
FULMINANT HEPATIC FAILURE,hepatobiliary
NSTEMI-PERICARDIAL EFFUSION,cardiovascular
BLUNT TRAUMA;PELVIC FRACTURE,trauma_injury
INTUBATION,respiratory
SQUAMOUS CELL CANCER OF THE HEAD AND NECK,oncology
ANTERIOR MI;TELEMETRY,cardiovascular
MITRAL INSUFFICIENCY\CORONARY ARTERY BYPASS GRAFT WITH MVR,cardiovascular
PANCREATIC COLONIC FISTULA,gastrointestinal
URINARY TRACT INFECTION;RESPIRATORY FAILURE,infectious
LOW O2 SATURATION;ACUTE MYELOID LEUKEMIA,hematologic
ANEURYSM;TELEMETRY,cardiovascular
SEVERE PES;PLANOVALGUS RIGHT FOOT/SDA,musculoskeletal
LYSIS ADHESIONS/SDA,postoperative_surgical
"SEIZURE, DT'S",neurological
RHABDO COMPARTMENT SYNDROME,musculoskeletal
THORACIC AORTIC ANEURYSM\RESECTION ANEURYSM THORACIC/SDA,cardiovascular
POST INFARCT ANGINA\CATH,cardiovascular
PANCREATIC DUODENAL ANEURYSM,gastrointestinal
PERICARDIAL ABSCESS,infectious
AORTIC STENOSIS\AORTIC VALVE REPLACEMENT;REPLACMENT ASCENDING AORTA /SDA,cardiovascular
OBTUNDED,neurological
PULMONARY ARTERY STENOSIS\ PULMONARY ARTERY RESECTION AND REPAIR/SDA,cardiovascular
AORTIC STANOSIS\CORONARY ARTERY BYPASS GRAFT WITH AVR /SDA,cardiovascular
HYPOTENSION;RULE-OUT MYOCARDIAL INFARCTION,cardiovascular
ETOH WITHDRAWAL;HYPOMAGNESIUM,psychiatric
"CACHEXIA,HYPOXIA",symptoms_unspecified
DIABETIC KETOACIDOSIS; TTI/PYELONEPHRITIS,endocrine_metabolic
RULE OUT CORONARY ARTERY DISEASE;CARDIAC ISCHEMIA\LEFT HEART CATHETERIZATION,cardiovascular
PELVIC TUMOR/SDA,oncology
INFECTION OF THE SPINAL STIMULATOR;CELLULITIS,infectious
AGITATION AND GIB,psychiatric
LUNG CANCER;NAUSEA;VOMITING,oncology
METASTATIC CANCER;UNKOWN PRIMARY,oncology
MYOCARDIAL INFARCTION;V-FIB ARREST,cardiovascular
SCOLIOSIS,musculoskeletal
"DKA, UROSEPSIS",endocrine_metabolic
METASTATIC DISEASE TO MENINGES,oncology
"TRAUMA,INTER CRANIAL HEMORRHAGE",trauma_injury
RESPIRATORY DISTRESS; PNEUMONIA,respiratory
ENDOCARDITIS\MITRAL VALVE REPLACEMENT /SDA,infectious
TOXIC MEGACOLON;TELEMETRY,gastrointestinal
ICD LEAD FRACTURE\LEAD REVISION,cardiovascular
OPIATE INTOXICATION,toxicology_poisoning
"RESPIRATORY FAILURE,UROSEPSIS",infectious
AKTERED MENTAL STATUS,neurological
"ACUTE CORONARY SYNDROME,CHF",cardiovascular
R/O HEAT STROKE,other
PACEMAKER INSTALLATION\ LEFT VENTRICULAR LEAD PLACEMENT/SDA,cardiovascular
WIDE COMPLEX TACYCARDIA,cardiovascular
CAD FOR BALLOON,cardiovascular
NEW CVA; ESRD,neurological
CAB,cardiovascular
FACIAL TRAUMA;S/P FALL,trauma_injury
FEMUR,musculoskeletal
SUPRAGLOTTIC MASS/SDA,oncology
ATRIAL FIBUATION\PERICARDIECTOMY; POSSIBLE MAZE  /SDA,cardiovascular
? ESOPHAGEAL FB; POSS MEDIASTINITIS,infectious
UIT;RESPIRATORY FAILURE,infectious
NOT RESPONSIVE,symptoms_unspecified
CHEST PAIN;R/O MI,cardiovascular
PRESYCOPE;RULE-OUT MYOCARDIAL INFARCTION;TELEMETRY,cardiovascular
S/P TRAUMA-PNEUMOTHORAX,trauma_injury
RIGHT LOWER LOBE COLLAPSE;SHORTNESS OF BREATH,respiratory
AORTIC STENOSIS\AVR; ? CORONARY ARTERY BYPASS GRAFT WITH /SDA,cardiovascular
POST OBSTRUCTIVE RENAL FAILURE,renal
HYPEREGLYCEMIA,endocrine_metabolic
CAROLID STENOSIS,cardiovascular
HIGH LFTS;R/O TRANSPLANT REJECTION,hepatobiliary
AORTIC STENOSIS;ATRIAL FLUTTER,cardiovascular
ACUTE  RENAL FAILURE,renal
FACIAL FRACTURE;TRACH;S/P MOTOR VEHICLE ACCIDENT,trauma_injury
BILRUBINEMIA,hepatobiliary
LEFT TEMPORAL BRAIN MASS/SDA,oncology
LIVER FAILURE-RENAL FAILURE,renal
CORONARY ARTERY DISEASE;CHEST PAIN\ASPIRIN DESENSITIZATION/3/31 CARDIAC CATH,cardiovascular
R/O MYOCARDIAL INFARCTION-SYNCOPE,cardiovascular
CENTRAL MAGLINANT AIRWAY OBSTRUCTION,oncology
CHRONIC DISLOCATION RIGHT HIP/SDA,musculoskeletal
ST ELEVETAED MYOCARDIAL INFARCTION\CARDIAC CATH,cardiovascular
AORTIC STENOSIS/AORTIC VALVE REPLACEMENT;MINIMALLY INVASIVE/SDA,cardiovascular
ACUTE RENAL FAILURE;CHANGE IN MENTAL STATUS,renal
ACUTE RENAL FAILURE;HYPERTENSION,renal
"CHF, AFIB",cardiovascular
DIABETES;KETOACIDOSIS,endocrine_metabolic
"STROKE,MI",neurological
S/P MOTOR VEHICLE ACCIDENT-HEAD TRAUMA,trauma_injury
SEPSIS;LEFT FOOT ULCER,infectious
VP SHUNT MALFUNCTION,neurological
MYASTHENIC GRAVIS,neurological
SCALP LACERATION;RESPIRATORY FAILURE,trauma_injury
FOLLOW-UP EYE EXAM,other
INTRACANIAL HEMORRHAGE,neurological
CONGESTIVE HEART FAILURE;AORTIC STENOSIS\CATH,cardiovascular
PATHOLOGIC FRACTURE OF MANDIBLE/SDA,musculoskeletal
STOMACH INFECTION;RESPIRATORY FAILURE,infectious
FAILED RIGHT TOTAL HIP REPLACEMENT/SDA,musculoskeletal
MITRAL DISORDER\MITRAL VALVE REPLACEMENT ? CORONARY ARTERY BYPASS GRAFT,cardiovascular
AFLUTTER\EP STUDY,cardiovascular
PRE-SYNCOPE,symptoms_unspecified
MITRAL REGURGITATION\REDO STENOTOMY/MITRAL VALVE REPAIR; ? TRICUSPID REPAIR; ? CORONARY ARTERY BYPASS GRAFT,cardiovascular
AORTIC STENOSIS\AORTIC VALVE REPLACEMENT REDO; ? CORONARY ARTERY BYPASS GRAFT /SDA,cardiovascular
SEIZURES;OVARIAN CARCINOMA,neurological
ST SEGMENT ELEVATION MYOCARDIAL INFARCTION,cardiovascular
FACIAL TRAUMA;S/P PEDESTRIAN STRUCK,trauma_injury
TYLENOL OVERDOSE;ALTERED MENTAL STATUS,toxicology_poisoning
CHEST PAIN;MYOCARDIAL ISCHEMIA\CARDIAC CATH,cardiovascular
ACUTE RENAL FAILRUE,renal
MITRAL VALVE DISORDER\CORONARY ARTERY BYPASS GRAFT WITH MVR /SDA,cardiovascular
LEFT IJ CLOT,hematologic
PULMONARY EMBOLISM\THROMBECTOMY,cardiovascular
LYMPHOMA\CHEMOTHERAPY/ICE,oncology
LEFT COMPRESSION FRACTURE,musculoskeletal
RETROPHARYNGEAL PHLEGMON\TELEMETRY,infectious
PELVIC FRACTURE;RETROPERITONEAL BLEED,trauma_injury
COMMON BILE DUCT OBSTRUCTION;PNEUMONIA,hepatobiliary
?ESOPHAGEAL FB,gastrointestinal
PERICARDIAL AND PLEURAL EFFUSION,cardiovascular
ATRIAL FIBRILLATION;DYSPNEA,cardiovascular
ACUTE HEPATIC FAILURE,hepatobiliary
MITRAL REGURGITATION\MITRAL VALVE REPAIR VS REPLACEMENT;CONMANINT MAZE/SDA,cardiovascular
CLAUDICATION\BILATERAL LOWER EXTREMITY ANGIOGRAM,cardiovascular
RIGHT WRIST FRACTURE;S/P FALL,trauma_injury
DELERIUM TREMOR,psychiatric
SEAZURES;CVA,neurological
RESPIRATORY FAILURE;TRACHEAL STENOSIS,respiratory
THORACIC ARTERY ANEURYSM/SDA,cardiovascular
SPINAL MENINGIOMA/SDA,neurological
ASTHMA;CHRONIC OBSTRUCTIVE PULMONARY DISEASE,respiratory
ABDOMINAL PAIN-ETOH WITHDRAWAL,psychiatric
ENCEPHLOPATHIC;RIGHT PLEURAL EFFUSION;ASCITIES,hepatobiliary
SPINAL EPIDURAL ABCESS,infectious
UNSTABLE ANGINA;CORONARY ARTERY DISEASE\ANGIOPLASTY WITH STENT,cardiovascular
MYOCARDIAL INFARCTION;STROKE,cardiovascular
HYPOKALEMIMA,endocrine_metabolic
VFIB,cardiovascular
CONGESTIVE HEART FAILURE;NON ST ELEVATION MI;RESPIRATORY DISTRESS,cardiovascular
INRESPONSIVE-LIVER FAILURE,hepatobiliary
CEREBROVASCULAR ACCIDENT;PNEUMONIA,neurological
AORTIC STENOSIS\ BENTAL PROCEDURE W/MECHANICAL VALVE/SDA,cardiovascular
LUNG NODLE/SDA,oncology
MITRAL STENOSIS\MITRAL VALVE REPAIR; TRICUSPID VALVE REPAIR; REDO STERNOTOMY; MAZE,cardiovascular
ANEMIA;ACUTE RENAL FAILURE;TELEMETRY,renal
UROSEPSIS-HYPOTENSION,infectious
MR\CORONARY ARTERY BYPASS GRAFT WITH MVR /SDA,cardiovascular
? SEIZURE,neurological
AIRWAY OBSTRUCTION\FLEXIBLE BRONCHOSCOPY; RADIAL ENDOBRONCHIAL ULTRASOUND (EBUS); BRONCHIAL AVEOLAR LAVAGE/ BRUSH; POSSIBLE TRANSBRONCHIAL BIOPSY ( LEFT UPPER LOBE); FLUOROSCOPY,respiratory
CECUM POLYP/SDA,gastrointestinal
SEPTIC MENINGITIS,infectious
S/P MOTOR VEHICLE ACCIDENT WITH INJURIES;RIGHT FEMUR HEAD FRACTURE;DISLOCATION,trauma_injury
CVA;HYPOTENSION,neurological
FACIAL MASS RIGHT,other
ASTHMA FLARE;PNEUMONIA,respiratory
LEG PAIN;ELEVATED CREATININE,renal
SPINAL CORD INJURY;NSTEMI,trauma_injury
"SEVERE HYPERTENSION,PAIN CONTROL,PRESSURE CONTROL",cardiovascular
"SESIS,EMPYEMA",infectious
CHF\STATUS POST MITRAL VALVE REGURGITATION,cardiovascular
DYSPNEA\RIGHT + LEFT HEART CATH,cardiovascular
SYNCOPE-INTRACRANIAL BLEED,neurological
STRIDOR/SDA,respiratory
PLEURAL EFFUSION;ELEVATED BILIRUBIN,hepatobiliary
CONGESTIVE HEART FAILURE EXACERBATION;ACUTE CORONARY SYNDROME,cardiovascular
A/P ARREST,cardiovascular
LIVER & RENAL FAILURE-CHOLANGITIS,hepatobiliary
SEIZURE;URINARY TRACT INFECTION,neurological
DYSPNEA\CATH,cardiovascular
BRAIN TUMOR;HYPERNATREMIA;ALTERED MENTAL STATUS,oncology
PROFOUND DEHYDRATION,endocrine_metabolic
SUPAGLOTLITIS,infectious
ICD POCKET INFECTION AND LEAD REVISION\LEAD REVISION,infectious
POSTPARTUM CARDIOMYOPATHY;TELEMETRY,pregnancy_obstetric
ENCEPHELITIS,infectious
AIRWAY OBSTRUCTION-STERNAL INFECTION,infectious
AORTIC STENOSIS\ AORTIC VALVE REPLACEMEMT MINIMALLY INVASIVE,cardiovascular
? RHABDOMYLSIS,musculoskeletal
"CHANGE IN MENTAL STATUS,HYPERTENSIVE URGENCY",neurological
PANCREATIC CANCER;FEBRILE NEUTROPENIA,oncology
RIGHT CHEST WALL MASS/SDA,oncology
AIRWAY OBSTRUCTION/SDA\ BRONCHOSCOPY WITH STENT,respiratory
NAUSEA W\VOMITING;GASTROINTESTINAL BLEED,gastrointestinal
GASTROINTESTINAL BLEED;COPD EXACERBATION,gastrointestinal
PLEURAL EFFUSION;RENAL FAILURE,renal
BRAIN MASS;INTRACRANIAL HEMORRHAGE,neurological
REVASCULARZATION OF LEFT ARM,cardiovascular
POLYSUBSTANCE AABUSE,psychiatric
RIGHT LOWER LOBE;LARGE VOCAL CORD MASSES,oncology
ADENO CARCINOMA OF STOMACH/SDA,oncology
MENTAL STUATUS CHANGE RULE-OUT EPIDURAL ABCESS,neurological
BENIGN COLON TUMOR/SDA,oncology
LEFT FACIAL TUMOR/SDA,oncology
HYPOTENSION;ESLD,hepatobiliary
ANGINA;NEW EKG CHANGES\CARDIAC CATH,cardiovascular
CHEST PAIN; NON-Q WAVE MI,cardiovascular
IDIOPATHIC HYPERTROPHIC SUBAORTIC STENOSIS; VENTRICULAR FIBRILLATION\RIGHT VENTRICULAR LEAD EXTRACTION AND REPLACEMENT/SDA,cardiovascular
RT UPPER EXTREMITY SWELLING,other
ASTHMA/COPD/EXACERBATION,respiratory
ITRAPERITONEAL BLEED,trauma_injury
"AORTIC VALVE INSUFFICENCY\BENTAL PROCEDURE, ? VALVE SPARING ROOT REPLACEMENT/SDA",cardiovascular
PNEUMONIA;RAPID AF;HYPOXIA,infectious
ST ELEVATION MYOCARDIAL INFARCTION\CARDIAC CATHETERIZATION,cardiovascular
CORONARY ARTERY DISEASE\CORONARY ARTERY BYPASS GRAFT; MYOMECTOMY/SDA,cardiovascular
C-SPINE FRACTURES,trauma_injury
CHIARI I MALFORMATION/SDA,neurological
PNEUMOTHORAX-FRACTURED RIBS,trauma_injury
INTER PARANCHMAL HEMORRHAGE,neurological
CORONARY ARTERY DISEASE & MITRAL REGURGITATION\ CORONARY ARTERY BYPASS GRAFT W/MVR/SDA,cardiovascular
LOWER GI BLEEED,gastrointestinal
AORTIC VALVE INSUFFICIENCY\AVR;? BENTAL PROCEDURE /SDA,cardiovascular
"PERICARDIAL EFFUSION,SEPSIS",cardiovascular
MITRAL REGURGITATION\MITRAL VALVE REPLACEMENT/REPAIR HEART PORT MINIMALLY INVASIVE VS STERNOTOMY/SDA,cardiovascular
CONGESTIVE HEART FAILURE\EPICARDIAL LEFT VENTRICULAR LEAD PLACEMNT /SDA,cardiovascular
MITRAL VALVE DISORDER \MITRAL VALVE REPLACEMENT; TRICUSPID VALVE REPLACEMENT; REDO STERNOTOMY/SDA,cardiovascular
RAPID  AFIB;UTI,cardiovascular
"DKA, SEPSIS",endocrine_metabolic
SHORTNESS OF BREATH;HYPOXIA;TELEMETRY,respiratory
PLEURAL EFFUSION-CHEST PAIN,respiratory
UNSTABLE ANGINA;GASTROINTESTINAL BLEED;TELEMETRY,cardiovascular
ALCOHOL WITHDRAWAL;HYPONATREMIA,psychiatric
UROSEPSIS;RESPIRATORY DISTRESS,infectious
CHF\ AORTIC VALVE & MITRAL VALVE REPLACEMENT/SDA,cardiovascular
RENAL FAILURE; RESPIRATORY FAILURE,renal
ANEMIA-ACUTE RENAL FAILURE,renal
NAUSEA;VOMITING;JAUNDICE,gastrointestinal
"RECTAL CARCINOMA, DISTAL/SDA",oncology
"LUNG CANCER,NAUSEA,VOMITING",oncology
MASTOIDITIS. R. FACIAL MASS,infectious
AORTIC STENOSIS\AORTIC AND MITRAL VALVE REPLACEMENT ? MAZE,cardiovascular
CEREBRAL ANEURYSM;FIBROMUSCULAR DYSPLASIA/SDA,neurological
FACIAL FX;MOTOR VEHICLE ACCIDENT,trauma_injury
CHIARI MALFORMATION SYRINGOMYELIA/SDA,neurological
RUE INFECTION,infectious
HIGH WBC;TELEMETRY,hematologic
CHOKING/RESPIRATORY ARREST,respiratory
CONGESTIVE HEART FAILURE\RIGHT HEART CATH;SWAN LINE,cardiovascular
TRIGEMINAL NEURALGIA RIGHT SIDE/SDA,neurological
AORTIC  MASS\ ATRIAL MYXOMA REMOVAL; EXCISION AORTIC MASS/SDA,cardiovascular
COMPLATE HEART BLOCK;SEPSIS;TRICUSPID VEGETETION\EPICARDIAL PACEMAKER IMPLANT,cardiovascular
MENTAL STATUS CHANGES-DECREASED SATS,symptoms_unspecified
CAROTID STENOSIS;CORONARY ARTERY DISEASE\CAROTID ANGIOGRAM;CATH,cardiovascular
S/P ARREST;COPD FLARE,respiratory
UPPER GASTROINTESTINAL BLEED;PNEUMONIA,gastrointestinal
PUMONARY NODULES/SDA,respiratory
CONGESTIVE HEART FAILURE;COMPLETE HEART BLOCK;ATRIAL FIBRILLATION\BIVENTRICULAR PACEMAKERIMPLANT/SDA,cardiovascular
PEERFORATION,other
OPEN WOUND OF CHEST/SDA,trauma_injury
DEHYDRATION;RENAL FAILURE;HYPO MASS,renal
BILIARY CIRRHOSIS;RULE OUT TUBERCULOSIS,hepatobiliary
METASTATIC LYMPHOMA,hematologic
C1-2 INSTABILITY/SDA,musculoskeletal
ANXIETY,psychiatric
HYPERTENBSIVE EMERGENCY,cardiovascular
MELANOTIC STOOL,gastrointestinal
R/O UROSEPSIS,infectious
INCREASED INTRAOCULAR PRESSURES,other
AORTIC VALVE INSUFFICIENCY\AORTIC VALVE /? ASCENDING AORTA REPLACEMENT /SDA,cardiovascular
CORONARY ARTERY DISEASE\CORONARY ARTERY BYPASS GRAFT; REPAIR ATRIAL SEPTAL DEFECT /SDA,cardiovascular
GASTRIC MASS,gastrointestinal
"HIP FRACTURE,R/O MI",trauma_injury
PNEUMOTHORAX; PULMONARY CONTUSION,respiratory
S/P JET SKI ACCIDENT,trauma_injury
SECONDARY MALIGNANT NEOPLASM OF BONE AND BONE MARROW/SDA,oncology
"SHORTNESS OF BREATH,LUNG CANCER",oncology
LEFT SHOULDER ROTATOR CUFF TEAR/SDA,musculoskeletal
ACUTE SUBDURAL HEMATOMA;SUBARACHNOID HEMORRHAGE;SKULL FX,neurological
INFECTED L BKA STUMP,infectious
CERVICAL OSTEOMYELITIS AND NON UNION/SDA,musculoskeletal
LEFT MAIN ARTERY DISEASE,cardiovascular
MITRAL VALVE DISORDER\MITRAL VALVE REPLACEMENT; ? AORTIC VALVE REPLACEMENT/SDA,cardiovascular
CORONARY ARTERY DISEASE;MITRAL STENOSIS,cardiovascular
SMALL BOWEL OBSTRUCTION;CHRONIC OBST PULM DISEASE,gastrointestinal
STE MI\CATH,cardiovascular
LEFT HUMERUS FRACTURE/SDA,trauma_injury
THORACIC ANEURYSM WITHOUT RUPTURE\AORTIC VALVE REPLACEMENT /SDA,cardiovascular
RECURRENT CHEST PAIN;DYSPNEA ON EXERTION;CORONARY ARTERY DISEASE\CARDIAC CATHETERIZATION,cardiovascular
SYMPTOMATIC FIBROIDS UTERUS/SDA,pregnancy_obstetric
BRADYCARDIA;DIZZINESS,cardiovascular
LUNG CANCER-AIRWAY OBSTRUCTION,oncology
"SEPSIS;TELEMETRY;FEVER,UNKNOWN ORIGIN",infectious
SEPSIS/CELLULITIS,infectious
ATRIAL SEPTIC DEFECT\REPAIR ATRIAL SEPTAL DEFECT;MINIMALLY INVASIVE /SDA,cardiovascular
?AORTIC DISSECTION,cardiovascular
RIGHT LUNG TUMOR/SDA,oncology
STROKE;TELEMETRY;TRANSIENT ISCHEMIC ATTACK;SHINGLES,neurological
ANTERIOR MI\LEFT HEART CATH,cardiovascular
PULMONARY INFUSION,respiratory
CHOLANGIO CNACER,hepatobiliary
HYPERNATREMIA;HYPERGLYCEMIA,endocrine_metabolic
RO/MI,cardiovascular
"STROKE,HEAD BLEED",neurological
SEVER AORTIC INSUFFICIENCY\AORTIC VALVE REPLACEMENT; PATENT FORAMEN CLOSURE; AORTIC ROOT REPLACEMENT /SDA,cardiovascular
MITRAL VALVE LEAFLET\MITRAL VALVE REPLACEMENT MINIMALLY INVASIVE APPROACH/SDA,cardiovascular
GI BLEED;SEPSIS,gastrointestinal
MITRAL STENOSIS\MITRAL VALVE REPLACEMENT; ? AORTIC VALVE REPLACEMENT,cardiovascular
"PNEUMONIA, HYPOTENSION",infectious
"BACK PAIN,CANNOT AMBULATE",musculoskeletal
HYPONATREMIA;HYPOTHERMIA,endocrine_metabolic
CORONARY ARTERY DISEASE;CHEST PAIN\CORONARY ANGIOPLASTY (PTCA),cardiovascular
VT;SYNCOPE,cardiovascular
SEVERE AORTIC STENOSIS;CONGESTIVE HEART FAILURE\CATH/SDA,cardiovascular
INTRACRANIAL HEMORRHAGE;RESPIRTORY FAILURE,neurological
BLEEDING GUMS,hematologic
RIGHT COLON MASS;ASCITES,gastrointestinal
CRITICAL AORTIC STENOSIS;CARDIOGENICSHOCK;CONGESTIVE HEART FAILURE,cardiovascular
RIGHT FRONTAL LOBE STROKE,neurological
FEMUR FRACTURE;RAF,trauma_injury
SYNCOPE-VTACH,cardiovascular
S/P FALL-HEMOTHORAX-SPINE FRACTURE,trauma_injury
SEIZURE;SEPSIS,neurological
ATRIAL FIBRILLATION;PERICARDIAL EFFUSION,cardiovascular
RIGHT CAROTID STENOSIS;CHRONIC RENAL INSUFFCIENCY\RIGHT CAROTID ANGIOGRAM,cardiovascular
WOUND INFECTION'OSTEOMYELITIS,infectious
S/P RENAL STENT PLACEMENT,renal
S/P MOTOR VEHICLE ACCIDENT;HEMOTHORAX,trauma_injury
28 WEEKS PANCREATIC CANCER,oncology
CARCINOMA OF ANTERIOR MEDIASTINUM INVADING CHEST WALL/SDA,oncology
ISCHEMIC CARDIOMYOPATHY\CATH,cardiovascular
GASTROINTESTINAL BLEED;NON-ST ELEVATION MYOCARDIAL INFARCTION,cardiovascular
CEREBRAL METASTASES;BRAIN TUMOR,oncology
LUNG CANCER;TRACEAL FISTULA,oncology
CORONARY ARTERY DISEASE;PVD\CATH AND L SFA INTERVENTION,cardiovascular
NECK MASS/SDA,other
LUNG MA/SDA,oncology
UTI/ETOH WITHDRAWL/R HIP FX,genitourinary
GANGRENE OF SCROTUM,genitourinary
OCCIPITAL FRACTURE;SUBARACHNOID HEMATOMA;SYNCOPE,trauma_injury
AORTIC INSUFFICIENCY\AORTIC VALVE REPLACEMENT/SDA,cardiovascular
ASTHMA/COPD EACERBATION,respiratory
EPIDURAL FLUID COLLECTION,neurological
HAMATEMESIS;UPPER GASTROINTESTINAL BLEED,gastrointestinal
FEVER;NAUSEA;ABDOMINAL PAIN,symptoms_unspecified
CHF/CAD/BRADYCARDIA/S/P CABG\DDD PACER/DC CV/SDA,cardiovascular
CHRONIC OBST PULM DISEASE;ASTHMA;CONGESTIVE HEART FAILURE,respiratory
S/P FALL;DEHYDRATION;ALTERED MENTAL CHANGES,symptoms_unspecified
CLAUDICATION;ELEVATED CREATININE;RENAL FAILURE,renal
STATUS POST ESIPHAGOGASTRODUODENOSCOPY,postoperative_surgical
AORTIC INSUFFICIENCY\AORTIC VALVE / ASCENDING AORTA REPLACEMENT,cardiovascular
MR\MITRAL VALVE REPLACEMENT; ?AORTIC VALVE REPLACEMENT; ?CORONARY ARTERY BYPASS GRAFT,cardiovascular
DISEASES OF TRICUSPID VALVE\TRICUSPID VALVE REPLACEMENT  ? CORONARY ARTERY BYPASS GRAFT  EPICARDIAL PACE MAKER/SDA,cardiovascular
ACUTE ASTHMA EXACERBATION,respiratory
S/P MVA;MULTIPLE FRACTURES,trauma_injury
?TB;SHORTNESS OF BREATH,infectious
LARGE & SMALL BOWEL OBSTRUCTIONS,gastrointestinal
MITRAL REGUGITATION,cardiovascular
SEPTIC BURSITIS;RESPIRATORY DISTRESS;CONGESTIVE HEART FAILURE,infectious
PRIMARY SCLEORSING CHOLANGITIS,hepatobiliary
TRACHEAL-BRONCHIO MALACEA/SDA,respiratory
MITRAL REGURGITATION\ MITRAL VALVE REPLACEMENT; POSSIBLE CORONARY ARTERY BYPASS GRAFT; POSSIBLE RESECTION SUB AORTIC MUSCLE/SDA,cardiovascular
CORONARY ARTERY DISEASE\ANGIOPLATY W/ STENT PLACEMENT OF LEFT CIRCUMFLEX,cardiovascular
UROSEPSIS;HYPOTHERMIA,infectious
CONGESTIVE HEART FAILURE;URINARY TRACT INFECTION;PNEUMONIA,cardiovascular
CARDIOMYOPATHY\ETHYANOL SEPTAL ABLATION STAND BY,cardiovascular
CONGESTIVE HEART FAILURE-ATRIAL FIBRILLATION,cardiovascular
MALIGNANT MELANOMA; SEIZURES,oncology
CAROTID STENOSIS;SYNCOPAL EPISODES\LEFT INTERNAL CAROTID ARTERY ANGIOGRAM;STENT PLACEMENT,cardiovascular
BRADYCARDIA;UTI,cardiovascular
INFERIOR MYOCARIDL INFARCTION/CATH,cardiovascular
THROMBOCYTOPENIA;SYNCOPE,hematologic
MULTIPLE GUN SHOT WOUNDS,trauma_injury
INFERIOR MI;TELEMETRY,cardiovascular
RIGHT FRONTAL LESION/SDA,neurological
HYPOXIA/HYPERCAPNIA,respiratory
"CHF, CHEST PAIN",cardiovascular
ACUTE MYELOGENOUS LEUKEMIA\BONE MARROW TRANSPLANT,hematologic
THORACO ABDOMINAL ANEURYSM\ THORACO ABDOMINAL ANEURYSM REPAIR,cardiovascular
ASTHMA/COPF EXACERBATION,respiratory
DRUG REFRACTORY ATRIAL FIBRILLATION\LEFT ATRIAL TACHYCARDIA ABLATION ? PVI **REMOTE WEST** /SDA,cardiovascular
S/P KIDNEY TX,renal
UROSEPSIS-ANEMIA-ACUTE RENAL FAILURE,renal
PULMONARY HEMMORHAGE,respiratory
CAROTID STENOSIS\R CARITID ANGIOGRAM AND STENT,cardiovascular
OVERDOSE/ SUICIDIAL IDEATION,psychiatric
"MR\MITRAL VALVE REPLACEMENT REDO, ? MYOMECTOMY/SDA",cardiovascular
PULMONARY INFILTRATES,respiratory
AORTIC VALVE,cardiovascular
SEPSIS;VOMITING;DIARRHEA,infectious
RULE OUT CORONARY ARTERY DISEASE;DEPRESSED LEFT VENTRICULAR FUNCTION\CARDIAC CATH RIGHT AND LEFT,cardiovascular
TRAUMATIC LEFT ARM AMPUTATION,trauma_injury
FEVER;RESPIRATORY DISTRESS,respiratory
SLENIC LACERATION;TELEMETRY,trauma_injury
INTRAVETEBRAL SUBARACHNOID BLEED,neurological
THORACIC AORTIC ANEURYSM WITHOUT RUPTURE\BENTAL PROCEDURE; VENTRAL SEPTAL DEFECT REPAIR; REPAIR PARTIAL ANOMALOUS PULMONARY VENOUS RETURN/SDA,cardiovascular
PANCREATIC MASS\EUS,oncology
PERITONSILLAR PHELEGMON,infectious
"HYPOTENSION;FEVER,ETIOLOGY UNKNOWN",other
ALTERED MENTAL STATUS-HEAD BLEED,neurological
TRACHEALMALACEA\BRONCHOSCOPY RIGID;STENT REMOVAL/SDA,respiratory
STATUS POST KIDNEY TRANSPLANT;ELEVATED CREATININE,renal
OPEN WOUND CHEST,trauma_injury
CORONARY ARTERY DISEASE;EXERCIONAL DYSPNEA\CATH,cardiovascular
S/P FALL;FACIAL FRACTURE,trauma_injury
RIGHT LOWER LOBE PNEUMONIA,infectious
"STROKE,TIA",neurological
MEDISTINAL ADENOPATHY,oncology
CHEST PAIN; SOB\CATH,cardiovascular
PULMONARY EDEMA;MYOCARDIAL INFARCTION,cardiovascular
T9 FRACTURE,trauma_injury
METASTATIC PANCREATIC CANCER TO LIVER/SDA,oncology
RETROPERITONEAL AND URINARY BLEEDS,genitourinary
CORONARY ARTERY DISEASE;+ ETT\CATH,cardiovascular
MENIGITIS,infectious
HIV;R/O LUKEMIA,infectious
RECURRENT MENINGIOMA/SDA,oncology
VENTRICULAR TCHYCARDIA,cardiovascular
"RESPIRATORY FAILURE,GI BLEED",respiratory
MULTIPLE PULMONARY MBOLI,cardiovascular
CARDIOMYOPATHY\LEAD EXTRACTION;BIVENTRICULAR ICD IMPLANT,cardiovascular
NON ST ELEVATION MYOCARDIAL INFARCTION/CATH,cardiovascular
PNEUMONIA; SEPSIS; POSSIBLE CHF,infectious
ARF,renal
FEVER;PANCYTOPENIA;CHRONIC LYMPHOCYTIC LEUKEMIA,hematologic
SHORTNESS OF BREATH;HYPERKALEMIA;TELEMETRY,symptoms_unspecified
ENCEPHALOPATHY;SEPTIC SHOCK,neurological
ISCHEMIA LEFT TOE,cardiovascular
AORTIC VALVE DISORDER\REDO AVR ? BENTAL PROCEDURE /SDA,cardiovascular
MANDIBULAR MASS,other
S/P MOTOR VEHICLE ACCIDENT; SUBARACHNOID HEMORRHAGE; C2 FRACTURE,trauma_injury
MITRAL DISORDER\MITRAL VALVE REPLACEMENT /SDA,cardiovascular
CORONARY ARTERY DISEASE;CHF\BENTAL PROCEDURE  CORONARY ARTERY BYPASS GRAFT  AORTIC AND MITRAL VALVE REPLACEMENT /SDA,cardiovascular
MITRAL REGURGITATION;TRICUSPID REGURGITATION;AORTIC INSUFFICIENCY\SWAN GANZ CATHETER PLACEMENT/SDA,cardiovascular
DIZZINESS;RULE-OUT MYOCARDIAL INFARCTION;TELEMETRY,symptoms_unspecified
GILLIAM BARRE SYNDROME,neurological
EXERTIONAL CHEST PAIN\LEFT HEART CATH,cardiovascular
"PNEUMONIA,SICKLE CELL DIZZENESS",infectious
ELEVATED BLOOD PRESSURE,cardiovascular
POLYMORPHIC V TACH\CATH,cardiovascular
SEIZURE;HYPONATREMIA,neurological
MITRAL STENOSIS\MITRAL VALVE REPAIR ? REPLACEMENT /SDA,cardiovascular
PCA ANEURYSM/SDA,neurological
S/P FALL;HEAD LACERATION,trauma_injury
ANEMIA;OBSTRUCTING COMMON BILE DUCT,hematologic
"FEVER,ABD PAIN",infectious
"PNEUMONIA,TACHYCARDIA",infectious
NECK INFECTION,infectious
RIGHT ANTERIOR CEREBRAL ARTERY STROKE,neurological
R/O MI N/V,symptoms_unspecified
RIGHT ANKLE FRACTURE-NECROSIS,trauma_injury
AORTIC STENOSIS\AORTIC AND MITRAL VALVE REPLACEMENT  ? CORONARY ARTERY BYPASS GRAFT,cardiovascular
BLEEDING FROM DIALYSIS CATHETER,renal
ALLERGIC/ANAPHYLACTIC REACTION,other
BILATERAL HIP FRACTURES,trauma_injury
OVERMEDICATED,toxicology_poisoning
MITRAL VALVE INSUFFICENCY\MITRAL VALVE REPLACEMENT;?TRICOUSTID VALVE REPLACEMENT/SDA,cardiovascular
HYDRATION;DROP IN HEMACRIT,other
T SPINE FRACTURE,trauma_injury
"LEG ULCER,END STAGE RENAL DISEASE,DIABETES",renal
"CHF,FEVER",cardiovascular
GROIN CELLULITIS,infectious
LUNG ABSCESS;FAILURE TO THRIVE,infectious
METASTATIC LUNG CANCER LEFT/SDA,oncology
S/P PULSELESS ELECTRICAL ACTIVITY; R/O MI,cardiovascular
NON ISCHEMIC IDIOPATHIC CARDIOMYOPATHY,cardiovascular
DEHYDRATION;EXTERNAL HEMORRHOIDS,gastrointestinal
AORTIC & MITRAL STENOSIS\ AORTIC & MITRAL VALVE REPLACEMENT/SDA,cardiovascular
ACUTE PULMONARY EMBOLISM,cardiovascular
MYOCARDIAL INFARCT;TELEMETRY,cardiovascular
"ACUTE RENAL FAILURE, UREMIC SYNDROME",renal
RESPIRATORY FAILURE;LEAKING J TUBE,respiratory
SYNCOPY\LEFT HEART CATHETERIZATION,cardiovascular
TYPHLITIS,gastrointestinal
ACUTE MYOCARDIAL INFARCTION\CARD CATH,cardiovascular
"ACUTE RENAL FAILURE,HYPOXIA",renal
LEFT INTRAPARENCHYMAL HEMORRAHGE,neurological
ABDOMINAL PAIN;VOMITING;INSULIN DEPENDENT DIABETES,endocrine_metabolic
ALVEOLAR HEMORRHAGE,respiratory
CONGESTIVE HEART FAILURE/MITRAL REGURGITATION,cardiovascular
NECROTIZING FASCIATIS,infectious
MITRAL REGURGITATION\MITRAL VALVE REPLACEMENT: ? TRICUSPID VALVE REPLACEMENT/SDA,cardiovascular
MYOCARDIAL INFARCTION;MYOCARDITIS,cardiovascular
CORONARY ARTERY DISEASE\HIBRID MINIMALY INVASIVE CORONARY ARTERY BYPASS GRAFT AND CORONARY STENTING /SDA,cardiovascular
R HIP FX,trauma_injury
PANCREATIC DUCT CANCER/SDA,oncology
MULTIPLE MYELOMA;TRANSPLANT,hematologic
SEPSIS;RECTAL MASS,infectious
SEIZURE;BRAIN & LUNG MASSES,neurological
SUBARACHNOID HEMORRAHAGE,neurological
STATUS EPILEPTICUS,neurological
FEMORAL FRACTURE,trauma_injury
FEVER;DIABETIC KETOACIDOSIS,endocrine_metabolic
S/P INFARCT\CARDIAC CATH,postoperative_surgical
RT FOOT ISCHEMIA,cardiovascular
MYOCARDIAL INFARCT;SEPSIS;MENTAL STATUS CHANGES,cardiovascular
AUXILLARY BYPASS FEMORAL BLEEDING,postoperative_surgical
CORONARY ARTERY DISEASE;AVR,cardiovascular
UROSEPSIS;DIABETIC KETOACIDOSIS,infectious
S/P MVA;MYOCARDIAL INFARCTION,trauma_injury
HEART FAILURE;FEVER;ABDOMINAL PAIN,cardiovascular
ATRIAL FLUTTER\ATRIAL VENTRICULAR JUNCTION ABLATION;BIVENTRICULAR IMPLANTABLE CARDIAC DEFIBRILLATOR INPLANT/SDA,cardiovascular
AMPULLARY MASS,oncology
LM DISEASE\BALOON PUMP,cardiovascular
FAILED TOTAL HIP LEFT/SDA,postoperative_surgical
CARDIOMYOPATY/PULMONARY EDEMA,cardiovascular
DEHYDRATION;EDEMA;FAILURE TO THRIVE,other
HAND LACERATION;PARTIAL FINGER AMPUTATION,trauma_injury
AORTIC STENOSIS\? CORONARY ARTERY BYPASS GRAFT;  AVR /SDA,cardiovascular
CONGESTIVE HEART FAILURE;ALTERED MENTAL STATUS,cardiovascular
PNEUMONNIA;? LUNG ABSCESS;ADULT RESPIRATORY DISTRESS SYNDROME,infectious
UROSEPSIS-CHANGE IN MENTAL STATUS,infectious
UMBILICAL HERNIA;ASCITES LEAK,gastrointestinal
MITRAL REGURGITATION\MITRAL VALVE REPLACEMENT; W/RIGHT THORACTOMY MAZE,cardiovascular
ACUTE SHORTNESS OF BREATH;CONFUSION,symptoms_unspecified
PULMONARY HYPERTENSION;SYSTEMIC SCLEROSIS;ENDSTAGE CHF;ELEVATED INR\RIGHT HEART CATH/SDA,cardiovascular
COLONIC DISTENTION,gastrointestinal
AIRWAY OBSTRUCTION\BRONCHOSCOPY W/STENT REMOVAL,respiratory
STATUS POST ASSAULT,trauma_injury
S/P KIDNEY TRANSPLANT;INCREASED CREATINE,renal
S/P V TACH ARREST,cardiovascular
HEMOPTYIS,respiratory
RIGHT PELELLAR FRACTURE;LEFT TIBILAR FRACTURE,trauma_injury
SPONTANEOUS SAH,neurological
GANGRENE OF THE TOE,other
VENTRICULAR FIBRILLATION ARREST\CATH,cardiovascular
SYSTOLIC DYSFUNCTION\CATH,cardiovascular
AFIB-CONGESTIVE HEART FAILURE\CARDIAC  CATH,cardiovascular
GALLBLADDER SEPSIS,infectious
PANCEREATITIS\ERCP,gastrointestinal
"HEMOPTYSIS,LUNG CA",oncology
ISCHEMIC LEG LEFT/SDA,cardiovascular
ULCERATIVE COLITIS;PNEUMONIA,gastrointestinal
SAH/HYPERTENSION,neurological
LIVER LESION\RADIOFREQUENCY ABLATION LIVER LESION ** REMOTE WEST **,oncology
THORACIC ANEURYSM WITHOUT MENTION OF RUPTURE\REPAIR DECENDING AORTIC THORACIC ANEURYSM; ILIAC STENTING LEFT/SDA,cardiovascular
JNATHJW8,other
HEMMORHAGIC SHOCK,other
B/L DVTS,hematologic
MITRAL VALVE INSUFFICIENCY\MITRAL VALVE REPLACEMENT ? TRICUSPID VALVE REPLACEMENT,cardiovascular
R/O CAD; CARDIAC CATH,cardiovascular
UNSATABLE ANGINA,cardiovascular
ATRIAL FIBRILLATION;DECREASED EJECTION,cardiovascular
INCREASED ANGINA;CORONARY ARTERY DISEASE\LEFT HEART CATHETERIZATION,cardiovascular
NON Q MI;PULMONART EDEMA\CATH,cardiovascular
ENTEROCUTANEUS FISTULA,gastrointestinal
EPIDURAL HEMATOMA;TELEMETRY,neurological
UROSEPSIS;NEPHROLITHIASIS,genitourinary
ATHEROSCLEROSIS;CLAUDICATION,cardiovascular
HARDWARE FAILURE; SPINAL METASTASIS/SDA,oncology
STERNOTOMY WOUND INFECTION,postoperative_surgical
STOMACH POLYP\ENDOSCOPY,gastrointestinal
DYSPNEA SUSPECTED PE.,respiratory
INTESTINAL VESICAL FISTULA/SDA,genitourinary
LEFT LOWER EXTREMITY POPITEAL ANEURYSM,cardiovascular
CHEST PAIN;RAPID ATRIAL FIBRILLATION\CATH,cardiovascular
"FEVER,R/O MI",infectious
MR\MITRAL VALVE REPLACEMENT; WITH MAZE/SDA,cardiovascular
CORONARY ARTERY DISEASE\PERCUTANEOUS CORONARY INTERVENTION,cardiovascular
CORONARY ARTERY DISEASE\CORONARY ARTERY BYPASS GRAFT W/VENTRICULAR ASSIST DEVICE BACKUP/SDA,cardiovascular
HYPERTENSIVE EMERGENCY;DEMAND ISCHEMIA,cardiovascular
S/P NAIL THROUGH EYE INTO BRAIN,neurological
ARDS VS SEPSIS,respiratory
NON Q WAVE MYOCARDIAL INFARCTION;GASTROINTESTINAL BLEED,cardiovascular
ACUTE CHOLENGITIS,hepatobiliary
"VENTRICULAR TACHYCARDIA, HEART FAILURE\VENTRICULAR TACHYCARDIA ABLATION  **REMOTE WEST**/SDA",cardiovascular
INFECTED ICD POCKET,infectious
?SMALL BOWEL OBSTRUCTION,gastrointestinal
EKG CHANGES;CHEST PAIN;PVD\CATH,cardiovascular
CONGESTIVE HEART FAILURE\TRANSCATHETER AORTIC VALVE IMPLANT (TAVI) PERCUTANEOUS APPROACH   ** NO ASSESSMENT NEEDED **,cardiovascular
SVC,cardiovascular
VOCAL FOLD PARALYSIS,other
INFECTED AORTO BIFEM GRAFT/SDA,infectious
MESENTERIC ARTERY ISCHEMIA/SDA,cardiovascular
AORTIC STENOSIS;MR\ AORTIC AND MITRAL VALVE; REPLACEMENT,cardiovascular
? BRAIN TUMOR,neurological
RIGHT LOWER LOBE MASS/SDA,oncology
HEART FAILURE\BIVENTRICULAR PACEMAKER IMPLANT/SDA,cardiovascular
CHEST STAB WOUNDS,trauma_injury
CERVICAL STENOSIS; CHRONIC INFLAMMATORY DEMYELINATING POLYNEURITIS,neurological
HEADACHE; R/O SUBARACHNOID HEMORRHAGE,neurological
PNEUMOMEDIASTINUM,respiratory
SYNCOPE\LEFT HEART CATHERTERIZTION,cardiovascular
ELECTROCUTION,trauma_injury
MALIGNANT PERICARDIAL EFFUSION\PERICARDIAL DRAINAGE AND WINDOW,cardiovascular
ACUTE RENAL FAILURE;NEUTROPENIA,renal
ASPIRATION PNEUMONIA; COLON CANCER,infectious
STEMI/CATH,cardiovascular
VTAH;SOB,cardiovascular
ATHEROSCLEROSIS WITH ULCER\RIGHT LOWER EXTREMITY ANGIOGRAM,cardiovascular
ANUERYSM/SDA,cardiovascular
ANEMIA JAUNDICE HEART FAILURE,hematologic
CONGESTIVE HEART FAILURE;R/O MI,cardiovascular
ASTHMA/ COPD EXACERBATION,respiratory
PELVIC FRACTURE; ICH,trauma_injury
THORACIC LESION/SDA,neurological
FLUID OVERLOAD;S/P KIDNEY TRANSPLANT,renal
MALIGNANT PERICARDIAL EFFUSION,cardiovascular
VENTRICULAR TACHYCARDIA/VENTRICULAT TACHYCARDIA ABLATION,cardiovascular
CEREBELLUM MASS;ATAXIA,neurological
STROKE;HEPATIC ENCEPHALOPATHY,neurological
AORTIC VALVE DISORDER\AORTIC VALVE REPLACEMENT POSSIBLE CORONARY ARTERY BYPASS GRAFT /SDA,cardiovascular
PSOAS ASSCESS,infectious
OCCLUDED RIGHT FEMORAL VEIN\ANGIOPLASTY; RIGHT FEMORAL/SDA,cardiovascular
PAROXYMAL ATRIAL FIBRILLATION\ATRIOVENTRICULAR JUNCTION ABLATION/ATRIOVENTRICULAR NODE ABLATION,cardiovascular
CONGESTIVE HEART FAILURE;METHICILLIN RESISTANT STAPH AUREUS,infectious
PERIPHERAL VASCULAR DISEASE; REST PAIN\RIGHT LOWER EXTREMITY ANGIOGRAM,cardiovascular
CADAVER KIDNEY TRANSPLANT,renal
ABDOMINAL AORTIC OCCLUSION,cardiovascular
URINARY FREGUENCY/SDA,genitourinary
AORTIC VALVE INSUFFICIENCY\AORTIC VALVE / ASCENDING AORTA REPLACEMENT; ? BENTAL PROCEDURE /SDA,cardiovascular
GASTROPARESIS;DIABETES MELLITUS,endocrine_metabolic
LEFT URETERAL OBSTRUCTION/SDA,genitourinary
LEFT RECURRENT SQUAMOUS CELL CARCINOMA LEFT EYEBROW & FRONTAL SCALP/SDA,oncology
AROMEGLEY;BURKITTS LYMPHOMA,hematologic
CLOGGED DOBOFF,other
FERORATED BOWEL,gastrointestinal
S/P FALL; HEAD INJURY,trauma_injury
METASTATIC LUNG CA,oncology
CONGESTIVE HEART FAILURE\CARDIAC CATHERIZATION,cardiovascular
NECROTIZING FASCIETIS OF THE ABDOMEN,infectious
"AORTIC VALVE REGURGITATION\AORTIC VALVE REPLACEMENT, RE-DO/SDA",cardiovascular
HEADACHE;SUBDURAL HEMORRHAGE,neurological
ERYTHROLEUKEMIA\CHEMO,hematologic
DIARRHEA;ELEVATED LFTS,gastrointestinal
"MASS,UNSPECIFIED LOCATION",oncology
RENAL CALCULI/SDA,genitourinary
THORACIC ANEURYSM\ASCENDING/HEMI-ARCH AORTA REPLACEMENT /SDA,cardiovascular
ABNORMAL ELEKTROKARDIOGRAMM\CARDIAC CATHETERIZATION,cardiovascular
AORTIC STENOSIS\?CORONARY ARTERY BYPASS GRAFT; AVR,cardiovascular
? PERITONITIS,gastrointestinal
DIABETIC KETOACIDOSIS;WET GANGRENE,endocrine_metabolic
"PNEUMONIA, D.T'S",infectious
GAMMABUTEROL LACTONE WITHDRAWAL,toxicology_poisoning
LEG WEAKNESS AND SHORTNESS OF BREATH,symptoms_unspecified
HYPERTENSION;CHEST PAIN,cardiovascular
PNEUMONIA E/EMPYEMA,infectious
UPPER GI BLEED-SMALL BOWEL OBSTRUCTION,gastrointestinal
CEREBELLA BLEED,neurological
ANTICOAGULATION,hematologic
GALLSTONE/PACREATIC CYST/SDA,hepatobiliary
STATUS POST BENTALL MAZE; PERICARDIAL TAMPONADE,cardiovascular
MI/PE,cardiovascular
INFECTED FOOT REQUIRING IV ANTIBIOTICS,infectious
HEPITO CELLULA CARCINOMA/SDA,oncology
GAIT INSTABILITY;FALL;DEHYDRATION,neurological
SECONDARY MALIGNANT NEOPKASM BONE AND BONE MARROWP PERSONAL HX MALIGNANT NEOPLASM KIDNEY/SDA,oncology
ACUTE RENAL FAILURE;CHEST PAIN,renal
HEMATURIA\CYSTOSCOPY;URETHERAL DILATION,genitourinary
CHEST PAIN;CHRONIC RENAL FAILURE;AORTIC STENOSIS\CARDIAC CATH,cardiovascular
"RESPIRATORY FAILURE, SEPSIS",respiratory
RESPIRATORY INSUFFICIENCY,respiratory
PLEURAL EFFUSION;EMPYEMA,infectious
THIGH ABSCESS;PORTAL HYPERTENSION,infectious
CEREBROVASCULA ACCIDENT,neurological
SHORTNESS OF BREATH-FOREIGN BODY ASPIRATION,respiratory
"CHF, AF, CARDIOMYOPATHY\LEAD EXTRACTION; BIVENTRICULAR IMPLANTABLE CARDIOVERTER DEFIBRILLATOR/SDA",cardiovascular
"A,FLUTTER W,RVR,? NEW BRAIN MASS",neurological
ATRIAL SEPTAL DEFECT\REPAIR ATRIAL SEPTAL DEFECT,cardiovascular
"RAPID HEART RATE,RENAL INSUFFICIENCY",cardiovascular
"GI BLEED,ACUTE RENAL FAILURE",renal
UPPER GASTROINTESINAL BLEED,gastrointestinal
SHORTNESS OF BREATH;TACHYPNEA,respiratory
COMPLETE HEART BLOCK;EPIGASTRIC PAIN\CARDIAC CATH;PACEMAKER IMPLANT,cardiovascular
OPEN ABDOMINAL WOUND/SDA,postoperative_surgical
ALTERED MENTAL STATUS;FEVER,symptoms_unspecified
? SPINE INJURY,trauma_injury
RT TMA-DM-CELLULITIS-RENAL FAILURE,renal
ENDOCARDITIS;MITRAL REGURGITATION,cardiovascular
SEIZURE/TACHYCARDIA,neurological
? PSTERIOR FOSSA MASS,neurological
SUPERGLOTTITIS,respiratory
MV PROLAPSE\MITRAL VALVE REPLACEMENT/SDA,cardiovascular
CONGESTIVE HEART FAILURE-SYNCOPE,cardiovascular
AIRWAY EDEMA;S/P RADIATION,respiratory
CORONARY ARTERY DISEASE\CORONARY ARTERY BYPASS GRAFT W/ VENTRICULAR ACCESS DEVICE/SDA,cardiovascular
"SEPTIC SHOCK,RENAL FAILURE",infectious
CARTID STENOSIS;SEVERE AORTIC STENOSIS\CAROTID ANGIOGRAM,cardiovascular
HYPOTENSION;AAA REPAIR,postoperative_surgical
MINIMALLY INVASIVE OVAL,other
NEW AFIB;FLUTTER,cardiovascular
GASTROINTESTINAL BLEED;HEPETITIS C,gastrointestinal
INTRATHECAL MASS,neurological
"ACIDOSIS, RULE OUT  SEPSIS",infectious
HYPERGLYCEMIA-DIABETIC KETOACIDOSIS,endocrine_metabolic
UNSTABLE ANGINA;CORONARY ARTERY DISEASE,cardiovascular
RULE OUT MYOCARDIAL INFARCTION PNEUMONIA,cardiovascular
PNEUMONIA;URINARY TRACT INFECTION;SACRAL DECUB,infectious
SUBDURAL HEMORRHAGE;CHANGE IN MENTAL STATUS,neurological
THORACIC PHLEGMON,infectious
SYMPTOMATIC 3RD DEGREE HEART BLOCK,cardiovascular
DIABETIC KETOACIDOSIS;PNEUMONIA,endocrine_metabolic
SEPSIS;RESPIRATORY FAILURE;ACUTE RENAL FAILURE,infectious
CAROTID ARTERY STENOSIS\CAROTID ANGIOGRAM WITH STENT PLACEMENT/SDA,cardiovascular
SYNCOPE;WEAKNESS,symptoms_unspecified
SUICIDAL IDEATION;RAZOR INGESTION,psychiatric
MITAL VALVE DISORDER\MITRAL VALVE REPLACEMENT,cardiovascular
ANGINA;+ ETT\CARDIAC CATH,cardiovascular
"INFECTION,UNSPECIIED ETIOLOGY;SHORTNESS OF BREATH;TELEMETRY",infectious
VIRAL GASTROENTERITIS,infectious
TRICUSPID REGURGITATION\TRICUSPID VALVE REPLACEMENT; REPAIR/SDA,cardiovascular
BREAST CANCER-RESPIRATORY FAILURE,oncology
LIVER LACERATION;RENAL FAILURE,trauma_injury
V-TACK;ASPIRATION PNEUMONIA,infectious
BACTEREMIA;LOWER BACK PAIN,infectious
CORONARY ARTERY DISEASE\CORONARY ARTERY BYPASS GRAFTWITH RADIAL ARTERY /SDA,cardiovascular
CORONARY ARTERY DISEASE\CORONARY ARTERY BYPASS GRAFT WITH AVR; RE-DO STERNOTOMY /SDA,cardiovascular
RIGHT KNEE OPEN WOUND INFECTION,infectious
"FEVER,HEMOPTYSIS",symptoms_unspecified
C4 FRACTURE,trauma_injury
ASPIRATION PNEUMONIA;C5 CERVICAL FRACTURE,infectious
LEFT CHEST SPINDLE CELL TUMOR/SDA,oncology
ST ELEVATION MI;CONGESTIVE HEART FAILURE,cardiovascular
GASTROINTESTINAL BLEED;ASCITES;FEVER,gastrointestinal
CORONARY ARTERY DISEASE\INNOMINATE ARTERY BYPASS/SDA,cardiovascular
LOWER EXTREMITY ARTHROSLOROSIS/SDA,musculoskeletal
CARDIAC ARREST;URINARY TRACT INFECTION,cardiovascular
HYPOKALEMIA SHOCK;PELVIC FRACTURE;COMATOSE;STATUS POST MOTOR VEHICLE ACCIDENT WITH INJURIES,trauma_injury
OD/UNRESPONSIVE,toxicology_poisoning
ABDOMINAL PAIN-FEVER,symptoms_unspecified
CAROTID\CATH,cardiovascular
SUPRAGLOTTIC AIRWAY OBSTRUCTION,respiratory
CYST IN BRAIN,neurological
SUBENDOCARDIAL MI,cardiovascular
INTERPARENCHYMAL HEMORRHAGE,neurological
OVERDOSE OF BUSPAR & ORPHENADRINE CITRATE,toxicology_poisoning
HEPATIC CIRRHOSIS\SALT STUDY,hepatobiliary
ANEMIA;ALTERED MENTAL STATUS,hematologic
HYPOXIA/HYPOTENSION/NAUSEA/VOMITING,symptoms_unspecified
R/O TIA,neurological
ULCERATED LEFT MAIN CORONARY ARTERY,cardiovascular
"MVC, LIVER LAC X 2",trauma_injury
S/P MVC R SUBARACHNOID BLEED,neurological
RIGHT MIDDLE CEREBRAL ANEURYSM/SDA,neurological
PULMONARY HYPERTENSION;SYNCOPE,cardiovascular
"METASTATIC MYXOFIBROSARCOMA, TO LEFT LUNG & PLEURA/SDA",oncology
NQW MI\LEFT HEART CATHETERIZATION,cardiovascular
AORTIC STENOSIS\CATY;AORTIC VALVULOPLASTY,cardiovascular
LEFT CAROTID OCCULUSION\LEFT CAROTID TO CAROTID BYPASS; LEFT CAROTID TO SUBCLAVIAN GRAFT LEFT; LEFT FEMORAL AXILLARY BYPASS; DEPLOYMENT OF ENDOSTENT GRAFT  /SDA,cardiovascular
UROSPEPSIS,genitourinary
ATHEROSCLEROSIS;ULCER,cardiovascular
ISCHEMIC ULCER RIGHT TOE,cardiovascular
"BLADDER RUPTURE,FRACTURES",trauma_injury
METASTATIC CA. OF UNKNOWN PRIMARY,oncology
LEFT CHEST WALL WOUND,trauma_injury
RIGHT HEART FAILURE;PULMONARY HYPERTENSION,cardiovascular
LT FEMUR FRACTURE,trauma_injury
SINUSITIS;CELLULITIS,infectious
INTRA PARENCHYMAL HEMORRHAGE,neurological
RENAL CELL CARCINOMA;BACK PAIN,oncology
TRACHEALBRONCHIOMALACIA,respiratory
CONGESTIVE HEART FAILURE-AML,cardiovascular
TIB FX;LIVER LACERATION;S/P MOTOR VEHICLE ACCIDENT,trauma_injury
BATTERY DEPLETION;LEAD MALFUNCTION\ICD LEAD EXTRACTION AND GENERATOR CHANGE/SDA,cardiovascular
CHEST OAIN,symptoms_unspecified
DIABETES MELLITUS;FOOT ULCER;CARDIOMYOPATHY,endocrine_metabolic
PVD\LEFT LEG ANGIOGRAM,cardiovascular
ACUTE RENAL FAILURE;NAUSIA;VOMOTTING;DIARRHEA,renal
GASTRIC VARICIES,gastrointestinal
"SEPSIS,FEVER",infectious
FEVER;WEAKNESS,symptoms_unspecified
WEIGHT LOSS;DIARRHEA,symptoms_unspecified
AORTIC STENOSIS\AORTIC VALVE REPLACEMENT; RESECTION OF ASCENDING AORTA/SDA,cardiovascular
PNEUMO,respiratory
CONGESTIVE HEART FAILURE;?R/O MI,cardiovascular
ANGINA;NEEDS URGENT BYPASS SURGERY\CATH,cardiovascular
GASTROINTESTINAL BLEED;MYOCARDIAL ISCHEMIA,cardiovascular
LEIOMYO SARCOMA RIGHT LEG/SDA,oncology
DIABETIC KETOACIDOSIS;HYPERTENSION,endocrine_metabolic
POLY SUBSTANCE ABUSE,psychiatric
TRIGEMINAL NEUROLGIA/SDA,neurological
CONGESTIVE HEART FAILURE;CORONARY ARTERY DISEASE;ELEVATE TROPONIN;PERIPHERAL VASCULAR DISEASE,cardiovascular
"SEIZURES,HYPOGLYCEMIA",neurological
CORONARY ARTERY DISEASE\ARDIAC CATH,cardiovascular
CEREBRAL  ANEURYSM,neurological
ARTHEROSCLEROSIS W/ULCER LEFT LOWER EXTREMITY,cardiovascular
ATRIAL FLUTTER; CHF; CAD; RENAL INSUFFIENCY; DIABETES\ATRIAL FLUTTER ABLATION,cardiovascular
DECREASE CALCIUM/MAGNISIUM/K+,endocrine_metabolic
RULE OUT CORONARY ARTERY DISEASE;ABNORMAL STRESS TEST\CARDIAC CATH,cardiovascular
APNEA;BRADYCARDIA;TELEMETRY,respiratory
SVC SYNDROME\ VENOUS RECANALIZATION/SDA,cardiovascular
RENAL CELL CARCINOMA\CHEMOTHERAPY(INTERLEUKIN-2),oncology
RULE-OUT MYOCARDIAL INFARCTION;TELEMETRY;HYPOTENSION,cardiovascular
IRREGULAR HEART RATE,cardiovascular
LIVER DISEASE; GI BLEED,hepatobiliary
THROAT HEMATOMA,trauma_injury
SUBCUTANEOUS EMPHSYEMA,respiratory
METASTATIC BREAST CANCER\CHEMO,oncology
CORONARY ARTERY DISEASE;CHEST PAIN\RIGHT CORONARY ARTERY STENT PLACEMENT,cardiovascular
RIGHT INGUINAL HERNIA,gastrointestinal
CORONARY ARTERY DISEASE;ISCHEMIA,cardiovascular
ROLLOVER MVC,trauma_injury
HEMOPTYSIS VS.HEMATEMISIS,respiratory
AORTIC STENOSIS\AORTIC VALVE REPLACEMENT; ? SEPTAL MYOMECTOMY/SDA,cardiovascular
SYNCOPE;AORTIC STENOSIS\CATH,cardiovascular
FEVER;SEPSIS,infectious
ACUTE VS. CHRONIC AORTIC DISSECTION,cardiovascular
LEFT FRONTAL INTRACRANIAL HEMORRHAGE,neurological
ACUTE INFERIOR MYOCARDIAL INFARCTION,cardiovascular
KNEE DISLOCATION,musculoskeletal
SEPSIS;TELEMTRY,infectious
BIL.PLEURAL EFFUSION,respiratory
ISCHEMIC ARM;TELEMETRY,cardiovascular
INCISON DEHISCENCE,postoperative_surgical
MITRAL VALVE INSUFFICIENCY\MITRAL VALVE REPAIR; ? REPLACEMENT  /SDA,cardiovascular
CAROTID STENISIS\CAROTID STENT,cardiovascular
DYSPNEA ON ECERTION,respiratory
CHOKING EPISODE,respiratory
CHOLELITHIASIS/ERCP,hepatobiliary
ETOH WITHDRAWAL-? ENDOCARDITIS,cardiovascular
FOURNIER GANGRENE/SDA,infectious
PNEUMONIA;URINARY TRACT INFECTION;DEHYDRATION,infectious
SUBSTERNAL CHEST PAIN,cardiovascular
"MVR, TVR",cardiovascular
CHEST TIGHTNESS\CATH,cardiovascular
RIGHT BRONCHIAL MASS,respiratory
MITRAL STENOSIS\? CORONARY ARTERY BYPASS GRAFT; MVR,cardiovascular
BRAIN METASTASES/SDA,oncology
INTRAPARITAL HEMORRHAGE,pregnancy_obstetric
URINARY TRACT INFECTION;PYELONEPHRITIS;TELEMETRY,genitourinary
RIGHT ACOUSTIC NEUROMA/SDA,neurological
HEMOPTYSIS; INTRACTIBLE DIARRHEA,respiratory
DISECTING THORACIC ANEURYSM,cardiovascular
S/P MOTOR VEHICLE ACCIDENT-BILAT FEMUR FRACTURES,trauma_injury
FEVER;LINE INFECTION,infectious
CIRRHOSIS;VARICEAL BLEED,hepatobiliary
BILATERAL PNEUMOTHORAX,respiratory
SPONTANEOUS RETROPERITONEAL BLEED,other
HEADACHE;ANEURYSM,neurological
NON HEALING ULCER LEFT FOOT,other
"7 DAYS PP,PULMONARY EDEMA",pregnancy_obstetric
BRUGADA SYNDROME;SYNCOPE;TELEMETRY;DEHYDRATION,cardiovascular
ABDOMINAL ANEURYSM; NO RUPTURE/SDA,cardiovascular
? SPINAL INJURY,trauma_injury
INFECTED ICD WIRE;BACTEREMIA,infectious
CORONARY ARTERY DISEASE;SHORTNESS OF BREATH;PULMONARY EDEMA\CATH,cardiovascular
PNA/THYROID STORM,infectious
INTRACRANIAL HEMORRHAGE;BRADYCARDIA,neurological
AIRWAY OBSTRUCTION\RIGID BRONCHOSCOPY WITH STENT,respiratory
"BRBPR, DIARRHEA",gastrointestinal
B BLOCKER TOXICITY; CHF; R/O MI RENAL IMPAIRMENT,toxicology_poisoning
CORONARY ARTERY DISEASE\CORONARY ARTERY BYPASS GRAFT WITH AVR;  ? MITRAL VALVE REPLACEMENT /SDA,cardiovascular
CDIFF,infectious
CONGESTIVE HEART FAILURE;CORONARY ARTERY DISEASE;SEVERE PERIPHERAL VASCULAR DISEASE\CATH,cardiovascular
FAILED BACK SYNDROME,musculoskeletal
ARDS;PVD;RENAL INSUFFICIENCY;DIABETES MELLITUS,respiratory
"ACUTE REPIRATORY FAILURE,ACUTERENAL FAILURE",respiratory
ENCEPHALOPATHY;ASCITES,other
DESCENDING AORTIC REPAIR,postoperative_surgical
UTI.PYLONEPHRITIS,genitourinary
FAILURE TO THRIVE;RENAL CELL CARCINOMA,oncology
"SPONTANEOUS BACTERIAL PERITONITIS,SEPSIS",infectious
MITRAL VALVE INSUFFICIENCY\MITRAL VALVE REPLACEMENT; ?MAZE: ? TRICUSPID VALVE REPLACEMENT; ? CORONARY ARTERY BYPASS GRAFT,cardiovascular
ACUTE RENAL FAILURE;ALTERED MENTAL STATUS,renal
LOLWER GI BLEED,gastrointestinal
ANION GAP 33 WITH VOMITING,endocrine_metabolic
TRACHEOBRONCHO MALACEA/SDA,respiratory
LOWER GO BLEED,gastrointestinal
METASTATIC PRIMARY UNKNOWN,oncology
PULMONAARY EDEMA,cardiovascular
NON-HEALING LEFT LEG ULCER,other
URO-SEPSIS,genitourinary
AORTIC VALVE INSUFFICIENCY\AORTIC VALVE REPLACEMENT ? ASCENDING AORTA/SDA,cardiovascular
PANCREATITIS-DIABETIC KETOACIDOSIS,endocrine_metabolic
METASTATIC BREAST CANCER;SHORTNESS OF BREATH\PLEURODESIS,oncology
ALCOHOLIC ACIDOSIS,endocrine_metabolic
"S/P LIVER TX, FEVER",hepatobiliary
POST OP WOUND INFECTION;ATRIAL FIBRILLATION,postoperative_surgical
"CHEST PAIN, HYPOGLYCEMIA",cardiovascular
RESPIRATORY FAILURE;HYPERTENSION,respiratory
"SEPSIS,SUBDURAL HEMATOMA",infectious
CAD\CORONARY ARTERY BYPASS GRAFT /SDA,cardiovascular
BILATERAL FLANK PAIN,genitourinary
INFECTED PACEMAKER POCKET\LEAD EXTRACTION **REMOTE WEST**/SDA,infectious
C-SPINE FRACTURE;S/P FALL,trauma_injury
SMALL BOWEL OBSTRUCTION;TELEMETRY,gastrointestinal
SHORTNESS OF BREATH;NON-ST SEGMENT ELEVATION MYOCARDIAL INFARCTION\CARDIAC CATHETERIZATION,cardiovascular
COMMON BILE DUCT STONE\ERCP //DUODENAL MASS W\OBSTRUCTIVE JAUNDICE,hepatobiliary
FEMUR FRACTURE;VASCULAR INJURY,trauma_injury
RESPITORY FAILURE;ACUTE KIDNEY INJURY,respiratory
SEPTAL DEFECT\REPAIR ATRIAL-SEPTAL DEFECT/SDA,cardiovascular
CORONARY ARTERTY DISEASE\CORONARY ARTERY BYPASS GRAFT /SDA,cardiovascular
SPINAL INSTABILITY,musculoskeletal
MARFAN'S AORTA\ DAVID PROCEDURE; REPLACEMENT OF ASCENDING AORTA & ARCH/SDA,cardiovascular
POSTERIOR NOSE BLEED,other
RASH/UTI,infectious
ARTERIOVENOUS MALFORMATION/SDA,neurological
POLYTRAUMA S/P MVC,trauma_injury
A. FIB,cardiovascular
INCREASING SHORTNESS OF BREATH\RIGHT HEART CATHETERIZATION; ? LEFT HEART CATHETERIZATION,cardiovascular
ACIDOSIS;ALTERED MENTAL STATUS,other
ATRIAL SEPTAL DEFECT\ASD CLOSURE **REMOTE WEST**/SDA,cardiovascular
RIGHT RENAL CELL CANCER/SDA,oncology
EVACUATION OF SUBDURAL HEMATOMA;EMERGENT CRANIOTOMY,neurological
MULTIPLE STROKE,neurological
RECURRENT PLEURAL EFFUSIONS,respiratory
CARDIOGENIC SHOCK;CARDIAC ARREST,cardiovascular
COLITIS-GASTROENTERITIS,gastrointestinal
"S/P FALL,L2 BURST FX",trauma_injury
CORONARY ARTERY DISEASE\THORACOSCOPIC CORONARY ARTERY BYPASS GRAFT VIA MINI THORACOTOMY  /SDA,cardiovascular
VOMITING;ALCOHOL WITHDRAWAL,psychiatric
POST BIOPSY BLOOD,postoperative_surgical
SPLENIC LACERATION-S/P MOTOR VEHICLE ACCIDENT,trauma_injury
PNEUMONIA;SHOULDER PAIN,respiratory
"ANION GAP ACIDOSIS, ETOH INTOXICATION",toxicology_poisoning
PNEUMOTHORAX;CHEST WOUND,trauma_injury
GRADE 2 LIVER LACERATION,trauma_injury
PHENOBARBITAL TOXICITY,toxicology_poisoning
CORONARY ARTERY DISEASE\CARD CATH,cardiovascular
"HYPOTHERMIA,BRADYCARDIA",other
ANEURSYMAL BLEED,neurological
LOWER GASTOINTESTINAL BLEED,gastrointestinal
RENAL FAILURE;RESPIRATORY FAILURE,renal
BRIGHT RED BLOOD PER RECTUM;URINARY TRACT INFECTION,genitourinary
EPIGLOTITITIS,infectious
PNEUMATOSIS OF BOWEL,gastrointestinal
METASTATIC BREAST CANCER;LEG SWELLING;FEVER,oncology
CORONARY ARTERY DISEASE\CORONARY ARTERY BYPASS GRAFT;CATH,cardiovascular
PYELONEPHRITIS-KIDNEY STONE,genitourinary
INTRACRANIAL HEMORRHAGE;FALL,neurological
UNSTABLE ANGINA\CATHETER,cardiovascular
TRANSPLANT SITE BLEEDING,postoperative_surgical
CLL;C-DIFF;FTT,hematologic
SEPTICEMIA,infectious
RECURRENT INCISIONAL HERNIAS X2/SDA,postoperative_surgical
CHEST PAIN/DYSPNEA,symptoms_unspecified
HYPERGLYCEMIA-DIABETES,endocrine_metabolic
C3 C4 ABSCESS;S/P DISCECTOMY,neurological
ESOPHAGEAL CANCER\EGD,oncology
COROANRY ARTERY STENOSIS\RIGHT CAROTID STENT PLACEMENT/SDA,cardiovascular
CHEST PAIN;AORTIC STENOSIS,cardiovascular
GLIOBLASTOMA;MENTAL STATUS CHANGE,neurological
AORTIC STENOSIS\CORONARY ARTERY BYPASS GRAFT?  AVR REDO /SDA,cardiovascular
VENTRICULAR TACHYCARDIA;SYNCOPE,cardiovascular
A-FIB\MINI MAZE PROCEDURE BILATERAL; PULMONARY VEIN ISOLATION;VIDEO ASSISTED WITH RESECTION LEFT ATRIAL APPENDAGE  /SDA,cardiovascular
MITRAL STENOSIS\REDO/ REDO MITRAL VAVLE REPLACEMENT; ?CORONARY ARTERY BYPASS GRAFT,cardiovascular
PERICARDIAL EFFUSION/SDA,cardiovascular
MITRAL VALVE INSUFFICENCY\MITRAL VALVE REPAIR,cardiovascular
MANDIBULAR ABSCESS,infectious
"ASCENDING AORTIC ANEURYSM\BENTAL PROCEDURE, W/STENT GRAFT",cardiovascular
DIAPHRAMATIC HERNIA; S/P MVC,trauma_injury
ELEVATED LFT'S,hepatobiliary
RUPTURED GRAFT,postoperative_surgical
CELLULITIS RIGHT ARM AND ELBOW,infectious
AORTIC STENOSIS\ AORTIC & ? MITRAL VALVE REPLACEMNT/SDA,cardiovascular
HYPOGLYCEMIA;HYPOTENSION,endocrine_metabolic
INFECTED LEFT FOOT; CELLULITIS; DIABETES,infectious
HTN CRISIS,cardiovascular
FEVERS;DECREASED PLATELET COUNT;HEADACHE;HIV,infectious
"C 3-4-5, SPINAL CORD COMPRESSION",neurological
S/P MCA,neurological
ACTIVE HEMOPTYSIS,respiratory
BRADYCARDIA WITH MENTAL STATUS CHANGES,cardiovascular
INGUINAL & UMBILICAL HERNIA,gastrointestinal
MITRAL STENOSIS\TRANSESOPHAGEAL ECHOCARDIOGRAM;MITRAL VALVULOPLASTY,cardiovascular
CHEST PAIN; ACUTE MI\CATH,cardiovascular
SUPERIOR VENA CAVA SYNDROME\VENOGRAM;THROMBOLISIS/SDA,cardiovascular
HERNIA;SMALL BOWEL OBSTRUCTION,gastrointestinal
CHOLANGITIS;MOBITZ TWO,infectious
CHEST PAIN;NON-Q WAVE MI,cardiovascular
TRAUM,trauma_injury
CAD & MR\CORONARY ARTERY BYPASS GRAFT WITH MVR REDO VIA STERNOTOMY/SDA,cardiovascular
BLUNT TRAUMA;HAND FRACTURE;LACERATION,trauma_injury
"R/O MI, FEVER",symptoms_unspecified
ATHEROSCLEROSIS OF EXTREMITY ANGIOGRAM,cardiovascular
HYPERTENSIVE;BLEEDING,cardiovascular
UREMIA;TELEMETRY,renal
CARDIAC TAMPONADE/ PNEUMOTHORAX,cardiovascular
NON ST ELEVATED MYOCARDIAL INFARCTION\CATH,cardiovascular
AORLTIC STENOSIS\AORTIC VALVE REPLACEMENT,cardiovascular
CARDIOGENIC SHOCK;PULMONARY EMBOLIS,cardiovascular
CORONARY ARTERY DISEASE\CAROTID ANGIOGRAM,cardiovascular
PNEUMOMEDIASTINUM;RHABDO;GASTROINTESTINAL BLEED,respiratory
AORTIC STENOSIS;ANGINA\CARDIAC CATH,cardiovascular
AORTIC INSUFFICIENCY\APICO AORTIC VALVE CONDUIT/SDA,cardiovascular
LEFT CAROTID STENOSIS\LEFT CAROTID ANGIOGRAM;POSSIBLE STENT PLACEMENT,cardiovascular
TRACHEOMALACIA\ RIGID BRONCHOSCOPY WITH STENT REMOVAL; LASER RESECTION/SDA,respiratory
AORTIC ULCERATION,cardiovascular
REFRACTORY GI BLEED,gastrointestinal
DIABETES MELLITUS-PRE-OP PANCREAS TRANSPLANT,endocrine_metabolic
MITRAL VALVE REGURGITATION\MITRAL VALVE REPLACEMENT; ? TVR,cardiovascular
"AVR\AORTIC VALVE REPLACEMENT, RE-DO/SDA",cardiovascular
AORTIC VALVE STENOSIS\AORTIC VALVE REPLACEMENT; W/MAZE,cardiovascular
REFRACTORY ASCITES,hepatobiliary
"AORTIC STENOSIS\AORTIC VALVE REPLACEMENT, ? BENTAL PROCEDURE, ?CORONARY ARTERY BYPASS GRAFT /SDA",cardiovascular
MITRAL REGURGITATION\ AORTIC & MITRAL VALVE REPLACEMENT/SDA,cardiovascular
RIGHT THYROID NEOPLASM/SDA,oncology
R/O MENINGOENCEPHALITIS,infectious
LUNG CANCER;WEAKNESS,oncology
S/P MI\LEFT HEART CATH,cardiovascular
MYOCARDIAL INFARCTION;ST ELEVATED MYOCARDIAL INFARCTION,cardiovascular
LUNG CANFER;CHRONIC OBST PULM DISEASE;PNEUMONIA,oncology
"CHRON'S DISEASE, NAUSEA, ANEMIA",gastrointestinal
LEFT SIDED WEAKNESS;2/2 BRAIN MASS,neurological
UROSEPSIS;NSTEMI,infectious
BRIGHT RED BLOOD BANITING/HEMIPTHSIS,respiratory
SKULL BASE MENINGIOMA/SDA,oncology
OPEN WOUND SCALP/SDA,trauma_injury
SCOLIOSIS /SDA,musculoskeletal
S/P MOTORCYCLE ACCIDENT;BLUNT TRAUMA,trauma_injury
HEPATIC ENCEEPHALOPATHY,hepatobiliary
HEART DISEASE,cardiovascular
PULMONARY VALVE DISORDER\REDO PULMONARY VALVE REPLACEMENT /SDA,cardiovascular
SDH/SAH/ETOH WITHDRAWL,neurological
NEW PERICARDIAL EFFUSION,cardiovascular
PROBABLE PNA,infectious
PERICARDITIS;TELEMETRY,cardiovascular
ASTHMA;COPD EXACEREBATION,respiratory
NON Q MI;COPD\CATH,cardiovascular
GULLIAN BARRE,neurological
SUBDURAL HEMATOMA;RIGHT GLUTEAL HEMATOMA,trauma_injury
AORTIC STENOSIS;MITRAL INSUFFIENCY;CONGESTIVE HEART FAILURE,cardiovascular
FEVER OF UNKNOWN ORIGEN;JAUNDICE,infectious
SP FALL,trauma_injury
ATRIAL SEPTAL DEFECT\ REPAIR ATRIAL SEPTAL DEFECT LIMITED ACCESS,cardiovascular
SYNCOPE;ATRIAL FIBRILLATION\PACEMAKER IMPLANT/SDA,cardiovascular
C-SPINE BURST FRACTURE,trauma_injury
ACUTE RENAL FAILURE;HEART FAILURE;MITRAL REGURGITATION,renal
S/P APPY LARGE LEG PE,postoperative_surgical
STATUS POST C5-T2 FUSION;STATUS POST FALL WITH FRACTURE,trauma_injury
RENAL INSUFFICIENCY;HYPERTENSION,renal
AORTIC STENOSIS\AORTIC VALVE REPLACEMENT; REPAIR,cardiovascular
CHEST PAIN R/O ISCHEMIA,cardiovascular
SEPSIS;ILEUS;RESPIRATORY FAILURE,infectious
CONGESTIVE HEART FAILURE; NEW LEFT BUNDLE BRANCH BLOCK,cardiovascular
SVC SYNDROME \ UPPER STERNAL SPLIT; LEFT SUBCLAVIAN TUBE; RIGHT ATRIAL BYPASS/SDA,cardiovascular
ATRIAL FIBRIALLTION;CONGESTIVE HEART FAILURE,cardiovascular
HEPATOCELLULAR CARCINOMA\CHEMO EMBOLIZATION/SDA,oncology
ABDOMINAL PAIN;INABILITY TO TOLERATE PO,symptoms_unspecified
"SUBDURAL HEMATOMA,CRF,L WRIST FX",trauma_injury
"CARDIOGENIC,S/P MI, SHOCK, VF ARREST",cardiovascular
ABDOMINAL PAIN INCREASED BILIRUBIN,hepatobiliary
RIGHT PLEURAL EFFUSION;LOWER EXTREMITY EDEMA,respiratory
S/P MOTOR VEHICLE ACCIDENT-CHEST TRAUMA,trauma_injury
HIP DYSPLASIA WITH A POSSIBLE LABIAL TEAR/SDA,musculoskeletal
SCIATIC NEUROPATHY,neurological
"CELLULITIS, NECK/SDA",infectious
SLURRED SPEECH,symptoms_unspecified
PNEUMONIA;OVERDOSE,infectious
MEDIAL STINAL TUMOR/SDA,oncology
ETOH WITHDRAWAL;SHORTNESS OF BREATH,psychiatric
DEHYDRATION;METASTATIC COLON CANCER,oncology
CONGESTIVE HEART FAILURE;PNEUMONIA;URINARY TRACT INFECTION,cardiovascular
? CARDIOMYOPATHY,cardiovascular
AORTIC STENOSIS;SHORTNESS OF BREATH; PERIPHERAL VASCULAR DISEASE\RIGHT AND LEFT HEART CATH,cardiovascular
CORONARY ARTERY DISEASE; ACUTE CORONARY SYNDROME\CORONARY STENT,cardiovascular
SEIZURE;GLIOBLASTOMA MULTIFORME,neurological
OSTEOMYLITIS;SEPSIS,infectious
STROKE.TIA,neurological
NON ST MI\CATH,cardiovascular
TACHYCARDIA;PNEUMONIA,cardiovascular
DURAL AVM\ CEREBRAL ANGIOGRAM WITH COILING/SDA,neurological
CELLULITIS LEFT WRIST AND ANKLE,infectious
SHORTNESS OF BREATH;ANEMIA;TELEMETRY,cardiovascular
INTRAPARENCHYMAL,neurological
"S/P FALL,FRONTAL CONTUSIONS,R RIB/WRIST FX",trauma_injury
S/P FALL-NECK LACERATION-SUBARACHNOID HEMATOMA,trauma_injury
PARSPINAL TUMOR/SDA,oncology
POST PARTUM FEVER,pregnancy_obstetric
NON QWAVE MI,cardiovascular
CECUM PERFORATION,gastrointestinal
ACUTE CHOLEYCYSTITIS,hepatobiliary
CHEST PAIN;NON Q MI\CATH,cardiovascular
"LUNG CA,AIRWAY OBSTRUCTION",oncology
MITRAL STENOSIS\MINIMALLY INVASIVE VS STERNOTOMY MVR/SDA,cardiovascular
S/P MOTOR VEHICLE ACCCIDENT,trauma_injury
CEREMROVASCULAR ACCIDENT,neurological
PERFORATED ANUS,gastrointestinal
PULMONARY EMBOLIS-DIABETIC KETOACIDOSIS,respiratory
CEREBRAL ARTERIOVENOUS MALFORMATION/SDA,neurological
"VOMITTING, DEHYDRATION, DIARRHEA",gastrointestinal
ICH/SAH,neurological
TACHYCARDIA;GASTROINTESTINAL BLEED,cardiovascular
OVARIAN CANCER;NAUSEA;VOMITING;RULE OUT OBSTRUCTION,oncology
GASSTROINTESTINAL BLEED,gastrointestinal
"LITHIUM TOXICITY,SCHIZOPHRENIA",toxicology_poisoning
ACCENDING AORTIC ANEURSYM\ASSCENDING AORTA REPLACEMENT/ MAZE/SDA,cardiovascular
CA ANTRUM OF STOMACH/SDA,oncology
"CHF EXACERBATION,R/O MI",cardiovascular
GANGRENE BILATERAL LOWER EXTREMITIES,cardiovascular
"ALTERED MS, UROSEPSIS",infectious
SYMPTOMATIC PERIRENAL ANEURYSM,renal
DEPRESSION W/SUICIDIAL IDEATION,psychiatric
ESOPHAGEAL ADENOMA CARCINOMA/SDA,oncology
ANGIO,other
TRACHEOESOPHEAL FISTULA,respiratory
INTRACRANIAL HEMORRHAGE-HYPOTENSION,neurological
FREE AIR IN ABDOMEN,gastrointestinal
RENAL TRANSPLANT,renal
PULSELESS FOOT;TELEMETRY,cardiovascular
LIVER LESION\RADIOFREQUENCY ABLATION OF LIVER LESION ** REMOTE WEST **,hepatobiliary
RIGHT ROTATOR CUFF TEAR;POORBLOOD GASES;TELEMETRY,musculoskeletal
UPPER RESPIRATORY INFECTION;PYELONEPHRITIS,infectious
ALTERED MENTAL STATUS;MENINGITIS,infectious
MVR\MITRAL VALVE REPLACEMENT,cardiovascular
AORTIC STENOSIS;MR\ AORTIC AND MITRIAL VALVE REPLACEMENT/SDA,cardiovascular
AORTIC STENOSIS\AVR?; MVR? CORONARY ARTERY BYPASS GRAFT,cardiovascular
UTERINE RUPTURE\D&C,pregnancy_obstetric
URINARY TRACT INFECTION;R/O MRSA,infectious
MITRAL REGURGITATION\MITRAL VALVE REPLACEMENT/REPAIR,cardiovascular
AORTIC STENOSIS\AORTIC VALVE REPLACEMENT; ? MITRAL VALVE REPLACEMENT/SDA,cardiovascular
RIGHT MIDDLE LOBE COLLAPSED;SEPSIS/SDA,respiratory
C. DIFF COLITIS;HYPOTENSION,infectious
NEUROCYSTERCYCOSIS,infectious
AORTIC VALVE DISORDER\RE-DO STERNOTOMY; BENTAL PROCEDURE/SDA,cardiovascular
MULTIPLE INGESTIONS,toxicology_poisoning
SP DEPRESSED SCULL FX,trauma_injury
CONGESTIVE HEART FAILURE; SHORTNESS OF BREATH,cardiovascular
CORONARY ARTERY DISEASE\AORTIC VALVE REPLACEMENT; MINIMALLY INVASIVE/SDA,cardiovascular
CAROTID STENOSIS;INTRACRANIAL STENT PLACEMENT,cardiovascular
AORTIC VASCULAR TIME/SDA,cardiovascular
PULMONARY CONTUSION,trauma_injury
DUODENAL OBSTRUCTION,gastrointestinal
BRAIN METASTASIS/LESION/SDA,oncology
VENTURAL HERIA,postoperative_surgical
AORTIC STENOSIS\AORTIC VALVE REPLACEMT / ? ASCENDING AORTA  /SDA,cardiovascular
LEFT CAROTID ARTERY DISEASE\LEFT CAROTID ANGIOGRAM;POSSIBLE STENT PLACEMENT,cardiovascular
STATUS EPILEPTIOUS,neurological
BARRET ESOPHAGUS/SDA,gastrointestinal
PRIMARY SCLEROSING CHOLANGITIS,hepatobiliary
CIRRHOSIS BACTEREMIA;VANCOMYCIN RESISTANT ENTEROCOCCUS;METHICILLIN RESISTANT STAPH AUREUS,infectious
CERBRAL VASCULAR ACCIDENT,neurological
MITRAL VALVE INSUFFIENCY\MITRAL VALVE REPLACEMENT W/ MAZE,cardiovascular
RULE-OUT MYOCARDIAL INFARCTION;TELEMETRY;RIGHT PNEUMOTHORAX,cardiovascular
THROMBOCYTOPENIA/ANEMIA/?SEPSIS,hematologic
SCLEROSING CHOLANGITIS,hepatobiliary
AORTIC REGURGITATION\AORTIC AND MITRAL VALVE REPLACEMENT /SDA,cardiovascular
ALTERED MENTAL STATUS;HEAD INJURY;HYPERCARBIA,neurological
CHEST PAIN;CORONARY ARTERY DISEASE\LEFT HEART CATH,cardiovascular
CHF/SOB,cardiovascular
RENAL FAILURE;CHEST PAIN,renal
BO,respiratory
SINUS PAUSE,cardiovascular
INGESTED GLASS,trauma_injury
CORONARY ARTERY DISEASE\CORONARY ARTERY BYPASS GRAFT; ?? MITRAL VALVE REPLACEMENT,cardiovascular
"CRITICAL AS , LEFT MAIN",cardiovascular
S/P HERNIA REPAIR,postoperative_surgical
CORONARY ARTERY DISEASE; DYSPNEA; POSITIVE STRESS TESST FOR ISCHEMIA\LEFT HEART CATHETERIZATION,cardiovascular
PRE-OP FOR MVR ON 1/21/02,postoperative_surgical
"NQWMI,CRI,AS,CHF\LEFT HEART CATHETERIZATION",cardiovascular
RT PARICTO-OCCIPATAL HEMORRHAGIC STROKE,neurological
BRADYCARDIA;RENAL FAILURE,cardiovascular
DIABETICE KETOACIDOSIS;STATUS POST RENAL TRANSPLANT,endocrine_metabolic
LEFT LEG CELLULITIS\COLONOSCOPY,infectious
"BARRETT'S ESOPHAGUS, HIGH GRADE DYSPHAGIA/SDA",gastrointestinal
"CONGESTIVE HEART FAILURE, A-FIB",cardiovascular
RIGHT UPPER LOBE LUNG NODULE/SDA,oncology
C6-7 TUMOR/SDA,oncology
SYMPTOMATIC CAROTID STENOSIS RIGHT,cardiovascular
SEVERE MITRAL REGURGITATION\MITRAL VALVE REPLACEMENT MINIMALLY INVASIVE APPROACH/SDA,cardiovascular
ABDOMINAL PAIN-RENAL INSUFFICIENCY,renal
RIGHT THALMIC HEMORRHAGE,neurological
NECROTZING FASCIITIS,infectious
ETOH INTOXICATION;DIVERTICULITIS,toxicology_poisoning
AORTIC STENOSIS\AORTIC VALVE REPLACEMENT; ?ASCENDING AORTA REPLACEMENT/SDA,cardiovascular
SUBDURAL HEMATOMA;SAH;GASTROINTESTINAL BLEED,neurological
DEMENTIA;CONGESTIVE HEART FAILURE;CHRONIC ATRIAL FIBRILLATION;C2 FRACTURE;HIP FRACTURE,neurological
S/P GUN SHOT WOUND-COCAINE OVERDOSE,trauma_injury
HYPOXIA;A-FIB,cardiovascular
CONGESTIVE HEART FAILURE; HYPERCARBIC RESP FAILURE,cardiovascular
SUBDURAL COLLETION/SDA,neurological
"THORACIC ASCENDING AORTIC ANEURYSM\RESECTION; AORTIC ASCENDING ANEURYSM, REPLACEMENT PROXIMAL ARCH/SDA",cardiovascular
AORTIC INSUFFICIENY\AORTIC VALVE REPLACEMENT  BENTAL PROCEDURE  ASCENDING AORTA/SDA,cardiovascular
ICH/STROKE,neurological
DISTAL BILE DUCT TUMOR/SDA,oncology
NECK PAIN;ARM PAIN,musculoskeletal
UPPER EXTREMITY THROMBOSIS,hematologic
"CAD, CAROTID STENOSIS LEFT\CORONARY ARTERY BYPASS GRAFT  ENDARTERECTOMY CAROTID LEFT/SDA",cardiovascular
? SEPTIC ARTHRITIS,infectious
RECURRENT HIATAL HERNIA/SDA,gastrointestinal
CAROTID STENOSIS\CARITID ANGIO,cardiovascular
MULTIPLE SCLEROSIS;DEEP VEIN THROMBOSIS;MENTAL STATUS CHANGES,neurological
PNEUMO FIBROSIS,respiratory
TRACHEAL BRONCHOMALASIA,respiratory
ADENOID CYSTTIC CARCINOMA/SDA,oncology
RIGHT HIP FRACTURE;LOWER EXTREMITY CELLULITIS,trauma_injury
MITRAL INSUFFICIENCY\RE STERNOTOMY VS RIGHT THORACOTOMY; MITRAL VALVE REPLACEMENT,cardiovascular
RIGHT SHOULDER FRACTURE/SDA,trauma_injury
GALLBLADDER MASS,hepatobiliary
"FASCIITIS,RT LEG",infectious
CELLULITIS; MENTAL STATUS CHANGES,infectious
ETOH CIRRHOSIS;GASTROINTESTINAL BLEED,hepatobiliary
S/P REINPLANT RIGHT INDEX FINGER,trauma_injury
CHRONIC OBST PULM DISEASE;TELEMETRY,respiratory
AORTIC VALVE DISORDER\RE-DO STERNOTOMY; REPAIR OF ASCENDING AORTA ? ANEURYSMAL; ? REPLACEMENT OF ASCENDING AORTA; ? BENTAL PROCEDURE /SDA,cardiovascular
"HEADACHE,R/O SUBARACHNOID HEMORRHAGE",neurological
PVD\AA R UNOFFS,cardiovascular
CORONARY ARTERY DISEASE\LEFT ANTERIOR DESCENDING PERCUTANEOUS CORONARY INTERVENTION,cardiovascular
JAUNDICE;S/P ERCP;UNRESOLVED BILIARY OBSTRUCTION,hepatobiliary
UPPER GASTROINTESTINAL BLEED;ALTERED MENTAL STATUS,gastrointestinal
CARDIAC DISEASE;CATH,cardiovascular
PNEUMONIA;FEVER;TACHYCARDIA,infectious
"RIGHT,LEFT EX-FIX HOWEDIC",trauma_injury
CERVICAL SPINE DISLOCATION,trauma_injury
RF,renal
CORONARY ARTERY DISEASE;PULMONARY EDEMA\ANGIOPLASTY,cardiovascular
CONGESTIVE HEART FAILURE;HYPERKALEMIA;ALTERED MENTAL STATUS;TELEMETRY,cardiovascular
LUMBAR DISC HERNIATION L3/SDA,musculoskeletal
SMALL BOWEL OBSTRUCTION;HYPOXIA,gastrointestinal
OA LEFT KNEE,musculoskeletal
?PCP PNEUMONIA VS. COPD EXACERBATION,respiratory
CIRRHOSIS FOR TIPSS\TIPSS,hepatobiliary
PRIMARY PULMONARY HYPERTENSION\SWAN-GANZ CATHERER PLACEMENT,cardiovascular
BRADICARDIA;RENAL FAILURE,renal
POSTERIOR FOSSA BLEED,neurological
BRAIN STEM CVA,neurological
"GASTROPARESIS,HYPERTENSION",gastrointestinal
AORTIC STENISIS\AORTIC VALVE REPLACEMENT; MINIMALLY INVASIVE/SDA,cardiovascular
PNEUMOTHORAX;SYCOPE;C SPINE FRACTURE,trauma_injury
SORE THROAT;IMMUNOSUPRESSION,infectious
"DKA, R/O MI",endocrine_metabolic
PNEUMONIA;SEPSIS;TELEMETRY,infectious
METASTATIC BRAIN CANCER,oncology
"SDH, S/P FALL",trauma_injury
S/P PLEUROSCOPY WITH PLEURIDESIS;CHEST TUBE PLACEMENT;PLEURX CATHETER PLACEMENT;PNEUMOTHORAX,postoperative_surgical
FEVER;PNEUMONIA,infectious
"DYSPNEA,HYPOXIA",respiratory
L2 COMPRESSION FRACTURE;HYPOTENSION,trauma_injury
CHEST PAIN;TELEMETRY;? PARTIAL SBO,cardiovascular
"S/P FALL 30FT, UNRESPONSIVE",trauma_injury
SEIZURE;STROKE;TELEMETRY;TELEMETRY,neurological
MITRAL REGURGITATION\AORTIC AND MITRAL VALVE REPLACEMENT /SDA,cardiovascular
L ARM INFECTION,infectious
MITRAL STENOSIS\MITRAL VALVE REPLACEMENT/ MAZE; ? CORONARY ARTERY BYPASS GRAFT WITH,cardiovascular
"URINARY TRACT INFECTION, SYNCOPE, DKA",endocrine_metabolic
CRITICAL AORTIC STENOSIS;TRANSPLANT EVALUATION,cardiovascular
TRACHEAL STENOSIS\BRONCHOSCOPY FLEXIBLE AND RIGID; BALLOON DILATION,respiratory
SPINAL ARTERIOVENOUS MALFORMATION,neurological
METASTATIC SQUAMOS CELL RIGHT NECK/SDA,oncology
"SEPSIS,PNEUMONIA,SMALL BOWEL OBSTRUCTION",infectious
GUILLIAN BARRE SYNDROME,neurological
BREAST CANCER WITH BRAIN METASTASIS,oncology
EXTERNAL FIXATION LEFT TIBIAL FRACTURE,trauma_injury
HEPARIN INDUCED THROMBOCYTOPENIA,hematologic
MYASTHENIA GRAVIS;TELEMETRY,neurological
NECK PHLEGMON,infectious
COLON MASS/SDA,oncology
POST OP KNEE INFECTION,postoperative_surgical
SECOND DEGREE AV BLOCK,cardiovascular
L LUNG COLLAPSE,respiratory
S/P MOTOR VEHICLE ACCIDENT;SUBDURAL HEMATOMA,trauma_injury
CORONARY ARTERY DISEASE\CORONARY ARTERY BYPASS GRAFT? WITH MVR REDO /SDA,cardiovascular
THORACIC ANEURYSM\REPLACEMENT OF ASCENDING AORTIC / HEMI ARCH UNDER DEEP HYPOTHERMIC CIRCULATORY ARREST /SDA,cardiovascular
CORONARY ARTERY DISEASE\CORONARY ARTERY BYPASS GRAFT W/ BILATERAL MAMMARY/SDA,cardiovascular
CRANI,neurological
SADDLE PULMONARY EDEMA,cardiovascular
BACK WOUND,trauma_injury
TACHYPNEA;TELEMETRY,respiratory
THIGH HEMATOMA; TRANSFUSION REACTION,hematologic
CHF;OVARIAN CANCER;TELEMETRY;WEAKNESS,cardiovascular
POST-POLYPECTOMY BLEED,gastrointestinal
MR;AF\MITRAL VALVE REPLACEMENT; MAZE PROCEDURE/SDA,cardiovascular
"DIG. TOXICITY,BRADYCARDIA",toxicology_poisoning
RULE-OUT MYOCARDIAL INFARCTION;CONGESTIVE HEART FAILURE;ACUTE RENAL FAILURE,cardiovascular
CEREBRAL ANIOGRAM,neurological
0681,other
CERVICAL SPONDYLOSIS,musculoskeletal
T8 FRACTURE AND HEMOTHORAX,trauma_injury
DILATION AND EVACUATION;DILATION AND CURETTAGE,pregnancy_obstetric
DYSPNEA;CORONARY ARTERY DISEASE;ANGINA\LEFT HEART CATH,cardiovascular
"RLE CELLULITIS, LIVER FAILURE",infectious
HYPOGLCEMIA;FEVER;HYPERKALEMIA,endocrine_metabolic
FOREIGN  BODY IN STOMACH,gastrointestinal
ESOPH CA; FB IN ESOPH,oncology
"MELANOMA, LEFT FACIAL REGION/SDA",oncology
SEPSI,infectious
HYPERTROPHIC OBSTRUCTIVE CARDIOMYOPATHY\ETHENOL SEPTAL ABLATION,cardiovascular
DYSPNEA;TELEMTRY,symptoms_unspecified
URINARY TRACT INFECTION;HEMATEMASIS,infectious
LEFT MAIN DISEASE;CAD,cardiovascular
S/P FALL-CHEST HEMATOMA-POSSIBLE TRAUMA TO KIDNEY,trauma_injury
"TE FISTULA,ASPIRATION",gastrointestinal
CHF;AORTIC STENOSIS,cardiovascular
SOB;HYPOTENSION,symptoms_unspecified
ETOH WITHDRAWAL;SEIZURE;HYPOTHERMIA,neurological
UPPER GASTROINTESTINAL,gastrointestinal
FEVER;DEHYDRATION;NECK MASS,symptoms_unspecified
NON-Q WAVE MYOCARDIAL INFARCTION\CARDIAC CATH,cardiovascular
ATRIAL FIBRILLATION;(+) TRAPONIN,cardiovascular
"L ANEURYSM,S/P ANGIOGRAM",cardiovascular
THYROID TUMOR MALIGNANT/SDA,oncology
SKULL FX; INTRACRANIAL,trauma_injury
TRIPLE AAA;TELEMETRY,cardiovascular
BEHYDRATION,symptoms_unspecified
"INTRACRANIAL HEMORRHAGE, SYNCOPE",neurological
SEPSIS;URINARY TRACT INFECTION;PNEUMONIA,infectious
CORONARY ARTERY DISEASE\CORONARY ARTERY BYPASS GRAFT;? ASCENDING AORTA/SDA,cardiovascular
LEFT INTERNAL CAROTID ARTERY ANEURYSM/SDA,cardiovascular
HYPOTENSION;UROSEPSIS;ACUTE RENAL FAILURE,renal
S/P TOTAL COLECTOMY,postoperative_surgical
S/P FALL-MULTIPLE INJURIES,trauma_injury
SUICIDE ATTEMPT;GLASS IN GI TRACT,psychiatric
T-SPINE ABCESS; KYPHOSIS,musculoskeletal
INFECTED LEFT TOE ULCER,infectious
BLEEDING BRAIN METS,oncology
CLAUDICATION\R ILIAC ANGIO WITH SWAN GANZ,cardiovascular
"UNRESPONSIVENESS, CVA VS. SEIZURE",neurological
PELVIC FRACTURE;HUMERUS FRACTURE,trauma_injury
GASTROINTESTINAL BLEED/JAUNDICE,gastrointestinal
OCCLUDED GRAFT/SDA,cardiovascular
FRACTURES THORACIC AND LUMBAR/SDA,trauma_injury
OA BILATERAL KNEE/SDA,musculoskeletal
RIGHT THALAMIC BLEED,neurological
+ETT;DYSPNEA\CATH,symptoms_unspecified
CHRONIC MYELOID LEUKEMIA;LEFT FOOT OSTEOMYELITIS,hematologic
UNSTABLE ANGINA; ELEVATED TROPONIN\CATH,cardiovascular
BLADDER OUTLET OBSTRUCTION/SDA,genitourinary
"SEPSIS,RENAL FAILURE",renal
"BARRETT'S ESOPHAGUS, HIGH GRADE DYSPLASIA/SDA",gastrointestinal
END ST ELEVATED MYOCARDIAL INFARCTION,cardiovascular
HERNIA STRANGULATION,gastrointestinal
MYCOPLASMA;PNEUMONIA,infectious
"HEPATITIS C, CIRRHOSIS/SDA",hepatobiliary
SEIZURE;BRAIN METS,neurological
INTRACRANIAL HEMMORRHAGE;TELEMETRY,neurological
ALCOHOLIC LIVER FAILURE,hepatobiliary
ACUTE CORONARY ARTERY SYNDROME,cardiovascular
SEIZURE;? CVA,neurological
LOWER EXTREMETY EDEMA;CONGESTIVE HEART FAILURE,cardiovascular
"VENTRAL HERNIA, ABDOMINAL PANNUS",gastrointestinal
OVARIAN CA; ASCITES,oncology
ANEMIA;S/P MI,hematologic
CHF & ANKLE INFECTION,cardiovascular
TOE GANGRENE;R/O MI,cardiovascular
S/P MOTOR VEHICLE ACCIDENT-SPLENIC LACERATION',trauma_injury
LIVER FAILURE;S/P LIVER TRANSPLANT,hepatobiliary
ANGINA;+ STRESS TEST\CATH,cardiovascular
LUNG CANCER /SDA,oncology
MITRAL VALVE INSUFFICIENCY\MITRAL VALVE REPLACEMENT REDO /SDA,cardiovascular
METHEMOGLOBINEMIA;ACUTE RENAL FAILURE,renal
ANGINA;NON-SUSTAINED VENTRICULAR TACHYCARDIA;ASCITES\CARDIAC CATH,cardiovascular
EPIDURAL ABSCESS;TELEMETRY,infectious
LIVER FAILURE-TYLENOL OVERDOSE,toxicology_poisoning
AORTIC ANEURYSM \ASCENDING AORTA * HEMI ARCH REPLACEMENT /SDA,cardiovascular
CHOLELITHIASIS; INCISIONAL HERNIA/SDA,gastrointestinal
PNEUMONIA-R/O MYOCARDIAL INFARCTIOM,respiratory
RULE-OUT MYOCARDIAL INFARCTION;TELEMETRY;S/P FALL,cardiovascular
GASTROINTESTINAL BLEED;RULE-OUT MYOCARDIAL INFARCTION;TELEMETRY;ST DEPRESSION,cardiovascular
GASTROINTESTINAL BLEED;,gastrointestinal
"SHORTNESS OF BREATH,R/O MI",cardiovascular
MR\MITRAL VALVE REPLACEMENT MINIMALLY INVASIVE /SDA,cardiovascular
BRONCHOSCOPY;RE-INTUBATION FOR LOW TIDAL VOLUME,respiratory
AORTIC VALVE DISORDER\CORONARY ARTERY BYPASS GRAFT WITH AVR /SDA,cardiovascular
MITRAL REGURGE;TRICUSPID REGURGE,cardiovascular
C6 SPINOUS FRACTURE,trauma_injury
SUBARACHNOID HEMATOMA; C7-FRACTURE,trauma_injury
"ETOH, INTUBATED",toxicology_poisoning
TACHYCARDIA;HYPOTENSION,cardiovascular
"TRAUMATIC BRAIN INJURY,ALCOHOL INTOXICATION",trauma_injury
TIA;CEREBRAL STENOSIS;TELEMTRY,neurological
"SUBDURAL, PELVIC FRACTURE",trauma_injury
MITRAL STENOSIS\MITRAL VALVE REPLACEMENT; TRICUSPIC VALVE REPLACEMENT; MAZE,cardiovascular
HYPOGLYCEMIA/HYPOKALEMIA,endocrine_metabolic
RENAL ARTERY THROMBOSIS,renal
COPD/PNA,respiratory
LOWER EXTREMITY CRUSH INJURIES,trauma_injury
JUNCTIONAL BRADCARDIA,cardiovascular
LEFT HEMI COLECTOMY,postoperative_surgical
HYPOGLYCEMIA;ALTERED MENTAL STATUS;TELEMETRY,endocrine_metabolic
PARIETAL MASS,oncology
GASTROINTESTINAL BLEED;ACUTE CORONARY SYNDROME,cardiovascular
HYPOXEMIA;HYPOTENSION;CONGESTIVE HEART FAILURE;HYPERKALEMIA,cardiovascular
PATENT FORAMEN OVALE,cardiovascular
PELVIC ORGAN PROLAPSE /SDA,genitourinary
L SUBDURAL HEMATOMA,trauma_injury
MITRAL STENOSIS;ATRIAL FIBRILLATION\CATHETERIZATION;INITIATION OF ANTIARRHYTHMIC MEDICATION DOFETILIDE/SDA,cardiovascular
HEAD BLEED WITH SHIFT,neurological
CORONARY ARTERY DISEASE;CHEST PAIN;RULE-OUT MYOCARDIAL INFARCTION;TELEMETRY\MULTIVESSEL STENTING,cardiovascular
S/P MVC;SUBARACHNOID HEMORRHAGE,trauma_injury
"MITRAL VALVE INSUFFICENCY\MITRAL VALVE REPLACEMENT; TRICUSPID VALVE REPLACEMENT; ? CORONARY ARTERY BYPASS GRAFT, ? MAZE",cardiovascular
MITRAL VALVE PROLAPSE;NEW ONSET ATRIAL FIBRILLATION\CATH,cardiovascular
LOWER LEG ISCHEMIA; ACUTE RENAL FAILURE,renal
REPEAT CABG,cardiovascular
PNEUMONIA;ZOSTER RASH,infectious
PANCREATIC MASS /SDA,oncology
RIGHT INGUNAL HERNIA,gastrointestinal
"HYPOXIA,HYPOTENSION",symptoms_unspecified
CHEST APIN;CORONARY ARTERY DISEASE\CARDIAC CATH,cardiovascular
TRAUMA-HEAD INJURY,trauma_injury
SUBDURAL HEMATOMA;FALL,trauma_injury
FLANK PAIN;HYPOTENSION,symptoms_unspecified
CORONARY ARTERY DISEASE;MR;AORTIC STENOSIS\CORONARY ARTERY BYPASS GRAFT;AORTIC VALVE REPLACEMENT;MITRAL VALVE REPLACEMENT/SDA,cardiovascular
PAROXYSMAL VENTRICULAR TACHYCARDIA\VENTRICULAR TACHYCARDIA ABLATION  ICD LEAD EXTRACTION/REIMPLANT /SDA,cardiovascular
CAROTID ARTERY STENOSIS\CAROTID ANGIOGRAM  AND STENT,cardiovascular
NON-ST SEGMENT ELEVATION MYOCARDIAL INFARCTION;GI BLEED ;PNEUMONIA,cardiovascular
INTRACRANIAL BLEEDING MASS;TELEMETRY,neurological
SEPSIS VS CARDIOGENIC SHOCK,infectious
R/O SMALL BOWEL OBSTRUCTION,gastrointestinal
RESP FAILURE-RENAL FAILURE-CONGESTIVE HEART FAILURE,renal
MULTIPLE MYELOMA;SHORTNESS OF BREATH;MEDIASTINAL MASS,oncology
INTRCRANIAL HEMORRHAGE,neurological
AORTIC DISECTION\ REPAIR OF AN ASCENDING AORTIC DISECTION/SDA,cardiovascular
CORONARY ARTERY DISEASE;MITRAL RESURGE,cardiovascular
INCISION DRAINAGE,postoperative_surgical
CHEST PAIN\T,symptoms_unspecified
CORONARY ARTERY DISEASE\CORONARY ARTERY BYPASS GRAFT; MAZE PROCEDURE; LEFT VENTRICULAR LEAD PLACEMENT/SDA,cardiovascular
HYPONATREMIA;HYPERKALEMIA;WEAKNESS;BREAST CANCER,oncology
COLON CANCER\CHEMOTHERAPY,oncology
ATRIAL FIBRILLATION\TRANSESOPHAGEAL ECHOCARDIOGRAM;CARDIOVERSION,cardiovascular
CORONARY ARTERY DISEASE\CORONARY ARTERY BYPASS GRAFT  ENDARTERECTORY FEMORAL RIGHT/SDA,cardiovascular
FLARE OF ULCERATIVE CHOLITIS;STATUS POST VATS PROCEDURE,gastrointestinal
BILATERAL DVT,hematologic
ATRIAL AFRIBILLATION\BILATERAL THORACOSCOPIC MINI MAZE PROCEDURE WITH LEFT ATRIAL APPENDAGE RESECTION,cardiovascular
CP.+ETT\LEFT HEART CATHETERIZATION,cardiovascular
VTACH\EP STUDY,cardiovascular
? TB,infectious
RESPIRATORY FAILURE;CARDIAC ARREST,respiratory
GI BLEED;,gastrointestinal
S/P MOTOR VEHICLE CRASH WITH SUBRACHNOID HEMORRHAGE,trauma_injury
CHR;AFIB WITH RVR,cardiovascular
POST MI;HYPERGLYCEMIA,cardiovascular
R/O CVA;SYNCOPE,neurological
ACENDING AORTIC ANEYRYS\BENTAL PROCEDURE /SDA,cardiovascular
ASTHMA W\COPD EXACERBATION,respiratory
HYYPERBILIRUBINEMIA,hepatobiliary
METHICILLIN RESISTANT STAPH AUREUS;FEVER;HYPOTENSION;TELEMETRY,infectious
CHEST PAIN;LATERAL ISCHEMIA\CARDIAC CATH,cardiovascular
CONGESTIVE HEART FAILURE;ATRIAL CLOT,cardiovascular
DELTA MS/HYPERTENSION,cardiovascular
COMPLETE MAINSTEM OBSTRUCTION,respiratory
PNEUMONIA/CONGESTIVE HEART FAILURE/NSTEMI,infectious
R/O CAD;CHEST PAIN\CARDIAC CATH,cardiovascular
AROTIC STENOSIS\AORTIC VALVE / ASCENDING AORTA REPLACEMENT /SDA,cardiovascular
HEAD BLEED;URINARY TRACT INFECTION;PNEUMONIA,neurological
R/O SEPTIC SHOCK,infectious
PRES SYNDROME,neurological
"CP,CARDIOMYOPATHY;RULE OUT CORONARY ARTERY DISEASE\CARDIAC CATH",cardiovascular
SEVERE MR\MITRAL VALVE REPLACEMENT; ? CORONARY ARTERY BYPASS GRAFT,cardiovascular
"LIVER FAILURE, ABDOMINAL PAIN",hepatobiliary
SEPSIS/ CHEST PAIN,infectious
AORTIC VALVE INSUFFICENCY\CORONARY ARTERY BYPASS GRAFT WITH AVR /SDA,cardiovascular
ANGINA\CARDIAC CATHETERIZATION,cardiovascular
HYPERKALEMIA;HYPOTENSION,renal
ACUTE MYOCARDIAL INFARCT\CARDIAC CATH,cardiovascular
AORTIC DISSECTION\AORTIC DISSECTION,cardiovascular
COUGH;DYSPNEA,respiratory
OLIGODENDROGLIOMA RIGHT /SDA,neurological
NON-ST SEGMENT ELEVATION MYCOARDIAL INFRACTION,cardiovascular
POLYSUBSTNACE ABUSE;FOUND DOWN,psychiatric
RENAL CANCER;RESPIRATORY DISTRESS,oncology
? ACUTE MI\CATH,cardiovascular
ESOPHAGEAL PERF,gastrointestinal
INTRA-ABD ABSCESS,infectious
BRAINSTEM STROKE,neurological
PNEUMONIA;HYPOTHERMIA,infectious
S/P MOTOR VEHICAL ACCIDENT,trauma_injury
? SYNCOPE,cardiovascular
STERNAL DEHISCENCE,postoperative_surgical
ATRIAL SEPTAL DEFECT\ MINIMALLY INVASIVE ATRIAL/SEPTAL DEFECT REPAIR/SDA,cardiovascular
CORONARY ARTERY DISEASE;AORTIC STENOSIS;MR\CORONARY ARTERY BYPASS GRAFT; WITH AVR; MITRAL VALVE REPLACEMENT/SDA,cardiovascular
CORONARY ARTERY DISEASE\CORONARY ARTERY BYPASS GRAFT; RADIAL ARTERY RIGHT/SDA,cardiovascular
INFECTED RIGHT THIGH GRAFT,infectious
LYMPHOMA\CHEMOTHERAPY ( ICE),oncology
VETRICULAR FIBRILLATION\LEFT HEART CATH,cardiovascular
LEFT MAIN CARDIAC DISEASE;CORONARY ARTERY DISEASE;ANGINA,cardiovascular
INCARCERATED PARASTOMAL HERNIA,gastrointestinal
"MITRAL DISORDER\MITRAL VALVE REPLACEMENT,HEART PORT MINIMALLY INVASIVE /SDA",cardiovascular
RESPIRATORY FAILURE;KIDNEY FAILURE;METHICILLIN RESISTANT STAPH AUREUS;VRE,infectious
GROSS HEMOPTYSIS,respiratory
GUN SHOT WOUND TO CHEST AND ABDOMEN,trauma_injury
LEFT PATIETAL MASS,neurological
RIGHT SIDED MENINGIOMA/SDA,neurological
OSTEOMYLITIS,infectious
SEZIZURES,neurological
KIDNEY RUPTURE,renal
L1 BURST FRACTURE/SDA,trauma_injury
NASOPHARYNGEAL CARCINOMA,oncology
PARASTOMAL HERNIA,gastrointestinal
HYPERCAPNEIC RESPIRATORY FAILURE,respiratory
CONGESTIVE HEART FAILURE;HYPOTENSION;FEVER,cardiovascular
"CELLULITIS,INABILITY TO URINATE",infectious
ANEMIA;ACUTE RENAL FAILURE,renal
PNEUMONIA-SEPSIS,infectious
MR\CORONARY ARTERY BYPASS GRAFT; WITH MVR/SDA,cardiovascular
NEED GI SCOPE,symptoms_unspecified
HYPOTENSION;ATRIAL FIBRILLATION;TELEMETRY,cardiovascular
3RD AV BLOCK,cardiovascular
FB IN TACHEA,respiratory
DYSPNEA;BRADYCARDIA,symptoms_unspecified
ACUTE PANCREATITIS;ARDS,gastrointestinal
INFERIOR LATERAL MYOCARDIAL INFARCTION,cardiovascular
INTRACRANIAL HEMORRHAGE;C1 FRACTURE,neurological
"CHANGE IN MENTAL STATUS,INTUBATED",neurological
"S/P LIVER TX,NAUSEA,VOMITING",postoperative_surgical
AORTIC STENISIS,cardiovascular
3RD DEGREE HEART BLOCK SARCOID,cardiovascular
AORTIC STENOSIS\AORTIC VALVE REPLACEMENT; ? MITRAL VALVE REPLACEMENT; ? MAZE /SDA,cardiovascular
MULTIPLE PULMONARY EMBOLI,cardiovascular
"OVER DOSE,HYPOXIC RESPIRATORY FAILURE",toxicology_poisoning
NEW ONSET ATRIAL FIBRILLATION,cardiovascular
SP CABG\CATH,cardiovascular
CUSHING SYNDROME HYPERGLYCEMIA,endocrine_metabolic
PER OP LIVER,postoperative_surgical
CHEST PAIN;NON Q-WAVE MYOCARDIAL INFARCTION\CARDIAC CATH,cardiovascular
SEPSIS;ACUTE PANCREATITIS;RENAL FAILURE,infectious
URESPONSIVE,symptoms_unspecified
R/O DISSECTION,cardiovascular
ASCENDING AORTA\RE-DO STERNOTOMY; REPLACEMENT ACCENDING AORTA; TOTAL ARCH PLACEMENT W/ RIGHT AXILLARY & CANNULATION DEEP HYPOTHERMIC ARREST/SDA,cardiovascular
LEFT SUBOCCIPITAL TUMOR/SDA,oncology
"LOWER LOBE NODULE, LEFT LUNG/SDA",oncology
L.LOWER EXTREMITY ARTERIAL OCCLUSION,cardiovascular
CHEST PAIN\CORONARY ANGIOGRAM,cardiovascular
LEFT SIDED HEMIPARESIS,neurological
CORONARY ARTERY DISEASE\LEFT CIRCUMFLEX INTERVENTION,cardiovascular
NECROTIC MASTITIS OF THE RIGHT BREAST,infectious
"GI BLEED,ESOPHAGEAL VARICIES",gastrointestinal
GANGRENOUS RIGHT LEG,infectious
LARGE COLONIC POLYP/SDA,oncology
POST-CONCUSSION SYNDROME,neurological
PRESTHETIC VALVE ENDOCARDITIS;1ST &2ND AV BLOCK,infectious
"LIVER FAILURE,TYLENOL OVERDOSE",toxicology_poisoning
HEMATURIA;RENAL MASS,renal
DESCENDING THORACIC ANEURYSM,cardiovascular
ARTHEROSCLEROSIS WITH ISCHEMIC REST PAIN,cardiovascular
CORONARY ARTERY DISEASE-UNSTABLE ANGINA,cardiovascular
GALLBLADDER FISTULA,hepatobiliary
RUPTURED BLADDER,genitourinary
? STERNAL WOUND INFECTION,infectious
RUPTURED MEMBRANES,pregnancy_obstetric
AORTIC STENOSIS\AORTIC VALVE REPLACEMENT; W/RE-DO STERNOTOMY/SDA,cardiovascular
VASOSPASM,cardiovascular
"FEVER,DIARRHEA,DEHYDRATION",infectious
GANGRENE\ANAGRADE LOWER EXTREMITH ANGIOGRAM,cardiovascular
CAROL'S SYNDROME/SDA,neurological
"MITRAL INSUFFICIENCY\MITRAL VALVE REPLACEMENT,HEART PORT MINIMALLY INVASIVE /SDA",cardiovascular
HYPOKALEMIA/HEPATITIS,hepatobiliary
G-J TUBE PULLED,gastrointestinal
SEVERE DYSMENORRHEA/SDA,pregnancy_obstetric
HEMATOMA-ANEMIA,hematologic
LEFT EMPHYSEMIC PYELONEPHRITIS,renal
"ARDS, UROSEPSIS",infectious
CORONARY ARTERY DISEASE\BiV ICD IMPLANT IN O.R. /SDA,cardiovascular
CLAUDICATOIN\CATH,cardiovascular
HYPERGLYCEMIA/DKA,endocrine_metabolic
"GI BLEED,MI",cardiovascular
BILE DUCT CANCER,oncology
S/P FALL-SEIZURE,trauma_injury
ACUTE SUBDURAL HEMATOMA;SEIZURE,neurological
CORONARY ARTERY DISEASE\BENTALL PROCEDURE;CORONARY ARTERY BYPASS GRAFT,cardiovascular
B-CELL LYMPHOMA\BONE MARROW TRANSPLANT,oncology
CEREBELLER STOKE,neurological
HTN URGENCY/ARF,renal
CHEST PAIN;POST INFARCT ANGINA\CATH,cardiovascular
MR\MITRAL VALVE REPLACEMENT; HEART PORT MINIMALY INVASIVE/SDA,cardiovascular
"CHF, HYPOGLYCEMIA",cardiovascular
PERI RECTAL ABSCESS,infectious
HYPERKALEMIA-ACUTE RENAL FAILURE-RECTAL BLEEDING,renal
RIGHT RIB FRACTURE,trauma_injury
"HYPOXIA, ACUTE RENAL FAILURE",renal
HYPERTENSIVE CRISIS;?ENCEPHALOPATHY,neurological
ATRIAL FIBRILLATION;ESRD,cardiovascular
CORONARY ARTERY DISEASE\REDO STERNOTOMY EPICARDIAL ALBATION FOR VENTRICAL TACHYCARDIA?CORONARY ARTERY BYPASS GRAFT,cardiovascular
FEVER;S/P FALL,infectious
AS\CP,cardiovascular
CN 111 PALSY,neurological
CHEST PAIN;EKG CHANGES,cardiovascular
RIGHT ANKLE ARTHOPATHY/SDA,musculoskeletal
ALS;COMMON BILE DUCT STONE,neurological
NON-Q-WAVE MYOCARDIAL INFARCTION\LEFT HEART CATH,cardiovascular
CHEST PAIN;AORTIC STENOSIS;CORONARY ARTERY DISEASE\RIGHT AND LEFT HEART CATH,cardiovascular
"ETOH WITHDRAWAL,ABD PAIN",psychiatric
TRACH REPLACEMENT,respiratory
ANEMIA; UNABLE TO AMBULATE,hematologic
MITRAL VALVE REGURGITAION\MITRAL VALVE REPLACEMENT,cardiovascular
AKI;HYPERKALEMIA,renal
LEFT PROXIMAL FEMUR; CHONDRO SACOMA/SDA,oncology
RIGHT KNEE FRACTURE,trauma_injury
MYOCARDIAL INFARCTION;ANGINA\CATH,cardiovascular
MENTAL STATUS CHANGE WITH FEVER,infectious
RESPIRATORY FAILURE;TM,respiratory
RIGHT CAROTID STENOSIS\RIGHT CAROTID ANGIOGRAM;ANGIOPLASTY,cardiovascular
HYPOXIA;SHORTNESS OF BREATH;TELEMETRY,respiratory
"HEPATITIS,JAUNDICE",hepatobiliary
PERIPHERAL VASCULAR DISEASE;ISCHEMIA;HYPERTENSION\CATH,cardiovascular
ACUTE BILATERAL SDH,neurological
SEPSIS;MYOCARDIAL INFARCTION,infectious
RECURRENT ENDOMETRIAL SARCOMA/SDA,oncology
"COPD, PNEUMONIA, ACUTE CORONARY SYNDROME",respiratory
ELBOW FRACTURE,trauma_injury
AML/FEVER/DEHYDRATION,hematologic
HYPEROSMOLAR SYNDROME,endocrine_metabolic
HYPERGLYCEMIA-SEIZURE,endocrine_metabolic
STAB WOUND CHEST,trauma_injury
SICK SINUS SYNDROME\PACEMAKER INSERTION,cardiovascular
URINARY TRACK INFECTION;SEPSIS,infectious
SUPRATHERAPEUTIC INR; HYPOTENSION,hematologic
"ATRIAL FIBRILLATION\MINI-MAZE PROCEDURE, PULMONARY VEIN ABLATION,  BILATERAL/SDA",cardiovascular
CORONARY ARTERY DISEASE;SOB;TELEMETRY,cardiovascular
RESPIRATORY FAILURE-ASTHMA FLARE,respiratory
LARGE PFO\ PATENT FORAMEN OVALE/SDA,cardiovascular
FEVER/SHORTNESS OF BREATH,infectious
ST WAVE MYOCARDIAL INFARCTION\CATH,cardiovascular
BRADYCARDIA;RENAL FAILURE;HYPERKALEMIA,renal
VENTRAL HERNIA; SKIN LAXITY ABDOMEN & BREASTS/SDA,other
MR\ MITRAL VALVE REPLACEMENT ; HEART PORT MINIMALLY ; INVASIVE/SDA,cardiovascular
CONFUSION;LOW OXYGEN,symptoms_unspecified
TVR,cardiovascular
FOUND DOWN;ALTERED MENTAL STATUS,symptoms_unspecified
?CAD\CARDIAC CATH,cardiovascular
LEFT FRONTAL MASS;BLEED,neurological
"MR\MITRAL VALVE REPLACEMENT,HEART PORT MINIMALLY INVASIVE; ? CORONARY ARTERY BYPASS GRAFT /SDA",cardiovascular
SEVER HEAD INJURY,trauma_injury
KIDNEY LESION LEFT SIDE/SDA,renal
CHOLANGITIS;SEPTIC SHOCK,infectious
? SEPSIS;S/P PANCREATIC STENT,infectious
NON-HEALING ULCER/SDA,dermatologic
DIABETIC KETOACIDOSIS;GROIN CELLULITIS,endocrine_metabolic
AORTIC ANEURYSM;BACK PAIN,cardiovascular
MET CHOLANGIOCARCINOMA,oncology
SEIZURE-MRSA IN SPUTUM,infectious
HYPERGLYCEMIC HYPEROSMOLAR SYNDROME,endocrine_metabolic
HARDWARE FAILURE/SDA,postoperative_surgical
ASCENDING AORTA\ASCENDING AORTA REPLACEMENT/SDA,cardiovascular
SECONDARY MALIGNANT NEOPLASM BONE AND BONE MARROW LEFT FEMUR/SDA,oncology
"AORTIC STENOSIS\AVR, ? CORONARY ARTERY BYPASS GRAFT",cardiovascular
PERICARDIAL EFFUSION; DYSPNEA; METASTATIC BREAST CA\PERICARDIAL TAP,oncology
"MR\MITRAL VALVE REPLACEMENT MINIMALLY INVASIVE APPROACH,HEART PORT;CORONARY ARTERY DISEASE;TELEMETRY",cardiovascular
SEPSIS;THROMBOCYTOPENIA;MENTAL STATUS CHANGES,infectious
MR\ MINIMALLY INVASIVE WITH HEART PORT; AND ENDOSCOPIC/SDA,cardiovascular
T5 FRACTURE,trauma_injury
APLASTIC ANEMIA;FEVERS;NEUTROPENIC,hematologic
CHRONIC RENAL FAILURE;INFECTED AV GRAFT,renal
SYNCOPE-BLUNT HEAD TRAUMA-INTRACRANIAL HEMORRHAGE,neurological
"HYPOXIA, SEIZURES",neurological
"CMML,GOUT,DEHYDRATION",hematologic
ISCHEMIC ENTERITIS,gastrointestinal
AORTIC STENOSIS\AORTIC VALVE REPLACEMENT; ? CORONARY ARTERY BYPASS GRAFT /SDA,cardiovascular
PVD\LEFT LEG ANGIO,cardiovascular
LT FOOT GANGRENE,other
OBSTRUCTED COLON,gastrointestinal
CARDIAC CATHERIZATION,cardiovascular
DRUG INGESTION,toxicology_poisoning
THYMUS/SDA,oncology
CHEST PAIN\CARDIAC CATHETREIZATION,cardiovascular
CAD/UA,cardiovascular
CBC DILITAION;HYPOTENSION,cardiovascular
ACSITES,gastrointestinal
"PNEUMONIA,ACUTE RENAL FAILURE",respiratory
RIGHT KNEE INFECTION,musculoskeletal
S/P RECENT MI AND AS/MR,cardiovascular
FRACTURES;THROMBOCYTOPENIA,trauma_injury
LUNG CA\ BRONCHOSCOPY WITH LASER/SDA,oncology
TURBT,genitourinary
CARDIOGENIC SHOCK/MI,cardiovascular
"CAD, AS\CORONARY ARTERY BYPASS GRAFT; W/ AVR/SDA",cardiovascular
"HYPERNATREMIA,MENTAL STATUS CHANGE",endocrine_metabolic
SPONDYLOLISTHESIS/SDA,musculoskeletal
EXERCIONAL CHEST PAIN\CATH,cardiovascular
PAROTIDITIS,infectious
CHEST PAIN;TELEMETRY;CORONARY ARTERY DISEASE,cardiovascular
INFERIOR ST-SEGMENT ELEVATION MYOCARDIAL INFARCTION\CARDIAC CATH,cardiovascular
FALL;RIB FRACTURES,trauma_injury
ANTERIOR COMMUNICATOR ARTERY ANEURYSM/SDA,neurological
S/P STAB WOUND TO CHEST,trauma_injury
STEMI;GASTROINTETINAL BLEED,cardiovascular
COLON NEOPLASM/SDA,oncology
CORONARY ARTERY DISEASE\CORONARY ARTERY BYPASS GRAFT; W/LIMA RIMA ? LRA/SDA,cardiovascular
URI PERICARDIAL EFFUSION,cardiovascular
GASTROINTETINAL BLEED,gastrointestinal
"CORONARY ARTERY DISEASE\CORONARY ARTERY BYPASS GRAFT, ?  MVR /SDA",cardiovascular
LIVER HEMOANGIOMA,hepatobiliary
"TRAUMA,S/P FALL",trauma_injury
PACEMAKER ESTRACTION,cardiovascular
PNEUMONIA;AIRWAY OBSTRUCTION,respiratory
SKIN LAXITY,dermatologic
LUNG CA;PULMONARY EMBOLIS,oncology
ACUTE RENAL FAILURE;DIABETIC KETOACIDOSIS,renal
GASTRIOINTESTINAL BLEED,gastrointestinal
RIGHT INTRACRANIAL HEMORRHAGE;TELEMETRY,neurological
LEUKEMIA; PNEUMONIA,hematologic
HYPEROSMOTOR NONKETOIC COMA,endocrine_metabolic
CORONARY ARTERY DISEASE\CORONARY ARTERY BYPASS GRAFT; ? AORTIC VALVE REPLACEMENT/SDA,cardiovascular
FAILURE TO WEAN;RESP FAILURE,respiratory
CARDIOMYOPATHY;CORONARY ARTERY DISEASE;PNUEMONIA;ABDOMINAL AORTIC ANEURYSM\CARDIAC CATHETERIZATION,cardiovascular
RECURRENT VT\EP STUDY,cardiovascular
POLYTRAUMA-SUBDURAL HEMORRHAGE-FACIAL FRACTURES,trauma_injury
PARASTOMAL HERNIA/SDA,gastrointestinal
ATRIAL FIBRILLATION; RVR,cardiovascular
SYMTOMATIC FIBROIDS/SDA,pregnancy_obstetric
INTRAPRANCHYMECAL BLEED,neurological
ASA TOXICITY,toxicology_poisoning
FEVER;NEUTROPENIA;SAH,infectious
FEVERS;HYPOTENSION,infectious
HYPOTENSION/UNCLEAER ETIOLOGY,symptoms_unspecified
LYMPHOMA;HYPERTENSION,oncology
PNA:TELEMETRY,respiratory
ASCENDING ANEURYSM \ASCENDIONG AORTA/ HEMI-ARCH REPLACEMENT; W/ DEEP HYPERTHERMIC CIRCULATORY ARREST/SDA,cardiovascular
AORTIC INSUFFICIENCY\ASCENDING AORTA REPLACEMENT; ? AVR/SDA,cardiovascular
S/P  CHOLECYSTECTOMY/BILE LEAK,postoperative_surgical
"METASTATIC RECTAL CA,R/O SPINAL CORD COMPRESSION",oncology
SLEEVE DEHISCENCE,postoperative_surgical
LEFT HEMISPHERE STROKE,neurological
CARDIAC ISCHEMIA;GASTROINTESTINAL BLEED,cardiovascular
"USA,SEVERE MR\CATH",cardiovascular
RIGHT COLON MASS/SDA,oncology
CARDIOMYOPATHY;END STAGE RENAL DISEASE\LEFT HEART CATHETERIZATION,cardiovascular
ACUTE PANCREATITIS/SDA,gastrointestinal
LEFT SIDED WEAKNESS;BRADYCARDIA,neurological
AORTIC STENOSIS\AORTIC VALVE REPLACEMENT; ? ASCENDING AORTIC ANEURYSM REPAIR/SDA,cardiovascular
LUNG CANCER;COPD;PNEUMONIA,oncology
SPINAL ABSCESS;PNEUMONIA,infectious
CONGESTIVE HEART FAILURE;CHRONIC RENAL INSUFFICIENCY;ANEMIA,cardiovascular
ATRIAL MYXOMA\REPAIR ATRIAL MYXOMA,cardiovascular
CHEST PAIN-PNEUMONIA,cardiovascular
"SUBDURAL HEMATOMA,SEIZURE,C3 FRACTURE",trauma_injury
"ABDOMINAL PAIN,SHORTNESS OF BREATH",symptoms_unspecified
MITRAL REGURGITATION\MITRAL VALVE REPLACEMENT  CORONARY ARTERY BYPASS GRAFT REDO,cardiovascular
PROSTATE NODULE;S/P AORTIC VALVE REPLACEMENT\COLONOSCOPY;PROSTATE BIOPSY,genitourinary
AORTIC STENOSIS\AORTIC VALVE REPLACEMENT; ? RESECTION AORTIC ASCENDING; ANEURYSM/SDA,cardiovascular
INCREASED INR;ACUTE RENAL FAILURE,renal
GARBLED SPEECH,neurological
SWALLOWED FOREIGN BODY;TELEMETRY,gastrointestinal
BRIGHT RED BLOOD PER RECTUM; HCT 20; BRIEF HYPOTENSION,gastrointestinal
FREE AIR,gastrointestinal
"LIVER FAILURE, HEPATITIS",hepatobiliary
CHF;SEVERE AORTIC STENOSIS,cardiovascular
CAD & AS\CORONARY ARTERY BYPASS GRAFT; W/ AVR/SDA,cardiovascular
METASTATIC CA/SDA,oncology
LEFT HAND WOUND/SDA,trauma_injury
UTI/HYPERNATREMIA,genitourinary
S/P FALL;RIB FRACTURES,trauma_injury
PERICARDIAL EFFUSION; CHEST PAIN,cardiovascular
CORONARY ARTERY DISEASE\CORONARY ARTERY BYPASS GRAFT WITH RADIAL ARTERY /SDA,cardiovascular
ABNORMAL LABS,symptoms_unspecified
C2 FRACTURE-S/P MOTOR VEHICLE ACCIDENT,trauma_injury
BATTERY DEPLETION; HEART FAILURE\IMPLANTABLE CARDIOVERTER DEFIBRILLATOR EXPLANT; PACEMAKER IMPLANT; DIURISIS POST PROCEDURE/SDA,cardiovascular
THORASIC SPINE TUMOR,oncology
MOTOR VEHICLE COLLISION;LIVER HEMATOMA,trauma_injury
PERICARDIAL EFFUSION;CARDIAC ARREST,cardiovascular
PSEUDOANEURYSM RUPTURE,cardiovascular
CIRRHOSIS;HYPOXIA,hepatobiliary
"RIB FRACTURE, HEMOTHORAX",trauma_injury
TEMPORAL BLEED,neurological
NAUSEA;VOMITING;ALCOHOL WITHDRAWAL,psychiatric
FEVER;S/P BIOPSY,symptoms_unspecified
"ANEURYSM\REPLACMENT OF ASCENDING AORTA, BENTAL PROCEDURE /SDA",cardiovascular
S/P FALL TRAUMA,trauma_injury
HEMOPTYSIS;PULM HEMORRHAGE,respiratory
GASTROINTESTINAL BLEED;PANCREATIC CANCER,oncology
FOOD OBSTRUCTION,gastrointestinal
OSTEOMYELITIS; LEFT UPPER LOBE LUNG CANCER/SDA,oncology
CAV\CORONARY ARTERY BYPASS GRAFT,cardiovascular
URINARY TRACT INFECTION/ MENTAL STATUS CHANGES,genitourinary
BRADYCARDIA-SYNCOPE,cardiovascular
NEW ONSET CHF;BRADYCARDIA,cardiovascular
BACK PAIN-WEAKNESS,symptoms_unspecified
SEVERE OBSTRUCTIVE HYPERTROPHIC CARDIOMYOPATHY\SEPTAL ETHANOL ABLATION,cardiovascular
"ANEMIA,GI BLEED",hematologic
FACIAL FRACTURES;INTRACRANIAL HEMORRHAGE,trauma_injury
CORONARY ARTERY DISEASE;MRSA,cardiovascular
CORONARY ARTERY DISEASE\ BENTAL PROCEDURE; ? CORONARY ARTERY BYPASS GRAFT/SDA,cardiovascular
CONGESTIVE HEART FAILURE;DELTA MS,cardiovascular
PNEUMONIA;MASS,respiratory
NON-ST SEGMENT ELEVATION MYOCARDIAL INFARCTION;CONGESTIVE HEART FAILURE;PNA,cardiovascular
PENILE CANCER/SDA,oncology
SEIZURE;POSSIBLE STROKE,neurological
S/P RENAL TRANSPLANT;HYPERTENSIVE URGENCY,renal
"AORTIC STENOSIS\REDO STERNOTOMY, AORTIC VALVE REPLACEMENT /SDA",cardiovascular
NEUROSYPHILLIS,infectious
RIGHT HAND ISCHEMIA/SDA,cardiovascular
INFECTED SHUNT,infectious
RIGHT ARM SWELLING,symptoms_unspecified
AIRWAY OBSTRUCTION\ RIGID BRONCHOSCOPY W/STENT PLACEMENT,respiratory
MULTITRAUMA;RIB FRACTURES,trauma_injury
"ASPIRATION PNEUMONIA,SEPSIS",respiratory
SPINAL DETRUSOR HYERREFLEXIA,neurological
CONGESTIVE HEART FAILURE\Transcatheter Aortic Valve Implant (TAVI)VIA DIRECT AORTIC ACCESS with Pump Stand-by (CoreValve),cardiovascular
THORACIC ANEUYSM WITHOUT MENTION RUPTURE\BENTAL PROCEDURE(METRONIC FREESTYLE)/ ACENDING AORTA; HEMI ARCH REPLACEMENT  W/ DEEP HYPERTHERMIC ARREST/SDA,cardiovascular
ASTHMA / COPD EXACERBATION,respiratory
BENIGN LIVER MASS/SDA,hepatobiliary
ATRIAL FIBRILLATION;TELEMETRY;WITHDRAWAL,cardiovascular
LEUKEMIA/PNEUMONIA,hematologic
CHRONIC DISTAL COMMON BILE DUCT/SDA,hepatobiliary
? SEPTIC KNEE,infectious
ABDOMINAL PAIN;EXPLORATORY LAP,gastrointestinal
JAW SPASM,neurological
ALTERED MENTAL STATUA,neurological
"ANAPHYLAXIS, RESPIRATORY DISTRESS",respiratory
NSTEMI;HIP FRACTURE,cardiovascular
MYXOMA\ ATRIAL MYXOMA REMOVAL/SDA,cardiovascular
CELLULITIS NECK,infectious
HYPONATREMIA;NAUSEA;VOMITING,endocrine_metabolic
"ASTHA,SHORTNESS OF BREATH",respiratory
S/P MOTOR VEHICLE ACCIDENT-BLUNT TRAUMA,trauma_injury
CLL,hematologic
END STAGE RENAL DISEASE; RASH,renal
ADENAL CARCINOMA OF STOMACH/SDA,oncology
CHEST WALL HEMATOMA,trauma_injury
CORONARY ARTERY DISEASE;DYSPNEA\LEFT HEART CATHETERIZATION,cardiovascular
L.L.E.ARTERIAL OCCLUSION,cardiovascular
ETOH WITHDRAWAL;RT FLANK PAIN,psychiatric
LUMPHOMA,hematologic
+ETT; CHEST PAIN\CATH,cardiovascular
HYPOGLYCEMIA;CHRONIC RENAL INSUFFICIENCY,endocrine_metabolic
ABNORMAL ENDOMETRIUM,pregnancy_obstetric
UPPER EXTREMITY DEEP VEIN THROMBUS,hematologic
MITRA\MITRAL VALVE REPLACEMENT/SDA,cardiovascular
LYNPHOMA;TUBERCULOSIS,hematologic
PVD;END STAGE RENAL DISEASE;CHEST PAIN\CATH,renal
ALTERED MENTAL STATUS-HYPOGLYCEMIA,endocrine_metabolic
SUPERIOR MESENTERIC EMBOLUS,cardiovascular
HYPOXIA;ASPIRATION PNEUMONIA;ATRIAL FIBRILLATION,respiratory
"PNEUMONIA,RT PLEURAL EFFUSION",respiratory
MITRAL VALVE INSUFFICIENCY\MITRAL VALVE REPLACEMENT; MAZE; ?TVR AND AVR,cardiovascular
COMMON BILE DUCT STONE;ERCP;METHEMOGLOBIN ANEMIA\ERCP,hematologic
MET BREAST CA,oncology
"CONGESTIVE HEART FAILURE,SHORTNESS OF BREATH",cardiovascular
FEBRILE NEUTROPENIA-? SEPSIS,infectious
PNEUMONIA;URINARY TRACT INFECTION;RULE-OUT MYOCARDIAL INFARCTION,infectious
"ETOH WITHDRAWAL,ALCOHOLIC HEPATITIS,LACTIC ACIDOSIS",hepatobiliary
LEFT ARM SPASMS,neurological
MELANOMA; AIRWAY OBTRUCTION,oncology
JAW PAIN,symptoms_unspecified
HEPATO RENAL FAILURE,renal
GASTROINTESTINAL BLEED-ETOH WITHDRAWAL,gastrointestinal
S/P CVA;CAROTID STENOSIS\CAROTID ANGIOGRAM,neurological
CORONARY ARTERY DISEASE;CARDIAC ISCHEMIA;CHEST PAIN\LEFT HEART CATHETERIZATION,cardiovascular
CHEST PAIN;ABNORMAL ETT\CATH,cardiovascular
SHORTNESS OF BREATH WITH EXERTION\CATH,cardiovascular
RIGHT FRONTAL PARIETAL STROKE,neurological
SOB;CONGESTIVE HEART FAILURE,cardiovascular
PANCREATITIS;SICK SINUS SYNDROME,gastrointestinal
CORONARY ARTERY DISEASE\ENDOSCOPIC CORONARY ARTERY BYPASS GRAFT ? STERNOTOMY/SDA,cardiovascular
ACUTE KIDNEY FAILURE;HYPERKALEMIA,renal
BILATERAL FOOT GANGRENE,other
MITRAL VALVE INSUFFIENCY\MVR/ ? CORONARY ARTERY BYPASS; ? MAZE/SDA,cardiovascular
SEIZURE;HYPOGLYCEMIA;TELEMETRY,neurological
RT LOWER LOBE PNEUMONIA,respiratory
ORAL ABSCESS,infectious
LEAKING AORTIC ANEURYSM,cardiovascular
FEVER;HYPOTENSIVE URGENCY;METHICILLIN RESISTANT STAPH AUREUS,infectious
PERICARDIAL CONSTRICTION,cardiovascular
MITRAL REGURITATION\ MVR; MINIMALLY INVASIVE/SDA,cardiovascular
GBM;APHASIA,oncology
PNEUMONIA/HYPOGLCEMIA/SYNCOPE,respiratory
PETITONITIS,infectious
G-J TUBE DISLODGED,postoperative_surgical
CORONARY ARTERY DISEASE;+ETT\CARDIAC CATH,cardiovascular
CRASH INJURY FOREARM,trauma_injury
DILATED ASCENDING AORTA\BENTALL PROCEDURE,cardiovascular
CARCINOID LUNG TUMOR LEFT/SDA,oncology
LEFT RADIUS FRACTURE,trauma_injury
GASTROINTESTINAL BLEED;VANCOMYCIN RESISTANT ENTEROCOCCUS,gastrointestinal
RECURRENT SYMPTOMATIC BRADYCARDIA,cardiovascular
CORONARY ARTERTY BYPASS,cardiovascular
STARVATION KETOSIS,endocrine_metabolic
BILE DUCT OBSTRUCTIOM,hepatobiliary
HIGH BILIRUBIN,hepatobiliary
S/P FALL;SPLENIC LACERATION,trauma_injury
EPIGASTRIC ABDOMINAL PAIN\ERCP,gastrointestinal
VENOUS CLAUDICATION,cardiovascular
AORTIC STENOSIS\? CORONARY ARTERY BYPASS GRAFT:  WITH AVR REDO /SDA,cardiovascular
HYPERGLYCEMIA;SUBDURAL HEMATOMA,neurological
SPINAL ANTERIAL VENOUS MALFORMATION/SDA,neurological
VOMITING;DIARRHEA;HYPOTENSION,gastrointestinal
AORTIC REPLACEMENT,cardiovascular
ACUTE MITRAL REGURITATION R/O MI,cardiovascular
EFFUSION;TELEMETRY,cardiovascular
CHEST PAIN;UNSTABLE ANGINA;TELEMETRY;+ETT\CATH,cardiovascular
CHANGES IN MENTAL STATUS;S/P FALLS,neurological
LEFT FOOT FX/SDA,trauma_injury
GI BLEED/PVD,gastrointestinal
"CAD,CHF,S/P V-FIB ARREST,S/P CATH",cardiovascular
GASTROINTESTINAL BLEED;CIRRHOSIS,gastrointestinal
AORTIC VAVLE DISORDER\AORTIC VALVE REPLACEMENT; ? CORONARY ARTERY BYPASS GRAFT; ? REPLACE ASCENDING AORTA/SDA,cardiovascular
"ATRIAL SEPTAL DEFECT\MINIMALY INVASIVE REPAIR ATRIAL SEPTAL DEFECT, ? STERNOTOMY /SDA",cardiovascular
NAUSEA-HEADACHE,symptoms_unspecified
TRACHEAL STENOSIS/AIRWAY OBSTRUCTION,respiratory
DEHYDRATION;VOMITING W\DIARRHEA,gastrointestinal
R/O SAH,neurological
DISSECTING ASCENDING AORTIC ANEURYSM,cardiovascular
HEPATIC ENCEP,hepatobiliary
MEDIASTINAL SARCOMA/SDA,oncology
CHEST PAIN;CORONARY ARTERY DISEASE\CATH/STENT PLACEMENT,cardiovascular
AORTIC INSUFFICENCY\AORTIC VALVE REPLACEMENT /SDA,cardiovascular
METS TO BRAIN/SDA,oncology
CORONARY ARTERY DISEASE;POSITIVE STRESS TEST\CATH,cardiovascular
CORONARY ARTERY DISEASE\CORONARY ARTERY BYPASS GRAFT x4 /SDA,cardiovascular
ABDOMINAL PAIN;SHORTNESS OF BREATH;HYPERKALEMIA,symptoms_unspecified
"V-TACH, HEART FAILURE",cardiovascular
"ENTEROCUTANEOUS FISTULA, VENTRAL HERNIA/SDA",gastrointestinal
CHF/A-FIB,cardiovascular
CONGESTIVE HEART FAILURE;URINARY TRACT INFECTION,cardiovascular
CORONARY ARTERY DISEASE\MITRAL VALVE REPLACEMENT REDO W/TARGET VESSEL REVASCULARIZATION/SDA,cardiovascular
BASAL SKULL MASS/SDA,neurological
COCAINE OD,toxicology_poisoning
CHEST PAIN/NQWMI,cardiovascular
CONGESTIVE HEART FAILURE\TRANSCATHETER AORTIC VALVE IMPLANT (TAVI) PERCUTANEOUS APPROACH WITH SAPIEN,cardiovascular
RIGHT PULMONARY NODULES/SDA,oncology
G I BLEED,gastrointestinal
CHOLECYSTITIS;TELEMETRY,hepatobiliary
ATRIAL SEPTAL DEFECT\ REPAIR ATRIAL SEPTAL DEFECT; REDO W/RIGHT ATRIAL MASS EXCISION/SDA,cardiovascular
ABDOMINAL PAIN-CHEST PAIN,symptoms_unspecified
RENAL FAILURE;NEPHROLITHIASIS,renal
DILATED ASCENDING AORTA\AORTIC VALVE REPLACEMENT /SDA,cardiovascular
ACUTE/CHRONIC LIVER FAILURE,hepatobiliary
CORONATY ARTERY DISEASE\CORONARY ARTERY BYPASS GRAFT/SDA,cardiovascular
INFECTED BKA; RIGHT/SDA,infectious
INTRAHEPATIC BILIARY DILATION,hepatobiliary
LEFT FRONTAL BLEED,neurological
VERTRICULAR TACHYCARDIA,cardiovascular
ATRIAL FIBRILLATION;TELEMETRY;RVR;TELEMETRY,cardiovascular
DIABETES;HYPERGLYCEMIA,endocrine_metabolic
AORTIC STENOSIS\AORTIC VALVE / ASCENDING AORTA REPLACEMENT VS BENTAL PROCEDURE,cardiovascular
INTRAHEPATIC HEMATOMA,hepatobiliary
OVERDOSE ON DEPAKOTE,toxicology_poisoning
"HEART FAILURE,CHOLECYSTITIS",cardiovascular
PLEURAL FLUID,respiratory
CORONARY ARTERY DISEASE;\CATH,cardiovascular
ATRIAL FIBRILLATION\BILATERAL THORACOSCOPIC MINI MAZE PROCEDURE WITH LEFT ATRIAL APPENDAGE RESECTION/SDA,cardiovascular
ABDOMINAL PAIN/ CIRRHOSIS,hepatobiliary
GASTROINTESTINAL INFECTION,infectious
RESP FAILURE-HYPOTENSION-PNEUMONIA,respiratory
CHOLEDOCHOLITHIADSIS,hepatobiliary
ESOPHOGEAL CANCER;DYPSNEA,oncology
TRACHEOMALASIA;FAILED EXTUBATION,respiratory
INFECTED VP SHUNT,neurological
DEFIBRILLATOR FIRING,cardiovascular
ANEURYSM LEFT SIDE/SDA,cardiovascular
ACUTE MYOCARDIAL INFARCTION-HEMOPTYSIS,cardiovascular
PNEUMONIA;CHOLECYSTITIS,infectious
BACK PAIN;URINARY RETENTION;LEG WEAKNESS,neurological
ETOH TOXICITY,toxicology_poisoning
ENDOCARDITIS;INFECTED PACEMAKER LEAD,infectious
CHRONIC OBST PULM DISEASE;RULE-OUT MYOCARDIAL INFARCTION;TELEMETRY,respiratory
LT ARM WEAKNESS;R/P CVA,neurological
OPEN WOUND TO THE CHEST/SDA,trauma_injury
MYOCARDIAL INFARCT;DIABETIC KETOACIDOSIS,cardiovascular
PELVIC INFLAMMATORY DISEASE;SEPSIS;TELEMETRY,infectious
PNEUMONIA;ATRIAL FIBRILLATION,infectious
"HYPERKALEMIA,HYPERGLYCEMIA,UNRESPONSIVE",endocrine_metabolic
SEPSIS;SIGMOID VOLVULUS,infectious
HPERTENSIVE URGENCY,cardiovascular
SAH/S/P FALL,neurological
STATUS/POST RIGHT COLON ESCHEMIA REQUIRING ILEOSTOMY/SDA,postoperative_surgical
AIRWAY OBSTRUCTION\BRONCHOSCOPY RIGID,respiratory
MESENTERIC BLEED,gastrointestinal
MYOCARDIAL INFARCTION\CARDIAC CATHETERIZATION,cardiovascular
CHEST PAIN;DYSPNEA;R/O MYOCARDIAL INFARCTION\LEFT HEART CATHETERIZATION,cardiovascular
S/P FALL; SPINE FX,trauma_injury
CORONARY ARTERY DISEASE;ISCHEMIA\CATH,cardiovascular
AORTIC STENOSIS; CAD\CORONARY ARTERY BYPASS GRAFT; WITH AVR/SDA,cardiovascular
S/P FALL INTRACRANIAL HEMORRHAGE,neurological
SVT;HYPOTENSION,cardiovascular
ANEMIA;GASTRIC ULCERS,hematologic
AORTIC INSUFFICIENCY\AORTIC VALVE / ASCENDING AORTA REPLACEMENT W/ CIRCULATORY ARREST/SDA,cardiovascular
MITRO VALVE DISECTION,cardiovascular
SEPTIC PULMONARY EMBOLI,infectious
AORTIC VALVE DISORDER\AVR ? CORONARY ARTERY BYPASS GRAFT,cardiovascular
CHF;PLUERAL EFFUSION,cardiovascular
S/P LIVER TX-GASTROINTESTINAL BLEED,postoperative_surgical
CONNECTIVE TISSUE TUMOR LEFT TEMPORAL REGION/SDA,oncology
"SEPSIS,INFECTED LEG ULCERS",infectious
TONSILLECTOMY BLEED,postoperative_surgical
LEG SWELLING,cardiovascular
INTERPARENCHYMAL BLEED,neurological
STERNAL WOUND INFECTION\ STERNAL WOUND EXPLORATION/SDA,postoperative_surgical
SUPERIOR VENA CAVA SYNDROME\MEDIAN STERNOTOMY SUPERIOR VENA CAVA RECONSTRUCTION WITH PUMP STANDBY/SDA,cardiovascular
RECURRENT ANGINA\CARDIAC CATH,cardiovascular
PAROTID TUMOR/SDA,oncology
ANGINA;SHORTNESS OF BREATH\CATH/SDA,cardiovascular
TRAUMATIC SUBARACHNOID HEMMORHAGE,neurological
SUBDURAL HEMATORA,neurological
ETOH WITHDRAWLS,psychiatric
FEVER;LEFT PLEURAL EFFUSION,infectious
ALTEREED MENTAL STATUS,symptoms_unspecified
"FAILURE TO THRIVE,WEAKNESS",symptoms_unspecified
NSTEMYOCARDIAL INFARCTION,cardiovascular
SUBDURAL HEMORRHAGE;SUBARACHNOID HEMATOMA;FRACTURES,trauma_injury
CORONARY ARTERY DISEASE\AORTIC VALVE / ASCENDING AORTA REPLACEMENT;  CORONARY ARTERY BYPASS GRAFT /SDA,cardiovascular
AORTIC INSUFFIENCY\AORTIC VALVE REPLACEMENT; ? MAZE,cardiovascular
LYMPHEPIT HELIOMA,oncology
SYMPTOMATIC R CAROTID STENOSIS,cardiovascular
COMPLETE HEART BLOCK\PACEMAKER,cardiovascular
DYSPNEA-RENAL FAILURE,renal
CHEST PAIN;NON-ST SEGMENT ELEVATION MYOCARDIAL INFARCTION;ELEVATED TROPONIN\CARDIAC CATH,cardiovascular
DEHYDRATION;NAUSEA W\VOMITING;VRE,infectious
SHORTNESS OF BREADTH; HYPERTENSION; AFIBRILLATION\MITRAL VALVE REPLACEMENT REDO /SDA,cardiovascular
ATRIAL TACHYCARDIA/ MECHANICAL VALVE\ATRIAL TACHYCARDIA ABLATION,cardiovascular
GRAM NEGATIVE RODS;BACTEREMIA,infectious
MI/S/P TRANSPLANT\CATH,cardiovascular
MUSCLE WEAKNESS,symptoms_unspecified
ARM INJURY,trauma_injury
"TRAUMATIC BRAIN HEMORRHAGE, LEFT /SDA",trauma_injury
ADENOID CYSTIC CARCINOMA/SDA,oncology
AMI,cardiovascular
OCCLUDED GRAFT,cardiovascular
PULMONARY SEPTIC EMBOLI,infectious
INFERIOR MYOCARDIAL INFARCTION\CARDIAC CATHETER,cardiovascular
LEFT ANKLE ULCER,dermatologic
BREAST CANCER;SUPRIOR VENA CAVA THROMBUS,oncology
S/P TRAUMA;CHRONIC ALCOHOLISM;DT,psychiatric
INTER CRANIAL HEMMORHAGE,trauma_injury
"AORTIC STENOSIS/CAD\CORONARY ARTERY BYPASS GRAFT, RE-DO;AORTIC VALVE REPLACEMENT/SDA",cardiovascular
OPEN WOUND OF THE SACRUM/SDA,trauma_injury
PARKINSON'S/SDA,neurological
BRAIN MASS; SEIZURES,neurological
? BRONCHOPLEURAL FISTULA,respiratory
ALTERED MENTAL STATUS;HYPERCARBIA,neurological
RIGHT COMMON CAROTID ARTERY DISECTION,cardiovascular
PNEUMONIA; ACUTE RESPIRATORY DISTRESS SYNDROME,respiratory
PVD\LEFT HEART CATHETERIZATION,cardiovascular
MITRAL STENOSIS\ AORTIC & MITRAL VALVE REPLACEMENT/SDA,cardiovascular
PNEUMNOIA,respiratory
TACHYCARDIA;ALCOHOL WITHDRAWAL,psychiatric
CORONARY ARTERY DISEASE\CORONARY ARTERY BYPASS GRAFT; ? LEFT RADIAL ARTERY/SDA,cardiovascular
FIBROID UTERUS;MENORRHAGIA/SDA,pregnancy_obstetric
TRAUMATIC RIGHT UPPER EXTREMITY INJURY/SDA,trauma_injury
CHRONIC RENAL FAILURE-DIABETES MELLITUS,renal
CHEST PAIN;RULE OUT TUBERCULOSIS,respiratory
"ABD TRAUMA,FREE FLUID IN ABD",trauma_injury
EXPOSURE,other
THROAT MASS;BLEEDING,oncology
ABDOMINAL MASS/SDA,oncology
RIGHT FAILED TOTAL HIP REPLACEMENT/SDA,musculoskeletal
BACOFLEN OD,toxicology_poisoning
S/P MVA;RULE-OUT MYOCARDIAL INFARCTION,trauma_injury
IVC THROMBOS,hematologic
"LEFT SUBMANDIBULAR STONE, CHRONIC SIALODENITIS/SDA",other
SYNCOPE;AICD FIRED,cardiovascular
PANCYTOPENIA;PANCREATITIS,hematologic
SKULL BASED LESION/SDA,neurological
POLYCHONDRITIS WITH AIRWAY MANISFESTATION\ STERNATOMY CARDIOPULMONARY; BYPASS; ANTERIOR TRACHEAL SPLITTING; TY STENT PLACEMENT; LAPAROTOMY/SDA,respiratory
"THORACIC AORTIC ANUERYSM\BENTAL/VALVE SPARING ROUTE REPLACEMENT, ASCEDNING AORTA & ARCH W/ ELEPHANT TRUNK  /SDA",cardiovascular
INTRACRANIAL HEMORRHAGE;SZ,neurological
METASTATIC MELANOMA\CHEMO (HIGH DOSE INTERLEUKIN-2),oncology
SP MVC;TENSION PTX,trauma_injury
MITRAL VALVE DISORDER\CORONARY ARTERY BYPASS GRAFT WITH MVR REDO & REDO STERNOTOMY/SDA,cardiovascular
CHANGE IN MENTAL STATUS;LOW PLATELETS;LEUKEMA,hematologic
CORONARY ARTERY DISEASE\RE-DO STERNOTOMY; AVT; ? CORONARY ARTERY BYPASS GRAFT /SDA,cardiovascular
VOCAL CORD TUMOR,other
AORTIC ANEURYSM\BENTALL PROCEDURE/SDA,cardiovascular
MULTILOBULAR PNEUMONIA,infectious
MESENTERIC BLEEDING,gastrointestinal
HEART BLOCKAGE,cardiovascular
CORONARY ARTERY DISEASE\CORONARY ARTERY BYPASS GRAFT; ? AVR AND MVR/SDA,cardiovascular
PLURAL EFFUSION,respiratory
CORONARY ARTERY DISEASE;URINARY TRACT INFECTION;ELEVATED TROPONIN,cardiovascular
POST ANGIOGRAM,postoperative_surgical
AIWARY OBSTRUCTION/SDA,respiratory
AORTIC STENOSIS\RE-DO STERNOTOMY; TOTAL ARCH REPLACEMENT; MVR; AVR; REMOVAL OF STENT FROM RIGHT MAIN PULMONARY ARTERY; ? CORONARY ARTERY BYPASS GRAFT,cardiovascular
AV FISTULA;HEMODYNAMIC INSTABILITY,renal
RELAPSING POLYCHONDRIPIS;SHORTNESS OF BREATH,respiratory
AORTIC ANEURSYM\ASCENDING AORTA REPLACEMENT /SDA,cardiovascular
ACUTE RESPIRATORY DISTRESS SYNDROME;RENAL FAILURE,respiratory
"PULMONARY EMBOLISM,PERICARDIAL EFFUSION",cardiovascular
CARDIOMYOPATHY;MITRAL REGURGITATION\RIGHT AND LEFT HEART CATH,cardiovascular
NON-ST SEGMENT ELEVATION MYOCARDIAL INFARCTION;TELEMETRY\CARDIAC CATHERIZATION,cardiovascular
AIRWAY OBSTRUCTION;LUNG CA\BRONCHOSCOPY FLEXIBLE; AND RIGID,oncology
PERICARDIAL EFFUSION;DYSPNEA,cardiovascular
CHRONIC OBSTRUVTIVE PULMONARY DISEASE,respiratory
SEGMENT ELEVATION MYOCARDIAL INFACTION,cardiovascular
HYPERGLYCEMIA-PNEUMONIA,endocrine_metabolic
"INTRACRANIAL HEMORRHAGE,S/P ASSAULT",trauma_injury
SEIZURE-HYDROCEPHALUS,neurological
DIABETIC KETOACIDOOSIS,endocrine_metabolic
RECTAL CA/GIB,oncology
CORONARY ARTERY DISEASE\CORONARY ARTERY BYPASS GRAFT WITH MVR LVAD,cardiovascular
HYPOTENSION;SUBARACHNOID HEMORRHAGE,neurological
CECAL VOLVULOUS,gastrointestinal
CRITICAL AORTIC STENOSIS;CORONARY ARTERY DISEASE,cardiovascular
NASAL POLYPS LEFT;PULMONARY EDEMA\SINUS SURGERY ENDOSCOPIC CT GUIDED WITH SEPTOPLASTY; LEFT NASAL POLYPECTOMY,respiratory
STAB WOUNDS-CORD INJURY,trauma_injury
MYELODYSPLASTIC SYNDROME;FEVER;LOW BLOOD COUNT,hematologic
AORTIC ANEURYSM\AORTIC VALVE / ASCENDING AORTA REPLACEMENT;AORTIC ARCH REPLACEMENT /SDA,cardiovascular
S/P MOTOR VEHICLE ACCIDENT-DISSECTING ANEURYSM,trauma_injury
POLYTAUMA,trauma_injury
CHRONIC OBST PULM DISEASE;SEPSIS,respiratory
"NAUSEA W\VOMITING;DIARRHEA;FEVER,ETIOLOGY UNKNOWN",infectious
"SEIZURE, BRAIN METS",neurological
AFLUTTER,cardiovascular
BREAST CANCER;DEHYDRATION,oncology
PANCREATIC ABCESS,infectious
CORONARY ARTERY DISEASE;EXERTIONAL CHEST PAIN\CARDIAC CATH,cardiovascular
URINARY TRACT INFECTION;BACK PAIN;ATRIAL FIBRILLATION,genitourinary
LEFT SIDED HEMIPLEGIA,neurological
CHF VS PNA,cardiovascular
CHEST PAIN;?TIA,cardiovascular
PNEUMONIA;NSTEMI;SEPSIS,respiratory
SPLENOMEGALIA,hematologic
"INFECTED AXILLO-FEM, BYPASS GRAFT",infectious
DESCENDING AORTIC ANEURYSM; COARCTATION OF DESCENDING AORTA\ DISTAL ARCH REPLACEMENT; DESCENDING THORACIC AORTIC REPLACEMENT; AORTA TO SUBCLAVIAN BYPASS/SDA,cardiovascular
SYNCOPE;TELEMETRY;ANEMIA;ETOH INTOXICATION,hematologic
ABDOMINAL AORTIC ANEURYSM\ABDOMINAL AORTIC ANEURYSM REPAIR/SDA,cardiovascular
PANCREATIC PSUEDO CYST,gastrointestinal
RULE OUT MYOCARDIAL INFARCTION\CATH,cardiovascular
PNEUMONIA;ARDS,respiratory
MITRO VALVE RELAPSE,cardiovascular
"BREAST CA,METS TO SPINE",oncology
PARASTOMAL HERNIA LEFT ABDOMEN/SDA,gastrointestinal
"MITRAL VALVE DISORDER\MITRAL VALVE REPLACEMENT, HEART PORT MINIMALLY INVASIVE /SDA",cardiovascular
GASTROINTESTINAL BLEED;;TELEMETRY,gastrointestinal
ELEVATED TROPONIN,cardiovascular
FIBRO-THORAX/SDA,respiratory
HTN;ANGINA,cardiovascular
AORTIC STENOSIS\AORTIC VALVE REPLACEMENT; WITH ASCENDING AORTA/SDA,cardiovascular
IDIOPATHIC PULMONARY HEMOSIDDEROSIS,respiratory
STATUS POST FALL;ETOH WITHDRAWAL,psychiatric
TOXIC MEGACOLON,gastrointestinal
CUDA EQUINA,neurological
RAPID ATRIAL FIB,cardiovascular
MESOTHELIOMA,oncology
CORONARY ARTERY DISEASE\CORONARY ARTERY BYPASS GRAFT WITH AVR; ? MVR REPLACEMENT/SDA,cardiovascular
RIGHT ANKLE JOINT PAIN/SDA,musculoskeletal
PNEUMONIA-ACUTE RENAL FAILURE-MENTAL STATUS CHANGES,respiratory
ALTERED MENTAL STATUS CHANGES;URINARY TRACT INFECTION;PNEUMONIA;TELEMETRY,infectious
UNSTABLE ANGINA;PERIPHERAL VASCULAR DISEASE\CATH,cardiovascular
LIVER LACTERATION,trauma_injury
"S/P MVA, HEAD BLEED",trauma_injury
AORTIC STENOSIS\AVR; MVR?; TVR?; CORNARY ARTERY BYPASS?,cardiovascular
OPEN WOUND RIGHT HEEL/SDA,trauma_injury
AORTIC VALVE DISORDER\AORTIC VALVE REPLACEMENT; ? CORONARY ARTERY BYPASS GRAFT/SDA,cardiovascular
AUTONOMIC DYSFUNCTION,neurological
"WEAKNESS, BACK PAIN",musculoskeletal
LEFT FOOT METATARSAL FRACTURES 2ND THRU 5TH DIGITS/SDA,trauma_injury
BLUNT HEAD TRAUMA,trauma_injury
NON ST SEGMENT MI,cardiovascular
WOUND HEMATOMA,trauma_injury
AORTIC INSUFFICIENCY\AORTIC VALVE REPLACEMENT REDO /SDA,cardiovascular
RIGHT INTERNAL CAROTID ARTERY ANEURYSM/SDA,neurological
SHORTNESS OF BREATH/R/O PULMONARY EMBOLISM,respiratory
CORONARY ARTERY DISEASE\CORONARY ARTERY BYPASS GRAFT RIMA/SDA,cardiovascular
ATHEROSCLEROSIS;SYNCOPE,cardiovascular
MULTIPLE RIB FX,trauma_injury
"HYPERTENSIVE CRISIS, ALTERED MENTAL STATUS",cardiovascular
TRANSIENT ISCHEMIC ATTACK\CAROTID STENT,neurological
ACUTE MYELOGENOUS LEUKEMIA;FEVER;NEUTROPENIA;R/O TOOTH INFECTION,hematologic
L INTERCRANIAL BLEED,neurological
GASTROINTESTINAL BLEED;ACUTE MI,cardiovascular
S/P FALL;FAILURE TO THRIVE,trauma_injury
SEPSIS;SINUS TRACT DRAINAGE,infectious
LEFT FOOT ISCHEMIA,cardiovascular
QUESTION OF OVERDOSE,toxicology_poisoning
LEFT KNEE FRACTURE,trauma_injury
CARDIAC ARREST\VT ABLATION,cardiovascular
+MIBI;CATH;DEHYDRATION\CATH,cardiovascular
INTRAABDOMINAL BLEEDING,gastrointestinal
PVD\AORTIC RUN-OFFS,cardiovascular
"GANGRENE,LT LOWER EXTREMITY",cardiovascular
"GASTROPARESIS, HYPERTENTIVE URGENCY",gastrointestinal
CORONARY ARTERY DISEASE;AORTIC INSUFFICIENCY,cardiovascular
HYPOTENSION/PNEUMONIA,respiratory
RESPIRATORY FAILURE/G TUBE MALFUNCTION,respiratory
NEUROGENIC BLADDER/SDA,neurological
INFECTED RENAL STONE,renal
STATUS POST KIDNEY TRANSPLANT; MULTIPLE SCLEROSIS CHANGES,renal
PACREATITIS/SEPSIS,gastrointestinal
LEFT THALMIC BLEED,neurological
"SAH,SDH,S/P FALL",neurological
KIDNEY INJURY,renal
STERNAL WOUND INFECTION;CONGESTIVE HEART FAILURE,cardiovascular
TRIGEMIANAL NEURALGIA/SDA,neurological
RIGHT HEEL INFECTION,infectious
"GI BLEED,BREAST CANCER",oncology
RUPTURED AORTIC ANEURYSM,cardiovascular
RIGHT ANKLE FRACTURE/SDA,trauma_injury
CIRRHOSIS;PORTAL HYPERTENSION;ESOPHAGEAL VARICES,hepatobiliary
THORACIC MYEOLOPATHY/SDA,neurological
SAH;ANKLE FX,neurological
S/P MCC;OPEN TIB/FIB FRACTURE,trauma_injury
SOB;PERICARDIAL INFARCTION,cardiovascular
CORONARY ARTERY DISEASE;NON-ST SEGMENT ELEVATION MYOCARDIAL INFARCTION\CORONARY STENT PLACEMENT,cardiovascular
S/P KIDNEY TX-PULMONARY EDEMA,renal
CAV\CORONARY ARTERY BYPASS GRAFT /SDA,cardiovascular
COLON CA IDDM,oncology
FEMURE FRACTURE,trauma_injury
"PNA, UTI, ANASARCA",infectious
ETOH INDUCED CIRRHOSIS,hepatobiliary
ANGINA;NEAR SYNCOPE;VENTRICULAR TACHYCARDIA,cardiovascular
TBA\ BRONCHOSCOPY W/ STENT/SDA,respiratory
DHOULDER DISLOCATION,musculoskeletal
MITRAL STENOSIS\AORTIC AND MITRAL VALVE REPLACEMENT  ** NO ASSESSMENT NEEDED **,cardiovascular
L INTRACRANIAL HEMORRAHAGE,neurological
LEFT MAINSTEM LUNG OBSTRUCTION,respiratory
CORONARY ARTERY DISEASE; RECURRENT CHEST PAIN,cardiovascular
"BRAIN MASS, BLEED",neurological
TRACHEAL/BRONCHIAL ACHALSIA/SDA,respiratory
"GANGRENE, RIGHT FOOT",other
INSULIN OVERDOSE,endocrine_metabolic
HYPOXIA;FALL,symptoms_unspecified
"PALPITATIONS, SOB, ATRIAL MYXOMA",cardiovascular
COLOCUTANEOUS FISTULA/SDA,gastrointestinal
AFIB/PNA,infectious
LOWER EXTREMITY REST PAIN,cardiovascular
TRACHEAL FRACTURE,trauma_injury
ANEMIA;DYSPNEA ON EXERTION,hematologic
29WKS & 2DAYS HYPERTENSION,pregnancy_obstetric
REPLACE DIALYSIS LINE,renal
AOTRIC VALVE DISEASE,cardiovascular
"AORTIC STENOSIS,\CATH",cardiovascular
TORN MENISCUS;SEVERE ASTHMA ATTACK\ARTHROSCOPY KNEE; RIGHT,respiratory
HYPOTENSION;LEFT PERINEPHRO HEMATO,renal
CARDIOMYOPATHY;VENTRICULAR FIBRILLATION ARREST,cardiovascular
DIGOXIN TOXICITY,toxicology_poisoning
SMALL BOWEL OBSTRUCTION;SEPSIS,gastrointestinal
SEPSIS;FAILURE TO WEAN,infectious
MOTORCYCLE CRASH;TELEMETRY,trauma_injury
RIB FRACTURE; STERNAL FRACTURE,trauma_injury
MVD\ MITIRAL VALVE REPAIR VS REPLACEMENT   ? CORONARY ARTERY BYPASS GRAFT,cardiovascular
INFECTED DIALYSIS CATHETER,infectious
CORONARY ARTERY DISEASE\CATH WITH BRACHY STANDBY,cardiovascular
RIGHT FRONTAL GLIOBASTOMA/SDA,oncology
M/I; PULMONARY EDEMA,cardiovascular
OSTEMOYELITIS,infectious
METASTATIC BREAST CANCER;CENTRAL AIR OBSTRUCTION,oncology
CORONARY ARTERY DISEASE;CHEST PAIN SYNDROME\LEFT HEART CATHETERIZATION WITH ANGIOPLASTY,cardiovascular
MITRAL VALVE PROLAPSE\MITRAL VALVE REPLACEMENT MINIMALLY INVASIVE APPROACH; HEARTPORT/SDA,cardiovascular
POST OP BOWEL RESECTION,postoperative_surgical
CHEST PAIN;ATRIAL FIBRILLATION\CATH,cardiovascular
TAMPONADE;PLEURAL EFFUSION,cardiovascular
METASTATIC RENAL CELL CARCINOMA/SDA,oncology
ALLERGIC REACTON,other
BRADYCARDIA;ACUTE RENAL FAILURE,renal
LUNG CANCER;PLEURAL EFFUSION,oncology
ACUTE CEREBRAL VASCULAR ACCIDENT VS SEIZURES,neurological
CORNARY ARTERY DISEASE\CORONARY ARTERY BYPASS GRAFT /SDA,cardiovascular
ANEMIA;RESPIRATORY FAILURE;PNEUMONIA;AAA,respiratory
CONGENITAL HEART DISEASE\CORONARY ARTERY BYPASS GRAFT; RIGHT VENTRICULAR ANEURYSM; BI-ATRIAL MAZE PROCEDURE,cardiovascular
PVD\PARIPHERAL ANGIOGRAM,cardiovascular
AORTIC STENOSIS\BENTAL PROCEDURE; REDO STERNOTOMY/SDA,cardiovascular
LYMPHOMA/COUGH/R/O PULMONARY INFECTION,oncology
"HERNIA,HEMATURIA,S/P LIVER TX",genitourinary
S/P FALL;CHANGE IN MENTAL STATUS,neurological
HEMOCHROMATOSIS;LIVER FAILURE,hepatobiliary
NON-ST SEGMENT ELEVATION MYOCARDIAL INFARCTION;STROKE,cardiovascular
NON-ST SEGMENT ELEVATION MYOCARDIAL INFARCTION;CHEST PAIN\CARDIAC CATH,cardiovascular
MITRAL INSUFFICIENCY\MITRAL VALVE REPAIR; ? REPLACEMENT VIA STERNOTOMY OR MINIMALLY INVASIVE,cardiovascular
SUBDURAL & SUBARACHNOID HEMORRHAGE,neurological
MYOCARDIAL INFARCTION-SEPSIS,cardiovascular
CHEST PAIN;TELEMETRY;TACHYCARDIA,cardiovascular
MITRAL VALVE INSUFFIENCY\MITRAL VALVE REPLACEMENT,cardiovascular
"NAUSEA,VOMITING,ABD PAIN,?UTI",gastrointestinal
"CLOSED HEAD INJURY,S/P FALL",trauma_injury
HYPOTENSION;RAPID AFIB;GI BLEED,gastrointestinal
RECURRENT COLON CANCER/SDA,oncology
LEFT FRONTAL BRAIN TUMOR/SDA,oncology
PFO\AORTIC VALVE REPLACEMENT; PFU; MAZE PROCEDURE; ? MVR,cardiovascular
METASTATIC BONE CANCER/SDA,oncology
? GUILLIAN BARRE,neurological
INABILITY  TO AMBULATE-HYPONATREMIA,neurological
ACUTE MYOCARDIAL INFARCTION; CHF;SHORTNESS OF BREATH\CATH,cardiovascular
MITRAL REGURGITATION\SEPTAL MYOMECTOMY ? MITRAL VALVE REPLACEMENT /SDA,cardiovascular
GANGRENE LEFT BIG TOE AND SECOND TOE,other
NODULAR HISTIOCYTIC LYMPHOMA\BONE MARROW TRANSPLANT,oncology
PERIPHERAL VASCULAR DIEASE;HYPERTENSION;CORONARY ARTERY DISEASE\RIGHT LEG ANGIOGRAM,cardiovascular
ENCEPHELOPATHY AND R/O MI,neurological
MR;AORTIC STENOSIS\AORTIC AND MITRAL VALVE REPLACEMENT /SDA,cardiovascular
TRACHEALBRONCHIALMALACIA/SDA,respiratory
AORTIC VALVE DISORDER\AORTIC AND MITRAL VALVE REPLACEMENT,cardiovascular
CAPSULAR HEMATOMA,trauma_injury
PERSISTENT ANGINA\CATH,cardiovascular
METASTATIC PANCREATIC CA/SDA,oncology
CHEST PAIN;CONGESTIVE HEART FAILURE\CARDIAC CATH,cardiovascular
ACUTE,symptoms_unspecified
HYPONATREMIA;HYPOXIC DILANTIN TOXICITY,toxicology_poisoning
DEEP TISSUE INFECTION,infectious
CORONARY ARTERY DISEASE;HYPERTENSION,cardiovascular
HYPOTENSION;ANEMIA;HYPONATREMIA,other
ATRIAL SEPTAL DEFECT\ MINIMALLY INVASIVE REPAIR ATRIAL SEPTAL DEFECT/SDA,cardiovascular
HYPOTENSION;NEUTROPENIA,infectious
METRAL STENOSIS\MITRAL VALVE REPLACEMENT,cardiovascular
SUBARACHNOID HEMATOMA;CLAVICLE FRACTURE,trauma_injury
FEVER;FLANK PAIN,infectious
VTACH;FATIGUE,cardiovascular
"CHRONIC AORTIC DISSECTION,R/O MYOCARDIAL INFARCTION;TELEMETRY",cardiovascular
FALL; HYPOXIC,trauma_injury
PONTINE STROKE,neurological
L BASAL GANGLIA BLEED,neurological
DRUG REFRACTORY ATRIAL FIBRILLATION\LEFT ATRIAL TACHYCARDIA ABLATION **REMOTE WEST**/SDA,cardiovascular
"HYPOTENSION, RENAL FAILURE",renal
SUBAORTIC MEMBRANE\ RESECTION SUBAORTIC MEMBRANE/SDA,cardiovascular
SUPRAGLOTITIS,respiratory
"AORTIC REGURGITATION\AORTIC VALVE REPLACEMENT, RE-DO",cardiovascular
CONGESTIVE HEART FAILURE/V TACH,cardiovascular
MITRAL REGURGITATION\CORONARY ARTERY BYPASS GRAFT WITH MVR /SDA,cardiovascular
DEPAKOTE OD,toxicology_poisoning
RESIDUAL PITUITARY TUMOR/SDA,endocrine_metabolic
HYPOTENSION;DIARRHEA,symptoms_unspecified
PANCREATIC CYST\EUS,gastrointestinal
? VOLVULUS,gastrointestinal
AORTIC STENOSIS;CHRONIC OBSTRUCTIVE PULMONARY DISEASE FLARE,cardiovascular
LEFT LEG COMPARTMENT SYNDROME,trauma_injury
BRAIN MASS/SEIZURE,neurological
LEUKEMIA\BONE MARROW TRANSPLANT,hematologic
CEREBELLA TUMOR,neurological
PULMONARY HYPERTENSION;MITRAL STENOSIS,cardiovascular
"AS,MR\AORTIC VALVE REPLACEMENT;MITRAL VALVE REPLACEMENT/SDA",cardiovascular
HYPOTHERMIA/ABDOMINAL PAIN,symptoms_unspecified
"BENIGN NEOPLASM RIB,STERNUM,& CLAVICLE/SDA",oncology
INTRAPARENCHGMAL HEMORRAGE,neurological
PNEUMONIA;EFFUSION;DELIRUM;SUICIDAL IDEATION,infectious
DIAPHRAGMATIC INJURY,trauma_injury
RIGHT ADRENAL MASS/SDA,endocrine_metabolic
CONGESTIVE HEART FAILURE;NON Q WAVE MYOCARDIAL INFARCT,cardiovascular
AORTIC VALVE REPLACEMENT;CORONARY ARTERY DISEASE,cardiovascular
EXPLORATORY LAP/SIGMOID COLECTOMY,postoperative_surgical
"PEDESTRIAN STRUCK,HEAD INJURY",trauma_injury
? FOREIGN BODY INGESTION,gastrointestinal
CHORDAE RUPTURE,cardiovascular
AORTIC STENOSIS\CORONARY ARTERY BYPASS GRAFT; AVR,cardiovascular
GASTROINTESTINAL BLEED;S/P COLONOSCOPY;HEMODYNAMIC INSTABILITY POST PROCEDURE;,gastrointestinal
ABDOMINAL PAIN;PERICARDIAL EFFUSION,cardiovascular
ACUTE RENAL FAILURE;LOW PLATELET COUNT\RENAL BIOPSY,renal
CORONARY ARTERY DISEASE;ANGINA;STATUS POST CORONARY ARTERY BYPASS GRAFT\LEFT HEART CATH;RENAL ANGIOGRAPHY,cardiovascular
L3-L4 STENOSIS/LESION/SDA,musculoskeletal
LEFT ATRIAL THROMBUS,cardiovascular
CORONARY ARTERY DISEASE\BENTAL HEMI ARCH REPLACEMENT; CORONARY ARTERY BYPASS GRAFT; ? STERNAL PLATING /SDA,cardiovascular
BRADYCARDIA;CHEST PAIN,cardiovascular
S/P FALL-PNEUMOTHORAX RIB FRACTURE,trauma_injury
AORTIC STENOSIS;? MITRAL REGURGITATION\AORTIC VALVE REPLACEMENT; ? MVR/SDA,cardiovascular
"FEVER,ALTERED MENTAL STATUS",infectious
INTRACRANIAL HEMORRHAGE;FINGER DISLOCATION,neurological
PANCREATIC  CYST/SDA,gastrointestinal
RETRO ORBITAL ABCESS,infectious
RIP FRACTURES,trauma_injury
THROMBUS,cardiovascular
RENAL FAILURE/SEIZURES,renal
PHEO CHROMACYTOMA/SDA,endocrine_metabolic
NAUSEA; VOMITING; RENAL FAILURE,renal
EPISTAXIS;R/O GASTROINTESTINAL BLEED,hematologic
S/P MVC;COMPAT SYNDROME;TIB FRACTURE,trauma_injury
ESOPHAGEAL STRICTURE,gastrointestinal
ARTIAL FIBRILLATION,cardiovascular
"OSTEOMYELITIS C5,C6",musculoskeletal
RENAL CELL CARCINOMA\CHEMOTHERAPY (INTERLEUKIN2 HD-IL2),oncology
VENTRICULOMEGALY,neurological
NECROTIZING PANCREATITIS;ALCOHOL DELIRIUM TREMENS,gastrointestinal
UVEITIS,other
HEPATIC ARTERY STENOSIS,hepatobiliary
PARANEOPLASTIC NEUROPATHY;RESPIRATORY FAILURE,neurological
HYPOTENSION;THROMOCYTOPENIA,hematologic
CHEST PAIN\ANGIOPLASTY WITH BRACHY THERAPY,cardiovascular
ACUTE MYELOGENOUS LEUKEMIA;FEVER,hematologic
RECURRENT ATRIAL FIBRILLATION\PULMONARY VEIN ISOLATION  **REMOTE WEST**,cardiovascular
ESOPHAGEAL CANCER;PAIN CONTROL,oncology
SYNCOPE;EDEMA,cardiovascular
COLON CA OF CECUM/SDA,oncology
CELLULITIS SEPSIS,infectious
RT LEG SWELLING,other
DEHYDRATION;ABDOMINAL PAIN,gastrointestinal
CAROTID STENOSIS;IV HEPARIN,cardiovascular
"PALPITATIONS,SYNCOPE,SOB",cardiovascular
SEPSIS;S/P CHOLY,infectious
STATUS POST MYOCARDIAL INFARCTION\CARDIAC CATH,postoperative_surgical
ASTHMA /COPD EXACERBATION,respiratory
S/P VF ARREST;CORONARY ARTERY DISEASE,cardiovascular
S/P BRONCHOSCOPY,postoperative_surgical
VENTRICULAR BIGEMINY,cardiovascular
"WEAKNESS, DIARRHEA",gastrointestinal
MET ALKALOSIS,endocrine_metabolic
CORONARY ARTERY DISEASE;MI,cardiovascular
GROSS HEMATURIA,genitourinary
ABDOMINAL PAIN;MELENA,gastrointestinal
NON HODGKINS LYMPHOMA\BONE MARROW TRANSPLANT,oncology
CORONARY ARTERY DISEASE\CORONARY ARTERY BYPASS GRAFT WITH MVR; ? OF MAZE PROCEDURE /SDA,postoperative_surgical
SEIZURES;EPILEPSY,neurological
"ICH,RIB FRACTURE;S/P MOTOR VEHICLE ACCIDENT",trauma_injury
MOTOR VEHICLE ACCIDENT;BILATERAL PNEUMOTHORAX,trauma_injury
SEIZURE;ALTERED MENTAL STATUS,neurological
CHEST PAIN 3 VESSEL DISEASE,cardiovascular
INCOMPLETE T9 FRACTURE,trauma_injury
SOB;TELEMETRY,respiratory
"S/P MVC,HEAD INJURY",trauma_injury
POSTERIOR FOSSA MENIGIOMA LEFT/SDA,oncology
HYPERGLYCEMIA-PNEUMONIA-R/O MYOCARDIAL INFARCTION,infectious
ASPIRATION EVENT/SEPSIS,infectious
"HYPOGLYCEMIA,",endocrine_metabolic
CORONARY ARTERY DISEASE;CARDIACTAMPONADE,cardiovascular
AORTIC STENOSIS\AORTIC VALVE REPLACEMENT; ? BENTAL PROCEDURE /SDA,cardiovascular
THROMBOSED STENT;ACUTE MYOCARDIAL INFARCTION,cardiovascular
CHANGE IN MENTAL STATUS;METHICILLIN RESISTANT STAPH AUREUS;TELEMETRY,infectious
SHORTNESS OF BREATH;AORTIC STENOSIS\LEFT HEART CATH,cardiovascular
PNEUMONIA/SEPSIS,infectious
"HYPOXIA, NEW LUNG MASS",respiratory
WOUND INFECTION;HYPOTENSION,infectious
CERVICAL SPINAL TUMOR/SDA,neurological
BILE LEAK;CONGESTIVE HEART FAILURE,cardiovascular
ESOPHAGEAL CENCER/SDA,gastrointestinal
?ANEURYSM,cardiovascular
CERVICAL EPIDURAL ABCESS,infectious
NON-SMALL CELL LUNG CANCER,oncology
"CHEST PAIN,ARM NUMBNESS",cardiovascular
"RESPIRATORY FAILURE,S/P FALL HIP FRACTURE, SHOULDER FRAXTURE",respiratory
THIGH HEAMTOMA,trauma_injury
GASTROINTESTINAL BLEED;COMMON VARIABLE IMMUNODEFICIENCY,gastrointestinal
AORTIC AND MITRAL VALVE REPLACEMENT\AORTIC VALVE REPLACEMENT;MITRAL VALVE REPLACEMENT/SDA,cardiovascular
LUNG COLLAPSE,respiratory
DYSPNEA;WEAKNESS;TELEMETRY,symptoms_unspecified
AORTIC VALVE INSUFFICIENCY\BENTAL PROCEDURE W/ ASCENDING AORTA & HEMI ARCH REPLACEMENT,cardiovascular
MYOCARDIAL INFARCTION;TELEMETRY;CARDIAC CATHERIZATION,cardiovascular
ACETAMINOPHEN OVER DOSE;LIVER FAILURE,toxicology_poisoning
ANEMIA;THROMBOCYTOPENIA;PROSTATE CANCER,oncology
MITRAL VALVE MASS,cardiovascular
SHORTNESS OF BREATH;NEW ASCITES,symptoms_unspecified
PERICARDIAL EFFUSION;PLUERAL EFFUSIONS,cardiovascular
CANCER OF ORAL PHARYNX/SDA,oncology
CELLULITIS;CONGESTIVE HEART FAILURE,infectious
PERINATAL DEPRESSION,psychiatric
VENTRICULAR TACHYCARDIA\VENTRICULAR TACHYCARDIA ABLATION/SDA,cardiovascular
CONGESTIVE HEART FAILURE-SEPSIS,infectious
L SIDED WEAKNESS,neurological
SEPSIS;JYPOTENSION,infectious
"CELLULITIS,NECROTIZING FASCIITIS",infectious
RESPIRATORY DISTRESS;VOLUME OVERLO,respiratory
ORIF LEFT ELBOW;EXP LAPAROTOMY,trauma_injury
LOWER GASTROINTESTINAL BLEED;TUMOR,gastrointestinal
RIB FRACTURE; ALCOHOL INTOXICATION,trauma_injury
SKULL FX,trauma_injury
S/P FALL;MULTIPLE FRACTURE,trauma_injury
CHOLANGITIS;TELEMETRY,infectious
CONGESTIVE HEART FAILURE\COMPLETE HEART CATH,cardiovascular
25 WEEKS ABDOMINAL PAIN,pregnancy_obstetric
ACUTE RENAL FAILURE ; BRADYCARDIA,renal
A-FLUTTER,cardiovascular
"NAUSEA/VOMITING,GASTROPARESIS",gastrointestinal
SPLENIC INFARCT;OBSTRUCTIVE JAUNDICE,hematologic
ESOPHAGEAL GASTRIC VARICEAL BLEED,gastrointestinal
ATRIAL FIBRILLATION;AORTIC STENOSIS;TELEMETRY\IV HEPARIN,cardiovascular
"TRACHEAL LEAK, RESPIRATORY FAILURE",respiratory
RAPID AFIB;CONGESTIVE HEART FAILURE,cardiovascular
"S/P KIDNEY TRANSPLANT,FEVER",renal
BILATERAL ADNEXAL MASS,genitourinary
ACUTE PULMONARY EDEMA,respiratory
CHEMICAL PNEUMONITIS,respiratory
CEREBRAL MASS AND BLEED,neurological
PERICARDIAL EFFUSION;PLEURAL EFFUSION,cardiovascular
CHF;MITRAL REGURGITATION,cardiovascular
ISCHEMIC TOES,cardiovascular
RIGHT TEMPORAL MASS;SEIZURE,neurological
OGILVE'S SYNDROME,gastrointestinal
CORONARY ARTERY DISEASE;DYSPNEA;CHF,cardiovascular
LEUKO ENCEPHALOPATHY,neurological
PNEUMONIA-ALTERED MENTAL STATUS,infectious
S/P FALL TEMP. FRACTURE,trauma_injury
"AORTIC STENOSIS\AORTIC VALVE REPLACEMENT REDO, ? MITRAL VALVE REPLACEMENT, ? BENTAL PROCEDURE /SDA",cardiovascular
S/P HEAD BLEED,trauma_injury
ICD LEAD INFECTION,infectious
"CHRONIC LYMPHOCYTIC LEUKEMIA,ASCITES,? SMALL BOWEL OBSTRUCTION",hematologic
MV\MITRAL VALVE REPLACEMENT; ?MINIMALLY INVASIVE/SDA,cardiovascular
BILATERAL BREAST MASSES;RESPIRATORY FAILURE,oncology
FRACTURED RIBS,trauma_injury
KIDNEY FAILURE FOR KIDNEY TRANSPLANT,renal
WEAKNESS;R/O GUILLAIN BARRE,neurological
DYSPNEA;ABDOMINAL PAIN,symptoms_unspecified
BREAST CANCER;RENAL FAILURE;HYDRONEPHROSIS,oncology
CEREBRAL VASCULAR ACCIDENT;TELEMETRY,neurological
"GI BLEED,ABDOMINAL PAIN",gastrointestinal
PNEUMONIA;CARDIOGENIC SHOCK,infectious
DYSPNEA ON EXERTION\LEFT HEART CATHETERIZATION,cardiovascular
ISCHEMIC HEART DISEASE,cardiovascular
LUMBAR DEGENERATION/SDA,musculoskeletal
CORNARY ARTERY DISEASE\CORONARY ARTERY BYPASS GRAFT WITH AVR,cardiovascular
ATRIAL FIBRILLATION;CORONARY ARTERY DISEASE,cardiovascular
DESCENDING AORTIC ANEURYSM,cardiovascular
PNEUMONIA; POST RESPIRATORY ARREST,infectious
PNEUMONIA; CELLULITIS,infectious
HYPOGLYCEMIA;ACUTE RENAL FAILURE,endocrine_metabolic
MALFUCTION ICD,cardiovascular
S/P JUMP,trauma_injury
DIABETES MELLITUS;HIP FRACTURE;DECUBITIS ULCER,endocrine_metabolic
SPINAL INJURY,trauma_injury
ANOMOLOUS RCA,cardiovascular
"GI BLEED,ARRYTHMIA",cardiovascular
FEVER UNKNOWN ORIGIN-SEPSIS,infectious
ATRIAL SEPTAL DEFECT\REPAIR ATRIAL SEPTAL DEFECT LIMITED ACCESS MINIMALL INVASIVE/SDA,cardiovascular
BI PASS GRAFT OCCLUSION,cardiovascular
ALTERED MENTAL STATUS; ARF; RESPIRATORY FAILURE,respiratory
ISCEHMIC COLITIS,gastrointestinal
SHORTNESS OF BREATH;CONGESTIVE HEART FAILURE;ATRIAL FIBRILLATION\RIGHT AND LEFT HEART CATH,cardiovascular
"HYPERKALEMIA, HEART BLOCK",cardiovascular
AORTIC STENOSIS\AORTIC VALVE REPLACEMENT; ? MAZE /SDA,cardiovascular
BRADYCARDIA;HYPOTENSION,cardiovascular
"L1 FRACTURE,RT RADIUS FRACTURE",trauma_injury
INFECTED AORTA,cardiovascular
CORONARY ARTERY DISEASE;RENAL ARTERY STENOSIS\CATH,cardiovascular
"HEPATITIS C,LIVER FAILURE,ASCITES",hepatobiliary
MVA;TRAUMA,trauma_injury
HIP FRACTURE;SUBDURAL HEMORRHAGE;TELEMETRY,trauma_injury
LLIVER FAILURE,hepatobiliary
HEMOPNEUMOTHORAX,trauma_injury
RIGHT GROIN SARCOMA,oncology
ST ELEVATED MYOCARDIAL INFARCTION\CARDIAC CARTH,cardiovascular
RESPIRATORY FAILURE;TRACHEAL OBSTRUCTION,respiratory
ATRIAL SEPTAL DEFECT \ATRIAL SEPTAL DEFECT FOR PATENT FORMEN OVAL CLOSURE/SDA,cardiovascular
LIVER FAILURE-PRE-OP LIVER TX,hepatobiliary
ATRIAL FLUTTER\FLUTTER ABLATION/PACEMAKER IMPLANT,cardiovascular
CORONARY ARTERY DISEASE\RIGHT AND LEFT HEART CATHETERIZATION,cardiovascular
ASCITES;EDEMA,hepatobiliary
ACUTE LIVER DISEASE; TYLENOL TOXICITY,toxicology_poisoning
ENDOSCOPIC RETROGRADE CHOLANGIOPANCREATOGRAPHY;SPHINCTEROTOMY,hepatobiliary
AORTIC STENSIS\? CORONARY ARTERY BYPASS GRAFT WITH AVR REDO /SDA,cardiovascular
SEPSIS;?SBP,infectious
CAROTID PSEUDOANEURYSM,cardiovascular
MVC;PELVIC FRACTURE,trauma_injury
ATRIAL FIBRILLATION; RIGHT UPPER LOBE NODULES\MINI MAZE SIMULTANEOUSLY WITH RIGHT UPPER LOBE BIOPSY;THORACOSCOPY VIDEO ASSISTED WEDGE RESECTION/SDA,cardiovascular
BILIARY ASCITES,hepatobiliary
BLOCKED PORT-A-CATH,other
CIRRHOSIS;CHRONIC PANCREATITIS,hepatobiliary
THORACOABDOMINAL ANEURYSM\ THORACO ABDOMINAL ANEURYSM REPAIR/SDA,cardiovascular
"SOB,RAPID AFIB;CONSTIPATION",cardiovascular
MULTIPLE FACIAL FRACTURES,trauma_injury
"ACUTE JAUNDICE, HEPATITIS",hepatobiliary
S/P FALL;SUBARACHNOID HEMORRHAGE;TELEMETRY,trauma_injury
LIVER CANCER;MELENA,oncology
FEVER-HYPERTENSION,infectious
RIGHT TEMPORAL MENIGIOMA/SDA,neurological
ENCEPHALOCLE/SDA,neurological
FEVERS;FOOT ABSCESS,infectious
HYPOTENSION;HYPOTHERMIA;HYPOXIA;MENTAL STATUS CHANGES;BRADYCARDIA,cardiovascular
DIVERTICULITIES OF COLON,gastrointestinal
THORACIC AORTIC ANEURYSM\ENDOVASCULAR THORACIC ANEURYSM REPAIR /SDA,cardiovascular
BRIGHT RED BLOOD PER RECTUM;GASTROINTESTINAL BLEED,gastrointestinal
HYPOTENTION;HYPOGLYCEMIA,endocrine_metabolic
"S/P ,VC;R RIB FRACTURE;L FIB -TIB FRACTURE",trauma_injury
NON-STEM MI/INFLUENZA/PNA,infectious
MYASTHEMIA GRAVIS & THYMIC MASS/SDA,neurological
FALL;FACIAL FRACTURE,trauma_injury
COLITIS;DEHYDRATION,gastrointestinal
RENAL FAILURE;PANCREATITIS,renal
LIVER INSUFFICIENCY,hepatobiliary
CHEST PAIN;DYSPNEA;CARDIAC ISCHEMIA\LEFT HEART CATHETERIZATION,cardiovascular
LARGE VILLOUS ADENOMA/SDA,oncology
"AORTIC STENOSIS\REDO STERNOTOMY, ? AVR, ? BENTAL PROCEDURE, ? CORONARY ARTERY BYPASS GRAFT /SDA",cardiovascular
TRACHEAL BRONCOMALASIA,respiratory
PANCREATITIS;ETOH WITHDRAWL,gastrointestinal
HYPERTENSIVE URGENCY;NAUSEA;VOMITING,cardiovascular
"COUGH, FEVER, GASTRIC OUTLET OBSTRUCTION",infectious
GI BLEED/SDA,gastrointestinal
35.5 WKS TWINS FOR C/SECTION,pregnancy_obstetric
HYPOXIA;PLEURAL EFFUSIONS,respiratory
ETOH WITHDRAWAL / ABDOMINAL PAIN,psychiatric
STAB WOUND;TELEMETRY,trauma_injury
RIGHT LOWER LOBE LUNG MASS/SDA,oncology
TRICUSPID VALVE DISORDER\REDO STERNOTOMY TVR,cardiovascular
LYPHANOPATHY/FAILURE TO THRIVE/ABNORMAL LIVER FUNCTION TEST,oncology
SYNCOPE/BRADYCARDIA/SEIZURES\PACEMAKER IMPLANT/SDA,neurological
ESOPHAGITIS,gastrointestinal
INFECTED ORTHOPEDIC HARDWARE,infectious
ANGIODEMA,other
CHRONIC LYMPHOCYTIC LEUKEMIA;FAILURE TO THRIVE,hematologic
HYPOTENSION;ACITIES,cardiovascular
CRITICAL AORTIC STRESS,cardiovascular
CRONIC OBSTRUCTIVE PULMONARY DISEASE,respiratory
INTRAPARENCHYMAL BRAIN MASS/BLEED,neurological
CORONARY ARTERY DISEASE\STENT TO RIGHT LAD,cardiovascular
CHEST PAIN;CARDIAC ARREST\LEFT HEART CATHETERIZATION,cardiovascular
GUN SHOT WOUND TO ABDOMEN,trauma_injury
S/P MVC;C-1 FRACTURE,trauma_injury
RECTAL AND ANAL STENOSIS/SDA,gastrointestinal
S/P MOTOR VEHICLE ACCIDENT;SPLENIC LACERATION,trauma_injury
"RABDO,RESPIRATORY FAILURE",respiratory
ACUTE ANTERIOR MYOCARDIAL INFARCTION,cardiovascular
NESOTHELIOMA/SDA,oncology
ANGINA\LEFT HEART CATHETERIZATION/SDA,cardiovascular
CRANIAL BLEED,neurological
GASTROINTESTINAL BLEED-R/O MYOCARDIAL INFARCTION,gastrointestinal
"ICH, PNEUMONIA",neurological
HEART FAILURE; NONSUSTAINED VT; S/P MITRAL VALVE REPLACEMENT\ICD LEAD REVISION,cardiovascular
BILATERAL UPPER ARM CELLULITIS;ABDOMINAL DISTENSION;ELEVATED HR,infectious
RIGHT CEREBELLAR HEMORRHAGE,neurological
CORONARY ARTERY DISEASE;HYPERLIPIDEMIA\CATH,cardiovascular
"STROKE,ENDOCARDITIS",neurological
SUBDURAL HEMATOMA;SEIZURE,neurological
PLEURAL EFFUSION\CATH,respiratory
INFECTION RIGHT KNEE,infectious
CHOLECYSTITIS;SEPSIS,hepatobiliary
"AORTIC STENOSIS\AVR, ? CORONARY ARTERY BYPASS GRAFT /SDA",cardiovascular
CHEST PAIN;TELEMETRY;RULE-OUT MYOCARDIAL INFARCTION;TELEMETRY,cardiovascular
INFECTED KIDNEY STONE;PYELONEPHRITIS,genitourinary
CORONARY ARTERY DISEASE;SEVERE 3VESSELS DISEASE,cardiovascular
CHEMOTHERAPY,oncology
URINARY TRACT INFECTION-PNEUMONIA-TRACH INFECTION,infectious
LEUKOCYTOSIS;FEVER;END STAGE RENAL DISESE,renal
ICH AND FACIAL FRACTURES,trauma_injury
STROKE;TELEMETRY;TRANSINET ISCHEMIC ATTACK,neurological
PULMONARY EMBOLIS;,cardiovascular
OCCIPITAL MASS,oncology
PERIPHERAL VASCULAR DISEASE;HYPERTENSION;CLAUDICATION;CORONARY ARTERY DISEASE\LEFT LEG ANGIOGRAM,cardiovascular
CIRRHOSIS;VOMITING,hepatobiliary
FORAMEN OVALE DEFECT\PATENT FORAMEN OVALE MINIMALLY INVASIVE,cardiovascular
AORTIC VALVE STENOSIS\AORTIC VALVE REPLACEMENT; MINIMALLY INVASIVE/SDA,cardiovascular
FEVER;PLEURAL EFFUSION,infectious
S/P PEDESTRIAN STRUCK:INTRACRANIAL HEMORRHAGE,trauma_injury
CONGESTIVE HEART FAILURE\CORONARY ARTERY BYPASS GRAFT;MITRAL VALVE REPLACEMENT,cardiovascular
FLATBACK SYNDROME AND SCOLIOSIS/SDA,musculoskeletal
DYSPNEA ON EXERTION\AORTIC VALVE REPLACEMENT/SDA,cardiovascular
MITRAL REGURGITATION\MITRAL VALVE REPLACEMENT; HEART PORT MINIMALLY INVASIVE/SDA,cardiovascular
ESOPHAGEAL DIVERTICULUM/SDA,gastrointestinal
AORTIC STENOSIS\AORTIC VALVE REPLACEMENT; TALON CLOSURE ** NO ASSESSMENT NEEDED **,cardiovascular
EPILEPSY AND EPILEPIC SYNDROMES/SDA,neurological
PE/DVT,cardiovascular
RIGHT COLONIC MASS/SDA,oncology
SHORTNESS OF BREATH;DYSPNEA ON EXERTION,respiratory
CAD/CATH\CATH,cardiovascular
ST SEGMENT ELEVATION MI,cardiovascular
SHORTNESS OF BREATH;RULE-OUT MYOCARDIAL INFARCTION;TELEMETRY;HYPERGLYCEMIA,cardiovascular
ANEURYSM\REDO STERNOTOMY; REPLACEMENT ASCENDING AORTA; ? CORONARY ARTERY BYPASS GRAFT,cardiovascular
"HYPERTENSION,CONGESTIVE HEART FAILURE",cardiovascular
RIGHT INFECTED TOTAL HIP /SDA,musculoskeletal
NUMBNESS IN LIP,neurological
INTEROCUTANEOUS FISTULA,other
"TYELNOL OD,HEPATITIS C",toxicology_poisoning
OPEN WOUND RIGHT FOOT,trauma_injury
S/P ASSAULT;SUBDURAL HEMATOMA,trauma_injury
MITRAL VALVE INSUFFICIENT\AORTIC VALVE REPLACEMENT /SDA,cardiovascular
"FACIAL FRACTURES,S/P FALL",trauma_injury
HYPERTENSIVE URENCY,renal
MITRAL DISORDER\MITRAL VALVE REPLACEMENT VERSUS REPAIR,cardiovascular
MITRAL VALVE DISORDER\AORTIC AND MITRAL VALVE REPLACEMENT; ASCENDING AORTA REPLACEMENT; ? TRICUSPID VALVE REPAIR/SDA,cardiovascular
PNEUMONIA/ASTHMA,respiratory
MVP\MITRAL VALVE REPLACEMENT; HEART PORT MINIMALLY INVASIVE/SDA,cardiovascular
SHORTNESS OF BREATH-PULMONARY EMBOLISM,cardiovascular
SYNCOPE\LEFT HEART CATH,cardiovascular
MULTIFOCAL PNEUMONIA,infectious
LYMPHOMA;SHORTNESS OF BREATH,oncology
DESENSITIZATION,other
LEFT URETERAL CANCER/SDA,oncology
MITRAL VALVE INSUFFICIENCY\MITRAL VALVE REPLACEMENT/?CABG/? TRICUSPID VALVE REPLACEMENT/SDA,cardiovascular
HYPOXIA;FEVER,symptoms_unspecified
URINARY TRACT INFECTION;ACUTE RENAL FAILURE;ELEVATED INR,renal
RESPIRATORY FAILURE;DIALYSIS LINE OCCLUSION,respiratory
MITRAL REGURGITATION & CAD\CORONARY ARTERY BYPASS GRAFT WITH MVR; ? MAZE PROCEDURE,cardiovascular
CORONARY ARTERY DISEASE\CORONARY ARTERY BYPASS GRAFT WITH MVR REPAIR; ? REPLACEMENT/SDA,cardiovascular
UPPER GI BLLED,gastrointestinal
POSITIVE ETT\CATH,other
AORTIC LESION,cardiovascular
"HEAD INJURY,C SPINE FX",trauma_injury
"PNEUMONIN, R/O MI",respiratory
HYPOXIA;PLEURAL EFFUSION,respiratory
PELVIS FRACTURE;FACIAL FRACTURE,trauma_injury
AORTIC STENOSIS\AORTIC VALVE REPLACEMENT; HEART PORT MINIMALLY INVASIVE/SDA,cardiovascular
CHEST PAIN;NON-Q-WAVE MYOCARDIAL INFARCTION\CARDIAC CATH,cardiovascular
SEIZURES;RAPID HEART RATE,neurological
CHEST PAIN;GASTROINTESTINAL BLEED,gastrointestinal
END STEGE LIVER DISEASE,hepatobiliary
CHRONIC OBST PULMONARY DISEASE,respiratory
CARDIAC ISCHEMIA,cardiovascular
R/O CEREBRITIS,neurological
BRAIN CYST,neurological
SEPSIS;FEVER;NEUTROPENIA,infectious
PANCREATITIS;DTS,gastrointestinal
SEPSIS OBSTRUCTIVE UROPATHY,infectious
ACUTE CHOLECYSTITIS/ACS,hepatobiliary
CORONARY ARTERY DISEASE;S/P CATHERIZATION,cardiovascular
DEHYDRATION;HYPERNATREMIA,endocrine_metabolic
S/P FALL;C2 FRACTURE,trauma_injury
ANGINA;DYSPNEA,cardiovascular
CAD ? TMR\CORONARY ARTERY BYPASS GRAFT; ? TRANS MYOCARDIAL; REVASCULARIZATION/SDA,cardiovascular
CIRRHOSIS GI BLEED,hepatobiliary
CHEST PAIN-STEMI\CARDIAC CATH,cardiovascular
DICA-HEMATEMESIS,hematologic
"ANEMIS,SHORTNESS OF BREATH",hematologic
SUBDURAL BLEED;TELEMETRY,neurological
VENTRICULAR FIBRILLATION \CATH,cardiovascular
OCAINE CHEST PAIN;PLEURAL EFFUSION,respiratory
NEUMONIA,infectious
AMYL NITRATE OVERDOSE,toxicology_poisoning
AVM;BLOOD LOSS;ANEMIA;UMBILICAL HERNIA,hematologic
LEFT TEMPORAL LOBE LESION-S/P SEIZURE,neurological
"S/P FALL, L EYE INJURY",trauma_injury
POST-ARREST,cardiovascular
DIARRHEA/TACHYCARDIA,gastrointestinal
SEPSIS; PERITONITIS,infectious
? BABESIOSIS,infectious
SKULL FRACTURE; HEAD BLEED,trauma_injury
GUN SHOT WOUND RIGHT HAND/SDA,trauma_injury
TYPE B THORAUA AORTIC DISSECTION,cardiovascular
ASA INGESTION,toxicology_poisoning
MITRAL REGURGITATION\AORTIC VALVE REPLACEMENT;  TRICUSTID VALVE REPLACEMENT; ? OF A MAZE,cardiovascular
CIRRHOSIS;S/P CARDIAC ARREST,hepatobiliary
TACCHYCARDIA/BRADYCARDIA;ATRIAL FLUTTER\A-FLUTTER ABLATION;BV PACER,cardiovascular
AORTIC VALVE DISORDER\AORTIC VALVE / ASCENDING AORTA REPLACEMENT?  BENTAL PROCEDURE ? HEMI ARCH/SDA,cardiovascular
CEREBROVASCULAR ACCIDENT;CAROTID DISSECTION,neurological
ACUTE COROMARY SYNDROME;PEUMONIA,cardiovascular
LARGE HIATAL HERNIA/SDA,gastrointestinal
C5-6 FRACTURE,trauma_injury
GASTRO CUTANEOUS FISTULA,gastrointestinal
INTESTINAL LYMPHADENOPATHY,gastrointestinal
UPPER GASTROINTESTINAL BLEED;TELEMETRY,gastrointestinal
"ABDOMINAL PAIN, NAUSEA, VOMITING",symptoms_unspecified
ATRIAL FIBRILLATION;ANGINA,cardiovascular
R/O OBSTRUCTION,symptoms_unspecified
MULTIPLE MYELOMA;SHORTNESS OF BREATH,oncology
PNEUMONIA;ATRIAL FLUTTER,infectious
"SEIZURE,NAUSEA,VOMITING",neurological
UNRESPONSIVE-DRUG OVERDOSE,toxicology_poisoning
TRACHEALBRONCHEAL MALACEA/SDA,respiratory
"AORTIC STENOSIS\AORTIC VALVE REPLACEMENT, RE-DO; MITRAL VALVE REPLACEMENT; QUESTION OF, ALSO PERICARDECTOMY/SDA",cardiovascular
FREQUENT FALLS-HYPOTENSION,symptoms_unspecified
RIGHT SIDED CEREBRAL MENINGIOMA/SDA,neurological
FEVER-S/P LIVER TRANSPLANT,infectious
FEVER; MS FLARE,neurological
SEVERE MITRAL VALVE REGURGITATION,cardiovascular
(AML) ACUTE MYELOGENOUS LEUKEMIA\BONE MARROW TRANSPLANT,hematologic
SUBDURAL HEMORRHAGE;LEFT HIP FRACTURE,trauma_injury
EXPLORATORY LAPAROTOMY,postoperative_surgical
VENTRICULAR TACHYCARDIA\POSSIBLE SUPRAVENTRICULAR TACHYCARDIA ABLATION,cardiovascular
SIGMOID MASS;RECTAL BLEEDING,oncology
GRADE 4 LIVER LACERATION,trauma_injury
PRIMARY BILIARY CIRRHOSIS;END STAGE LIVER DISEASE,hepatobiliary
DIABETIC KETOCIDOSIS,endocrine_metabolic
EXERTIONAL ANGINA;RULE OUT CORONARY ARTERY DISEASE\CARDIAC CATH,cardiovascular
SVA CLOT;TELEMETRY,cardiovascular
"PULONARY NODULE, RIGHT /SDA",respiratory
THORACIC MASS/SDA,oncology
UPPER & LOWER EXTREMITY WEAKNESS,neurological
"OPEN WOUND, RIGHT FACE/SDA",trauma_injury
RUPTURED DUODENAL ULCER,gastrointestinal
S/P MYOCARDIAL INFARCTION\CATH,cardiovascular
PNEUMOCYSTIS PNEUMONIA,infectious
CRUSH TRAUMA,trauma_injury
DILAUDID,other
SUBDURAL HEMATOMA;HYPERTENSIVE URGENCY,neurological
"ARF, BACK PAIN",renal
OSTEOMYLELITIS SPINE/SDA,infectious
SYMTOMATIC FIBROID UTERUS/SDA,pregnancy_obstetric
SUBARACHNOID HEMATOMA;CSPINE FRACTURES,trauma_injury
BILATERAL FEMORAL FRACTURES,trauma_injury
CARDIOMYOPATHY\BIVENTRICULAR LEFT VENTRICLE LEAD PLACEMENT VIA LEFT THORACOTOMY; SINGLE LUNG VENTILATION NO LINES LEFT ARM  /SDA,cardiovascular
ABNORMAL EKG\CATH,cardiovascular
SUBDURAL HEMOTOMA,trauma_injury
ANTERIOR MYOCARDIAL INFARCTION,cardiovascular
AORTIC STENOSIS\AORTIC VALVE REPLACEMENT W/? BENTAL PROCEDURE /SDA,cardiovascular
COMMON BILE STRICTURE/SDA,hepatobiliary
"ANEMIA,THROMBOCYTOPENIA",hematologic
OVER DOSE/SUICIDAL IDEATION,psychiatric
STATUS POST CARDIAC ARREST;UNABLE TO WEAN,cardiovascular
ATRIAL FIBRILLATION\AFIB ABLATION; PHARMACOLOGICAL/NONPHARMACOLOGICAL MANAGEMENT OF AFIB,cardiovascular
ACUTE RENAL FAILURE;CONGESTIVE HEART FAILURE;PNEUMONIA,renal
BASAL GANGLIA INFARCT,neurological
TCA TOXICITY-TACYCARDIA,toxicology_poisoning
METABOLIC ABNORMALTIES,endocrine_metabolic
ACUTE MYELOGENOUS LEUKEMIA;CHANGE IN MENTAL STATUS,hematologic
RV THROMBIS,cardiovascular
GASTROINTESTINAL BLEED-LOW HAMATOCRIT,gastrointestinal
METASTATIC MELANOMA;BRAIN METASTASIS,oncology
AORTIC AND MITRAL STENOSIS\AORTIC AND MITRAL VALVE REPLACEMENT REDO,cardiovascular
SYMPTOMATIC VENTRICULAR TACHYCARDIA,cardiovascular
DEHYDRATION/ WEAKNESS,symptoms_unspecified
UNSTABLE ANGINA\CORONARY ANGIOGRAM,cardiovascular
MITRAL STENOSIS\MITRAL VALVE REPLACEMENT/ TRI-CUSPID VALVE REPLACEMENT/SDA,cardiovascular
STAGE III LUNG CA/SDA,oncology
PEA ARREST;MYOCARDIAL INFARCTION,cardiovascular
"FEVER, SHORTNESS OF BREATH",infectious
INFECTED DEVICE\REMOVAL OF IMPLANTED CARDIOVERTER DEFIBRILLATOR,infectious
PAN;PERICARDIAL EFFUSION,cardiovascular
PLEURAL HEMATOMA,respiratory
S/P CADAVER RENAL TRANSPLANT,renal
HYPOTENSION;SHORTNESS OF BREATH,symptoms_unspecified
MOTOR VEHICLE ACCIDENT',trauma_injury
GANGRENE R LEG,other
HYPONATREMIA;HYPOTENSION,endocrine_metabolic
AORTIC STENOSIS\REDO AVR; MVR; ? CORONARY ARTERY BYPASS GRAFT; ? LEFT ATRIAL APPENDAGE LIGATION; ? MAZE,cardiovascular
FX HUMERUS;RENAL CELL CA,oncology
LEFT UPPER POLE RENAL LESION/SDA,oncology
G-TUBE LEAK,gastrointestinal
LOWER EXTREMITY ISCHEMIA,cardiovascular
ANEMIA;METHICILLIN RESISTANT STAPH AUREUS,infectious
DIAPHRAGMATIC HERNIA,gastrointestinal
SEPSIS;CHOLEDOCHOLITHIASIS,infectious
INTESTINAL MELAPTSIA/SDA,gastrointestinal
MULTI RIB FRACTURE-HYPOXIA,trauma_injury
PAINFUL RIGHT TOTAL HIP/SDA,musculoskeletal
ICD BATTERY  FAILURE,cardiovascular
RIGHT SIDED WEAKNESS;ANEMIA,neurological
STATUS POST LEFT NEPHRECTOMY;PANCREATIC LEAK,postoperative_surgical
RETROPHARYNGEAL ABSCESS,infectious
LUNG AND BRAIN MASS,oncology
NECK PAIN/SDA,musculoskeletal
NON-ST SEGMENT ELEVATION MYOCARDIAL INFARCTION;PNEUMONIA\CARDIAC CATH,cardiovascular
FEBER,symptoms_unspecified
TRAUMATIC AORTIC DISSECTION,trauma_injury
CORONARY ARTERY DISEASE;DM,cardiovascular
"HYPONATREMIA,HYPOTHROMBONEMIA",endocrine_metabolic
?OVERDOSE,toxicology_poisoning
"ANEMIA,THROMBOCYTOPENIA,ACUTE RENAL FAILURE",renal
BRONCHIATISIS;BRONCHOSCOPY,respiratory
MVR CABG\MVR CABG,cardiovascular
ENCEPHALOPATHY;HYPOXIC;TRANSPLANT EVAL,neurological
MALAISE S/P SLEEVE GASTRECTOMY,postoperative_surgical
RIGHT NASAL CARCINOMA,oncology
CONGESTIVE HEART FAILURE;DIARRHEA,cardiovascular
PANCREATIC CANCER\CHEMO EMBOLIZATION LIVER/SDA,oncology
S/P CHEST CONTUSION/CATH,trauma_injury
MYELOMA;SEVERE ANEMIA,hematologic
ETOH/COCAINE INTOXICATION,toxicology_poisoning
SPLENIC MARGINAL ZONE LYMPHOMA\CHEMOTHERAPY,hematologic
CEREBROBASVULAR ACCIDENT,neurological
S/P THROMBECTOMY,postoperative_surgical
ST ELEVATED MYOCARDIAL INFARCTION;HYPOTENSION,cardiovascular
SUPRAVENTRICULAR TACHYCARDIA\SUPRAVENTRICULAR TACHYCARDIA ABLATION,cardiovascular
ASD\ REPAIR ATRIAL SEPTAL DEFECT/SDA,cardiovascular
CORONARY ARTERY DISEASE\CORONARY ARTERY BYPASS GRAFT ITH AVR /SDA,cardiovascular
CHRONIC CHOLECYSTITIS,hepatobiliary
L1BURST FRACTURE,trauma_injury
HYPONATREMIS;ASCITES,endocrine_metabolic
SUBARACHNOID HEMORRAGE,neurological
RIGHT FEMORAL NECK FRACTURE,trauma_injury
ABDOMINAL AORTIC ANEURYSM DISECTION,cardiovascular
TUMOR RIGHT TUMOR/SDA,oncology
PRESYNCOPE;PALPITATIONS;CORONARY ARTERY DISEASE;HYPERTENSION\CATH,cardiovascular
SMALL CELL LUNG CANCER;PERICARDIAL EFFUSION,oncology
RIGHT COLON TUMOR/SDA,oncology
ASTHMA EXACERBATION;CHRONIC OBST PULM DISEASE;TELEMETRY,respiratory
ALTERED MENTALSTATUS;HEROIN OVERDOSE,toxicology_poisoning
AORTIC STENOSIS\BENTAL PROCEDURE W/ TOTAL ARCH UNDER DEEP HYPOTHERMIC CIRCULATION ARREST; CORONARY ARTERY BYPASS GRAFT    /SDA,cardiovascular
PREMATURITY;POOR RESPIRATORY EFFORT,pregnancy_obstetric
MIDLINE HERNIA/SDA,gastrointestinal
CHRONIC MYELOGENOUS LEUKEMIA;LOW WBC,hematologic
SEIZURES;FEVER,neurological
LEFT LEG AMPUTATION,trauma_injury
ANEMIA;BLADDER CANCER,oncology
RENAL FAILURE;DIABETES MELLITUS;FEVER UNKNOWN ORIGIN,renal
"CHF, MENTAL STATUS CHANGES",cardiovascular
"DEHYDRATION,NAUSEA,ANEMIA,GI BLEED",gastrointestinal
MULTI SYSTEM FAILURE,other
"DYSPNEA, RESPIRATORY DISTRESS",respiratory
GANGREEN LEFT FOOT,cardiovascular
UNSTABLE ANGINA\CARD CATH,cardiovascular
ACUTE RENAL FAILURE;CHOLECYSTITIS,renal
A FIB;PNEUMONIA,cardiovascular
S/P NOTOR VEHICLE ACCIDENT,trauma_injury
LEFT MCA AND LEFT OPHTHALMIC ARTERY ANEURYSM,neurological
PITUITARY ABSCESS,infectious
LEFT LEG ISCHEMIA /SDA,cardiovascular
SEPSIS;ATRIAL FLUTTER,infectious
MYOCARDIAL INFARCTION\ CATH,cardiovascular
PANCREATITIS;CHOLANGITIS,gastrointestinal
CARCINOMATOSIS;ASCITES,oncology
DYSPNEA ON EXERTION\LEFT HEART CATHERIZATION,cardiovascular
S/P STABBIMG,trauma_injury
DIARRHEA;ACUTE RENAL FAILURE,renal
LOBAR PNEUMONIA,infectious
DISSECTING ABDOMINAL AORTA ANEURYSM,cardiovascular
DILATED CARDIOMYOPATHY\RIGHT SIDED HEART CATHETERIZATION; EP STUDY; ICD IMPLANT ; DFT **REMOTE WEST**/SDA,cardiovascular
RIGHT COLLASPE LUNG,respiratory
DEHYDRATION;DYSPHAGIA,other
MITRAL STENOSIS\MITRAL VALVE REPAIR VS REPLACEMENT /SDA,cardiovascular
"RECURRENT ENDOCARDITIS, ENLARGED AORTIC ROOT\ BENTAL PROCEDURE HOMOGRAFT REDO/SDA",infectious
SUBDURAL SUBARACHNOID HEMMORRHAGE,neurological
DRUG REFRACTORY ATRIAL FIBRILLATION\PULMONARY VEIN ISOLATION  **REMOTE WEST** **JET VENTILATION** **CARDIAC ANESTHESIA**/SDA,cardiovascular
RIB FRACTURE;PNEUMOTHORAX,trauma_injury
ATRIAL STENOSIS\BENTALL PROCEDURE/SDA,cardiovascular
STATUS POST MITRAL VALVE REPLACEMENT;PROBABLE COLON CANCER\COLONOSCOPY,cardiovascular
BRAIN HEMMORRHAGE,neurological
AVR;ASCENDING AORTA,cardiovascular
NON Q WAVE MI\CARDIAC CATH,cardiovascular
CHEST PAIN;RULE-OUT MYOCARDIAL INFARCTION;TELEMETRY;HYPOTENSION,cardiovascular
ENDOBRONCHIAL LUNG CANCER,oncology
CHANGE MENTAL STATUS,symptoms_unspecified
MYOCARDIAL INFARCTION;PULMONARY EDEMA,cardiovascular
LUMBAR DISC DEGENERATION/SDA,musculoskeletal
HIGH GRADE DYSPLASIA/BARRETT'S ESOPHAGUS/SDA,gastrointestinal
MITRAL STENOSIS\MITRAL VALVE REPLACEMENT;  ? CORONARY ARTERY BYPASS GRAFT /SDA,cardiovascular
NON ISCHEMIC CARDIOMYOPATHY\IMPLANTABLE CARDIOVERTER DEFIBRILLATOR UPGRADE TO BIVENTRICULAR IMPLANTABLE CARDIOVERTER DEFIBRILLATOR/SDA,cardiovascular
SCI,neurological
R/O CORONARY ARTERY DISEASE;HEART CATHERIZATION\LEFT HEART CATHETERIZATION,cardiovascular
"CHI,TRAUMA",trauma_injury
FETAL ABNORMALITY @ 15 WEEKS\D&C,pregnancy_obstetric
ATRIAL FIBRILLATION;MITRAL VALVE PROLAPSE AND REGURGITATION\RIGHT AND LEFT HEART CATH,cardiovascular
CLOTTED DIALYSIS FISTULA;GASTROINTESTINAL BLEED;LIVER FAILURE,gastrointestinal
CODE SPESIS,infectious
ADENOCARCINOMA OF THE ESOPHAGUS/SDA,oncology
CHEST PAIN;+ETT\CARDIAC CATH,cardiovascular
HYDRONEPHROSIS\ROUTINE PERCUTANEOUS NEPHROSTOMY TUBE CHANGE; PERFORM RENAL BIOPSY RIGHT KIDNEY **REMOTE WEST**,renal
THROMBOCYTOPENIA;MALARIA;TELEMETRY,hematologic
PULMONARY EMBOLIS;SUBDURAL HEMATOMA,trauma_injury
BRIGHT RED BLOOD PER RECTUM;METHICILLIN RESISTANT STAPH AUREUS,infectious
TYLENOL,toxicology_poisoning
INYTRACRANIAL HEMORRHAGE,neurological
FEMORAL ARTERY ANEURYSM,cardiovascular
HYPOTENSION-BRADYCARDIA,cardiovascular
RIGHT CTS/SDA,musculoskeletal
"CAD,R/O MI",cardiovascular
"STROKE,DEHYDRATION,ALTERED MENTAL STATUS",neurological
AORTIC VALVE REGURGITATION;ATRIAL FIBRILLATION,cardiovascular
HYPOXIA RESPIRATORY FAILURE,respiratory
LEFT GROIN MASS;HEMATOMA,trauma_injury
CERVICAL HEMATOMA,trauma_injury
PANNUS HEMATOMA,trauma_injury
"FEVER,R/O MENINGITIS",infectious
RT CAROTID STENOSIS/SDA,cardiovascular
TRACHEAL-BRONCHO MALACEA/SDA,respiratory
"PNEUMONIA,HEMATASIS",infectious
WORSENING SHORTNESS OF BREATH;CONGESTIVE HEART FAILURE\RIGHT AND LEFT HEART CATHETERIZATION,cardiovascular
THORACIC ANEURYSM\REPAIR SINUS ANEURYSM/VALVE SPARING ROOT VS BENTAL VS PATCH REPAIR ROOT/SDA,cardiovascular
ASCENDING AORTA\ASCENDING AORTA REPLACEMENT; AORTIC VALVE REPLACEMENT /SDA,cardiovascular
AORTIC STENOSIS\ASCENDING AORTA REPLACEMENT; ? AORTIC VALVE REPLACEMENT; ? BENTAL PROCEDURE/SDA,cardiovascular
CORONARY ARTERY DISEASE\CORONARY ARTERY BYPASS GRAFT; ? MVR /SDA,cardiovascular
COPD FLARE;SHORTNESS OF BREATH;RULE OUT MYOCARDIAL INFARCTION,respiratory
SMALL CELL CANCER,oncology
CHEST PAIN;ABNORMAL STRESS TEST\CARDIAC CATH,cardiovascular
FAILURE TO THRIVE;VOMITING,gastrointestinal
"ABDOMINAL PAIN,R/O PANCREATIC CANCER IN COMMON BILE DUCT",oncology
INTRAMURAL HEMATOMA ASCENDING AORTA,cardiovascular
POSTERIOR FOSSA MASS,neurological
NECK FX;HAND WOUND,trauma_injury
HYPERGLYCEMIA-LEFT SIDED WEAKNESS,endocrine_metabolic
CSPINE FRACTURES,trauma_injury
S/P LIVER & KIDNEY TX-HYPERKALEMIA,renal
"FEVER,DYSPNEA",infectious
MYOCARDIAL INFARCTION;LOWER VALVE THROMBUS\CATH,cardiovascular
HYPOTENSION-GASTROINTESTINAL BLEED,gastrointestinal
CORONARY ARTERY DISEASE\PERICARDIAL WINDOW W/? OF PLEURAL EFFUSION,cardiovascular
CHEST PAIN/S/P CATH,cardiovascular
RENAL FAILURE; PANC,renal
FEVERS AND LEUKOCYTOSIS,infectious
OPEN LEFT TIBIA FIB FX,trauma_injury
BILE DUCT STONE;GENERAL ANESTHESIA-TOO SEDATED TO GO HOME,hepatobiliary
SYNCOPE;PACEMAKER,cardiovascular
TAMPONADE\PERICARDIAL TAP,cardiovascular
ARDS COAGULAPATHY,respiratory
ACUTE GASTROINTESTINAL BLEED,gastrointestinal
CORD COMPRESSION;PNEUMONIA,neurological
HERION OD,toxicology_poisoning
CHRONIC RESPIRATORY FAILURE,respiratory
ST SEGMENT ELEVATION MYOCARDIAL INFARCTION;DIABETIC KETOACIDOSIS,cardiovascular
BOVINE MITRAL VALVE\CATH/SDA,cardiovascular
THALAMIC BLEED;TELEMETRY,neurological
RESPIRATORY FAILURE;R/O TB,respiratory
T 11 INTRADURAL TUMOR,neurological
RIGHT VENTRICULAR INFARCTION;TELEMETRY,cardiovascular
GI BLEED;ASPIRATION PNEUMONIA;URINARY TRACT INFECTION,gastrointestinal
INTRAPARENCYMAL HEMORRHAGE,neurological
CORARTID STENOSIS /SDA,cardiovascular
S/P STAB WOUND TO EYE,trauma_injury
FEVER;SHORTNESS OF BREATH;? PNEUMONIA,infectious
SUBARACHNOID HEMORRHAGE;C2 FRACTURE,neurological
NECROTIZING FASCILITIS,infectious
DENS FX/SDA,trauma_injury
"HYPOXIA, MENTAL STATUS CHANGES",symptoms_unspecified
"HYPERGLYCEMIA,RENAL FAILURE",renal
NON0Q0WAVE MYOCARDIAL INFARCTION;HYPOTENSION\CARDIAC CATH,cardiovascular
UNSTABLE ANGIN-CONGESTIVE HEART FAILURE,cardiovascular
"ALTER MENTAL STATUS, HYPOGLYCEMIA",endocrine_metabolic
PELVIC FRACTURE;HYPOXIA,trauma_injury
"DKA,SEIZURES",endocrine_metabolic
LEFT LOWER LOBE LUNG CA/SDA,oncology
LEFT INTERNAL CAROTID ANEURYSM/SDA,neurological
SPONTANOUS BACTERIAL PERITONITIS,infectious
R/O MYOCARDIAL INFARCTION-FAILURE TO THRIVE-ABD PAIN,cardiovascular
HEMORRHAGE;CEREBRAL VASCULAR ACCIDENT,neurological
C-SPINE FRACTURE-S/P MOTOR VEHICLE ACCIDENT,trauma_injury
BRADYCARDIA-DYSPNEA,cardiovascular
HYMOPTYSIS,respiratory
PNA SEIZURE,infectious
ACUTE RENAL FAILURE;CONGESTIVE HEART FAILURE;PERICARDIAL EFFUSION,renal
UNSTABLE ANGINA;MYOCARDIAL INFARCTION\UPDATE,cardiovascular
MITRAL VALVE DISEASE\ RE-DO;MITRAL VALVE REPLACEMENT,cardiovascular
ACUTE VASCULAR OCCLUSION,cardiovascular
ST ELEVATION MYOCARDIAL INFARCTION\CORONARY ANGIOGRAPHY,cardiovascular
INFECTED LEAD\LEAD EXTRACTION,infectious
FEVER;HEPATITIS;HYPOTENSION\HYPOTENSION,infectious
ISCHEMIC LEGS,cardiovascular
CORONARY ARTERY DISEASE\CORONARY ARTERY BYPASS GRAFT WITH AVR RE-DO STERNOTOMY,cardiovascular
39WKS LABOR,pregnancy_obstetric
"SYNCOPE,RECTAL PROLAPSE,HIP PAIN",symptoms_unspecified
LUMBAR SPINAL INSTABILITY/SDA,musculoskeletal
"MITRAL VALVE DISORDER\MITRAL VALVE REPLACEMENT, ? AORTIC VALVE REPLACEMENT /SDA",cardiovascular
CARDIOMYOPATHY;RUQ PAIN,cardiovascular
3 VESSEL CAD; ANGINA\CORONARY ARTERY BYPASS GRAFT/SDA,cardiovascular
S/P FALL;SYNCOPE;R/O ISCHEMIC EVENT,trauma_injury
RENAL FAILURE/KIDNEY TRANSPLANT,renal
PERSISTENT AFRIBULATION\ MINI MAZE PROCEDURE W/ BILATERAL THORACOTOMIES/SDA,cardiovascular
ACOUSTIC NEUROMA RIGHT EAR/SDA,neurological
SUBARACHNOID,neurological
NON Q MI;CHEST PAIN\CATH,cardiovascular
URINARY OBSTRUCTION;? NEW MALIGNANCY,genitourinary
ASTHMA;COPD EXACERBATION\TRABECULECTOMY/PHACO LEFT EYE,respiratory
AORTIC STENOSIS\AORTIC VALVE REPLACEMENT;CORONARY ARTERY BYPASS GRAFT; ?/SDA,cardiovascular
TRACHEOBRONCHOMALACIA;DYSPNEA,respiratory
SPINE FRACTURE;TELEMETRY,trauma_injury
MYESTHENIA GRAVIS/SDA,neurological
ABDOMINAL PAIN/?CHOLANGITIS,hepatobiliary
UROSEPSIS;HYPERKALMIA,genitourinary
HYPOXIA;TELEMETRY;METHICILLIN RESISTANT STAPH AUREUS,infectious
HYPERBILIRUBINA,hepatobiliary
S/P  MOTORCYCLE ACCIDENT,trauma_injury
CARINAL MASS/SDA,oncology
MONO,infectious
LEFT ANKLE BIMALLEOLAR FRACTURE,trauma_injury
ABSCESS CELLULITIS,infectious
"BACTEREMIA,STAPH INFECTION",infectious
FIBROIDS,pregnancy_obstetric
OPEN WOUND,trauma_injury
RECURRENT LEFT TUBERCULUM CELLA MENIGIOMA/SDA,oncology
ACUTE ST SEGMENT MYOCARDIAL INFARCTION,cardiovascular
CHEST PAIN;TELEMETRY;POSSIBLE PERICARDITIS;FEVER,cardiovascular
ATRIAL/SEPTAL DEFECT\ PATENT FORAMEN OVALE/SDA,cardiovascular
INTUSSUSCEPTION,gastrointestinal
SEPSIS;PACEMAKER SITE INFECTION\EPICARDIAL PACEMAKER PLACEMENT,infectious
RIGHT CRANIAL FLUID COLLECTION,neurological
ABDOMINAL PAIN;CIRRHOSIS,hepatobiliary
BACK PAIN;TACHYCARDIA;TELEMETRY,symptoms_unspecified
HEADACHES\ CEREBRAL EMBOLIZATION/SDA,neurological
S/P MVA; LX IPH,trauma_injury
PELVIC ADHESIONS AND BREAST CANCER/SDA,oncology
SHUNT FAILURE,neurological
SELLA MASS,neurological
DUEODENAL AMPULLARY MASS/SDA,oncology
SUBDURAL HEMATOMA/CONTUSION,trauma_injury
RENAL CELL CANER; RESP DISTRESS,oncology
UPPER GASTROINTESTINAL BLEED;POSITIVE TROP;CHRONIC OBST PULM DISEASE,gastrointestinal
EXPLORATORY LAPAROTOMY;LYSIS OF ASHESION;BOWEL RESECTION,postoperative_surgical
PNUEMOCOCCAL PNEUMONIA; ARDS,infectious
SYNCOPE;TELEMETRY;LEFT HIP FRACTURE,symptoms_unspecified
"CHEST PAIN,S/P CATH",cardiovascular
"DELERIUM TREMONS,ANKLE FRACTURE",psychiatric
20 WKS;ABD PAIN,pregnancy_obstetric
FEVER;BILIARY SLUDGE,hepatobiliary
METASTATIC RENAL CELL CANCER RIGHT FEMUR/SDA,oncology
ETOH CIRRHOSIS/SDA,hepatobiliary
"PULMONARY EDEMA, MITRAL VALVE REGURGITATION",cardiovascular
RETROPERITONEAL BLADDER RUPTURE,genitourinary
RIGHT PHARYNGEAL LESION,other
PULMONARY HYPERTENSION\INITIATION OF FLOLAN,cardiovascular
MOTOR VEHICLE COLLISON;? SEIZURES,trauma_injury
"HYPOTENSION, S/P FALL URINARY TRACT INFECTION",genitourinary
VENTRICULAR TACHYARRHYTHMIA STORM,cardiovascular
MYOCARDIAL INFARCTION;PULMONARY EDEMA\CATH,cardiovascular
SEVERE AORTIC STENOSIS\ AORTIC VALVE LIMITED ACCESS/SDA,cardiovascular
URINARY TRACT INFECTION;FEVER,genitourinary
ANGIOEDEMA;ABD PAIN,other
INTRAPARANCHYMAL BLEED,neurological
PRE-SEPSIS,infectious
"DRA, SAH",neurological
FEVER; S/P LIVER TRANSPLANT,infectious
LOWER GI BLEED; L FIBULAR FX,gastrointestinal
SUBARACHNOID HEMARRHAGE;TELEMETRY,neurological
"SUB DURAL HEMATOMA,S/P FALL",trauma_injury
EXERTIONAL ANGINA;PERIPHERAL VASCULAR DISEASE\CARDIAC CATH/BILATERAL PERIPHERAL ANGIOGRAM,cardiovascular
ENDOSCOPY,other
TREMOR,neurological
SUPERVENTRICULAR TACHYCARDIA;NON-HODGKINS LYMPHOMAWEAKNESS,oncology
ATRIAL FIBRILLATION;WOUND INFECTION,cardiovascular
URINARY TRACT INFECTION;WEAKNESS,genitourinary
UPPER BI BLED/SDA,gastrointestinal
RENAL CELL CARCINOMA\CHEMOTHERAPY (INTERLEUKIN (HD-IL),oncology
ACUTE CORONARY SYNDROME;CONGESTIVE HEART FAILURE,cardiovascular
ACUTE RESPIRATORY DISTRESS SYNDROME;PNEUMONITIS,respiratory
NON HEALING ULCER LEFT LEG EXTREMITIES,dermatologic
VFIB ARREST;TELEMETRY,cardiovascular
AORTIC STENOSIS\ATRIAL VALVE REPLACEMENT TISSUE ? CORONARY ARTERY BYPASS GRAFT,cardiovascular
VULVA CANCER/SDA,oncology
PORTAL VEIN OCCLUSION,hepatobiliary
NEUTROPENIA;SEIZURE,hematologic
METATASTIC BRAIN TUMOR,oncology
BACTEREMIA; KIDNEY STONES,genitourinary
RUPTURED AORTIC PLAQUE,cardiovascular
WEIGHT LOSS,symptoms_unspecified
CONGESTIVE HEART FAILURE;LEFT BUNDLE BRANCH BLOCK;CARDIOMYOPATHY\BIVENTRICULAR IMPLANTABLE CARDIAC DEFIBRILLATOR IMPLANT/SDA,cardiovascular
HEMOPTESIS;RESPIRATORY FAILURE;LEUKEMIA,hematologic
GSW R NECK,trauma_injury
BRADYARRHYTHMIA,cardiovascular
"CONGESTIVE HEART FAILURE,MITRAL CORD TEAR",cardiovascular
"CHEST PAIN,STE MI",cardiovascular
"MENINGIOMA, RIGHT SIDE/SDA",neurological
HYPOTENSION; URINARY TRACT INFECTION,genitourinary
AORTIC STENOSIS\AORTIC AND MITRAL VALVE REPLACEMENT REDO; ? TVR,cardiovascular
MITRAL VALUE REPLACEMENT,cardiovascular
S/P ILEOSTOMY; DIABETES INSIPIDIS; SCHIZO-AFFECTIVE DISORDER,psychiatric
DIABETES MELLITUS FOR PANCREAS TRANSPLANT,endocrine_metabolic
ALTERED MENTAL STATUS;METASTATIC CANCER,oncology
"TRACHEAL BRONCHIAL MALACIA, RIGHT SIDE",respiratory
"MENINGITIS, STATUS POST CARDIAC ARREST",infectious
RIGHT AKA STUMP INFECTION,infectious
A-FIB;MR\ AORTIC & MITRAL VALVE REPLACEMENT;MAZE,cardiovascular
HYPOTENSIVE EPISODE,cardiovascular
LEFT CAROTID STENOSIS\CAROTID STENOSIS,cardiovascular
R/O SEPSIS ANAPLASTIC  ASTROYTOMA,oncology
AORTIC STENOSIS\? CORONARY ARTERY BYPASS GRAFT; REDO STENOTOMY AVR/SDA,cardiovascular
TYLENOL;BARBITUATE INGESTION,toxicology_poisoning
HYPOTENSION;BILIARY PATHOLOGY,hepatobiliary
ISCHEMIC RIGHT LOWER LEG,cardiovascular
ALTERED MENTAL STATUS CHANGES;METHICILLIN RESISTANT STAPH AUREUS,infectious
HYDROCEPHALUS;HYPONATREMIA,neurological
CONGESTIVE HEART FAILURE; EKG CHANGES,cardiovascular
"AFIB,SYNCOPE",cardiovascular
AOROTOENTERIC FISTULA,gastrointestinal
RHABDO;LIVER FAILURE;ALTERED MENTAL STATUS,hepatobiliary
AORTIC VALVE STENOSIS\CORONARY ARTERY BYPASS GRAFT WITH AVR /SDA,cardiovascular
"AORTIC STENOSIS\AORTIC VALVE REPLACEMENT, ? MITRAL VALVE REPLACEMENT /SDA",cardiovascular
MITRAL VALVE DISORDER\MVR  REPAIR VS REPLACEMENT; ? CORONARY ARTERY BYPASS GRAFT; MAZE   /SDA,cardiovascular
HYPERGLYCEMIA;FATIGUE,endocrine_metabolic
ENLARGED AORTIC ROOT\BENTALL PROCEDURE/SDA,cardiovascular
ANAL STRICTURE,gastrointestinal
NON HODGKIN'S LYMPHOMA,hematologic
RAPID AFIB;FEVER;ABDOMINAL PAIN,cardiovascular
CONGESTIVE HEART FAILURE\EPICARDIAL LEAD PLACEMENT,cardiovascular
AORTIC STENOSIS\ AORTIC VALVE REPLACEMENT W/MAZE/SDA,cardiovascular
VAGINAL VAULT PROLAPSE/SDA,pregnancy_obstetric
HYPERKALEMIA;CONGESTIVE HEART FAILURE,cardiovascular
CHRONIC STABLE ANGINA;HYPERTENSION;CORONARY ARTERY DISEASE\CATH,cardiovascular
MITRAL VALVE INSUFFICIENCY\MITRAL VALVE REPLACEMENT; ? TRICUSPID VALVE REPLACMENT; ? MAZE,cardiovascular
"RIB FRACTURES, PNEUMOTHORAX",trauma_injury
RENAL FAILURE;LUNG CANCER;MELENA,renal
MITRAL STENOSIS\REPAIR VS REPLACEMENT MITRAL VALVE,cardiovascular
R/O HERSCH.,other
"TIBIAL FX, PELVIC FX.",trauma_injury
UTI/URINARY RETENTION,genitourinary
AORTIC STENOSIS \BENTAL VERSUS AVR ACCENDING AORTA/SDA,cardiovascular
GASTROINTESTINAL BLEED;SUBDURAL HEMORRHAGE,gastrointestinal
PNEUMONIA;DELIRIUM;HYPERCALCEMIA,respiratory
LT MAIN DISEASE,cardiovascular
BENIGN PROSTATIC HYPERPLASIA/SDA,genitourinary
S/P SMALL BOWEL OBSTRUCTION;SEPSIS,infectious
AMPUTATION RIGHT HAND 2ND DIGIT/SDA,trauma_injury
RENAL BLEED,renal
CHEST PAIN;ANGINA PECTORIS\CARDIAC CATH,cardiovascular
CHF;LEFT MAIN DISEASE;3 VESSEL DISEASE,cardiovascular
COOL RIGHT LOWER EXTREMITY,cardiovascular
AORTIC STENOSIS\REDO STERNOTOMY; AVR; ? CABG,cardiovascular
"RIB FX, S/P FALL",trauma_injury
HX AORTIC STENOSIS;\ THORASCOPY;TRACHEAL STOMA DILATION; APICAL AORTIC CONDUIT;FEMORAL FEMORAL BYPASS/SDA,cardiovascular
ABDOMINAL HEMORRHAGE,other
ICA ANEURYSM,neurological
PNEUMONIA-S/P LIVER TRANSPLANT,infectious
HYPERGLYCEMIA;NECROTIC TOE,endocrine_metabolic
METASTATIC RENAL CA-SPINAL MASS,oncology
R/O MYOCARDIAL INFARCTION-ACUTE CORONARY SYNDROME,cardiovascular
SEPTIC RIGHT HIP,infectious
"S/P ASSAULT, ICH",trauma_injury
AORTIC STENOSIS\AORTIC VALVE REPLACEMENT; ? CORONARY ARTERY BYPASS GRAFT; ? RESECTION AORTIC ASCENDING; ANEURYSM/SDA,cardiovascular
TRACHEOBRONCOMALICIA/SDA,respiratory
HYPOTENSION;CONGESTIVE HEART FAILURE;PNEUMONIA,cardiovascular
CONGESTIVE HEART FAILURE\BIVENTRICULAR IMPLANTABLE CARDIOVERTER DEFIBRILLATOR PLACEMENT,cardiovascular
ATRIAL FLUTTER\ELECTROPHYSIOLOGY STUDY; ATRIAL FLUTTER ABLATION,cardiovascular
38 WK INDUCTION,pregnancy_obstetric
FAILED RIGHT TOTAL KNEE REPLACEMENT/SDA,musculoskeletal
SMALL BOWEL LEAK;BLADDER CANCER,gastrointestinal
ATRIAL FLUTTER\ATRIAL FLUTTER ABLATION + ICD TEST,cardiovascular
"NON HEALING ULCER, RIGHT LEG/SDA",dermatologic
METASTATIS CANCER,oncology
METASTATIC HCC,oncology
CHOLANGITIS;SEPSIS,hepatobiliary
AORTIC STENOSIS\AORTIC VALVE /? ASCENDING AORTA REPLACEMENT,cardiovascular
AVR\LEFT HEART CATHETERIZATION/SDA,cardiovascular
S/P EPILEPTICUS,neurological
LIVER TRANSPLANT EVAL,hepatobiliary
OVERDOSE;APNEA;TELEMETRY,toxicology_poisoning
PNEUMONIA;C-DIFF,infectious
LIVER MASS;BACK PAIN,hepatobiliary
BACTEREMIA; ALTERED MENTAL STATUS; C DIFF,infectious
CLAUDICATION\BILATERAL ANGIOGRAM WITH RUN-OFFS,cardiovascular
PYELONEPHRITIS;RIGHT KIDNEY OBSTRUCTION,genitourinary
"LEFT FINGER CELLULITIS, INFECTION",infectious
BRADYCARDIA DIGOXIN TOXICITY,toxicology_poisoning
CLOTTED AV GRAFT LEFT/SDA,renal
PACER MALFUNCTION,cardiovascular
AORTIC VALVE DISORDER\AORTIC VALVE REPLACEMENT REDO /SDA,cardiovascular
CADIAC ARREST,cardiovascular
PERIPHERAL INSUFFICIENCY;RIGHT FOOT,cardiovascular
CORONARY ARTERY DISEASE\ CORONOARY ARTERY BYPASS GRAFT WITH MVR/SDA,cardiovascular
PERIRECTAL ABCESS WITH GANGRENE,infectious
CELLULITIS;AND SEPSIS,infectious
ETOH CIRRHOSIS;PANCREATITIS\ERCP,hepatobiliary
HERNIA LOCALIZED ADIPOSITY/SDA,gastrointestinal
ACUTE RENAL FAILURE;RESPIRATORY DISTRESS,renal
SUBDURAL HEMORRHAGE;JAW FRACTURE,trauma_injury
HEART FAILURE; NSVT\EP STUDY +/-ICD IMPLANTATION,cardiovascular
AORTIC STENOSIS\ AORTIC VALVE REPLACEMENT; MINIMALLY INVASIVE; POSSIBLE RESECTION AORTIC ASCENDING ANEURYSM/SDA,cardiovascular
ACUTE GI BLEED;VARICOSIS,gastrointestinal
PRE OP LIVER TRANSPLANT,hepatobiliary
LEG LACERATION;ELEVATAD INR;HYPOTENSION;RENAL FAILURE,trauma_injury
"ACUTE MYELOGENOUS LEUKEMIA,PHEUMOTHORAX",hematologic
CORONARY ARTERY DISEASE\CARDIAC CATHETER,cardiovascular
CIRRHOSIS;NEW ASCITES,hepatobiliary
TRACHEAL MALACIA;SPONTANEOUS PNEUMOTHORAX,respiratory
HYPERBILI,hepatobiliary
AVR\ AORTIC VALVE REPLACEMENT HEART PORT MINIMALLY INVASIVE/SDA,cardiovascular
S/P RIGID BRONCH,respiratory
CHOLANGITIS;FAILED ERCP,hepatobiliary
HEMMORRHAGIC ENCEPHALOMYELITIS,neurological
AORTIC STANOSIS\AVR ? CORONARY ARTERY BYPASS GRAFT,cardiovascular
PNEUMONIA;TROPONIN LEAK,infectious
ASSAULT- STAB WOUND,trauma_injury
ETOH WITHDRAWAL-? GASTROINTESTINAL BLEED,psychiatric
CECUM/SDA,gastrointestinal
SUBCORTICAL STROKE,neurological
SHORTNESS OF BREATH-R/O MYOCARDIAL INFARCTION,cardiovascular
S/P FALL;L4 BURST FRACTURE;RIB FRACTURE,trauma_injury
ACUTE RENAL FAILURE;PERICARDIAL EFFUSION;CHOLE,renal
RESPIRATORY FAILURE; LYMPHADENOPATHY,respiratory
EPIDURAL HEMATOMA; CSPINE FRACTURES,trauma_injury
INFLAMED GALLBLADDER,hepatobiliary
AORTIC VALVE INSUFFICIENCY\AORTIC VALVE REPLACEMENT REDO  BENTAL PROCEDURE /SDA,cardiovascular
DISSECTION AORTIC,cardiovascular
"CONGESTIVE HEART FAILURE,R/O MI",cardiovascular
AVR\AORTIC VALVE REPLACEMENT; *3RD CASE*/SDA,cardiovascular
TRIGEMINAL NEURALGIA,neurological
FEVERE,symptoms_unspecified
S/P LIVER TRANSPLANT;MENTAL STATUS CHANGES,hepatobiliary
PERICARDIAL RUB,cardiovascular
MITRAL VALVE INSUFFICIENCY\MVR ? CORONARY ARTERY BYPASS GRAFT /SDA,cardiovascular
SEVERE AORTIC VALUE STENOSIS\LEFT HEART CATH,cardiovascular
THORACIC ANEURYSM WITH MENTION OF RUPTURE\OPEN DESCENDING THORACIC AORTIC ANEURYSM REPAIR /SDA,cardiovascular
ENDOMETRIAL CA/SDA,pregnancy_obstetric
LOWER EXTEMITY ISHEMIA,cardiovascular
BACK PAIN/S/P FALL,musculoskeletal
MR\MITRAL VALVE REPLACEMENT; REDO/SDA,cardiovascular
PAINFUL HARDWARE RIGHT FOOT/SDA,musculoskeletal
CHOLECITHIASIS,hepatobiliary
LUMBAR HERNIATED DISC/SDA,musculoskeletal
? NON-ST SEGMENT ELEVATION MYOCARDIAL INFARCTION\CATH,cardiovascular
FRONTAL LOBE SEIZURE/SDA,neurological
ISCHEMIC BOWEL\MESENTERIC ANGIOGRAM,gastrointestinal
SUBDURAL HEMATOMA/S/P FALL,trauma_injury
COLITIS/PNA,infectious
LEFT HIP PERI PROSTHETIC FRACTURE/SDA,musculoskeletal
A-FIB\TEE; CARDIOVERSION,cardiovascular
"CONGESTIVE HEART FAILURE,AFLUTTER",cardiovascular
R/O TAMPONADE,cardiovascular
AORTIC & MITRAL STENOSIS\AORTIC AND MITRAL VALVE REPLACEMENT,cardiovascular
PROSTATE ABSCESS,genitourinary
MULTI LOBE PNEUMONIA,infectious
ATRIAL FIBRILLATION\THORACOSCOPIC MINI MAZE PROCEDURE /SDA,cardiovascular
ONGOING ANGINA,cardiovascular
ACUTE PANCREATITITIS,gastrointestinal
HYPOTENSION-BLEEDING CATH SITE,cardiovascular
S/P TRACHEAL STENT;FAILURE TO WEAN,respiratory
AORTIC STENOSIS\AORTIC VALVE REPLACEMENT; POSSIBLE CORONARY ARTERY BYPASS GRAFT,cardiovascular
GASTRO ESOPHAGEAL REFLEX/SDA,gastrointestinal
BILIARY COLIC\PERCUTANEUOS BILIARY DRAINAGE,hepatobiliary
RIGHT RECURRENT PLEURAL EFFUSION/SDA,respiratory
MITRAL VALVE DISORDER\MITRAL VALVE REPLACEMENT; MAZE,cardiovascular
PANCREATITIS;ENDOSCOPIC RETROGRADE CHOLANGIOPANCREATOGRAPHY,gastrointestinal
MEDIASTINALMASS;POSTOP RESPIRATORY INSUFFICENCY,postoperative_surgical
DM FOOT ULCER,endocrine_metabolic
S/P CHOLECYSTECTOMY;? BILE LEAK,postoperative_surgical
RIGHT FRONTAL SUBARACHNOID HEMORRHAGE,neurological
AORTIC STENOSIS\BENTAL; ? CORONARY ARTERY BYPASS GRAFT/SDA,cardiovascular
ESOPHAGEAL DYSPLAGIA/SDA,gastrointestinal
CONGESTIVE HEART FAILURE\LEFT HEART CATHETERIZATION,cardiovascular
LYMPHOMA/ PLURAL EFFUSION,oncology
UNSPECIFIED TRAUMA;TELEMETRY,trauma_injury
AFIB WITH RVR;LIVER FAILURE;HF,cardiovascular
S/P WITHDRAWAL SEIZURE,neurological
"SYNCOPE, EPIDURAL",neurological
RIGHT ADRENAL NEOPLASM/SDA,oncology
CORONARY ARTERY DISEASE\AORTIC VALVE REPLACEMENT; ? CORONARY ARTERY BYPASS GRAFT; ? HOMO GRAFT/SDA,cardiovascular
INFECTION AND EPISTAXIS,infectious
DUODENAL FOREIGN BODY,gastrointestinal
"GI BLEED, POSITIVE TROPONIN",gastrointestinal
R/O BILIARY PERFERATION,hepatobiliary
RULE-OUT PULMONARY EMBOLIS;CHRONIC OBST PULM DISEASE,respiratory
ABDOMINAL LAXITY/SDA,gastrointestinal
AORTIC STENOSIS\AVR ? CABG,cardiovascular
SEIZURE;DIABETIC KETOACIDOSIS;TELEMETRY,neurological
MITRAL VALVE INSUFFICENCY\PERCARDIAL STRIPPING W/ MITRAL VALVE REPLACEMENT /SDA,cardiovascular
"SEPSIS,CHF",infectious
RIGHT CEREBELLA LESION/SDA,neurological
LEFT ZYGOMA AND LEFORTH FX,trauma_injury
BILE OBSTRUCTION;TELEMETRY,hepatobiliary
DTS;ALCOHOL WITHDRAWAL,psychiatric
PNEUMOTHORAX;MYASTHENIA GRAVIS,respiratory
"NAUSEA/VOMITING,S/P TRANSPLANT",symptoms_unspecified
ANEMIA;TELEMETRY;NEUTROPENIA,hematologic
FEVER;HYPERTENSIVE,infectious
CORONARY ARTERY DISEASE\CORONARY ARTERY BYPASS GRAFT; W/ LIMA/REMA/SDA,cardiovascular
ATRIAL FIBRILLATION\MINIMALLY INVASIVE MAZE W/ LEFT ATRIAL APPENDAGE LIGATION/SDA,cardiovascular
"VENTRAL, BILATERAL INGUINAL HERNIAS/SDA",gastrointestinal
BLADDER PERFORATION,genitourinary
ANEYRYSM,cardiovascular
BACTERIAL ENDOCARDITIS,infectious
ASCITIS,gastrointestinal
AORTIC STENOSIS\ LIMITED ACCESS HEART PORT AV REPAIR/REPLACMENT/SDA,cardiovascular
ACUTE RENAL FAILURE-ALTERED MENTAL STATUS-HYPOCALCEMIA-LUNG CANCER,renal
HEAD LACERATION,trauma_injury
RIGHT LEG CLAUDICATION,cardiovascular
"LUNG CANCER,AIRWAY OBSTRUCTION",oncology
HUMERUS FRACTURE;RENAL FAILURE;LIVER DISEASE,musculoskeletal
OSTEOARTHRITIS LEFT KNEE/SDA,musculoskeletal
CORONARY ARTERY DISEASE;EXERTIONAL ANGINA\CATH,cardiovascular
LEFT PLEURO EFFUSION,respiratory
HYPERTROPHIC OBSTRUCTIVE CARDIOMYOPATHY\ETHANOL SEPTAL ABLATION/SDA,cardiovascular
ESOPHAGEAL BLEED,gastrointestinal
CHOLANGITIS;DISTAL COMMON BILE DUCT STONE IMPACTION,hepatobiliary
MITRAL REGURGITATION;RECENT IMI;+ETT\CATH,cardiovascular
ANEYRYSM\CATH,cardiovascular
CHANGE MS,neurological
RENAL FAILURE;ACIDOSIS;HYPERKALEMIA,renal
URETERAL STICTURE,genitourinary
BLEEDING LOW HCT,hematologic
LUNG NODULE; EPITHELIUM/SDA,oncology
HEPATOCELLULAR CARCINOMA (155.0)\CHEMOEMBOLIZATION (AGENT-ADRIAMYCIN),oncology
AORTIC INSUFFIENCY\AORTIC VALVE REPLACEMENT /SDA,cardiovascular
PERIPHERAL VASCULAR DISEASE\BILATERAL LEG ANGIOGRAM,cardiovascular
"HYPOXIA,PNEUMONITIS",respiratory
CYSTIC INTRA ABDOMINAL MASS/SDA,oncology
COMPRESS\ VERTEBROPLASTY; (WEST CC5)/SDA,musculoskeletal
USA +ETT FOR CATHERIZATION\CATHERIZATION,cardiovascular
S/P 20FT FALL,trauma_injury
PERICARDITIS\PERICARDECTOMY,cardiovascular
CAROTID STENOSIS\BYPASS AXILLO BIFEMORAL GRAFT; RIGHT; CAROTID CAROTID BYPASS GRAFT,cardiovascular
CORONARY ARTERY DISEASE/SDA\AORTIC VALVE REPLACEMENT WITH STERNOTOMY,cardiovascular
DYSPNEA;RULE OUT PULMONARY HYPERTENSION\RIGHT HEART CATH,respiratory
AROTIC VALVE INSUFFICIENCY\AVR; ? OF MVR & CORONARY ARTERY BYPASS GRAFT /SDA,cardiovascular
RESP. FAILURE;TRACHEAL STENOSIS,respiratory
RIGHT CHEST HEMATOMA,trauma_injury
"OSTEOARTHRITIS, LEFT SHOULDER/SDA",musculoskeletal
SEVERE HYPERTROPHIS CARDIO MYOPATHY\SEPTAL ETHANOL ABLATION,cardiovascular
S/O MOTOR VEHICLE ACCIDEMT,trauma_injury
CONGESTIVE HEART FAILURE;GI BLEED;DEHYDRATION,cardiovascular
MYOCARDIAL INFARCTION;CONGESTIVE HEART FAILURE\CATH,cardiovascular
LUMBAR SPONDYLOSIS,musculoskeletal
TRICYCLIC ANTIDEPRESSANT OVERDOSE,toxicology_poisoning
AORTIC VALVE INSUFFICIENCY\REDO REDO AORTIC VALVE REPLACEMENT /SDA,cardiovascular
SDH; HEMATOMAS,neurological
PNEUMONIA;CHANGE IN MENTAL STATUS;TELEMETRY;,infectious
CHRONIC PANCREATITIS W/ PSEUDOCYST/SDA,gastrointestinal
ASD\ASD CLOSURE **REMOTE WEST** **CATH LAB ROOM 1**/SDA,cardiovascular
APPARENT INTOXICATION; SI,psychiatric
AORTIC STENOSIS\AVR ? CORONARY ARTERY BYPASS GRAFT,cardiovascular
+ETT/CATH/BALLOON PUMP/?CABG\CATH,cardiovascular
"RULE IN MI, CHEST PAIN",cardiovascular
NON HEALING LEFT LOWER EXTREMITY ULCER,other
DIG TOXICITY,cardiovascular
AORTIC STENOSIS\AVR W/? CORONARY ARTERY BYPASS GRAFT; ? LEFT ATRIAL APPENDAGE RESECTION,cardiovascular
AORTIC STENOSIS;MYOCARDIAL INFARCTION,cardiovascular
"MITRAL VALVE INSUFFCENCY\MITRAL VALVE REPLACEMENT,HEART PORT MINIMALLY INVASIVE /SDA",cardiovascular
AML-SEPSIS,hematologic
HYPONATREMIA;ESOPHAGEAL CA;PULMONARY EMBOLIS,cardiovascular
ATRIAL SEPTAL DEFECT\MINIMMALY INVASIVE ATRIAL SEPTAL DEFECT CLOSURE /SDA,cardiovascular
RIGHT BLOODY PLEURAL EFFUSION,respiratory
"RENAL FAILURE,HYPOKALEMIA,DEHYDRATION",renal
"ASCITES,ABDOMINAL PAIN",gastrointestinal
"SEPSIS,HYPERGLYCEMIA",infectious
"CHOLANGITIS,UPPER GI BLEED",hepatobiliary
AORTIC STENOSIS\BENTAL PROCEDURE ? MVR/SDA,cardiovascular
"SEIZURES,MULTIPLE SCLEROSIS",neurological
DIABETIC KETOACIDOSIS;PERICARDITIS,endocrine_metabolic
CHEST PAIN;AORTIC STENOSIS;CONGESTIVE HEART FAILURE,cardiovascular
HIP FRACTURE;ELEVATED TRAPEIN,musculoskeletal
CHIARI MALFORMATION BILATERAL/SDA,neurological
UNSTABLE ANGINA;ABNORMAL ECHO\CATH,cardiovascular
ASTHMA EXACERBATION;TELEMETRY,respiratory
OSTIUM SECONDUM TYPE ATRIAL DEFECT\REPAIR ATRIAL SEPTAL DEFECT /SDA,cardiovascular
HIGH BILIRUBEN,hepatobiliary
DEEP VEIN THROMBOSIS;LEFT LEG WEAKNESS,cardiovascular
R/O TB-ADENOCARCINOMA-UNKNOWN PAIN-FEVER-R/O INFECTION,infectious
DEHYDRATION;RULE-OUT MYOCARDIAL INFARCTION,cardiovascular
CHRONIC OSTEOMYELITIS,infectious
ANEURYSM CRANIOTOMY,neurological
FOUND DOWN;SCALP LACS,trauma_injury
"CONGESTIVE HEART FAILURE,HYPERTENSION,HYPOGLYCEMIA",cardiovascular
"BREAST CANCER/FEVER, BACK PAIN",oncology
COMPOUND FRACTURE;URINARY TRACT INFECTION,trauma_injury
ERCP FAILED TO CANNULATE;PTC,hepatobiliary
CAUDATE TUMOR/SDA,oncology
UPPER GI BLEED;FEVER;COUGH,gastrointestinal
RIGHT URETERAL CALCULI\URETEROSCOPY WITH LASER LITHOTRIPSY RIGHT,genitourinary
KIDNEY LESION;S/P KIDNEY;BLOOD IN URINE,genitourinary
"CHEST PAIN,FOR CABG\CATH",cardiovascular
AORTIC STENOSIS;CHEST PAIN;DYSPNEA\CARDIAC CATH,cardiovascular
CORONARY ARTERY DISEASE\RIGHT VENTRICULAR OUTFLOW TRACK/PULMONIC ARTERY RECONSTRUCTION ? CORONARY ARTERY BYPASS GRAFT WITH AVR  ? TRISCUPID VALVE REPLACEMENT,cardiovascular
RHEUMATIC HEART DISEASE;ATRIAL FIBRILLATION,cardiovascular
ANEMIA/ GI BLEED ?,hematologic
"TRAUMA,HEAD BLEED,HIP FRACTURE",trauma_injury
J TUBE DISPLACEMENT-CHRONIC VENT,other
MITRAL VALVE DISORDER\THORACOSCOPIC MAZE PROCEDURE LEFT; MITRAL VALVE REPLACEMENT /SDA,cardiovascular
ASCENDING AORTA\REPLACEMENT ASCENDING AORTA & HEMI ARCH; ? CORONARY ARTERY BYPASS GRAFT WITH AVR /SDA,cardiovascular
AORTIC VALVE REGURGATATION,cardiovascular
"R/O MI, UNSTABLE ANGINA",cardiovascular
CONGESTIVE HEART DISEASE,cardiovascular
LIVER MASS;PVT;HEAD BLEED,oncology
CORONARY ARTERY DISEASE;AORTIC INSUFFICIENCY\CORONARY ARTERY BYPASS GRAFT WITH AVR  ? ASCENDING AORTA REPLACEMENT/SDA,cardiovascular
+ETT\CARDIAC CATHERIZATION,cardiovascular
LEFT FOOT GANGRENE\LEFT LOWER EXTREMITY ANGIOGRAM,cardiovascular
SCOLIOSIS;RESPIRAORY FAILURE,respiratory
MITRAL DISORDER\CORONARY ARTERY BYPASS GRAFT WITH MVR /SDA,cardiovascular
SADDLE EMBOLUA,cardiovascular
MALNUTRISION;RENAL FAILURE,renal
CRITICAL AS;COMPLETE HEART BLOCK\CATH,cardiovascular
NON-Q-WAVE MYOCARDIAL INFARTION\CARDIAC CATH,cardiovascular
RIGHT VENTRICULAR TUMOR,oncology
HEADACHE;BLURRED VISION,symptoms_unspecified
CERVICAL SPONDYLOSIS WITH MYELOPATHY/SDA,musculoskeletal
PARENCHYMAL BLEED,neurological
S/P CABG,postoperative_surgical
FEVER; DEHYDRATION; EVAL FOR C-DIFF,infectious
MTIRAL REGURGITATION\MINIMALLY INVASIVE MITRAL VALVE REPAIR/SDA,cardiovascular
SEVERE MR\MITRAL VALVE REPLACEMENT;REPAIR ATRIAL-SEPTAL DEFECT; VENTRICULAR SEPTAL DEFECT; TRICUSPID VALVE REPAIR; ? REPLACEMENT/SDA,cardiovascular
TRAUMA FALL,trauma_injury
HYPERECLEMIA,endocrine_metabolic
HYPOTENSION;L1 FRACTURE,trauma_injury
MV ENDOCARDITIS\MITRAL VALVE REPLACEMENT /SDA,infectious
PNEUMONIA/HYPOTENSION,respiratory
L4-S1 SPONDYLOLISTHESIS/SDA,musculoskeletal
CARDIOMYOPATHY;RENAL FAILURE,cardiovascular
AORTIC  STEOSIS\CORONARY ARTERY BYPASS GRAFT WITH AVR /SDA,cardiovascular
A FIB;PACER LEAD INFECTION\ PACER LEAD EXTRACTION W/ PUMP STANDY,infectious
PNEUMONIA-? MULTIPLE MELANOMA,oncology
?PANCREATITIS,gastrointestinal
PACEMAKER PLACEMENT\ LEFT VENTRICULAR LEAD PLACEMENT/SDA,cardiovascular
"INTRACRANIAL BLEED,SEIZURE",neurological
RHADOMYOLYSIS;SUBDURAL HEMORRHAGE,neurological
HYPOTENSION;GASTROINTESTINAL BLEED;ACUTE RENAL FAILURE;SEPSIS,renal
POST TRAUMATIC ARTHRITIS INFECTION LEFT KNEE/SDA,musculoskeletal
INTRACEREBRAL HEMORRHAGE; SAH; SDH,neurological
CHEST PAIN; PULMONARY EDEMA,cardiovascular
AIRWAY OBSTRUCTION\ TRACH TUBE PLACEMENT;BRONCHOSCOPY FLEXIBLE; AND RIGID,respiratory
PANCREATIC HEAD CANCER,oncology
PERSISTANT TACHYCARDIA;?HYPOTHYROID,endocrine_metabolic
LUNG CANCER;SVC SYNDROME,oncology
AORTIC STENOSIS/STENT/\CATH,cardiovascular
THIRD DEGREE AV BLOCK,cardiovascular
ASPIRATION-ATRIAL FIB,cardiovascular
PNEUMONIA;ABDOMINAL DISTENTION,respiratory
"MI,RIGHT IJ CLOT",cardiovascular
IVC OBSTRUCTION,cardiovascular
CLAUDICATION BILATERAL LOWER EXTREMITY/SDA,cardiovascular
AORTIC STENOSIS\ AORTIC VALVE REPLACEMENT,cardiovascular
URINARY TRACT INFECTION;DEMENTIA;SUICIDAL IDEATION,genitourinary
CAD/ MITRAL VALVE REGURGITATION\CORONARY ARTERY BYPASS GRAFT; ? W/ MVR/SDA,cardiovascular
PNEUMOTHORAX/RIB FRACTURES,trauma_injury
HEROIN OVERDOSE-TACHYCARDIA,toxicology_poisoning
LEFT TIBIAL PLATEAU FRACTURE,trauma_injury
CIRRHOSIS-PORTAL VEIN THROMBOSIS,hepatobiliary
HYPOXIA; A-FIB,cardiovascular
SUBFILAMENT HEPATIC FAILURE,hepatobiliary
GASTROINTESTINAL BLEED;DEHYDRATION;PNEUMONIA,gastrointestinal
BRADYCARDIA;ATRIAL FIBRILLATION,cardiovascular
TAMPONEDE,cardiovascular
SUICIDAL IDEATION;ALCOHOL INTOXICATION,psychiatric
GALLSTONE PANCREATITIS-CHOLANGITIS,hepatobiliary
ACUTE MIU\CATH,cardiovascular
RIGHT RENAL STENOSIS;CORONARY ARTERY DISEASE;RENAL INSUFFICIENCY\RIGHT RENAL ARTERY ANGIOGRAM;STENT PLACEMENT;CORONARY ANGIOGRAPHY,cardiovascular
THORACIC ANEURYSM\ASCENDING AND HEMI-ARCH REPLACEMENT W/ FULL MAZE,cardiovascular
C-SPINE,trauma_injury
CHEST PAIN;TELEMETRY;MELENA,gastrointestinal
ENDOSCOPIC RETROGRADE CHOLANGIOPANCREATOGRAPHY\ERCP,hepatobiliary
"CHEST PAIN,RULE OUT MI",cardiovascular
LEFT VENTRICULAR DYSFUNCTION;CORONARY ARTERY DISEASE\LEFT HEART CATHETERIZATION;IMPLANTABLE CARDIVOERTER DEFIBRILLATOR IMPLANT,cardiovascular
L5 METASTATIC TUMOR/SDA,oncology
PNEUMONIA;DYSPHAGIA,respiratory
MELANOMA;WEAKNESS,oncology
ICD SHOCK X2;VENTRICULAR TACHYCARDIA;CARDIOMYOPATHY,cardiovascular
"CHEST PAIN, A-FIB",cardiovascular
BRAIN AVM,neurological
NARROWING OF AIRWAY,respiratory
CVA VS.SEIZURES,neurological
RENAL PELVIC CA/SDA,oncology
PMEUMONIA/SEPSIS,infectious
TACHYARRYTHMIA,cardiovascular
TRACH OCCLUSION,respiratory
CELLULITIS;DIABETES,infectious
PORCELAIN GALLBLADDER/SDA,hepatobiliary
HEAD TRAUMA;S/P MOTOR VEHICLE ACCIDENT,trauma_injury
A- FLUTTER,cardiovascular
CHF EXACERBATION;END STAGE RENAL DISEASE,cardiovascular
ACUTE RENAL FAILURE-HYPOTHERMIA,renal
MORBID OBESITY/GALLSTONES/SDA,hepatobiliary
JUNCTIONAL RHYTHM-GASTROINTESTINAL BLEED,cardiovascular
POLYSUBTANCE OVERDOSE,toxicology_poisoning
"ANEMIA,SHORTNESS OF BREATH,RENAL INSUFFICIENCY",hematologic
HYPOTENSION/ ALTERED MENTAL STATUS,symptoms_unspecified
CHEST PAIN;RULE OUT CORONARY ARTERY DISEASE\LEFT HEART CATH,cardiovascular
SHOTRNESS OF BREATH/PLERAL EFFISION\PLEUROSCOPY/PLEURODESIS,respiratory
"NEPHROLITHIASIS, RENAL INSUFFICIENCY",renal
LUNG CANCER;FAILURE TO THRIVE,oncology
UNSTABLE ANGINA;AORTIC STENOSIS\CARDIAC CATH,cardiovascular
CHEST PAIN;DYSPNEA,cardiovascular
HYDRO HEPHROSIS,renal
LOW HCT;HYPOXIA;FEVER,hematologic
"MITRAL VALVE ENDOCARDITIS\MITRAL VALVE REPLACEMENT,HEART PORT MINIMALLY INVASIVE",cardiovascular
ACHALASIA;DEHYDRATION,gastrointestinal
ASCITES; CIRRHOSIS,hepatobiliary
RIGHT LUNG MASS,oncology
PNEUMONIA;MYOCARDIAL INFARCT,infectious
CORONARY ARTERY DISEASE\CORONARY ARTERY BYPASS GRAFT WITH AVR; ? BENTAL PROCEDURE /SDA,cardiovascular
"CAD,AORTIC STENOSIS\CORONARY ARTERY BYPASS GRAFT;AORTIC VALVE REPLACEMENT/SDA",cardiovascular
RT UPPER QUADRANT ABSCESS,infectious
CARDIAC,cardiovascular
AORTIC ROOT STENOSIS\BENTALL PROCEDURE/SDA,cardiovascular
CHEST PAIT;+ETT\CATH,symptoms_unspecified
RESPIRATORY FAILURE; MITRAL REGURGITATION,respiratory
PNAUMONIA,infectious
CORONARY ARTERY DISEASE;ELEVATED CREATININE\CATH,cardiovascular
.\VENTRICULAR TACHYCARDIA ABLATION  **REMOTE WEST**,cardiovascular
PANCREATITIS;CHRONIC OBST PULM DISEASE,gastrointestinal
CHEST PAIN;RENAL FAILURE,renal
HCT DROP,hematologic
PULOMONARY FIBROSIS,respiratory
ABD ABSCESS,infectious
LEUKEMIA\BMT,hematologic
RESPIRATORY DISTRESS;? BOWEL ISCHEMIA,respiratory
PULMONARY EDEMA;ANEMIA; NON ST ELEVATION MYOCARDIAL INFARCTION,cardiovascular
CORONARY ARTERY DISEASE;ACUTE ANTERIOR MYOCARDIAL INFARCTION,cardiovascular
TERTIARY SYPHILIS,infectious
AORTIC VALVE INSUFFIENCY\AVR STANDARD KHABBAZ /SDA,cardiovascular
FALL;NEUTROPENIA,trauma_injury
R/O PULMONARY EMBOLUS-CHEST PAIN,cardiovascular
S/P FAL,trauma_injury
THORACIC ANEURYSM\THORACO-ABDOMINAL ANEURSYM REPAIR W/PARTIAL RIGHT HEART BYPASS & LUMBAR DRAIN  /SDA,cardiovascular
SHORTNESS OF BREATH/MULT MYELOMA,hematologic
SUBARACHNOID HEMORRHAGE-S/P MOTOR VEHICLE ACDICENT,neurological
HYPOTENSION;CEREBRAL VASCULAR ACCIDENT,neurological
THORACIC METASTATIC TUMOR/SDA,oncology
SKULL BASED TUMOR/SDA,oncology
FOURNIER GANGGRENE,infectious
DIASTOLIC HEART FAILURE,cardiovascular
AORTIC DISSECTION TYPE B,cardiovascular
DECREASED BLOOD PRESSURE,symptoms_unspecified
ANEMIA;HEMATURIA,genitourinary
TRACHEO BRONCHOMALACIA,respiratory
CELLULITIS;R/O DKA;AXILLARY ABSCESS,infectious
"ACUTE HEPATITISB, HYPOTENSION",hepatobiliary
METASTATIC CANCER TO SPINE,oncology
CORONARY ARTERY DISEASE\CORONARY ARTERY BYPASS GRAFT WITH AVR; ? MITRAL VALVE REPLACEMENT,cardiovascular
HYPOXIA;BENZO OVERDOSE,toxicology_poisoning
HYPOXIA-INTRACRANIAL HEMORRHAGE,neurological
R/O LYMPHOMA;CHRONIC OBSTRUCTIVE PULMONARY DISEASE,hematologic
R/O MESENTERICISCHEMIA,gastrointestinal
ANEMIA WITH POSITIVE STOOL,gastrointestinal
LT SUB DURAL HEMATOMA,neurological
MR;AR\ AORTIC & MITRAL VALVE REPLACEMENT/SDA,cardiovascular
"MYXOMA\REMOVAL LEFT ATRIAL MASS, MYXOMA/SDA",cardiovascular
"NAUSEA,UNABLE TO TAKE PO",symptoms_unspecified
MELANOMA;FEVER,oncology
CORONARY ARTERY DISEASE;RECURRENT CHEST PAIN;DYSPNEA;RENAL INSUFFICIENCY\RIGHT AND LEFT HEART CATHETERIZATION,cardiovascular
INTERSTITIAL  PULMONARY FIBROSIS,respiratory
RETROPERITONEAL & LEFT LEG PSEUDOANEURYSM/SDA,cardiovascular
HYPOTENSION;RESPIRATORY FAILURE,respiratory
SUBARACHNOID HEMATOMA;S/P FALL,neurological
BRAIN MASS;SEIZURE,neurological
AORTIC STENOSIS; CONGESTIVE HEART FAILURE,cardiovascular
PORTAL HYPERTENSION/SDA,hepatobiliary
ANTERIOR MEDIASTINAL MASS/SDA,oncology
HEMIPLEGIA,neurological
MYOCARDIAL INFARCTION; CHEST PAIN\CATH,cardiovascular
"HEP C, CIRRHOSIS, ARF",hepatobiliary
COLITIS/SDA,gastrointestinal
"S/P MVA,SPLENIC LACERATION",trauma_injury
CORONARY ARTERY DISEASE; AF,cardiovascular
S/P RIGHT CRANIOTOMY,postoperative_surgical
RENAL FAILURE; ASPIRATION PNEUMONIA; BILATERAL DVT'S; THROMBOCYTOPENIA,renal
CHRONIC OBSTRUCTIVE PULMONARY DISEASE;HEMOPTYSIS,respiratory
CARDIAC TAMPIONADE,cardiovascular
LOWER GI BLEED;SYNCOPE,gastrointestinal
PANCREATIC CYST PLANNED WHIPPLE PROCEDURE,gastrointestinal
ASPIRATION PNEUMONIA;TELEMETRY,respiratory
AORTIC STENOSIS\? CORONARY ARTERY BYPASS GRAFT; AVR /SDA,cardiovascular
PITUITARY BLEED,neurological
BRADYCARDIA;UNSTABLE ANGINA,cardiovascular
S/P JUMP FROM MOVING VEHICLE,trauma_injury
"CIRRHOSIS, HEP C",hepatobiliary
HYPOKALEMIA;DIABETIC KETOACIDOSIS,endocrine_metabolic
STRIDOR;NEUTROPENIA;FEVER,infectious
POSSIBLE STROKE,neurological
PULMONARY EMBOLIS;HYPOXIA;NEW CA DX,cardiovascular
ATRIAL FLUTTER\EPS AND ATRIAL FLUTTER ABLATION **REMOTE WEST** /SDA,cardiovascular
FACIAL FX,trauma_injury
UTI,genitourinary
S\P MOTOR VEHICLE ACCIDENT,trauma_injury
SEIZURES/SDA,neurological
BACTERIAL ENDOCARDITIS;LEFT ARM EMBOLUS,infectious
PERFED DUODENUM,gastrointestinal
EKG CHANGES;R/O ISCHEMIA,cardiovascular
RECURRENT SPINE METASTASIS/SDA,oncology
TACHYCARDIA/HYPOTENSION,cardiovascular
A. FLUTTER,cardiovascular
POLY-TRAUMA,trauma_injury
INTRACEREBRAL BLEED;KNEE FRACTURE,neurological
S/P FALL; ANEMIA,trauma_injury
"HYPOTHYRIOD,HYPOGLYCEMIC,HYPOGLYCEMIC",endocrine_metabolic
EXPANDING HEMATOMA,trauma_injury
FLU RESPIRATORY DISTRESS,respiratory
"CHEST MASS\ATRIAL MYXOMA REMOVAL, SEPTAL MYOMECTOMY/SDA",cardiovascular
JOINT INFECTION,infectious
LUNG NODULE RIGHT/SDA,respiratory
PALATE CANCER/SDA,oncology
CONGESTIVE HEART FAILURE;HEART BLOCK\BIVENTRICULAR PACEMAKER IMPLANT/SDA,cardiovascular
CORONARY ARTERY DISEASE\CORONARY ARTERY BYPASS GRAFT WITH MVR; ? MAZE,cardiovascular
INJURIES FROM BIKE VS. AUTOMOBILE COLLISION,trauma_injury
AORTIC DISSECTION\ASCENDING AORTA REPLACEMENT,cardiovascular
SUBDURAL HEMORRHAGE;UTI;FRACTURES,neurological
"NON Q-WAVE MI,S/P CABG",cardiovascular
PERFORATED CHRON'S COLITIS,gastrointestinal
CORONARY ARTERY DISEASE;LEAD INFECTION,cardiovascular
HYPERTENSION;S/P BRONCH,cardiovascular
SEVERE HYPOTENSION,cardiovascular
LOWER GASTROINTESTINAL BLEED;SUPRATHERAPEUTIC INR,gastrointestinal
ANEURYSM AORTA;TELEMETRY,cardiovascular
S/P MOTOR  VEHICLE ACCIDENT,trauma_injury
UNRESPONSIVE/? STROKE,neurological
CHEST PAIN;+ETT,cardiovascular
DEHYDRATION;PAIN CONTROL,other
INCREASING SHORTNESS OF BREATH,respiratory
RIGHT ARM WOUND,trauma_injury
? CABGE,cardiovascular
? GALLSTONES; PANCREATITIS,gastrointestinal
SEPSIS;METHICILLIN RESISTANT STAPH AUREUS,infectious
ACUTE CORONARY SYNDROM,cardiovascular
S/P BKA;GANGRENE LEFT FOOT/SDA,infectious
LEFT MIDDLE CEREBRAL ARTERY ANEURYSM/SDA,neurological
PORTAL HYPERTENSION W/ ASCITES/SDA,hepatobiliary
CONGESTIVE HEART FAILURE;S/P CARDIAC INTERVENTION,cardiovascular
PORTA CATH OBSTRUCTION,other
PEDISTRIAN STUCK;INFERIOR RAMUS PELVIC FRACTURE,trauma_injury
RETROPERITONEAL MASS/SDA,oncology
CORONARY ARTERY DISEASE;CAROTID STENOSIS\CAROTIS ANGIOGRAM,cardiovascular
S/P FALL WITH AORTIC INJURY,trauma_injury
CAROTIS STENOSIS\CAROTID ANGIOGRAM,cardiovascular
"UTI,LOW BLOOD PRESSURE",infectious
SPINAL CORD TRANSECTION,neurological
GASTROINTESTINAL BLEED;RENAL FAILURE,gastrointestinal
"RECURRENT PMB, ENDOMETRIAL HYPOPLASIA/SDA",pregnancy_obstetric
SUBACUTE MYOCARDIAL INFARCTION\CATH,cardiovascular
CONGESTIVE HEART FAILURE EXACERBATION;PNEUMONIA,cardiovascular
"S/P MVC,TRAUMA",trauma_injury
CORONARY ARTERY DISEASE;NON-Q-WAVE MYOCARDIAL INFARCTION\CARDIAC CATH,cardiovascular
S/P FALL;PTX;RIB FRACTURE;SUBARACHNOID HEMATOMA,trauma_injury
MYOCARDIAL INFARCTION\CARDICA CATH,cardiovascular
HYPERTENSIVE URGENCY;CHEST PAIN,cardiovascular
CAROTID STENOSIS\CAROTID ANGIOGTAM AND STENT,cardiovascular
SHORTNESS OF BREATH;SEVERE ANEMIA;NECK MASS,hematologic
RECURRENT HODGKINS LYMPHOMA;DYSPNEA,oncology
ABDOMINAL PAIN-DIARRHEA,gastrointestinal
URINARY TRACT INFECTION;AKI,genitourinary
TRAUMA;MANDIBULAR FX,trauma_injury
KETOACIDOSIS,endocrine_metabolic
HEMOLYTIC UREMIC SYNDROME,hematologic
INTESTINAL DISORDER/SDA,gastrointestinal
STENOSIS OF LARYNX /SDA,respiratory
ADDISON'S,endocrine_metabolic
NEUTROPENIA;ANEMIA,hematologic
"VENTRICULAR TACHYCARDIA, STATUS POST MYOCARDIAL INFARCTION \ELECTROPHYSIOLOGY STUDY; VENTRICULAR TACHYCARDIA ABLATION /SDA",cardiovascular
ICSHEMIC BOWEL,gastrointestinal
"CHEST PAIN;TELEMETRY,HYPOPHOSPHATEMIA",cardiovascular
MORPHINE OVERDOSE;ACUTE RENAL FAILURE,toxicology_poisoning
RIGHT LUNG MASSES/SDA,oncology
NONHODGKINS LYMPHOMA/FEVER,oncology
CORONARY ARTERY DISEASE\RIGID BRONCHOSCOPY WITH Y-STENT PLACEMENT; CORONARY ARTERY BYPASS GRAFT  /SDA,cardiovascular
"EPISTAXIX,HYPOXIA",respiratory
SCHATZKI'S RING,gastrointestinal
BRADYCARDIA-NAUSEA-VOMITINH,cardiovascular
GALLBLADDER CANCER/SDA,hepatobiliary
QUESTION OF SEIZURES;HYPONATREMIA;PNEUMONIA,neurological
ASTHA/COPD EXACERBATION,respiratory
SHORTNESS OF BREATH; HEPATIC HYDROTHORAX,respiratory
"CHF, R/O MI, ARF",cardiovascular
C2-FX,trauma_injury
POLY SUBSTANCE OD,toxicology_poisoning
SHORTNESS OF BREATH;ABDOMINAL PAIN,respiratory
L2 METASTOSIS/SDA,oncology
CORONARY ARTERY DISEASE\REMOVAL CARDIAC MASS /SDA,cardiovascular
SMALL BOWEL ISCHEMIA-CLOTTED DIALYSIS ACCESS,gastrointestinal
AORTIC REGURGITATION\AORTIC VALVE REPLACEMENT REDO;  BENTAL PROCEDURE;  CORONARY ARTERY BYPASS GRAFT WITH MVR,cardiovascular
LEAKING TRIPLE A;PSEUDOANEURYSM,cardiovascular
LEFT ATRIAL THROMBUS; ATRIAL FIBRILLATION,cardiovascular
AORTIC STENOSIS\ REDO AORTIC VALVE REPLACEMENT,cardiovascular
PERFORATED DUODEUM,gastrointestinal
MYXOMA\EXCISION LEFT ATRIAL MASS/MYXOMA /SDA,cardiovascular
MOTORCYCLE CRASH;LEG FRACTURE,trauma_injury
CORONARY ARTERY DISEASE\RE-DO CORONARY ARTERY BYPASS GRAFT WITH AVR,cardiovascular
CORONARY ARTERY DISEASE;CONGESTIVE HEART FAILURE\LEFT AND RIGHT HEART CATH,cardiovascular
CERVICAL MYELOPATHAY/SDA,neurological
S/P KIDNEY/TRANSPLANT RENAL FAILURE,renal
INTRACRANIAL HEMORRHAGE;SPELINEC LACERATION,neurological
SHORTNESS OF BREATH;URINARY TRACT INFECTION,respiratory
FEVER/HYPER K/ AFIB RVR,cardiovascular
PULMONARY EDEMA;MYOCARDIAL INFARCTION\CATH;POSSIBLE ANGIOPLASTY\STENTPLACEMENT,cardiovascular
TEMPORAL HEMORRHAGE,neurological
AORTIC STENOSIS\AORTIC VALVULOPLASTY/SDA,cardiovascular
EHRILICHIOSIS VS CHOLEDOCHOLITHIASIS,infectious
SKULL FRACTURE;SDH;SAH;TELEMETRY,trauma_injury
MITRAL REGURGITATION\ MITRAL VALVE REPLACEMENT; HEART PORT MINIMALLY INVASIVE/SDA,cardiovascular
STAB WOUND TO FACE AND CHEST,trauma_injury
METASTASIS OCCULAR MELANOMA TO LIVER/SDA,oncology
AORTIC STENOSIS\AORTIC VALVE REPLACEMENT WITH ? BENTAL/SDA,cardiovascular
ARTERIAL CLOTS;BACTEREMIA,infectious
PLEURAL EFFUSION;PULMONARY EMBOLUS,respiratory
CA IN SITE OF RECTUM/SDA,oncology
S/P MOTOR VEHICLE ACCIDENT;BRACHIAL ARTERY INJURY,trauma_injury
SVC SYNDROME\ RECANALIZATION/SDA,cardiovascular
"CML,FEVER",hematologic
CONGESTIVE HEART FAILURE; AORTIC STENOSIS\COREVALVE; AORTIC VALVE REPLACEMENT,cardiovascular
"ANEURYSM,PERICARDIAL EFFUSION",cardiovascular
RHABDOMYALASIS;TELEMETRY,other
LEFT FRONTAL LOBE HEMATOMA,neurological
INTRACTABLE FRONTAL LOBE SEIZURES,neurological
"RENAL MASS, CAVA THROMBUS/SDA",renal
VOLUME OVERLOAD HYPERKALEMIA,renal
PULMONARY EMBOLUS-S/P IVC FILTER,respiratory
BRAIN MASS OF THE MIDLINE SHIFT,neurological
LUPUS;GASTROINTESTINAL BLEED,gastrointestinal
CEREBROVASCULAR ACCIDENT;SEIZURES,neurological
UNSTABLE ANGINA\ANGIOPLASTY,cardiovascular
"HIGH RISK PREG, INDUCTION",pregnancy_obstetric
PERICARDIAL EFFUSION;DYSPNEA\PERICARDIOCENTESIS,cardiovascular
INTRACRANIAL BLEED;MYOCARDIAL INFARCTION;TELEMETRY,neurological
CORONARY ARTERY DISEASE\AORTIC VALVE REPLACEMENT; WITH MINIMALLY INVASIVE/SDA,cardiovascular
NAUSEA;HEADACHE,symptoms_unspecified
HEMOPTYSIS;HTN,respiratory
SEVERE CAD\TRICUSPID VALVE REPLACEMENT /SDA,cardiovascular
CHOLANGITIS;STENT PLACEMENT,hepatobiliary
RULE OUT MYOCARDIAL INFARCTION;CHEST PAIN;HYPERTENSION;TELEMETRY,cardiovascular
MITRAL REGURGITATION\MITRAL VALVE REPLACEMENT; ? AORTIC VALVE REPLACEMENT MAZE,cardiovascular
PAINFUL HARDWARE LEFT KNEE/SDA,musculoskeletal
GASTROINTESTINAL BLEED;PNEUMONIA,gastrointestinal
LARGE B CELL LYMPHOMA,hematologic
SINUS BRADY;RIGHT BUNDLE BRANCH BLOCK;ATRIAL FLUTTER\ELECTROPHYSIOLOGIC STUDY;POSSIBLE ABLATION;POSSIBLE PACEMAKER IMPLANT,cardiovascular
MULTIPLE SCLEROSIS FLARE,neurological
C4 COMPRESSION FRACTURE,trauma_injury
SUBARRACHNOID HEMMORAGE,neurological
?AORTIC DISSECTION\ VALVE SPARING AND AORTIC ROUTE ARCH/SDA,cardiovascular
THORACIC AORTIC DISSECTION/SDA,cardiovascular
AORTIC INSUFFINCIENCY\BENTAL PROCEDURE VS AVR DECENDING AORTA /SDA,cardiovascular
INTOXICATION;AGITATION,toxicology_poisoning
FEVER;SEPSIS;HYPOXIA,infectious
MYESTHENIA GRAVIS EXACERBATION,neurological
DEXTROMETHORPHAN OD,toxicology_poisoning
R/O NECROTISING FASCITIS,infectious
ANTERIOR COMMUNICATED ARTERY ANEURYSM/SDA,neurological
MITRAL STENOSIS\ MITRAL VALVE REPLACEMENT; MINIMALLY INVASIVE/SDA,cardiovascular
ACUTE INFERIOR MYOCARDIAL INFARCTION\RIGHT CORONARY ARTERY ANGIOPLASTY;STENT PLACEMENT,cardiovascular
RECURRENT PNEUMOTHORAX,respiratory
BRAIN METS;TELEMETRY,oncology
UNSTABLE ANGINA;S/P MI\CATH,cardiovascular
CHEST PAIN;DYSPENIA\CORONARY ANGIOGRAM,cardiovascular
MYOCARDIAL INFARCTION;CORONARY ARTERY DISEASE;CONGESTIVE HEART FAILURE\CATH,cardiovascular
FAMILY HX OF BREAST CA/SDA,oncology
RIGHT AND LEFT HEART CATH\CARDIAC CATH,cardiovascular
R/O SEPSIS;SMALL BOWEL OBSTRUCTION,infectious
S/P FALL-HEAD INJURY,trauma_injury
CHEST WALL PAIN,musculoskeletal
CLEANSER INGESTION-RESPIRATORY DISTRESS,toxicology_poisoning
"MARFAN'S SYNDROME\BENTALL PROCEDURE; TOTAL VALVE SPARING ROOT REPLACEMENT VS; HOMOGRAFT  ROOT REPLACEMENT; REPLACEMENT OF ARCH, PROXIMAL ROOT/SDA",cardiovascular
?SEPSIS,infectious
LEFT LEG HEMATOMA-CELLULITIS,infectious
HYPOGLYCEMIA AND HYPECARBIA,endocrine_metabolic
HYPERCARBIC RESPIRATORY FAILURE-PULSELESS ELECTRICAL,respiratory
RIGHT  CORONARY INTERVENTION\RIGHT CORONARY ARTERY DISSECTION,cardiovascular
TRACHEAL OBSTRUCTION;ACUTE NAD CRONIC RESPIRATORY FAILURE,respiratory
AHF\CATH,cardiovascular
LEFT INTRA-ATRIAL MASS\LEFT INTRATRIAL MASS RESECTION/SDA,cardiovascular
HEAD TRAUMA;ETOH,trauma_injury
ADENOCARCINOMA OF STOMACH; UMBILICAL HERNIA/SDA,oncology
OSTEOMYELITIS W/EPIDERAL EMPYEMA PARA/SDA,infectious
SKULL FRACTURE;HEAD INJURY;SAH,trauma_injury
LIVER FAILURE;SUBDURAL HEMATOMA,hepatobiliary
NEUROLOGIC SYMPTOMS; ABMORMAL MRI,neurological
LRG PAIN,symptoms_unspecified
MITRAL VALVE INSUFFICIENCY\MITRAL VALVE REPAIR VS REPLACEMENT /SDA,cardiovascular
ULNAR FRACTURE;SUBARACHNOID HEMATOMA;C5 FRACTURE,trauma_injury
PNEUMONIA;S/P LIVER TRANSPLANT,infectious
RT FLANK STABBING,trauma_injury
T8 SPINAL CORD COMPRESSION AND CELLULITIS,neurological
ANAPHYLAIXIS,other
S/P MOTOR VEHICLE ACCIDENT-CERVICAL SPINE FX,trauma_injury
HIP FRACTURE; COPD OB-HYPO SYNDROME,musculoskeletal
REIMPLANTATION OF THUMB,trauma_injury
INCREASED FLUID AT GRAFT SITE,postoperative_surgical
"ABDOMINAL PAIN,HYPOTENSION",symptoms_unspecified
CIRRHOSIS;?SBP,hepatobiliary
CAD/MITRAL REGURGITATION\CORONARY ARTERY BYPASS GRAFT; W/MVR/SDA,cardiovascular
DIABETIC KETOACIDOSIS;STEMI,endocrine_metabolic
HYPOTENSION;DEYDRATION,symptoms_unspecified
CONGESTIVE,cardiovascular
HYPERTENSION/PERINEPHRIC HEMATOMA,renal
SEIZURE/DIABETIC KETOACIDOSIS/ALTERED MENTAL STATUS,neurological
JAUNDICE;COMMON BILE DUCT STONE,hepatobiliary
"OPEN WOUND, CHEST/SDA",trauma_injury
AORTIC STENOSIS;CARDIOMYOPATHY\RIGHT AND LEFT HEART CATH;AORTIC VALVULOPLASTY,cardiovascular
"THORACIC AORTIC ANEURYSM DISSECTION\ 2ND RE-DO TOTAL AORTIC ARCH REPLACEMENT, MEDUSA GRAFT/SDA",cardiovascular
CORONARY ARTERY DISEASE\STENT PLACEMANT,cardiovascular
LEFT MIDDLE CEREBRAL ARTERY STROKE;R/O MI,neurological
ETOH INTOXICATION/INGESTION,toxicology_poisoning
CELLUILITIS,infectious
S/P CARDIAC ARREST;CATH LAB,cardiovascular
"NAUSEA, VOMITING/CHOLONGITIS",gastrointestinal
CONTRICTIVE PERICARDITIS\PERI CARDECTOMY/SDA,cardiovascular
BLEEDING LIVER MASS,hepatobiliary
FEVER-PNEUMONIA,infectious
RIGHT CAROTID STENOSIS;CORONARY ARTERY DISEASE\RIGHT INTERNAL CAROTID ARTERY ANGIOGRAM;STENT PLACEMENT,cardiovascular
SMALL BOWEL OBSTRUCTION;GALLBLADDER CANCER,oncology
?SEPSIS;PYELONEPHRITIS,infectious
"HYPOGLYCEMIA, HYPONATREMIA",endocrine_metabolic
SUBARACHNOID HEMATOMA;FACIAL FRACTURE,trauma_injury
"PELVIC MASS, OVARIAN CA/SDA",oncology
CERVICAL CORD INJURY,neurological
POST TRAUMATIC STRESS DISCORDER,psychiatric
VERTEBRAL BASALAR INSUFFICENCY/SDA,neurological
BRADYCARDIA-RENAL FAILURE-HYPERKALEMIA,renal
ELEVATED TEMPERATURE/SEPTIC,infectious
"DT'S,ETOH WITHDRAWAL",psychiatric
PLEURAL EFFUSION AND RIGHT NODE NODULE /SDA,respiratory
CONGESTIVE HEART FAILURE; NON ST ELEVATION MYOCARDIAL INFARCTION\RIGHT AND LEFT HEART CATHETERIZATION,cardiovascular
CHARCOT DEFORMITY RIGHT FOOT/SDA,musculoskeletal
UNRESPONSIVE/FOUND DOWN/? PNEUMONIA,respiratory
LUMBAR SCOLIOSIS;SPONDYLOSIS/SDA,musculoskeletal
CA OF LEFT BUCKLE FOSSA/SDA,oncology
INTERIOR/POSTERIOR MI,cardiovascular
PANCREATIC CYST\ERCP,gastrointestinal
"FEVER,UNKNOWN ETIOLOGY",infectious
PULMONARY EMBOLIS;POSSIBLE CARCINOMA,cardiovascular
RIGHT ATRIAL CLOT;PULMONARY EMBOLUS,cardiovascular
L. NECK ADENOPATHY,other
UPPER LOBE LESION/SDA,respiratory
ATRIAL FIBRILLATION W/ RVR,cardiovascular
RIGHT FRONTAL SINUS FRACTURE,trauma_injury
ETOH CIRRHOSIS;UPPER GI BLEED,hepatobiliary
INTRACRANIAL HEMORRAHGE;HEAD BLEED;TELEMETRY,neurological
CEREBRAL ANEURYSM LEFT/SDA,neurological
SHORTNESS OF BREATH;DIZZINESS,symptoms_unspecified
POSSIBLE ISCHEMIA,cardiovascular
DRUG REFRACTORY ATRIA FIBRILLATION\PULMONARY VEIN ISOLATION  **REMOTE WEST**/SDA,cardiovascular
PE;AORTIC DISSECTION,cardiovascular
OPEN WOUND TO CHEST/SDA,trauma_injury
S/P PEDESTRIAN STRUCK-INTRACRANIAL BLEED,trauma_injury
CORONARY ARTERY DISEASE\CORONARY ARTERY BYPASS GRAFT WITH; ? MVR /SDA,cardiovascular
UGIB;HYPERKALEMIA,gastrointestinal
SUBDURAL HEMORRHAGE;SKULL FRACTURE,trauma_injury
MOTOR VEHICLE ACCIDENT WITH UNSPECIFIED INJURIES;INTRACRANIAL HEMORRHAGE,trauma_injury
"CONGESTIVE HEART FAILURE,ACUTE RENAL FAILOURE",cardiovascular
METASTATIC LESION LEFT FEMUR/SDA,oncology
TACHYCARDIA;? COCAINE USE,cardiovascular
ISOPROYL ETOH INGESTIOM,toxicology_poisoning
SUBDURAL HEMORRHAGE; BILATERAL PE; TRAUMA,trauma_injury
"ACUTE RENAL FAILURE,HYPOXIA,CONGESTIVE HEART FAILURE",renal
PNEUMONIA;SEVERE AORTIC STENOSIS,respiratory
CORONARY ARTERY DISEASE; AORTIC STENOSIS\CORONARY ARTERY BYPASS GRAFT  AORTIC AND MITRAL VALVE REPLACEMENT W/MAZE,cardiovascular
CHRON'S FLARE;RENAL FAILURE,gastrointestinal
DIARRHEA AND BRBPR,gastrointestinal
PERICARDIAL EFFUAION,cardiovascular
CHRONIC MYELOGENOUS LEUKEMIA;TRANSFUSION REACTION,hematologic
HEPATIC DECOMPENSATION,hepatobiliary
LT FEMUR FRACTURE;PULMONARY EDEMA,trauma_injury
LUNG TUMOR;HEMOPTYSIS,oncology
ENTERO CUTANEOUS FISTULA/SDA,gastrointestinal
RULE OUT CEREBROVASCULAR ACCIDENT;TELEMETRY,neurological
"HYPOTENSION R/O CAD,S/P LAPAROSCOPIC CHOLECYSTECTOMY",cardiovascular
PERF APPENDIX,gastrointestinal
SUBDURAL HEMATOMA;HEAD INJURIES,trauma_injury
LIVING UNRELATED LIVER DONOR/SDA,hepatobiliary
HEPATO-BILI SYNDROME,hepatobiliary
SBP VS INCARCERATED HERNIA,gastrointestinal
RIB FRACTURE AND LUNG PUNCTURE,trauma_injury
"SEIZURE,ASPIRATION",neurological
CORONARY ARTERY DISEASE; NEW ANGINA\LEFT HEART CATHETERIZATION,cardiovascular
INTRACRANIAL HEMORRHAGE;GASTROINTESTINAL BLEED,neurological
BENZODIAZEPINE WITHDRAWL,psychiatric
S/P MOTOR VEHICLE ACCIDENT;FACIAL FRACTURES,trauma_injury
ANURIC RENAL FAILURE; GI BLEED,renal
CORONARY ARTERY DISEASE; MR\CORONARY ARTERY BYPASS GRAFT;MITRAL VALVE REPLACEMENT/SDA,cardiovascular
LIVER FAILURE;RENAL INSUFICIENCY;HEPATORENAL SYNDROME,hepatobiliary
AICD FIRE;V TACH,cardiovascular
"S/P LIVERTX,ELEVATED LFT'S",hepatobiliary
LEFT ATRIAL MYXOMA\ ATRIAL MYXOMA REMOVAL/SDA,cardiovascular
PULMONAR EDEMA,cardiovascular
CORONARY ARTERY DISEASE\CORONARY ARTERY BYPASS GRAFT; OFF PUMP; SINGLE VESSEL/SDA,cardiovascular
"ASTHAM,COPD EXACERBATION",respiratory
ST ELEVATION MYOCARDIAL INFARCT,cardiovascular
NON Q MI;VTACH\CATH,cardiovascular
TIB/FIB FRACTURE-LEFT ELBOW FRACTURE,trauma_injury
PANCREATIC CA\ASSESS BILIARY STRICTURES **REMOTE WEST**,oncology
AORTIC STENOSIS\AORTIC VALVE REPLACEMENT W/ ? CORONARY ARTERY BYPASS GRAFT /SDA,cardiovascular
S/P LIVER TX ASCTES CONFUSION,hepatobiliary
HEART FAILURE;VT,cardiovascular
"ATRIAL MASS,RIGHT\ EXCISION ATRIAL MASS,RIGHT/SDA",cardiovascular
? PULMONARY TUBERCULOSIS,infectious
"MITRAL INSUFFICENCY\MVR, ? CORONARY ARTERY BYPASS GRAFT /SDA",cardiovascular
"PEDESTRIAN STRUCK,SUBARACHNOID HEMORRHAGE,ANKLE FRACTURE",trauma_injury
RECURRENT CANCER ABDOMINAL SUTURE LINE,oncology
HAND AMPUTATION,trauma_injury
MENTAL STATUS CHANGES;LOWER GI BLEED,gastrointestinal
SEPTIC SHOCK;CHOLANGITIS,infectious
FAILED INTRATHECAL PUMP REMOVE /REPLACE/SDA,neurological
FOLLOCULAR LYMPHOMA\CHEMOTHERAPY,hematologic
PELVIC PAIN/SDA,genitourinary
SPINAL NEOPLASM/SDA,neurological
CAROTID ARTERY STENOSIS\CAROTID ANGIOGRAM;POSSIBLE STENT PLACEMENT,cardiovascular
TRAZADONE OD,toxicology_poisoning
BLUNT TRAUM,trauma_injury
ISCHEMIC FOOT;ABDOMINAL PAIN;TELEMETRY,cardiovascular
"ESOPHAGITIS,FEVER",gastrointestinal
"A-FIB,RVR/CHF,R/O MI",cardiovascular
"DIABETIC KETOACIDOSIS,R/O MI",endocrine_metabolic
AR\ TOTAL AORTIC ROOT VS VALVE SPARING AORTIC REPAIR/SDA,cardiovascular
CORONARY ARTERY DISEASE\CATH;ANGIOPLASTY,cardiovascular
CIRRHOSIS;ASCITES;CHEST PAIN;TELEMETRY,hepatobiliary
RENAL FAILURE;TELEMETRY,renal
SZ/HYPOTENSION,neurological
WOUND DRAINAGE,postoperative_surgical
ASPIRATION FOREIGN BODY,respiratory
"SEPSIS, GI BLEED, ESOPHAGEAL CA",oncology
MYELODYSPLASTIC SYNDROME,hematologic
TRACHEAL FISTULA,respiratory
LEFT SIDED WEAKNESS-PNEUMONIA,neurological
"?CBD STONES, ABSCESS IN LIVER, BILE LEAK",hepatobiliary
RIGHT FRONTAL COLLOID CYST/SDA,neurological
12-AQV,other
"UTI,CHF",genitourinary
MVC;HEAD BLEED,trauma_injury
MR;AORTIC STENOSIS\AORTIC VALVE REPLACEMENT;MITRAL VALVE REPLACEMENT/SDA,cardiovascular
PULMONARY EDEMA;HYPERTENSION,cardiovascular
PYELONEPHRITIS;SEPSIS,genitourinary
CONGESTIVE HEART FAILURE; CARDIOMYOPATHY\ICD IMPLANTATION +/- BIVENTRICULAR,cardiovascular
DYSPNEA;PNEUMONIA,respiratory
GANGRENE BILATERAL FEET,cardiovascular
UNCONTROLLED EPISTAXIS,hematologic
PNEUMONIA;SEIZURE;FALL,respiratory
AAA\ ASCENDING AORTIC ANEURYSM/SDA,cardiovascular
CORONARY ARTERY DISEASE;UNSTABLE ANGINE;RENAL INSUFFICIENCY\LEFT HEART CATH,cardiovascular
IP BLEED,gastrointestinal
"UTI, ALTERED MENTAL STATE",genitourinary
DYSPNEA;COPD EXACERBATION,respiratory
DIABETES MELLITUS;HYPOXIA;RT SIDED HEMIPARESIS;SEIZURES,endocrine_metabolic
STRANGULATION/ ? ENDOCARDITIS,infectious
CHRONIC OBST PULM DISEASE;CONGESTIVE HEART FAILURE;END STAGE RENAL DISEASE;DIABETES MELLITUS;PNEUMONIA,respiratory
HYPONATREMIA;HYPOKALEMIA,endocrine_metabolic
BLUNT ABDOMINAL TRAUMA,trauma_injury
ILEUS ASCITES,gastrointestinal
L ORBITAL FX,trauma_injury
MITRAL VALVE INFECTION;COPD;CONGESTIVE HEART FAILURE,infectious
PROSTETIC VALVE ENDOCARDITIS,infectious
"DELERIUM, AFIB RVR",cardiovascular
ISCHEMIC INDEX FINGER,other
ANEMIA;GI BLEED,hematologic
"RENAL FAILURE,RESPIRATORY FAILURE",respiratory
BREAST CANCER;BRAIN METS;SEIZURE,oncology
LEFT SUBCLAVIAN DISEASE\SUBCLAVIAN INTERVENTION,cardiovascular
RIGHT BRAIN MASS/SDA,oncology
ALTERED MENTQL STATUS,symptoms_unspecified
AORTIC VALVE INSUFICIENCY\AORTIC VALVE REPLACEMENT ? MVR/SDA,cardiovascular
AORTIC STENOSIS\AVR; ?CORONARY ARTERY BYPASS GRAFT,cardiovascular
VENTRICULAR TACHYCARDIA\SYMPATHETIC NERVE RESECTION,cardiovascular
AVM/SDA,neurological
SEPTAL DEFECT\PATENT FORAMEN OVALE MINIMALLY INVASIVE /SDA,cardiovascular
UNRESPONSIVE;FEVER,symptoms_unspecified
LIVER CANCER;?ESOPHAGEAL VARICES,hepatobiliary
CHF\CORONARY ARTERY BYPASS GRAFT; EPICARDIAL LEAD PLACEMENT/SDA,cardiovascular
CAROTID STENOSIS\RIGHT CAROTID ANGIOGRAM WITH INTERVENTION/SDA,cardiovascular
UNSTABLE ANGINA; R/O MI,cardiovascular
PNEUMOTHORAX;PEA ARREST,respiratory
CARDIOMYOPATHY\MITRAL VALVE REPLACEMENT;REPAIR ATRIAL-SEPTAL DEFECT; ? LVAD,cardiovascular
"SUB ARACHNOID HEMORRHAGE,INTER CRANIAL BLEED",neurological
"ATRIAL FIBRILLATION\THORACOSCOPIC MAZE PROCEDURE, BILATERAL",cardiovascular
NBB,symptoms_unspecified
BILATERAL LOWER EXTEMITY FRACTURE,trauma_injury
MALIGNANT NEOPLASM ESOPHAGUS UNSPECIFIED/SDA,oncology
BILIARY DILITATION,hepatobiliary
ABDOMINAL AORTIC ANURISM REPAIR,cardiovascular
ANEMIA;CELLULITIS CHEST WALL,hematologic
4TH VENTRICULAR TUMOR/SDA,oncology
MITRAL REGURGITATION;AORTIC INSUFFICIENCY,cardiovascular
PARENCHYMAL HEMORRHAGE,neurological
AORTIC STENOSIS\AORTIC VALVE REPLACEMENT; TISSUE VALVE /SDA,cardiovascular
AORTIC VALVE DISORDER\AORTIC VALVE REPLACEMENT; ? ASCENDING AORTA REPLACEMENT/SDA,cardiovascular
MCC;PULMCONTUSION;SPLENIC INJURY,trauma_injury
ATRIAL AND VENTRICULAR LEAD MALFUNCTION\ATRIAL & VENTRICULAR LEAD EXTRACTION; DDD PACEMAKER REPLACEMENT /SDA,cardiovascular
AR\ AORTIC AND MITRAL VALVE REPLACEMENT REDO,cardiovascular
PNEUMONIA',respiratory
AORTIC STENOSIS \AORTIC VALVE REPLACEMENT /SDA,cardiovascular
TONGUE SWELLING ALLERGIC REACTION,other
"ANGINA,CORONARY ARTERY DISEASE\LEFT HEART CATHETERIZATION",cardiovascular
PRE/OP PANCREAS TRANSPLANT,endocrine_metabolic
ANEMIA;HYPOTENSION,hematologic
CHEST PAIN/SDA,symptoms_unspecified
ALTERED MENTAL STATUS;LIVER FAILURE;URINARY TRACT INFECTION,renal
INTESTINAL OBSTRUCTION/SDA,gastrointestinal
MITRAL STENOSIS\ANGIOPLASTY,cardiovascular
TONGUE AND FLOOR OF MOUTH SQUAMOUS CELL CA,oncology
HYPOTENSION AND RESPIRATORY FAILURE,respiratory
INTRA-CEREBRAL HEMMORHAGE/SDA,neurological
BI-LATERAL SUBDURAL HEMATOMA,neurological
COLD RIGHT LEG,cardiovascular
STATUS POST VENTRICULAR FIBRILLATION ARREST;CHEST PAIN\CATH,cardiovascular
AIRWAY OBSTRUCTION\RIGID BRONCHOSCOPY WITH TUMOR DEBRIDEMENT,respiratory
RIB FRACTURE;SUBARACHNOID HEMATOMA,trauma_injury
KIDNEY LESION/SDA,renal
VENTRICULAR TACKYCARDIA,cardiovascular
SPINAL SEPSIS,infectious
TRACHEOBRONCHIOMALECIA,respiratory
PULM FIBROSIS FLARE,respiratory
BRADYCARDIA;CARDIAC ARREST,cardiovascular
FEVER (WITH CENTRAL LINE),infectious
ATRIAL FLUTTER\CARIAC CATHETERIZATION,cardiovascular
S/PFALL,trauma_injury
PRIMARY SCLEROSIS CHOLANGITIS,hepatobiliary
ENDOCARDITIS;MRSA,infectious
EPIDIRAL ABSCESS,infectious
"ORBITAL MENINGIOMA, LEFT/SDA",oncology
"AORTIC DISSECTION,TYPE A",cardiovascular
CONGESTIVE HEART FAILURE;ATRIAL FIBRILLATION;HYPOXIA,cardiovascular
TRAUMA;S/P FALL;CERVICAL FRACTURE,trauma_injury
NEW ONSET AFIB;;LEG PAIN;HYPOXIA,cardiovascular
AORTIC VALVE INSUFFICIENCY\AORTIC VALVE REPLACEMENT; ? ASCENDING AORTA REPLACEMENT/SDA,cardiovascular
HEPATIC INSUFFICIENCY,hepatobiliary
"NONHEALING ULCERS R LEG,SEVERE ISCHEMIA",cardiovascular
ACUTE RENAL INSUFFICIENCY;HYPOXIA,renal
"CELLULITIS,RIGHT LEG",infectious
HD CATHETER LINE INFECTION,infectious
AMMONIUM NITRATE INGESTION,toxicology_poisoning
BILATERAL PULMONARY NODULES/SDA,respiratory
STATUS POST CARDIAC ARREST\CARDIAC CATHETERIZATION,cardiovascular
HYPERNATREMIA; UTI; ALTERED MS,genitourinary
INTRAPARENCHYMAL HEMORRHAGE;SUBDURAL HEMATOMA;SUBARACHNOID HEMORRHAGE,neurological
HYPERTENSION;GALLSTONE PANCREATITIS,gastrointestinal
AAA CAD\BENTALL PROCEDURE;CORONARY ARTERY BYPASS GRAFT/SDA,cardiovascular
FEBRILE/NEUTROPENIA,infectious
LEFT ELBOW FX/SDA,trauma_injury
CARDIOMYOPATHY;ACUTE CORONARY SYNDROME,cardiovascular
CORONARY ARTERY DISEASE\CORONARY ARTERY BYPASS GRAFT; W/MVR,cardiovascular
"TRAUMA,BICYCLE VS CAR",trauma_injury
ALTERED MENTAL STATUS;NAUSEA,symptoms_unspecified
AORTIC STENOSIS\LEFT HEART CATH,cardiovascular
R/O TB,infectious
PNA; FEVER,infectious
AORTIC STENOSIS\AORTIC VALVE REPLACEMENT;RADIOFREQUENCY MAZE PROCEDURE/SDA,cardiovascular
MITRAL VALVE THICKENING,cardiovascular
ALCOHOL WITHDRAWAL WITH AKA,psychiatric
MITRAL STENOSIS\AORTIC VALVE REPLACEMENT?; MITRAL VALVE REPLACEMENT /SDA,cardiovascular
POLTRAUMA,trauma_injury
RIGHT UPPER LOBE LUNG CANCER/SDA,oncology
CHRONIC OBST PULM DISEASE; RIGHT MAINSTREAM OBSTRUCTION,respiratory
MITRAL VALVE INSUFFICIENCY/MITRAL VALVE REPLACEMENT,cardiovascular
S/P TRANSPLANT,other
BURKITTS LYMPHOMA,oncology
INFECTED SEROMA,infectious
ACUTE MYOCARDIAL INFARCTION-SEPSIS,cardiovascular
LEFT NON-HEALING FOOT ULCER,infectious
"LIVER BLEED & HEMATOMA, HEMOPERITON",hepatobiliary
ACUTE RENAL FAILURE;CHEST PAIN;TELEMETRY,renal
DRAIN LEAKAGE,postoperative_surgical
MITRAL VALVE INSUFFICIENCY\MITRAL VALVE REPLACEMENT,cardiovascular
ULCER LEFT FOOT/SDA,infectious
OROPHARYNGEAL MASS,oncology
DIABETIC KEDOACIDOSIS,endocrine_metabolic
RAPID AFIB-URINARY TRACT INFECTION,cardiovascular
TRIGEMINAL NEURALGA,neurological
CORONARY ARTERY DISEASE\CORONARY ARTERY BYPASS GRAFT; WITH AVR;MITRAL VALVE REPLACEMENT/SDA,cardiovascular
RHABDO;RENAL FAILURE,renal
WORSENING DYSPNEA ON EXERTION;AORTIC STENOSIS\RIGHT AND LEFT HEART CATHETERIZATION,cardiovascular
CELLULIIS,infectious
"HEMATURIA,HYPOTENSION",genitourinary
FEVER; R/O MENINGITIS,infectious
INFERIOR LATERAL MI\CATH,cardiovascular
PNEUMONIA;MI,respiratory
ACUTE CORONARY SYNDROME;TELEMTRY,cardiovascular
VERTIGO,neurological
AORTIC STENOSIS\AVR;? CORONARY ARTERY BYPASS GRAFT  /SDA,cardiovascular
"N/V, HYPERGLYCEMIA,NEW ONSET A-FIB",endocrine_metabolic
CONGESTIVE HEART FAILURE;END-STAGE RENAL DISEASE;ALTERED MENTAL STATUS;TELEMETRY,cardiovascular
SHORT GUT SYNDROME\ TUNNELLED CATHETER,gastrointestinal
LT FEMORAL SHAFT FRACTURE,trauma_injury
RIGHT ICA STENOSIS,neurological
CARCINOMA COLON/SDA,oncology
UGIB;HEMATEMESIS,gastrointestinal
CARDIOMYOPATHY\IMPLANTABLE CARDIOVERTER DEFIBRILLATOR IMPLANT,cardiovascular
BETA BLOCKER OD,toxicology_poisoning
COGIATED DELIRUM,psychiatric
"RAPID A-FIB,SDH, PELVIC FRACTURE",trauma_injury
"NAUSA,VOMITING",symptoms_unspecified
"FALLS,BACK PAIN WEAKNESS",musculoskeletal
HEART FAILURE;ABDOMINAL PAIN,cardiovascular
MITRAL STENOSIS\AORTIC AND MITRAL VALVE REPLACEMENT /SDA,cardiovascular
INFECTED AXILLO FEMORAL GRAFT/SDA,infectious
"POLY SUBSTANCE ABUSE,DT",psychiatric
THALMUS BLEED,neurological
COPD FLARE-RESPIRATORY DISTRESS,respiratory
"MOTORCYCLE ACCIDENT ,MBC",trauma_injury
LOWER INTESTINAL BLEED,gastrointestinal
QUESTION OF OSTEOMYLITIS,musculoskeletal
S/P APPENDECTOMY;NAUSEA;VOMTING,postoperative_surgical
URINARY TRACT INFECTION;ANTI COAGULATION,genitourinary
WOUND DEHISCENCE INFECTION,postoperative_surgical
"HEPATITIS B, HEPITOMA/SDA",hepatobiliary
HYPERGLYCEMIA;HYPOTENSION;ACIDOSIS;,endocrine_metabolic
DYSPNEA;MAST CELL DEGRANULATION,respiratory
POSSIBLE OVARIAN CA/SDA,oncology
MITRAL REGURGITATION\BENTALL PROCEDURE; ? CORONARY ARTERY BYPASS GRAFT/SDA,cardiovascular
GTUBE EVALUATION,gastrointestinal
NEWLY DIAGNOSED BRAIN MASS;LACKS CAPACITY,neurological
SPLENIC LAC;FALL;WRIST FRACTURE,trauma_injury
PERICARDIAL DRAIN,cardiovascular
PULMONARY HYPERTENSION\CENTRAL LINE PLACEMENT/REMODULIN INFUSION,cardiovascular
CONGESTIVE HEART FAILURE-SUBDURAL HEMATOMA,cardiovascular
AORTIC STENOSIS\AORTIC VALVE REPLACEMENT  ? MAZE ? RESECTION OF LEFT ARTERAL APPENDAGE ? MITRAL VALVE REPLACEMENT,cardiovascular
"OSTEOARTHRITIS, BILATERAL KNEES/SDA",musculoskeletal
CRONIC MYELOGENOUS LEUKEMIA\FEVER,hematologic
HYPERGLYCEMIA;SEIZURE,endocrine_metabolic
SEVERE AORTIC STENOSIS;CONGESTIVE HEART FAILURE\CARDIAC CATH WITH AORTIC VALVULOPLASTY,cardiovascular
URINARY TRACT INFECTION-COLITIS,genitourinary
CHOLANGIO CA/SDA,oncology
CORONARY ARTERY DISEASE;MITRAL REGURGITATION\PERCUTANEOUS TRANSLUMINAL CORONARY ANGIOGRAM\STENT PLACEMENT,cardiovascular
VISUAL CHANGES,neurological
LEFT LEG CELLULIIS;SEPSIS,infectious
MYOCARDIAL INFARCTION;S/P CARDIAC ARREST\CATH,cardiovascular
DISC DEGENERATION LUMBAR SPINE/SDA,musculoskeletal
HIP FRACTURE;RENAL INSUFFIENCY,renal
LEFT THALAMIC BLEED,neurological
ACUTE CHOLEYCISTITIS,gastrointestinal
RIGHT HEMORRHAGIC CVA,neurological
ACUTE MENTAL STATUS CHANGES/RESPIRATORY DISTRESS,respiratory
FEVER;ACUTE LYMPHATIC LEUKEMIA,hematologic
SEPSIS.,infectious
THROMBOYTIC THROMBOCYTOPENIC PURPURA,hematologic
PULMONARY VEIN INJURY\THORACOSCOPIC MAZE PROCEDURE LEFT;MINI MAZE;BILATERAL MINI THORACOTOMY;PULMONARY VEIN ISOLATION;RESECTION OF LEFT ATRIAL APPENDAGE/SDA,cardiovascular
CHRONIC RESPIRATORY FAILURE;AIRWAY OBSTRUCTION,respiratory
CONGESTIVE HEART FAILURE;CHRONIC OBSTRUCTIVE PULMONARY DISEASE\CATH,cardiovascular
MITRAL REGURGITATION\MITRAL VALVE REPLACEMENT REDO AND VRA THORACOTOMY,cardiovascular
HEPATOCELLULAR CA,oncology
RACH DISLODGED,postoperative_surgical
CEREBROVASCULAR ANOMALY/SDA,neurological
VTACH\CATHERIZATION,cardiovascular
MULTIPLE TRAUMA;TELEMETRY,trauma_injury
PLEURAL EFFUSION;QUESTION OF EMPYEMA,respiratory
V-F ARREST,cardiovascular
LEFT LOWER EXTREMITY PVD\LEFT LOWER EXTREMITY ANGIOGRAM PROCEDURE  **REMOTE WEST**,cardiovascular
PNEUMONIA;ANEMIA,infectious
SUSPECTED OSTEOMYELITIS,infectious
PERSISTANT NAUSEA AND VOMITING,gastrointestinal
MULTI VESSEL CORONARY ARTERY DISEASE;CHEST PAIN\CATH,cardiovascular
URINARY TRACT INFECTION;CELLULITIS;HYPERGLYCEMIA,genitourinary
HYPERNATREMIA;UROSEPSIS,infectious
DYSPNEA;HEMOPTYSIS;HIV,respiratory
NAUSEA VOMITING WEAKNESS,symptoms_unspecified
R/O PERICARDITIS;UROSEPSIS,infectious
ACUTE PANCREATITIS;R/O HEPATITIS\ERCP,gastrointestinal
SEVERE AORTIC STENOSIS;? ISCHEMIA\CATH,cardiovascular
HYPERBILIRUBINEMA,hepatobiliary
LEFT OCCIPITAL STROKE,neurological
CORNARY ARTERY DISEASE\ENDOSCOPIC CORONARY BYPASS/SDA,cardiovascular
HYPOTENSION;INSULIN DEPENDENT DIABETES MELLITUS;ESRD,renal
RIB FRACTURE;PULMONARY CONTUSION,trauma_injury
CONGESTIVE HEART FAILURE; SUDDEN CARDIAC DEATH RISK; CAD\ICD IMPLANTATION +/- BIVENTRICULAR,cardiovascular
STATUS POST MOTOR VEHICLE ACCIDENT WITH INJURIES;MULTI TRAUM,trauma_injury
CARDIAC CATH S/P CARDIAC ARREST,cardiovascular
CONGESTIVE HEART FAILURE;HIP FAILURE,cardiovascular
MITRAL REGURGITATION\MITRAL VALVE REPLACEMENT REDO /SDA,cardiovascular
MYELODYSPLASTIC SYNDROME\CHEMOTHERAPY,hematologic
RP HEMATOMA,trauma_injury
PNEUMONIA;PULMONARY EMBOLIS,respiratory
ANEMIA/ GASTROINTESTINAL BLEED,gastrointestinal
CORONARY ARTERY DISEASE;CHEST PAIN;TELEMETRY,cardiovascular
HYPER BILIRUBINEMIA,hepatobiliary
ELECTROLYTE ABNORMALITIES,endocrine_metabolic
MYOCARDIAL INFARCTION;PNEUMONIA,cardiovascular
HYPOTENSION;FEMUR FX,trauma_injury
BACTEREMIA; ? ENDOCARDITIS,infectious
CORONARY ARTERY DISEASE;MR\CORONARY ARTERY BYPASS GRAFT WITH MVR  TVR/SDA,cardiovascular
MITRAL REGURGITATION\RIGHT AND LEFT HEART CATHETERIZATION,cardiovascular
PERICARDIAL EFFUSION\BALLOOM PERICARDIOTOMY,cardiovascular
RIGHT ACETABULAR FRACTURE,trauma_injury
AFIB\CAD,cardiovascular
PANCREATITIS;PSEUDOCYST,gastrointestinal
CORONARY ARTERY DISEASE\CORONARY ARTERY BYPASS GRAFT; ? OFF PUMP/SDA,cardiovascular
SUBDURAL HEMORRHAGE;IPH,neurological
FEVER;ABSCESS,infectious
"CONGESTIVE HEART FAILURE;TELEMETRY\THORASCOPIC VS LEFT THORACOTOMY, LEFT  VENTRICULAR EPICARDIAL LEAD PLACEMENT, AUTOMATIC INTERNAL CARDIAC DEFIBRILLATOR/PERMANENT PACEMEKER GENERATOR CHANGE",cardiovascular
R/O VERTEBRAL ARTERY DISSECTION,neurological
HYPOTENSION;NEW CARDIOMYOPATHY;RESPIRATORY DISTRESS,cardiovascular
ESOPHAGEAL CANCER;AIRWAY OBSTRUCTION,oncology
NUERO SARCOIDOSIS,neurological
CIRRHOSIS-VARICEAL BLEED\TIPS,hepatobiliary
C-SPINE INJURY;S/P FALL,trauma_injury
LEFT FRONTAL LESION/SDA,neurological
ACUTE PANCREATITIS;GI BLEED,gastrointestinal
"DKA,  DEHYDRATION",endocrine_metabolic
"BLEEDING,INTERNAL",symptoms_unspecified
ACUTE MYELOGENOUS LEUKEMIA;PAIN,hematologic
AIRWAY OBSTRUCTION\ BRONCHOSCOPY W/ STENT/SDA,respiratory
S/P STRANGULATION,trauma_injury
HYPONATREMIA;RULE-OUT MYOCARDIAL INFARCTION;TELEMETRY,cardiovascular
TRAUMA;LEFT SUBDURAL HEMATOMA,trauma_injury
ALTERED MENTAL STATUS-HYPOTENSION,symptoms_unspecified
S/P LIVER TRANSPLANT;R/O CMV,infectious
PNEUMONIA;UROSEPSIS,infectious
MITRAL REGURGITATION\MVR; ? CORONARY ARTERY BYPASS GRAFT /SDA,cardiovascular
"PNA,UTI",infectious
TORSADES,cardiovascular
GALLSTONE PANCREATITIS;CHOLECYSTITIS,gastrointestinal
ASTHMA-CHRONIC OBSTRUCTIVE PULMONARY DISEASE EXACERBATION,respiratory
NON STEMI MI,cardiovascular
PORTAL VEIN THROMBOSIS/S/P LIVER TX,hematologic
S/P SVT;RULE-OUT MYOCARDIAL INFARCTION,cardiovascular
? CORD COMPRESSION,neurological
COMPLETE HEART BLOCK\PACEMAKER IMPLANT,cardiovascular
MOTOR VEHICLE ACCIDENT;PELVIC FRACTURE;RIB FRACTURE,trauma_injury
SOB;CHEST PAIN,symptoms_unspecified
CHOLECYSTITIS;CHOLELITHIASIS,gastrointestinal
DYSARATHRIA,neurological
"ARF, HEPATITIS",renal
ATERIAL EMBOLIZATION,cardiovascular
CORONARY ARTERY DISEASE\CORONARY ARTERY BYPASS GRAFT; ? OFF PUMP CORONARY ARTERY BYPASS GRAFT/SDA,cardiovascular
MENTAL STATUS CHANGES;PERFORATED VISCUS,gastrointestinal
"DIABETIC KETOACIDOSIS,RENAL FAILURE",endocrine_metabolic
RIGHT HEEL OSTEOMYELITIS;CORONARY ARTERY DISEASE,infectious
SHORTNESS OF BREATH;PNEUMONIA,infectious
ETOH-PANCREATITIS,gastrointestinal
HIP FRACTURE;PNEUMONIA,trauma_injury
LITHIUM/TCA OD,toxicology_poisoning
PNEUMONIA-ABDOMINAL PAIN,infectious
HYPOTENSION; HYPOXIA,symptoms_unspecified
ROP;SEIZURES,neurological
NECROTIZING PNEUMONIA;SEPSIS,infectious
CHANGE IN MENTAL STATUS;TELEMETRY,symptoms_unspecified
CHF\CORONARY ARTERY BYPASS GRAFT /SDA,cardiovascular
BOERHAAVE SYNDROME,gastrointestinal
DIABETIC KETOACIDOSIS-CONGESTIVE HEART FAILURE,endocrine_metabolic
TRAUMA;MULTUPLE FRACTURES,trauma_injury
ATRIAL SEPTAL DEFECT\MINIMALLY INVASIVE ATRIAL SEPTUM DEFECT CLOSURE,cardiovascular
PANCREATITIS;ATRIAL FIBRILLATION;TELEMETRY,gastrointestinal
MRV\MITRAL VALVE REPLACEMENT/SDA,cardiovascular
EXPLORATORY LAPAROTOMY FOR SMALL BOWEL OBSTRUCTION,postoperative_surgical
V-FIB ARREST/ S/P CATH,cardiovascular
ASSUALT,trauma_injury
ACOUSTIC NEUROMA LEFT EAR/SDA,neurological
CORONARY ARTERY DISEASE;TIA;CAROTID STENOSIS\CATH/STENT PLACEMENT,cardiovascular
"SUBARACHNOID HEMORRHAGE,ANEURYSM",neurological
NEW ONSET CGEST PAIN\CATH,cardiovascular
FATIGUE;MALAISE;POSTIVE TROPONIN,cardiovascular
ALTERED MENTAL STATUS\INTUBATED,symptoms_unspecified
LEFT SIDED HEMATOMA;STATUS POST MOTOR VEHICLE ACCIDENT WITH INJURIES,trauma_injury
STATUS POST MOTOR VEHICLE ACCIDENT WITH INJURIES;TRAUMA;HEAD LACERATION,trauma_injury
"CERVICAL FRACTURE, TRAUMATIC ARREST",trauma_injury
PARATHYROID CANCER,oncology
SEIZURE-TRAUMA-C-SPINEFRACTURE,neurological
MENTAL STATUS CHANGES;R/O SEPSIS,infectious
DIAPHRAMATIC PARALYSIS/SDA,respiratory
ALCOHOL WITHDRAWAL;CHEST PAIN;TELEMETRY,psychiatric
"SOB, WEAKNESS, N/V & RENAL FAILURE",renal
CAROTID STENOSIS'/SDA,cardiovascular
MANDIBLE ABSCESS,infectious
NEW ONSET AFIB;SOB,cardiovascular
"CAROTID STENOSIS, RIGHT",cardiovascular
"HYPERTENSION, ACUTE RENAL FAILURE",renal
PDA/PREMATURITY,pregnancy_obstetric
PNEUMONIA;CHRONIC OBST PULM DISEASE;HYPERTENSION,respiratory
"CAROTID,STENOSIS\CAROTID ANGIOGRAM",cardiovascular
S/P BLEED;DECREASED BP,postoperative_surgical
MYOCARDIAL INFARCTION/CARDIAC CATH,cardiovascular
FEVER;ACUTE RESPIRATORY FAILURE,respiratory
RIGHT FRONTAL MENINGIOMA;SEIZURE,neurological
"S/P GASTRIC BYPASS,CHEST PAIN",postoperative_surgical
LEFT NON-UNION FEMUR FRACTURE/SDA,musculoskeletal
"PANCREATITIS, BLEED",gastrointestinal
HYPOVENTILATION,respiratory
ABDOMINAL PAIN;S/P ERCP,postoperative_surgical
SHORTNESS OF BREATH;INCREASED CREATININE,renal
HYPOGLYCEMIA;URINARY TRACT INFECTION,endocrine_metabolic
INTRA ABDOMINAL BLEEDING-AAA,cardiovascular
CHOLANGIOCARCINOMA\ PTC/SDA,oncology
ACUTE GASTROENTERISTIS,infectious
SUBARACHNOID HEMORRHAGE;BASILAR TIP ANEURYSM,neurological
AIRWAY COMPRESSION;LUNG CANCER,oncology
LARGE GASTOINTESTINAL BLEED,gastrointestinal
THORACIC MENINGIOMA/SDA,neurological
HEADACHE;R/O TB,infectious
COMPLICATION OF DEVICE/SDA,postoperative_surgical
S/P FALL;ABDOMINAL PAIN,trauma_injury
MALIGNANT EFFUSION;TELEMETRY,oncology
"DEHYDRATION,SEPSIS",infectious
RIGHT URETERAL CA/SDA,oncology
AORTIC THROMBOSIS,cardiovascular
PNEUMONIA-ASTHMA,respiratory
S/P MVC;SYNCOPE,trauma_injury
R/O OBSTRUCTION-ABDOMINAL PAIN,gastrointestinal
INTRAPARENCHMAL,neurological
HYPERKALEMIA;TELEMETRU,renal
SEVERE MR\MITRAL VALVE REPLACEMENT;TRICUSPID VALVE REPLACEMENT; MAZE,cardiovascular
LATE EFFECT RADIATION; CERVICAL SPONDYLOSIS/SDA,musculoskeletal
RIGHT PARIETAL BLEED,neurological
PRE OP LIVER TX,hepatobiliary
ETOH IMTOXICATION,toxicology_poisoning
TACHYCARDIA-INR 22,cardiovascular
"TRICUSPID REGURGITATION\TRICUSPID VALVE REPLACEMENT, LEFT VALVE LEAD PLACEMENT/SDA",cardiovascular
QUESTION OF STROKE,neurological
HX OF POLYPS\COLONOSCOPY,gastrointestinal
AVGS INFECTION,infectious
CIRRHOSIS OF LIVER,hepatobiliary
VENOUS SINUS THROMBOSIS,neurological
INGESTION OVERDOSE,toxicology_poisoning
UTI;VOMITING,genitourinary
AORTIC STENOSIS\AORTIC VALVE; ? ASCENDING AORTA REPLACEMENT,cardiovascular
SEPSIS;DISSEMINATED INTRAVASCULAR CLOTTING,infectious
VERTEBRAL ARTERY OCCLUSION,neurological
"DEHYDRATION,DIARRHEA",gastrointestinal
LUNG LESION,respiratory
ACUTE MYOCARDIAL INFARCTION\LEFT HEART CATHETERIZATION,cardiovascular
SEPSIS-INTRACRANIAL HEMORRHAGE,neurological
HYPERGLYCEMIA;HYPERNATREMIA,endocrine_metabolic
V-TACH\EP STUDY,cardiovascular
CORONARY ARTERY DISEASE\CAROTID ANGIOGRAPHY,cardiovascular
BILATERAL KNEE OSTEOARTHRITIS/SDA,musculoskeletal
MULTIPLE DRUG OVERDOSE,toxicology_poisoning
FOURNIER GANGRENE,infectious
PRENEPHRIC HEMATOMA,renal
ABDOMINAL WOUND EXPLORATION,postoperative_surgical
STENT,cardiovascular
HEAD BLEED;S/P FALL;TELEMETRY,trauma_injury
ACUTE MYOCARDIAL INFARCTION;CARDIOGENIC SHOCK,cardiovascular
RIGHT TEMPORAL/SDA,neurological
POST ARREST ? SEPSIS,infectious
HYPERNATREMIA;TELEMETRY,endocrine_metabolic
RUPTURED ABDOMINAL AORTIC ANEURYSM,cardiovascular
INFECTED LEFT FOOT;CELLULITIS,infectious
CHANGE IN MENTAL STATUS;RHABDOMYOLYSIS,neurological
INTRAPARENCHYAL HEMORRHAGE,neurological
HEADACHE;TELEMETRY,neurological
AORTIC STENOSIS;CORONARY ARTERY DISEASE\CORONARY ARTERY BYPASS GRAFT; WITH AVR/SDA,cardiovascular
SICK SINUS SYNDROME\PACEMAKER IMPLANT,cardiovascular
CRF,renal
MR\ MITRAL VALVE REPLACEMENT REDO; ? MAZE/SDA,cardiovascular
CHEST PAIN;ELEVATED TROPONIN\CARDIAC CATH,cardiovascular
INTRAABDOMINAL SEPSIS,infectious
CAROTID ANGIOGRAM\CAROTID ANGIOGRAM,cardiovascular
PTC FOR CHOLESTASIS,hepatobiliary
"FEVER, A-FIB",infectious
R/O SMV THROMBOSIS,gastrointestinal
UNRESPONSIVE/RESPIRATORY DISTRESS,respiratory
OVARIAN CANCER;ABDOMINAL PAIN,oncology
POSSIBLE CEREBROVASCULAR ACCIDENT,neurological
AORTIC STENOSIS\AORTIC AND MITRAL VALVE REPLACEMENT  CORONARY ARTERY BYPASS GRAFT /SDA,cardiovascular
CORONARY ARTERY DISEASE;MR\CORONARY ARTERY BYPASS GRAFT;MITRAL VALVE REPLACEMENT/SDA,cardiovascular
ACUTE HEPATITIS,hepatobiliary
BLEEDING LIVER METASTATIC,oncology
FEVER;BACK PAIN;NAUSEA,symptoms_unspecified
CORONARY ARTERY DISEASE\CORONARY ARTERY BYPASS GRAFT; RESECTION AORTIC ASCENDING ANEURYSM/SDA,cardiovascular
RIGHT TUMOR FRONTAL/SDA,oncology
"LEFT LUNG NODULE, MEDIASTINALADENOPATHY/SDA",oncology
"MITRAL VALVE DISORDER, CORONARY ARTERY DISEASE\CORONARY ARTERY BYPASS GRAFT WITH MVR",cardiovascular
L2 BURST FRACTURE; LUMBAR STENOSIS/SDA,trauma_injury
GASTROINTESTINAL BLEED-MYOCARDIAL INFARCTION,cardiovascular
BASAL GANGLIA BLEED,neurological
PVD\AAA RUNOFFS,cardiovascular
"ACUTE RENAL FAILURE,UROSEPSIS,HYPOTENSION,HYPOXIA",renal
RIB FRACTURES/VOMITING/,trauma_injury
"SEPSIS, PE, RENAL FAILURE",infectious
CORNARY ARTERY DISEASE\CORONARY ARTERY BYPASS GRAFT WITH AVR /SDA,cardiovascular
PFO\PATENT FORAMEN OVALE CLOSURE,cardiovascular
"AORTIC VALVE INSUFFICENCY\AORTIC VALVE REPLACEMENT REDO, ? BENTAL PROCEDURE /SDA",cardiovascular
COLITIS WITH ANEMIA,gastrointestinal
RETROPERITONEAL HEMORRHAGE;TELEMETRY,trauma_injury
GOODPASTURES,renal
FEVER-FLU,infectious
"CORONARY ARTERY DISEASE\CORONARY ARTERY BYPASS GRAFT,  ? AVR /SDA",cardiovascular
DRAINAGE OF BURRHOLE,neurological
CALVARIAL LESION/SDA,oncology
ACUTE MYELOGENOUS LEUKEMIA\CHEMO,hematologic
INTRACARANIAL HEMORRHAGE,neurological
ATRIAL FLUTTER\ATRAIL FLUTTER ABLATION,cardiovascular
ANEMIA;PNEUMONIA,infectious
NON HEALING ULCER/SDA,dermatologic
LOW PLATE COUNT,hematologic
PULMONARY FIBROSIS; PNEUMONIA,respiratory
LEFT SUPRACLINOID ARTERY ANEURYSM/SDA,neurological
MENINGOMA/SDA,neurological
ASTHMA; S/P ANGINA; CHF,cardiovascular
MYOCARDIAL INFRCTION,cardiovascular
MELANOMA LOWER BACK/SDA,oncology
CORONARY ARTERY DISEASE\CORONARY ARTERY BYPASS GRAFT; PFO CLOSURE; ? AVR/SDA,cardiovascular
INABILITY TO WALK;VANCOMYCIN RESISTANT ENTEROCOCCUS,infectious
MITRAL VALVE DISEASE\MITRAL VALVE REPLACEMENT /SDA,cardiovascular
RIGHT PARIETAL METASTATIC LESION/SDA,oncology
PNEUMONIA;BRONCHIECTASIS,respiratory
HEART FAILURE;CARDIAC ARREST\INTRA-AORTIC BALLOON PUMP PLACEMENT,cardiovascular
PEDESTRIAN STRUCK BU MOTORCYCLE,trauma_injury
CORONARY ARTERY DISEASE;ELEVATED TROPONIN,cardiovascular
HEADACH,symptoms_unspecified
MR\ ? MITRAL VALVE REPLACEMENT; HOMOGRAFT ROOT REPLACEMENT/SDA,cardiovascular
? GATROINTESTINAL BLEED,gastrointestinal
FEVER; PANCREATITIS; ETHANOL WITHDRAWAL,gastrointestinal
CORONARY ARTERY DISEASE\PATENT FORAMENOVALE CLOSURE; CORONARY ARTERY BYPASS GRAFT /SDA,cardiovascular
ESOPHAGEAL ADENOCARCINOMA AT GE JUNCTION/SDA,oncology
"SEIZURE,RESPIRATORY FAILURE",neurological
CAROTID STENOSIS\LEFT CAROTID ANGIOGRAM VIA RIGHT GROIN ACCESS,cardiovascular
CEREBROVASCULAR ACCIDENT;CHF,neurological
CORONARY ARTERY DISEASE;SEVERE AORTIC STENOSIS,cardiovascular
END STAGE KIDNEY DISEASE,renal
THORACIC ANEURYSM/SDA\REDO STERNOTOMY; REPAIR AORTIC ARCH ANEURYSM,cardiovascular
THROMBOCYTOPENIA;NEUTROPENIA,hematologic
"ACUTE RESPIRATORY DISTRESS SYNDROME,MESENTERIC THROMBOSIS",respiratory
MALIGNANT VERTIBRAL NEOPLASM/SDA,oncology
ILEOSTOMY W/ COMPLICATION/SDA,gastrointestinal
HIP FRACTURE/ESRD,musculoskeletal
S/P MEGA COLON/SDA,gastrointestinal
SEIZURES;OVERDOSE,neurological
RECURRENT RIGHT RETROPERITONEAL SARCOMA/SDA,oncology
"SQUAMOUS CELL CARCINOMA, ORAL CAVITY/SDA",oncology
CREST SYNDROME; NECROTIZING BRONCHIAL STUMP,respiratory
"PNEUMONIA,DEHYDRATION,ANEMIA",infectious
AORTIC ANEURYSM\BENTALL PROCEDURE; MECHANICAL VALVE/SDA,cardiovascular
PANNUS ULCERS,dermatologic
UNRESPONSIVE/INTUBATED,symptoms_unspecified
"OSTEOARTHRITIS, LEFT HIP/SDA",musculoskeletal
HEROIN OVERDOSE-ARDS,toxicology_poisoning
LIVER CONTUSION,hepatobiliary
AMS/UTI,infectious
RULE OTU CORONARY ARTERY DISEASE; SEVERE MITRAL REGURGITATION\RIGHT AND LEFT HEART CATHETERIZATION,cardiovascular
PERIPHERAL VASCULAR DISEASE;HYPERTENSION\CATH,cardiovascular
C4 FRACTURE;SYNCOPE,trauma_injury
S/P AV GRAFT,renal
RESPIRATORY FAILURE;RULE-OUT MYOCARDIAL INFARCTION,respiratory
LEFT EXTREMITY EDEMA,other
KNEE AMPUTATION,trauma_injury
"STROKE,RIGHT MCA",neurological
ASCENDING AORTIC ANEURYSM\ASCENDING AORTA REPLACEMENT,cardiovascular
METASTATIC PANCREATIC CANCER,oncology
COMMON BILE DUCT STONE;STONE EXTRACTION;SPHINCTEROTOMY,gastrointestinal
MULTIPLE INJURIES,trauma_injury
BRAIN  MASS,neurological
"ABDOMINAL TRAUMA,IMPALED BRANCH",trauma_injury
AIRWAY OBSTRUCTION\BRONCHOSCOPY RIGID W/MICRODEBRIDER;  MITOMYCIN C; ? BALLOON DILITATION; ? STENT PLACEMENT,respiratory
FEVER;SEIZURE,neurological
GALLBLADDER INFECTION,infectious
"BULEMIA,HYPOKALEMIA",psychiatric
ASCENDING AORTIC ANEURYSM\REPLACEMENT ASCENDING AORTA & HEMIARCH;? AVR/SDA,cardiovascular
PNEUMONIA;COPD EXACERBATION,respiratory
NEEDS CASPOFUNGIN DESENSITIVITY,infectious
CANCER/RENAL FAILURE,oncology
GASTROINTESTINAL BLEED-SUBDURAL BLEED,gastrointestinal
URINARY TRACT INFECTION;FEMUR FX;S/P FALL,infectious
PERSISTENT PNEUMONIA,infectious
S/P  FALL,trauma_injury
STATUS POST VENTRICULAR FIBRILLATION ARREST,cardiovascular
RT VERTEBRAL ARTERY STENOSIS,neurological
RIGHT INTERNAL ARTERY STENOSIS;CHEST PAIN;LOWER EXTREMITY CLAUDICATION,cardiovascular
LEFT MAINSTEM OBSTRUCTION,cardiovascular
? INTRACRANIAL HEMORRHAGE,neurological
MITRAL STENOSIS\MITRAL VALVE REPLACEMENT;CORONARY ARTERY BYPASS GRAFT; ?,cardiovascular
NEOPLASM SOFT TISSUE HEAD/SDA,oncology
NEW ONSET ANGINA\CATH,cardiovascular
CORONARY ARTERY DISEASE;MITRAL REGURGITATION\CORONARY ARTERY BYPASS GRAFT WITH MVR /SDA,cardiovascular
IDIOPATHIC PULMONARY HEMOSIDEEROSIS,respiratory
HYDROCEPHALIC/SDA,neurological
VENTRICULAR TACHYCARDIA\TEE; VENTRICULAR TACHYCARDIA ABLATION; ? PVI **REMOTE WEST**/SDA,cardiovascular
PNEUMONIA-FEVER-POST-OP,infectious
ISCHEMIS BOWEL,gastrointestinal
SKULL INFECTION,infectious
POSTOPERATIVE INFECTION/SDA,postoperative_surgical
"ACUTE RESPIRATORY DISTRESS,FEVER",respiratory
SUBURAL HEMATOMA;TELEMETRY,neurological
URETERAL STONES LEFT,genitourinary
NON-HODGKINS LYMPHOMA\BONE MARROW TRANSPLANT,hematologic
"OPEN FRACTURE, NULTIPLE SPINE FRACTURES",trauma_injury
ACUTE MYOCARDIAL INFARCTION;S/P VFIB ARREST,cardiovascular
"CORONARY ARTERY DISEASE,PERFORATED LAD",cardiovascular
R. THUMB AMPUTATION,trauma_injury
ACUTE EPIGLOTTITIS,infectious
CORONARY ARTERY DISEASE;ABNORMAL STRESS TEST\CATH,cardiovascular
STATUS POST MOTOR VEHICLE ACCIDENT; EXPLORATORY LAPAROTOMY,trauma_injury
SIGMOID COLON CANCER/SDA,oncology
FEVER TACHY CARDIA,symptoms_unspecified
PANCREATIC TAIL MASS/SDA,oncology
"BRAIN TUMOR,INTRA CEREBRAL HEMORRHAGE",oncology
BACTERIEMA,infectious
GASTRIC BLEED,gastrointestinal
HYPOTENSION;GI BLEED;ACUTE RENAL FAILURE,renal
SUBACUTE SUBDURAL HEMATOMA,neurological
ACUTE MYOCARDIAL INFARCTION;AFIB W/RVR,cardiovascular
LHC;CATHPLACEMENT,cardiovascular
UPPER GASTROINTESTINAL BLEED/ FEVER,gastrointestinal
S/P 30 FEET FALL,trauma_injury
ASCENDING PARALYSIS;TELEMETRY,neurological
L2 BURST FRACTURE,trauma_injury
S/P FALL 10 FEET;RIB FRACTURES,trauma_injury
HYPOTHERMIA/SEIZURE,neurological
RESOLVED UPPER GI BLEED,gastrointestinal
NON KETOTIC DIABETIC HYPERGLYCEMIA,endocrine_metabolic
SPINE INJURY;TELEMETRY,trauma_injury
"BENIGN NEOPLASM, HEART\PULMONARY VALVE REPAIR, ? REPLACEMENT /SDA",cardiovascular
LOW PLATLETS;GASTROINTESTINAL BLEED,hematologic
R/O SEIZURE VS STROKE,neurological
ISCHEMIC ULCER LEFT ANKLE W/EXPOSED ACHILLES TENDON/SDA,musculoskeletal
RENAL FAILURE;CONGESTIVE HEART FAILURE;EKG CHANGES,renal
SIGMOID VULVULOS,gastrointestinal
ENCEPHALOCELE/SDA,neurological
COLLOID CYST RIGHT/SDA,neurological
NECTROTIZING FASCIITIS,infectious
ACUTE INTOXICATION,toxicology_poisoning
CHOALNGITIS;R/O ESOPHAGEAL RUPTURE,hepatobiliary
"MITRAL VALVE INSUFFICENCY\MITRAL VALVE REPLACEMENT,HEART PORT MINIMALLY INVASIVE /SDA",cardiovascular
IV HEPARIN\ PATENT FORAMEN OVALE,cardiovascular
S/P FALL; FACE TRAUMA,trauma_injury
CORONARY ARTERY DISEASE\ BENTAL PROCEDURE WITH HEMOGRAFT/SDA,cardiovascular
ACUTE MYOCARDIAL INFARCTION;COLON CANCER,cardiovascular
PULMONARY INFILTRATE,respiratory
RIGHT SIDED TRIGEMINAL NEURALGIA/SDA,neurological
FAILED LEFT HIP HEMI-ARTHROPLASTY/SDA,musculoskeletal
AIR IN PLEURAL SPACE,respiratory
PORTAL HTN,hepatobiliary
POLY SUBSTANCE INTOXICA,toxicology_poisoning
"ABDOMINAL PAIN,FEVER",symptoms_unspecified
"CYCLIST STRUCK, SEIZURE",neurological
AORTIC STENOSIS\AORTIC AND MITRAL VALVE REPLACEMENT  ASCENDING AORTA REPLACEMENT/SDA,cardiovascular
PLEURAL CUT FISTULA PE,respiratory
CHRONIC OBST PULM DISEASE;PNEUMONIA;METHICILLIN RESISTANT STAPH AUREUS;VANCOMYCIN RESISTANT ENTEROCOCCUS,infectious
MULTIPLE FRACTURE;S/P PEDESTRIAN V. CAR,trauma_injury
URIMARY TRACT INFECTION;PYELONEPHRITIS,genitourinary
HYPOTENSION; HYPOGLYCEMIA,endocrine_metabolic
ELEVATED CREATININE,renal
HYPOKALEMIA;TELEMETRY,endocrine_metabolic
GLIOBLASTOMA;DYSPNEA,oncology
VERTEBRAL BASILAR STENOSIS,neurological
LUNG TUMOR,oncology
ST ELEVATED MYOCARDIAL INFARCTION;S/P VF ARREST,cardiovascular
PYRAMETHAMINE DESENSITIZATION,other
AORTIC ROOT DISSECTION,cardiovascular
RAPID ATRIAL FIBRILLATION;AORTIC ANEURYSM;ANEMIA,cardiovascular
"URINARY TRACT INFECTION,ALTERED MENTAL STATUS,NON STE MI",genitourinary
BILATERAL ANKLE FX; LACERATED PERINEUM,trauma_injury
OD/HYPOVOLEMIA,toxicology_poisoning
RENAL CELL CA,oncology
CJR EXACERBATION & HIP DISLOCATION,musculoskeletal
ANTERIOR MYOCARDIAL INFARCTION\CARDIAC CATH,cardiovascular
TONSILLAR HYPERTROPHY;HEMOPTYSIS,respiratory
"UROSEPSIS,FEVER",genitourinary
PNEUMOPERITONEM,gastrointestinal
CAROTID STENOSIS\CAROTID ANGIOGRAM\INTERVENTION,cardiovascular
"SHORT GUT SYNDROME\ SHARP RECANELIZATION,  SVG OCCLUSION, UPPER CHEST/SDA",gastrointestinal
HYPOTENSION; SEPSIS VERSUS GI BLEED,infectious
TOXIC SHOCK,infectious
MITRAL STENOSIS\MITRAL VALVE REPLACEMENT REDO; ? TVR   /SDA,cardiovascular
CORONARY ARTERY DISEASE;VENTRICULAR TACHYCARDIA\LEFT HEART CATH,cardiovascular
CAROTID STENOSI/SDA,cardiovascular
HEP C CIRRHOSIS,hepatobiliary
PERINEAL ABSCESS,infectious
ALTEREDMENTAL STATUS,neurological
PNEMOTHORAX,respiratory
BILE LEAK S/P LIVING DONOR HEPATECTOMY/SDA,postoperative_surgical
MALIGNANT NEOPLASM HARD PALATE/SDA,oncology
DRUG REFRACTORY ATRIAL FIBRILLATION\PULMONARY VEIN ISOLATION **REMOTE WEST**,cardiovascular
"ADENOCARCINOMA, SIGMOID COLON/SDA",oncology
MYOCARDIAL INFARCTION;CONGESTIVE HEART FAILURE;CORONARY ARTERY DISEASE\CORONARY STENT PLACEMENT,cardiovascular
RECURRENT ATRIAL TACHYCARDIA\PULMONARY VEIN ISOLATION  **REMOTE WEST**/SDA,cardiovascular
ACUTE RENAL FAILURE;GASTROINTESTINAL BLEED,renal
BILATERAL CEREBELLAR STROKE,neurological
R/O BOWL ISCHEMIA,gastrointestinal
AV BLOCK; CARDIAC CATH,cardiovascular
FACIAL FRACTURE/PELVIC FRACTURE,trauma_injury
HYPERTENSION/HEADACHE,cardiovascular
PULMONARY EMBOLIS; SEPSIS,cardiovascular
URETERAL STONE,genitourinary
STERNAL WOUND INFECTION/SDA,postoperative_surgical
CHRONIC INTERSISTIAL CYSTISTIS/SDA,genitourinary
SHORTNESS OF BREATH;NAUSEA W\VOMITING,symptoms_unspecified
GI BLEED; GASTRIC MASS,gastrointestinal
RIGHT UPPER QUADRANT PAIN;OLD AORTIC DISSECTION,cardiovascular
SEPTIC SHOCK & PNEUMONIA,infectious
"DYSPNEA,DECREASED O2",respiratory
"PNA,LOW HCT, HYPOGLYCEMIA",infectious
GI BLEED/MASS TO HEPATIC FLEXURE,gastrointestinal
INTRACRANIAL,neurological
3-VESSEL CORONARY ARTERY DISEASE,cardiovascular
NEW ONSET ANGINA;POSSIBLE AORTIC STENOSIS\CARDIAC CATHETERIZATION,cardiovascular
SUBARCHANOID HEMORRHAGE,neurological
"STROKE;RHABDO,URINARY TRACT INFECTION",neurological
CORONARY ARTERY DISEASE\ CORONARY ARTERY BYPASS GRAFT W/AVR; ASCENDING AORTA REPAIR/SDA,cardiovascular
VERTEBRAL ARTERY ANEURYSM/SDA,neurological
BREAST CANCER;HYPOXIA,oncology
AORTIC VALVE INSIFFICIENCY\AORTIC AND MITRAL VALVE REPLACEMENT /SDA,cardiovascular
CHEST PAIN;RULE OUT CORONARY ARTERY DISEASE\CATH,cardiovascular
CHEST PAIN;HEART FAILURE,cardiovascular
INTRACRANIAL CONTUSION;TELEMETRY,neurological
NEUTROPENIA;DIARRHEA,hematologic
AORTIC ANEURYSM\CARDIAC CATH,cardiovascular
HEAD MASS;UTI,neurological
SEPTIC SHOCK;URINARY TRACT INFECTION,infectious
FISTULA INFECTION,infectious
"LEFT HIP PAIN, PATIENT UNABLE TO WALK",musculoskeletal
"ABDOMINAL PAIN, HYPERKALEMIA",endocrine_metabolic
CORONARY ARTERY DISEASE;DYSPNEA;COPD,cardiovascular
OPEN WOUND CHEST/SDA,trauma_injury
RENAL FAILURE;PNEUMONIA;RESPIRATORY FAILURE,renal
FOOT INFECTION;HYPERGLYCEMIA,endocrine_metabolic
STERNAL WOUND DEHISCENCE,postoperative_surgical
RULE OUT MYCARDIAL INFARCTION,cardiovascular
CHEST PAIN;CARDIOMYOPATHY; RULE OUT MYOCARDIAL INFARCTION\CARDIAC CATH,cardiovascular
DIVERTICULITIS/UNSTABLE ANGINA,gastrointestinal
AORTIC STENOSIS\ BENTAL PROCEDURE ; ASCENDING AORTIC REPLACEMENT MINIMMALLY INVASIVE AVR/SDA,cardiovascular
LEFT PARIETAL LOBE LESION/SDA,neurological
UTERINE TUMOR/BILATERAL HYDRONEPHROSIS,genitourinary
EXERTIONAL ANGINA\CARDIAC CATHETERIZATION,cardiovascular
CHANGE IN MENTAL STATUS;GASTROINTESTINAL BLEED;TELEMETRY,gastrointestinal
S/P GUNSHOT WOUND TO ABD;PARALYSIS,trauma_injury
SEPSIS/ AFIB,infectious
CAD;CHF,cardiovascular
HIP/WRIST FRACTURE;HEAD LACERATION,trauma_injury
ILIAC DISEASE BILATERAL,cardiovascular
STRUCK BY A CAR,trauma_injury
POUCHITIS,gastrointestinal
LLE DVT,hematologic
PNEUMONIA/ANEMIA,respiratory
RIGHT FRONTAL CAVENOMA/SDA,neurological
DISLODGED TRACH,respiratory
NEW CHF,cardiovascular
MCC WITH LEFT. LOWER EXTREMITY INJURY,trauma_injury
ACUTE MYOCARDIAL INFARCTION; GI BLEED\CATH,cardiovascular
ANOMALOUS PULMONARY VEIN;TOTAL ANOMALOUS PULMONARY VEIN REPAIR,cardiovascular
"S/P CHOCKING,PERFORATED BOWEL",gastrointestinal
ETOH-UNRESPONSIVE,toxicology_poisoning
AORTIC ANEURYSM\ BENTAL PROCEDURE VS VALVE SPARING AORTIC ROOT REPLACEMENT/SDA,cardiovascular
METASTATIC BREAST CANCER/SDA,oncology
GI BLEED;CECUM MASS,gastrointestinal
INTUSSUCEPTION,gastrointestinal
BLADDER CANCER; PROSTATE CANCER/SDA,genitourinary
CONGESTIVE HEART FAILURE/S/P MI AT RISK/DYSPNEA\BIVENTRICULAR INTRACARDIAC DEVICE IMPLANT,cardiovascular
ASPERGILLOSIS\BRONCHOSCOPY RIGID; FLEXIBLE,infectious
"CHF,ACUTE CORONARY SYNDROME",cardiovascular
COLD DISTAL FOOT,other
RIGHT FRONTAL LOBE TUMOR;LOW PLATELETS,oncology
HARDARE FAILURE/SDA,renal
VOCAL CORD DISFUNCTION,respiratory
OOZING BELOW KNEE AMPUTATION,trauma_injury
OSTEOMYLITIS LEFT KNEE/SDA,musculoskeletal
"CORONARY ARTERY DISEASE;AORTIC STENOSIS\CORONARY ARTERY BYPASS GRAFT;AORTIC VALVE REPLACEMENT, RE-DO/SDA",cardiovascular
"PULMONARY EDEMA, MI",cardiovascular
CORONARY ARTERY DISEASE\CORONARY ARTERY BYPASS GRAFT WITH AVR;  MITRAL VALVE REPLACEMENT /SDA,cardiovascular
AORTIC STENOSIS\AORTIC AND MITRAL VALVE REPLACEMENT  ? CORONARY ARTERY BYPASS GRAFT /SDA,cardiovascular
HYPONATREMIA;RENAL INSUFFICIENCY,renal
INTERIOR MYOCARDIAL INFARCTION;CATH,cardiovascular
L MCA ANEURYSM,neurological
CORONARY ARTERY DISEASE\CORONARY ARTERY BYPASS GRAFT;AORTIC VALVE REPLACEMENT; ? MAZE/SDA,cardiovascular
RIB; FX/ ETOH,trauma_injury
PVD\RIGHT LEG ANGIO,cardiovascular
SPLEEN;LACERATION;TELEMETRY,trauma_injury
RIGHT ILIAC ARTERY ANEURYSM,cardiovascular
FEVER;ALTERED MENTAL STATUS,infectious
"CONGESTIVE HEART FAILURE,CORONARY ARTERY DISEASE",cardiovascular
? PULMONARY EMBOLUS WITH DESATURATION,respiratory
TIB;FIB;FEMUR FRACTURE,trauma_injury
"ACUTE RENAL FAILURE,RESPIRATORY DISTRESS",renal
"MVR\AORTIC VALVE REPLACEMENT, RE-DO/SDA",cardiovascular
PNEUMONIA; HEART FAILURE,respiratory
MYOCARDIAL INFARCTION/PNEUMONIA,cardiovascular
AORTIC ANEURYSM\ AORTIC VALVE REPLACEMENT; RESECTION ANEURYSM THORACIC; (ASCENDING AORTA) VIS; AORTIC VALVE REPLACEMENT WITH HOMOGRAFT/SDA,cardiovascular
HYPERTENSIVE ICH,neurological
RIGHT PERIATAL TUMOR/SDA,oncology
UTI/ PYELONEPHRITIS,genitourinary
NON Q WAVE MI;HYPOTENSION\CATH,cardiovascular
ABDOMINAL PAIN/ETOH INTOXICATION,gastrointestinal
ANEMIA;ANTERIOR MEDIASTINAL MASS,hematologic
PROLONGED PREMATURE RUPT OF MEMB,pregnancy_obstetric
CORONARY ARTERY DISEASE\MITRAL VALVE REPLACEMENT; RE-DO STERNOTOMY,cardiovascular
CLAUDICATION\LEFT LOWER EXTREMITY ANGIOGRAM WITH RUN-OFFS,cardiovascular
NON-ST ELEVATED MYOCARDIAL INFARCTION,cardiovascular
RIGHT ICA STENOSIS/SDA,neurological
IRREGULAR HEART RHYTHM,cardiovascular
CONGESTIVE HEART FAILURE;CARDIOMYOPATHY,cardiovascular
DIABETIC KETOACIDOSIS;UPPER GASTROINTESTINAL BLEED,endocrine_metabolic
INFECTED AICD,cardiovascular
LEFT CAROTID BODY TUMOR/SDA,oncology
AORTIC STENOSIS\AORTIC VALVE REPLACEMENT; RE-DO STERNOTOMY/SDA,cardiovascular
CORONARY ARTERY DISEASE\CORONARY ARTERY BYPASS GRAFT WITH MVR; ? left ventricular aneurysm repair,cardiovascular
BRADYCADIA,cardiovascular
SEIZURE;SUBDURAL HEMORRHAGE,neurological
TACHYCARDIA;ABDOMINAL PAIN,cardiovascular
TONSILLAR HYPERTROPHY W/ SLEEP APNEA/SDA,respiratory
? UPPER GASTROINTESTINAL BLEED-NAUSEA-VOMITING,gastrointestinal
SUBDURAL HEMATOMA;GASTROINTESTINAL BLEED,neurological
"SPLENIC LACERATION,HIP FRACTURE",trauma_injury
INTRACRANIAL LESION,neurological
3RD. DEGREE AV BLOCK,cardiovascular
AORTIC STENOSIS\AORTIC VALVE REPLACEMENT  BENTAL PROCEDURE vs ASCENDING AORTA REPLACEMENT/SDA,cardiovascular
ODONTOID FRACTURE,trauma_injury
CHEST PAIN;SYNCOPE,cardiovascular
ANEMIA;HYPONATREMIA;CELLULITIS,hematologic
CORONARY ARTERY DISEASE; APRTIC STENOSIS\LEFT AND RIGHT HEART CATHETERIZATION,cardiovascular
CLAUDICATION LEFT,cardiovascular
DELTA MENTAL STATUS CHANGES,neurological
PNEUMONIA/R/O FLU,infectious
LUNG LESION\ RADIO FREQUENCY TUMOR ABLATION LEFT LUNG,oncology
R/O MI-CONGESTIVE HEART FAILURE,cardiovascular
"LEUKOCYTOSIS,BANDEMIA",hematologic
CARCINO SARCOMA RIGHT THIGH/SDA,oncology
BILATERAL ISCHEMIC ULCERATION,cardiovascular
RENAL HEPATIC FAILURE,renal
INTRACRANIAL HEMORRHAGE;ANEURYSM,neurological
DEHYDRATION;HYPERNATREMIA;URINARY TRACT INFECTION,infectious
SUBDURAL HEMATOMA;GI BLEED,neurological
T10 SPINAL MASS,oncology
DECOMPENSATED CONGESTIVE HEART FAILURE,cardiovascular
S/P AORTIC DISSECTION,cardiovascular
SAH;PEDISTRIAN STRUCK,neurological
ENDOCARDITIS/SEPSIS,infectious
BRADY ARRYTHMIA,cardiovascular
SUBARACHNOID HEMATOMA;SUBDURAL HEMORRHAGE,neurological
BRAIN MASS;CEREBRAL VASCULAR ACCIDENT,neurological
"ARTIFICAL VALVE, ATRIAL FIBRULATION, ANTICOAGULATION",cardiovascular
MITRAL INSUFFICIENCY\MITRAL VALVE REPLACEMENT; ? REPAIR; HEART PORT MINIMALLY INVASIVE; PERCUTANEOUS FEMORAL CANNULATION/SDA,cardiovascular
CORONARY ARTERY DISEASE\PERCUTANEOUS CORONARY INTERVENTION OF DIAGNAL BRANCH;CATH,cardiovascular
"CONGESTIVE HEART FAILURE,COPD FLARE",cardiovascular
METHEMOGLOBINEMIA,hematologic
SUBARACHNOID HEMORRHAGE;STROKE;TELEMETRY,neurological
DISSECTING AAA,cardiovascular
CORONARY ARTERY DISEASE\CORONARY ARTERY BYPASS GRAFT;AORTIC VALVE REPLACEMENT; ?MVR/SDA,cardiovascular
MYOCARDIAL INFARCTION',cardiovascular
CONGETIVE HEART FAILURE,cardiovascular
ALTERED ENTAL STATUS,symptoms_unspecified
SPONDYLOLOTHIASIS/SDA,musculoskeletal
S/P HEAD TRAUMA,trauma_injury
RCC WITH METS TO CEREBELLUM,oncology
"ELEVATED WBC,ACUTE RENAL FAILURE",renal
PANCREATIC PSEDUDAL,gastrointestinal
"DKA, GI BLEED",endocrine_metabolic
FLUID OVERLOAD;RENAL FAILURE;TELEMETRY,renal
CIRRHOSIS;ESOPHAGEAL VARICES,hepatobiliary
ALTERED MENTAL STATUS;ACUTE RENAL FAILURE;URINARY TRACT INFECTION,renal
S/P FALL;INTRACRANIAL HEMORRHAGE,trauma_injury
ST ELLEVATION MYOCARDIAL INFARCTION,cardiovascular
CORONARY ARTERY DISEASE;ANGINA\CARDIAC CATH,cardiovascular
THORACID ANEURYSM WITHOUT MENTION OF RUPTURE\RESECTION ANEURYSM THORACIC /SDA,cardiovascular
ANGINA;RULE OUT CORONARY ARTERY DISEASE\RIGHT AND LEFT CARDIAC CATHETERIZATION,cardiovascular
"CORONARY ARTERY DISEASE;PULMONARY EDEMA,NON-ST-ELEVATION MYOCARDIAL INFARCTION\CARDIAC CATHETERIZATION",cardiovascular
BOWEL OBSRUCTION,gastrointestinal
INFECTED PSEUDOCYST,infectious
STERNAL DEHISSENCE,postoperative_surgical
"STERNAL FX RIB FX PTX, HIP FIX",trauma_injury
INTOXICATION/ETOH/BENZO,toxicology_poisoning
CIRRHOSIS;SEPSIS,infectious
T12 AND C1 FRACTURES,trauma_injury
PELVIC FRACTURE-S/P PEDESTRIAN STRUCK,trauma_injury
CONSTIPATION-ABDOMINAL MASS,gastrointestinal
LOWER EXTREMITY EDEMA;ACUTE RENAL FAILURE,renal
PNEUMONIA-CONGESTIVE HEART FAILURE,respiratory
MITRAL REGURGITATION\MITRAL VALVE REPAIR VS REPLACEMENT /SDA,cardiovascular
CHRONIC OBST PULM DISEASE;DEHYDRATION,respiratory
CEREBROVASCULAR ACCIDENT-RT HEMIPARESIS,neurological
CORONARY ARTERY DISEASE\LEFT ANTERIOR DESCENDING ANGIOPLASTY,cardiovascular
DEHYDRATION/CELLULITIS,infectious
ABDOMINAL AORTIC ANEURYSM THROMBOSIS,cardiovascular
S/P KIDNEY TRANSPLANT-ELEVATED CREATININE,renal
HEPATOPULMONARY SYNDROME,respiratory
MYOCARDIAL INFARCTION;LEFT HIP FRACTURE,cardiovascular
CELEXA OVERDOSE,toxicology_poisoning
NEW ONSET SEIZURES;BRAIN METS,neurological
"CHOLELITHIASIS, CHOLECYSTITIS/SDA",gastrointestinal
"PNEUMONIA,FEVER",infectious
CONGESTIVE HEART FAILURE;CHEST PAIN\CATH,cardiovascular
RECURRENT VENTRICULAR TACHYCARDIA;STATUS POST IMPLANTABLE CARDIOVERTER DEFIBRILLATOR FIRING\VENTRICULAR TACHYCARDIA ABLATION,cardiovascular
TRACH PLACEMENT,respiratory
"ANEMIA,PEPTIC ULCER DISEASE",gastrointestinal
SEIZURE DISORDER;PNEUMONIA;URINARY TRACT INFECTION,neurological
FEVER;BACK PAIN;SEPTICEMIA,infectious
PULMONARY HTN,respiratory
EPIDURAL MASS,neurological
AORTIC DISSESTION,cardiovascular
SPINA BIFIDA;LEG ULCERS,neurological
CHF/GIB/RLL PNEUMONIA,cardiovascular
RIGID BRONCHOSCOPY\RIGID BRONCHOSCOPY,respiratory
"FEVER, MENTAL STATUS CHANGE",infectious
"NON ST ELEVATION MI, CATH",cardiovascular
RENAL CELL METASTASES/SDA,oncology
POSSIBLE CROHN'S FLARE,gastrointestinal
"RIGHT SIDED FACAIL WEAKNESS, DYSPHAGIA, DIPLOPIA",neurological
AORTIC VALVE INSUFFICIENCY\BENTAL PROCEDURE W/ HEMIARCH REPLACEMENT/MAZE/SDA,cardiovascular
CONGESTIVE HEART FAILURE;NON Q WAVE MYOCARDIAL INFARCTION,cardiovascular
S/P KIDNEY/PANCREAS TX-LEFT LEG CELLULITIS,infectious
ETOH WITHDRAWAL/ PANCREATITIS,gastrointestinal
CORONARY ARTERY DISEASE;CONGESTIVE HEART FAILURE;CHEST PAIN,cardiovascular
UPPER GASTROINTENSTINAL BLEED;HIP FRACTURE;ETOH WITHDRAWAL,gastrointestinal
ACUTE RENAL FAILURE-PELVIC MASS,renal
ABDOMINAL BLEED,other
BULLOUS LUNG DISEASE,respiratory
RIGHT UPPER EXTREMITY HEMATOMA,trauma_injury
ENDOMETRIAL HYPERPLASIA/SDA,pregnancy_obstetric
MOTOR CYCLE ACCIDENT,trauma_injury
ESOPHEGEAL CA WITH BRAIN METS,oncology
AORTIC STENOSIS\AVR; CORONARY ARTERY BYPASS GRAFT/SDA,cardiovascular
"LUNG CANCER,HYPERKALEMIA",oncology
"RT TIBIA,FIBULA FRACTURES",trauma_injury
AORTIC INSUFFICENCY\AORTIC VALVE REPLACEMENT W/? CORONARY ARTERY BYPASS GRAFT,cardiovascular
LOWER GI BLEED\RIGHT LOWER EXTREMITY ANGIOGRAM,gastrointestinal
ESOPHOGEAL CA,oncology
RIGHT FRONTAL PARENCHYMAL HEMORRHAGE,neurological
CERVICAL MASS,oncology
AMPULLARY ADENOMA RESECTION;RESPIRATORY DISTRESS,postoperative_surgical
RESPIRATORY FAILURE;CONGESTIVE HEART FAILURE;CORONARY ARTERY DISEASE,cardiovascular
AORTIC ANEURYSM\REDO STERNOTOMY X3 ; ANEURYSM REPAIR,cardiovascular
LYMPHOMA\CHEMOTHERAPY,hematologic
ATRIAL FIBRILLATION WITH RAPID VENTRICULAR RATE,cardiovascular
AV FISTUALA/SDA,renal
CONSTIPATION/SDA,gastrointestinal
NON S-T ELEVATION MYOCARDIAL INFARCTION,cardiovascular
CONGESTIVE HEART FAILURE;S/P RENAL TRANSPLANT;HYPERKALEMIA,cardiovascular
TRACH COMPLICATION,respiratory
POLY SUBSTANCE OVERDOSE,toxicology_poisoning
POSTERIOR FOSSA HEMORRHAGE,neurological
MITRAL INSUFFICIENCY\MITRAL VALVE REPAIR; ? EPLACEMENT; MINIMALLY INVASIVE; ? STERNOTOMY,cardiovascular
MITRAL VALVE INSUFFICIENCY\MITRAL VALVE REPLACEMENT W/MAZE; ? CORONARY ARTERY BYPASS GRAFT; RESECTION LEFT ATRIAL APPENDAGE,cardiovascular
FEMUR FX; SUBDURAL HEMATOMA,trauma_injury
CERVICAL STENOSIS WITH MYELOPATHY,musculoskeletal
TRAUMATIC SAH,neurological
"CAD, CATH",cardiovascular
CORONARY ARTERY DISEASE;STATUS POST MYOCARDIAL INFARCTION,cardiovascular
OPEN WOUND RIGHT LEG,trauma_injury
SEIZURE;SUBARACHNOID HEMORRHAGE,neurological
LYMPHASTITHELIAL CARCINOMA/SDA,oncology
SMOKE INHALATION INJURY,respiratory
RECURRENT CERVICAL CANCER;PAIN,oncology
CHRONIC OBST PULM DISEASE;RESPIRATORY DISTRESS,respiratory
RENAL FAILURE;V FIB ARREST,renal
AORTIC DESSCTION,cardiovascular
STAPH BACTERMIA,infectious
LEFT KNEE FAILED TOTAL KNEE REPLACEMENT/SDA,musculoskeletal
HYPOGLYCEMIA/HYPOTHERMIA/?BACTEREMIA,endocrine_metabolic
"MITRAL VASLVE INSUFFICIENCY\MITRAL VALVE REPLACEMENT,HEART PORT MINIMALLY INVASIVE /SDA",cardiovascular
CAD/AS\CORONARY ARTERY BYPASS GRAFT; WITH AVR/SDA,cardiovascular
DIABETES MELLITUS;UNSTABLE ANGINA;MYOCARDIAL INFARCTION,cardiovascular
AORTIC STENOSIS\AORTIC VALVE REPLACEMENT; RE-DO STERNOTOMY; ?? CABG/SDA,cardiovascular
CORONARY ARTERY DISEASE\CORONARY ARTERY BYPASS GRAFT; ? OFF PUMP CORONARY ARTERY BYPASS /SDA,cardiovascular
STATUS POST PULSELESS ELECTRICAL ACTIVITY ARREST,cardiovascular
MR\MITRAL VALVE REPLACEMENT; MAZE PROCEDURE/SDA,cardiovascular
S/P MOTOR VEHICLE ACCIDENT;FEMUR FX,trauma_injury
LIVING LIVER DONOR/SDA,postoperative_surgical
CIRRHOSIS OF LIVER;RENAL FAILURE,hepatobiliary
"PNEUMONIA,MULTIFOCAL",infectious
ACUTE RENAL FAILURE;ACUTE PYELONEPHRITIS,renal
INTRACRANIAL HEMORRHAGE;AFIB;ELEVATED INR,neurological
RULE-OUT MYOCARDIAL INFARCTION;VOMITING;RAPID AFIB,cardiovascular
"DIG TOXICITY,ARF,HPERKALEMIA",toxicology_poisoning
AORTIC DISSECT,cardiovascular
AFIB/CHF,cardiovascular
URINARY TRACT INFECTION; CHF,cardiovascular
ANEMIA/UPPER GI BLEED,gastrointestinal
LEFT SIDED CVA,neurological
MUCUS PLUGGING,respiratory
CORONARY ARTERY DISEASE\CORONARY ARTERY BYPASS GRAFT WITH MVR AND TVR/SDA,cardiovascular
HIGH-ANION GAP HYPERGLYCEMIA,endocrine_metabolic
DYSPNEA;CELLULITIS,respiratory
LEFT EFFUSION;PNEUMONIA,respiratory
INTAMURAL AORTA THROMBUS,cardiovascular
URINARY TRACT INFECTION;HIATAL HERNIA,genitourinary
DM;MR;PULMONARY EDEMA,endocrine_metabolic
CORONARY ARTERY DISEASE\MINIMALLY INVASIVE ENDOSCOPIC CABG/SDA,cardiovascular
AORTIC ANEURYSM;TRACEAL BICUSPID AOTRIC VALVE\CARDIAC CATH/SDA,cardiovascular
VENTRICULAR TACHYCARDIA; SYNCOPE\VENTRICULAR TACHYCARDIA ABLATION ? TANDEM HEART,cardiovascular
MITRAL STENOSIS\MITRAL VALVE REPLACEMENT VS REPAIR/SDA,cardiovascular
ACUTE RENAL FAILURE;ANEMIA,renal
AORTIC STENOSIS\CORONARY ARTERY BYPASS GRAFT WITH AVR REDO /SDA,cardiovascular
CONGESTIVE HEART FAILURE;TELEMETRY\TRANSCATHETER AORTIC VALVE IMPLANT (TAVI) W/ DIRECT AORTIC APPROACH,cardiovascular
CORONARY ARTERY DISEASE;MR\MITRAL VALVE REPLACEMENT; ; REDO;REPAIR ATRIAL-SEPTAL DEFECT; ?AVR/SDA,cardiovascular
AORTIC STENOSIS & AAA\AORTIC VALVE REPLACEMENT / ASCENDING AORTA REPLACEMENT /SDA,cardiovascular
GLASS INGESTION;GI SCOPE,gastrointestinal
CHEST PAIN;TELEMETRY;HYPOXIA,cardiovascular
CONGESTIVE HEART FAILURE;TELEMETERY,cardiovascular
HYPOGLYCEMMIA,endocrine_metabolic
RIGHT LOWER LOBE CAVITARY NODULE;MULTIPLE SMALL PULMONARY EMBOLISM,respiratory
INTRACRANIAL HEMORRHAGE;SEIZURE;TACHYCARDIA,neurological
C3-4 DISC HERNIATION,musculoskeletal
RENAL FAILURE;ANGINA\CATH,renal
"PELVIC FRACTURE,MULTIPLE TRAUMA",trauma_injury
BILIARY COLIC; CHRONIC PANCREATITIS,hepatobiliary
CHOLEDOCHOLITHIASIS ; SUBQ EMPHYSEMA,hepatobiliary
PNEUMONIA;FLUID OVERLOAD,respiratory
CONGESTIVE HEART FAILURE/SDA,cardiovascular
"CHRONIC OBSTRUCTIVE PULMONARY DISEASE,SYNCOPE",respiratory
AORTIC STENOSIS\AORTIC VALVE REPLACEMENT;CORONARY ARTERY BYPASS GRAFT; ?MVR/SDA,cardiovascular
"HYPOTENSION,DIARRHEA",other
CHOLECYSTITIS; GALLSTONES/SDA,hepatobiliary
"TYLENOL,OVERDOSE;LIVER FAILURE",toxicology_poisoning
PNEUMONIA;BACK PAIN,respiratory
S/P ERCP W/ SPHINCTOROTOMY,postoperative_surgical
HYPOTENSION FEVER,other
S/P ASSAULT-SUBARACHNOID HEMORRHAGE,trauma_injury
ANEMIA;RETROPERITONEAL BLEED,hematologic
AR\AORTIC VALVE REPLACEMENT /SDA,cardiovascular
S/P MCC;PNEUMOTHORAX;OPEN TIBIA FIBULA FRACTURE,trauma_injury
SUPRAVENTRICULAR TACHYCARDIA\VT ABLATION,cardiovascular
DIABETIC KETOACIDOSIS;HYPOTENTION,endocrine_metabolic
S/P SHUNT,postoperative_surgical
SOB;CORONARY ARTERY DISEASE,cardiovascular
"URINARY TRACT INFECTION,HEEL HEMATOMA",genitourinary
CORONARY ARTERY DISEASE\CORONARY ARTERY BYPASS GRAFT; STENT PLACEMENT,cardiovascular
RESPIRATORY FAILURE;HEADACHE,respiratory
CARDIAC CATH;ST ELEVATED MYOCARDIAL INFARCTION,cardiovascular
R/O BILIARY OBSTRUCTION;HEPATITIS,hepatobiliary
RENAL FAILURE-HYPONATREMIA-SEIZURE,renal
HYPOXIA;CHANGE IN MENTAL STATUS,respiratory
GANGRENE RIGHT FIRST TOE,other
ALTERED MENTAL STATUS;SEROTONIN SYNDROME,neurological
UNRESPONSIVENESS;RESPIRATORY FAILURE,respiratory
PNEUMOMIA,infectious
STATUS POST MITRAL VALVE REPLACEMENT;FEVER;ELEVATED WHITE BLOOD COUNT,postoperative_surgical
ACUTE MYLOGENOUS LEUKEMIA,hematologic
ABNORMAL STESS TEST\CARDIAC CATHETERIZATION,cardiovascular
KIDNEY TUMOR/SDA,oncology
VENTRICULAR TACHYCARDIA\VENTRICULAR TACHYCARDIA ABLATION **REMOTE WEST**,cardiovascular
MCA SROKE,neurological
THORACIC TUMOR/SDA,oncology
GASTRIC AND ESOPHAGEAL VARICES,gastrointestinal
DEHYDRATION;ETOH WITHDRAWAL,toxicology_poisoning
SLURRED SPEACH;R/O STROKE,neurological
TRACHEOBRONCHIAL MALASIA,respiratory
"MI,RESPIRATORY DISTRESS LOW CRIT",cardiovascular
RT FOOT OSTEOMYELITIS-DM-HYPONATREMIA,infectious
?? CVA,neurological
PERIPHERAL VASCULAR DISEASE;CORONARY ARTERY DISEASE\RIGHT LOWER EXTREMITY ANGIOGRAM;CORONARY CATH,cardiovascular
RIGHT LEG ARTERIAL INSUFFENCY,cardiovascular
CERVICAL NECK FUSION S/P,musculoskeletal
OPIATE WITHDRAWEL,psychiatric
SYNCOPE;CHEST PAIN,cardiovascular
PAINLESS JAUNDICE AND WEIGHT LOSS,hepatobiliary
FRACTURED ICD LEAD;SUBARACHNOID HEMORRHAGE\LEAD REPLACEMENT;LEAD EXTRACTION,neurological
CORONARY ARTERY DISEASE;CONGESTIVE HEART FAILURE;CHEST PAIN\CATH,cardiovascular
"ACUTE MI,CAD",cardiovascular
AORTIC STENOSIS\AORTIC VALVE REPLACEMENT REDO ? CORONARY ARTERY BYPASS GRAFT/SDA,cardiovascular
DIABETIC KETOACIDOSIS;HYPOTENSION,endocrine_metabolic
CORONARY ARTERY DISEASE;? MYOCARDIAL INFARCTION\CATH,cardiovascular
"SHORTNESS OF BREATH,HYPOXIA",respiratory
HYPOTENSION;DISSEMINATED ZOSTER,infectious
SEIZURE; HYPONATREMIA,neurological
ACOUSTIC NEUROMA RIGHT/SDA,neurological
NON-ST-ELEVATION MYOCARDIAL INFARCTION;SYNCOPE\CARDIAC CATHETERIZATION,cardiovascular
ASPIRIN DESENSITIZATION,other
CROHNS FLAIR,gastrointestinal
ABDOMINAL PAIN;MALFUCNTION STENT GRAFT,gastrointestinal
DIAPGAHAMATIV HERNIA/SDA,gastrointestinal
ATRIAL FIBRILLATION;RESPIRATORY FAILURE,cardiovascular
PFO\REPAIR ATRIAL-SEPTAL DEFECT; PFO,cardiovascular
CORONARY ARTERY DISEASE\CORONARY ARTERY BYPASS GRAFT WITH MVR VERSUS REPLACEMENT/SDA,cardiovascular
ACUTE MYOCARDIAL INFARCT,cardiovascular
R/O MI; CHF,cardiovascular
RIGHT PARIETAL SUBARACHNOID BLEED,neurological
LIVER FAILURE;STATUS POST TYLENOL OVERDOSE,hepatobiliary
MALIGNANT PLEURAL EFFUSION,oncology
RIGHT LEG CELLULITIS,infectious
"COPD FLARE, CORD COMPRESSION",respiratory
STRIKE;TRANSIENT ISCHEMIC ATTACK,neurological
ESOPHAGEAL REFLUX/SDA,gastrointestinal
CHEST PAIN; NON ST ELEVATION MI,cardiovascular
ANGINA;SHORTNESS OF BREATH,cardiovascular
PHENOBARBITAL OVERDOSE,toxicology_poisoning
CARDIOMYOPATHY\RIGHT AND LEFT HEART CATH,cardiovascular
SHORTNESS OF BREATH;ISCHEMIA\CATH,cardiovascular
SUBDURAL HEMATOMA;HYPERTENSION,neurological
PROGRESSIVE ANGINA\LEFT HEART CATHETERIZATION,cardiovascular
SYNCOPE;TELEMETRY;SUBDURAL HEMATOMA; BASILAR SKULL FRACTURE,neurological
OVERDOSE-RIGHT PARIETAL MASS,neurological
AORTIC STENOSIS\AORTIC AND MITRAL VALVE REPLACEMENT  BENTAL PROCEDURE /SDA,cardiovascular
MS CHANGES;ACUTE RENAL FAILURE,renal
SARCOMA SCALP/SDA,oncology
CAD/AS\CORONARY ARTERY BYPASS GRAFT;AORTIC VALVE REPLACEMENT/SDA,cardiovascular
ATRIAL MYXOMA,cardiovascular
PNEUMONIA;PROBABLE PCP,infectious
GRAND MAL SEIZURES,neurological
MYOCARDIAL INFARCTION;S/P ARREST,cardiovascular
? FAILURE GRAFT/SDA,renal
"MR;\MITRAL VALVE REPLACEMENT REDO, WITH MAZE",cardiovascular
COPD EXACERBATION;HEMOPTOSIS,respiratory
RENAL CANCER LEFT SIDE/SDA,oncology
BRAIN TUMOR WITH EDEMA/SHIFT,oncology
HEAD CONTUSION-SUBDURAL S\P MVA,trauma_injury
BILIARY STRICTURE;ERCP;RESPIRATORY FAILURE\ERCP,hepatobiliary
ALTERED NENTAL STATUS,symptoms_unspecified
CLOTTED AVG,renal
CODE STEMI,cardiovascular
ABDOMINAL PAIN;JAUNDICE,hepatobiliary
RIGHT SIDED HEART FAILURE;CONGENITAL HEART DISEASE,cardiovascular
AORTA STENOSIS\AVR/ ASCENDING AORTA VS BENTAL PROCEDURE /SDA,cardiovascular
BRAIN MASS LEFT/SDA,oncology
INSULIN DEPENDENT DIABETES,endocrine_metabolic
BRACHEAL OCCULISON,cardiovascular
CELLULITIS;DYSPNEA,infectious
POST MENOPAUSAL BLEEDING\HYSTEROSCOPY,pregnancy_obstetric
MED,other
AORTIC STENOSIS\AORTIC AND MITRAL VALVE REPLACEMENT;? REPLACEMENT OF ASCENDING AORTA/SDA,cardiovascular
PERFORATED BILE DUCT,hepatobiliary
PERINEPHRIC BLEEDING,renal
CIRRHOSIS;ABDOMINAL PAIN,hepatobiliary
LEFT FEMUR LESION,musculoskeletal
"SPINAL STENOSIS, CAUDA EQUINA",neurological
GASTROINTESTINAL BLEED;VARICES,gastrointestinal
CORONARY ARTERY DISEASE\PLANNED INTERVENTION RCA AND LAD,cardiovascular
LUL LUNG NODULE\CYBERKNIFE PROCEDURE - 4 TREATMENTS TO LEFT LUNG,oncology
CHEST PAIN;NON ST ELEVATION MI,cardiovascular
THROMBOCYTOPENIC PURPURA,hematologic
SYNCOPE;DENS FRACTURE,trauma_injury
CHRONIC OBST PULM DISEASE;BRONCHITIS,respiratory
"RT FOOT CELLULITIS,DIABETIC KETO ACIDOSIS",endocrine_metabolic
GALLBLADDER CANCER,oncology
SUBDURAL HEMATOMA;RIGHT FOREARM FRACTURE;S/P FALL,trauma_injury
KYPHO/SCOLIOSIS; SPINAL STENOSIS/SDA,musculoskeletal
CARDIOMYOPATHY;ATRIAL FIBRILLATION;SHORTNESS OF BREATH,cardiovascular
ALTERED MENTAL STATUS;RESPIRATORY FAILURE,respiratory
RECTAL NEURONAL DISTONA/SDA,gastrointestinal
NEW RENAL FAILURE;HYPERKALEMIA,renal
S/P MOTOR VEHICLE ACCIDENT-EDH-SUBARAHNOID HEMORRHAGE,trauma_injury
NECROTIZING SOFT TISSUE OF LEFT LEG,infectious
TONSILLAR CANCER,oncology
"PNEUMONIA,NEW ONSET ATRIAL FIBRILLATION",infectious
MYOCARDIAL INFARCTION\CATHETERIZATION,cardiovascular
LUMAR SPONDYLOSIS/SDA,musculoskeletal
AORTIC VALVE DISEASE\AORTIC VALVE REPLACEMENT; HOMOGRAFT/SDA,cardiovascular
STEMI\CATH,cardiovascular
BACTEREMIA;BILIARY COLIC,infectious
INTRACRANIAL HEMORRHAGE/SDA,neurological
"HYPOTHERMIA, INTOXICATION",toxicology_poisoning
TESTICULAR CA; RETROPERITONEAL LYMPHADENOPATHY/SDA,oncology
HYPOTENSION.GASTRIC ILEAL BYPASS,gastrointestinal
INSULIN OVERDOSE;TELEMETRY,toxicology_poisoning
HYPOTENSION AND DEHYDRATION,other
ST SEGMENT ELEVATION MYOCARDIAL INFARCTION; HYPERTENSION,cardiovascular
CORONARY ARTERY DISEASE\CORONARY ARTERY BYPASS GRAFT MAZE; ? PATENT FORAMEN OVALE CLOSURE /SDA,cardiovascular
S/P NQMI\CATH,cardiovascular
MENTAL STATUS CHANGE; HYPOTENSION,neurological
ORBITAL FRACTURES/SDA,trauma_injury
ST ELEVATED MYOCARDIAL INFARCTION;S/P VT ARREST,cardiovascular
LEFT FOOT NON HEALING ULCER,infectious
RECURRENT PLEURAL EFFUSION,respiratory
"FEVER,ORIGIN UNKNOWN;DYSRHYTHMIA;TELEMETRY",infectious
BASILAR SKULL FRACTURE,trauma_injury
S/P FALL;URINARY TRACT INFECTION,infectious
LUMBAR,musculoskeletal
SEPSIS-HYPOXIA,infectious
OSTEMYLITIS RIGHT FOOT,infectious
COMMON BILE DUCT STONE;GASTRIC PERFORATION,gastrointestinal
TACHYCARDIA;HYPOTENSION;PNEUMONIA,infectious
PULMONARY EDEMIA\CATH,cardiovascular
INTRAPARENCHYMAL HEMORRAGE,neurological
BLADDER CANCER;SEPSIS,oncology
ACUTE RENAL FAILURE;PNEUMONIA;THROMBOCYTOPENIA,renal
FEVER;HYPERKALEMIA;CONGESTIVE HEART FAILURE,cardiovascular
PULMONARY EMBOLIS-HEMATEMESIS,respiratory
SPINAL MASS/SDA,neurological
"GI BLEED, ASPERATION, SEPSIS",gastrointestinal
SUB DURAL HEMATOMA,neurological
FEVER;HYPERTENSION,infectious
FEVER;TACHYCARDIA;DEHYDRATION,infectious
FRONTAL TUMOR/SDA,neurological
"UROSEPSIS, ASPIRATION PNEUMONIA",infectious
"FEVER,ABDOMINAL PAIN",infectious
"CHF,CAD,HYPERTENSION",cardiovascular
SHORTNESS OF BREATH;PLUERAL EFFUSION,respiratory
CORONARY ARTERY DISEASE;HEART FAILURE\CARDIAC CATH,cardiovascular
GUILLIAN BARRE,neurological
DECENDING THORACIC ANEURYSM\RESECTION ANEURYSM THORACIC; LEFT THORACOTOMY COMPLETION OF ELEPHANT TRUNK; DECENDING AORTIC ANEURYSM/SDA,cardiovascular
SYSTOLIC HEART FAILURE;ISCHEMIC CARDIOMYOPATHY\CARDIAC CATHETERIZATION,cardiovascular
INTESTINAL STRICTURE,gastrointestinal
NON ISCHEMIC CARDIOMYOPATHY; CONGESTIVE HEART FAILURE\RIGHT HEART CATHETERIZATION,cardiovascular
SEVERE MITRAL REGURGITATION\CARDIAC CATH/SDA,cardiovascular
RULE OUT MEAINGITIS,infectious
ALTERED MENTAL STATUS;OVERDOSE,toxicology_poisoning
FEVER-ALTERED MENTAL STATUS,infectious
+ MI\CATH,cardiovascular
LOWER GI  BLEED,gastrointestinal
FATTY DEPOSITS ABDOMEN & HIPS/SDA,endocrine_metabolic
INFECTIN,infectious
SDHS,neurological
LEFT RETROPERITONEAL ABSCESS/SDA,infectious
CHRONIC PELVIC PAIN/SDA,genitourinary
SUBARACHNOID HEMATOMA;SUBDURAL HEMORRHAGE;T12 FX;ABDOMINAL HEMATOMA,trauma_injury
CHEST PAIN; CORONARY ARTERY DISEASE\CATHETERIZATION,cardiovascular
LEFT RENAL MASS,oncology
INTRACTABLE VOMITTING;MENTAL STATUS CHANGES,gastrointestinal
RIGHT SCV CLOT;RIGHT BC VEIN CLOT;TELEMETRY,hematologic
CHEST PAIN; CAD\CATH,cardiovascular
STERNAL LESION\STERNAL BIOPSY,oncology
LUNG CANCER;HYPONATREMIA;SYNCOPE,oncology
TRAUMA;HYPOXIA,trauma_injury
RESPIRATORY DISTRESS;TRACH BLOCKAGE,respiratory
NON Q MI;CORONARY ARTERY DISEASE\CATH,cardiovascular
DIABETIC KETOACIDOSIS;SUBDURAL HEMATOMA,endocrine_metabolic
TIPS EVALUATION;ANEMIA,hematologic
BILIARY DUCT DILATION,hepatobiliary
PERSISTANT NAUSEA-VOMITING-ETOH WITHDRAWAL,psychiatric
S/P MOTOR VEHICLE ACCIDENT-STABBING,trauma_injury
MYOCARDIAL INFARCTION;GASTROINTESTINAL BLEED,cardiovascular
"CALCIUM CHANEL BLOCKER,BETA BLOCKER OVERDOSE",toxicology_poisoning
LEFT ANKLE INTERMEDIATE GRADE SARCOMA/SDA,oncology
S/P KIDNEY-PANCREAS TX-R/O PNEUMONIA,postoperative_surgical
S/P FALL;SKULL FRACTURE;INTRACRANIAL HEMORRHAGE,trauma_injury
HYPERKALEMIA-PANCREATITIS,gastrointestinal
PROGRESSIVE HEART FAILURE;ANGINA;MITRAL REGURGITATION\COMPLETE HEART CATH,cardiovascular
DIABETES MELLITUS;SEPTIC SHOCK,endocrine_metabolic
FEVER;RULE-OUT MYOCARDIAL INFARCTION;TELEMETRY,symptoms_unspecified
MYOCARDIAL INFARCTION; CARDIOGENIC SHOCK\CATH,cardiovascular
DIABETIC KETOACIDOSIS;URINARY TRACT INFECTION,endocrine_metabolic
MELANOMA-INTRACRANIAL BLEED,oncology
FAILURE TO THRIVE;INTUBATED,symptoms_unspecified
TRANCHEAL MALACIA/SDA,respiratory
LEFT CEREBELLUM MASS/SDA,neurological
MITRAL VALVE DISORDER\AORTIC AND MITRAL VALVE REPLACEMENT;   THORACOSCOPIC MAZE PROCEDURE;  BRONCHOSCOPY FLEXIBLE DIAGNOSTIC /SDA,cardiovascular
ETOH WITHDRAWAL;EKG CHANGES,psychiatric
RIGHT CHOLESTEROL CYST/SDA,renal
CRITICAL AORTIC STENOSIS; PULM EDEMA,cardiovascular
HEAT FATIGUE,other
"S/P FALL;END STAGE RENAL DISEASE;FRACTURE,LEFT SIDE RIB",trauma_injury
V  TACH,cardiovascular
WORSENING ANGINA;CORONARY ARTERY DISEASE\LEFT HEART CATHETERIZATION,cardiovascular
PSORIATIC ARTHRITIS\ORENCIA INFUSION,musculoskeletal
LIVER FAILURE;S/P TIPS,hepatobiliary
OPEN SKULL FRACTURE-FACIAL SMASH,trauma_injury
S/P MOTOR VEHICLE ACCIDENT;RIGHT ARM FX,trauma_injury
BARRETT'S ESOPHAGUS HIGH GRADE DYSPLASIA/SDA,gastrointestinal
NON HODGKINS LYMPHOMA-SHORTNESS OF BREATH,oncology
GANGRENE/SDA\RIGHT LOWER EXTREMITY ANGIOGRAM;PERCUTANEOUS TRANSLUMINAL ANGIOPLASTY TO VEIN GRAFT,cardiovascular
PULMONARY EMBOLI\R HEART CATH,cardiovascular
AORTIC OCCLUSION,cardiovascular
HEPATIC ENCEPHALOPATHY/ANEMIA,hepatobiliary
"HYPOXIA,TACHYCARDIA",symptoms_unspecified
LT BASALAR BLEED,neurological
LYMPHOMA;FEBRILE NEUTROPENIA,oncology
INTRAORAL MASS,other
ETOH WITHDRAWAL;SHOULDER PAIN,psychiatric
LOWER GASTRINTESTINAL BLEED,gastrointestinal
TRANSAMINITIS;STATUS POST MOTOR VEHICLE ACCIDENT WITH INJURIES,hepatobiliary
ETOH WITHDRAWAL;UNRESPONSIVE,psychiatric
"MR\MITRAL VALVE REPLACEMENT,HEART PORT MINIMALLY INVASIVE",cardiovascular
SEPSIS; ACUTE RENAL FAILURE,infectious
AIRWAY OBSTRUCTION\BRONCHOSCOPY FLEXIBLE AND RIGID,respiratory
"CHOLANGIOCARCINOMA,DEHYDRATION",oncology
CHOLANGITISEPSIS,infectious
"CHF,RENAL INSUFFIENCY",cardiovascular
STATUS POST MYOCARDIAL INFARCTION;+ ETT,cardiovascular
PENCARDIAL EFFUSION;HYPOXIA,cardiovascular
DISSEMINATED ZOSTER,infectious
STAB TO NECK,trauma_injury
THROMBIC THROMBOCYTOPENIA EXACERBATION,hematologic
C5/C6 NECK ABSCESS,infectious
CONGESTIVE HEART FAILURE;CHRONIC RENAL FAILURE;CARDIOMYOPATHY,cardiovascular
SEVERE ISCHEMIC LEG,cardiovascular
ABDOMINAL AORTIC ANEURYSMECTOMY,cardiovascular
METHYLGLOBLUIN,hematologic
INCREASING SOB R/T INTERSTITIAL LUNG DISEASE,respiratory
CIRRHOSIS;ASCITES;R/O CELLULITIS,hepatobiliary
ACUTE RENAL FAILURE-BACTEREMIA,renal
LEFT FEMUR FRACTURE;LOW HCT,trauma_injury
COLO-VAGINAL FISTULA,gastrointestinal
AORTIC STENOSIS;DYSPNEA,cardiovascular
CORONARY ARTERY DISEASE;HYPERTENSION;DIABETES\CATH,cardiovascular
HYPERGLYCEMIA;FOOT ULCERS;HYPONATREMIA,endocrine_metabolic
SUICIDAL IDEATION;FOREIGN BODY INGESTION,psychiatric
STATUS POST MOTOR VEHICLE ACCIDENT;MULTIPLE TRAUMA,trauma_injury
BRONCHIAL LESION,respiratory
"CEREBELLAR LESION, LEFT/SDA",neurological
RIGHT BRAIN GLIOBLASTOMA MULTIFORME/SDA,oncology
FRACTURED AICD LEAD\ICD IMPLANT IN O.R.,cardiovascular
CONGESTIVE HEART FAILURE;TELEMETRY;CORONARY ARTERY DISEASE;DIABETES MELLITUS,cardiovascular
VENTRAL SEPTAL DEFECT\MITRAL VALVE REPLACEMENT; VENTRAL SEPTAL DEFECT/SDA,cardiovascular
"CARDIOMYOPATHY, ATRIAL FIBRILLATION\LEFT AND RIGHT HEART CATHETERIZATION",cardiovascular
ISCHEMIC LEFT FOOT;METHICILLIN RESISTANT STAPH AUREUS,infectious
PYELONEPHRITIS & ASPIRATION PNEUMONIA,infectious
PEANUT ALLERGIC REACTION;AIRWAY OBSTRUCTION,other
GERD; ASPIRATION PNEUMONIA/SDA,gastrointestinal
INFECTED LEFT LEG,infectious
QUESTION SEPSIS,infectious
GASTROINTESTINAL BLEED;CHEST PAIN;TELEMETRY,gastrointestinal
RESPIRATORY DISTRESS;PNEUMONIA;CONGESTIVE HEART FAILURE,respiratory
HISTORY SMALL BOWEL OBSTRUCTION/SDA,gastrointestinal
FEVERS;CONFUSION,infectious
MULTIPLE MYELOMA;HEPATITIS,oncology
METASTATIC CANCER;HYPOXIA,oncology
"HYPOTENSION,FEVER,DECUBITUS ULCER",infectious
ACUTE CHEST CRISIS,hematologic
LETHARGRY,symptoms_unspecified
INTERMITTENT HEART BLOCK;ACUTE CORONARY SYNDROME,cardiovascular
CORONARY ARTERY DISEASE;DIABETES MELLITUS;HYPERTENSION,cardiovascular
ATRIAL FIBRILLATION\CARDIOVERSION;TRANSESOPHAGEAL ECHOCARDIOGRAM,cardiovascular
ASPIRATION/PNEUMONITIS,respiratory
TAMPONADE\PERICARDIOCENTESIS,cardiovascular
SEVERE AS\AORTIC VALVE REPLACEMENT/SDA,cardiovascular
ALTERED MENTAL STATU,neurological
INTRACRANIAL SWELLING,neurological
SYNCOPAL EPISODES,cardiovascular
TRICUSPID REGURGITATION\ TRICUSPID REPAIR OF REPLACEMENT/SDA,cardiovascular
INTERPARENCHYMAN HEMORRHAGE,neurological
GAMMA BENZENE HEXACHLORIDE WITHDRAWAL,toxicology_poisoning
EPIDURAL HEMORRHAGE;SP ASSAULT,trauma_injury
"TREMOR,ACUTE RENAL FAILURE",renal
ANTERIOR FLOOR OF THE MOUTH CANCER/SDA,oncology
"RECURRENT LEFT CAROTID STENOSIS,PRE HYDRATION",cardiovascular
ULCERS/CELLULITIS LEFT FOOT,infectious
TIA;STROKE,neurological
CARDIOMYOPATHY;CONGESTIVE HEART FAILURE\CARDIAC CATH,cardiovascular
CORONARY ARTERTY DISEASE;LEFT MAIN DISEASE,cardiovascular
CHOLANGITIS;RAPID ATRIAL FIBRILLATION,infectious
CIRRHOSIS;HYPOTHERMIA;HYPOTENSION,hepatobiliary
ATRIAL FLUTTER/S/P PULMONARY VEIN ISOLATION\PULMONARY VEIN ISOLATION  **REMOTE WEST**/SDA,cardiovascular
SEIZURE DISORDER,neurological
HYPOTHERMIA;HYPOTENSION;TELEMETRY,other
MYASTHENIA GRAVIS/SDA,neurological
PANCREATIC FISTULA;ABDOMINAL PAIN,gastrointestinal
TACHYDYSRHYTHMIA,cardiovascular
LEFT STAGHORN CALCULUS,genitourinary
CUTANIOUS FISTULA,dermatologic
PALPITATIONS;ACUTE RENAL FAILURE,renal
CHRONIC RESPIRATORY FAILURE; TRAC OBSTRUCTED AIRWAY,respiratory
CHEST PAIN;CONGESTIVE HEART FAILURE;DYSPNEA,cardiovascular
AORTIC STENOSIS\RE-DO STERNOTOMY; AORTIC VALVE REPLACEMENT /SDA,cardiovascular
SUBMANDIBULAR GLAND INFECTION,infectious
INTRAPARENCHYMAL HEMORRHAGE;SAH;RIB FRACTURE,neurological
"SAH,TIB/FIB FX",neurological
GASTRIC CANCER,oncology
GASTROESOPHAGEAL REFLUX DISEASE/SDA,gastrointestinal
CORONARY ARTERY DISEASE\RIGHT CORONARY ARTERY STENT PLACEMENT,cardiovascular
NSTEMI;ACUTE SPINE FRACTURE,cardiovascular
CHEST PAIN;CATH LAB,symptoms_unspecified
SHORTNESS OF BREATH;END STAGE RENAL DISEASE,renal
FEVER/NEUTROPENIA,infectious
CORONARY ARTERY DISEASE;CHEST PAIN;DYSPNEA\CATH,cardiovascular
INTRA-ABDOMINAL ABSCESS,infectious
CONGESTIVE HEART FAILURE;TELEMETRY;STERNAL DEHISCENCE,postoperative_surgical
OBSTRUCTING RECTAL CANCER,oncology
RIGHT WING MENINGIOMA/SDA,oncology
RIGHT ARM  WEAKNESS,neurological
DEHYDRATION; UTI,infectious
CHEST PAIN;RENAL INSUFFICIENCY\LEFT HEART CATHETERIZATION,renal
ABDOMINAL PAIN; ? CHOLANGITIS,infectious
MITRAL VSLVE DISORDER\MITRAL VALVE REPLACEMENT /SDA,cardiovascular
"LEG PAIN,ABSCESS",infectious
"MR;CORONARY ARTERY DISEASE;AORTIC STENOSIS\AORTIC AND MITRAL VALVE REPLACEMENT,  CORONARY ARTERY BYPASS GRAFT, ASCENDING AORTA REPAIRT /SDA",cardiovascular
RIGHT FLOOR OF MOUTH CANCER/SDA,oncology
FAILED DIALYSIS ACCESS;CHRONIC RENAL FAILURE,renal
S/P HIT BY CAR;ETOH WITHDRAWAL,trauma_injury
S/P KIDNEY TRANSPLANT;PANCREATITIS;RESPIRATORY FAILURE,postoperative_surgical
CORONARY ARTERY DISEASE\CORONARY ARTERY BYPASS GRAFT WITH MVR W/LEFT VENTRICULAR ASSISTED DEVICE BACK-UP/SDA,cardiovascular
DISSEMINATED INTRAVASCULAR COAGULATION,hematologic
PULSELESS ARREST,cardiovascular
BACTERMIA,infectious
MYELITIS,neurological
CAD FOR CABG,cardiovascular
3 VESSEL DISEASE;+ETT\CATH,cardiovascular
C2 FXS;RIB FXS,trauma_injury
PULMONARY EDEMA-R/O MI,cardiovascular
CORONARY ARTERY DISEASE; ST ELEVATED MYOCARDIAL INFARCTION\CORONARY ANGIOGRAPHY,cardiovascular
RIGHT CAROTID STENOSIS\RIGHT CAROTID ANGIOGRAM;POSSIBLE ANGIOPLASTY\STENT PLACEMENT,cardiovascular
ACUTE CORONARY SYNDROMES,cardiovascular
RULE-OUT MYOCARDIAL INFARCTION;CONGESTIVE HEART FAILURE,cardiovascular
BRAIN STEM MASS,neurological
CORONARY ARTERY DISEASE\CATH;RIGHT CORONARY ARTERY ANGIOPLASTY,cardiovascular
LOWER GI BLEED;DIABETES MELLITUS;ATRIAL FIBRILLATION;TELEMETRY,gastrointestinal
S/P MVA-MESENTERIC HEMATOMA,trauma_injury
ETHLYENE GLYCOL INGESTION,toxicology_poisoning
PNEUMONI,respiratory
GASTROENTERITIS/OI,gastrointestinal
RESPIRATORY DISTRESS SYNDROME,respiratory
ANGINA PECTORIS;HYPERTENSION\LEFT HEART CATHETERIZATION,cardiovascular
SUBARACHNOID HEMORRHAGE;,neurological
MITRAL VALVE STENOSIS; SHORTNESS OF BREATH\LEFT HEART CATHETERIZATION,cardiovascular
TRAUMA;PEDESTRIAN STRUCK,trauma_injury
PNEUMONIA;GI BLEED,respiratory
LEFT TIBIA AND FIBULA FRACTURE,trauma_injury
SAMILIAL POLYPOSIS COLI/SDA,gastrointestinal
PROBABLE DELERIUM TREMONS,psychiatric
BILATERAL DVT;LIKELY PE,hematologic
NONHEALING ULCER LEFT LOWER EXTREMITY,other
GASTRIC FUNDAL VARICES STAGE 4/SDA,gastrointestinal
CORONARY ARTERY DISEASE\CORONARY ARTERY BYPASS GRAFT WITH ? PFO CLOSURE/SDA,cardiovascular
ACUTE CHOLYCYSTITIS,hepatobiliary
ACUTE RENAL FAILURE;LIVER FAILURE,renal
ATRIAL FIBRILATION\BILATERAL THORACOSCOPIC MINI MAZE PROCEDURE,cardiovascular
S/P FALL;THORACIC FRACTURE;METHICILLIN RESISTANT STAPH AUREUS,trauma_injury
RT BASAL GANGLIA BLEEDING,neurological
BRAIN MASS/SZ,neurological
SHORTNESS OF BREATH;STATUS POST STENT PLACEMENT,cardiovascular
INTRACRANIAL HEMORRHAGE;MASS,neurological
DYSPNEA;ST ELEVATION MYOCARDIAL INFARCTION\CARIDAC CATHETERIZATIONL,cardiovascular
"MITRAL VALVE DISEASE\MITRAL VALVE REPLACEMENT,HEART PORT MINIMALLY INVASIVE; ? PATENT FORAMEN OVALE CLOSURE /SDA",cardiovascular
HAND AMPUTATION;TELEMETRY,trauma_injury
RENAL CELL CANCER;NAUSEA;VOMITING,oncology
HAND LACERATION,trauma_injury
POST PARTUM CARDIOMYOPATHY,pregnancy_obstetric
S/P FALL;HIP FRACTURE,trauma_injury
"AORTIC AND MITRA STENOSIS AND TRICUSPIC INSUFFICIENCY\AORTIC, MITRAL AND TRICUSPIC VALVE REPLACEMENT",cardiovascular
"NON STE MI,URINARY TRACT INFECTION,INTRAPARYNCHYMAL HEMORRHAGE",cardiovascular
UNRESPONSIVE AND SEIZED,neurological
MITRAL REGURGITATION\MINIMALLY INVASIVE MITRAL VALVE REPLACEMENT /SDA,cardiovascular
DISSECTION FOR BENTALL PROCEDURE,cardiovascular
HEPATOCELLULAR CANCER,oncology
ABDOMINAL AORTIC ANEURYSM LEAK,cardiovascular
AORTIC STENOSIS\REDO STERNOTOMY W/ AORTIC VALVE REPLACEMENT /SDA,cardiovascular
PROGRESSIVE ANGINA;STENOSIS\CARDIAC CATH,cardiovascular
CVA; CHF PNEUMONIA,cardiovascular
CORONARY ARTERY DISEASE\INTRAVASCULAR ULTRASOUND OF LEFT MAIN ARTERY,cardiovascular
ATRIAL AFRBILLATION\THORACOSCOPIC MAZE PROCEDURE BILATERAL/SDA,cardiovascular
OCCLUDED RIGHT LEG,cardiovascular
SHORTNESS OF BREATH;RESPIRATORY ARREST,respiratory
PROCTITIS,gastrointestinal
ICH WITH HERNIATION,neurological
JUXTA-RENAL ANEURYSM/SDA,renal
VOMITING; HYPERGLYCEMIA; HEADACHE,endocrine_metabolic
DYSPNEA;MAST CELL ACTIVATION,respiratory
RULE-OUT MYOCARDIAL INFARCTION;TELEMETRY;CVA,cardiovascular
CORONARY ARTERY DISEASE\BYPASS,cardiovascular
DYSPHAGIA/SDA,gastrointestinal
IPH; SAH,neurological
MITRAL VALVE STENOSIS\MITRAL VALVE REPLACEMENT WITH CONCMITANT MAZE; ? CORONARY ARTERY BYPASS GRAFT,cardiovascular
SYNCOPE;BRADYCARDIA,cardiovascular
BRIGHT RED BLOOD PER RECTUM;TELEMETRY,gastrointestinal
CORONARY ARTERY DISEASE\CORONARY ARTERY BYPASS GRAFT  MAZE PROCEDURE/SDA,cardiovascular
HYPERTROPHIC OBSTRUCTIVE CARDIOMYOPATHY\ETHANOL ABLATION,cardiovascular
CEREBRAL VASCULAR ACCIDENT;RESPIRATORY FAILURE;RAPIDN A-FIB,neurological
SOB;AORTIC INSUFFICIENCY\AORTIC VALVE REPLACEMENT /SDA,cardiovascular
BACK INFECTION,infectious
AORTIC ANEURYSM\RESECTION AAA,cardiovascular
PULMONARY EMBOLIS;HYPOTENSION,cardiovascular
CELLULITIS;DEEP VEIN THROMBOSIS,infectious
BURN;DEHYDRATION;UNRESPONSIVE,trauma_injury
HYPERTENSIVE URGENCY',cardiovascular
MI; PNEUMONIA; CHF,cardiovascular
ASCENDING THORACIC ANEURYSM,cardiovascular
PULMONARY FIBROSIS PNEUMONIA,respiratory
SUPRAVENTRICULAR TACHYCARDIA\ELECTROPHYSIOLOGY STUDY,cardiovascular
CORONARY ARTERY DISEASE\AORTIC VALVE REPLACEMENT; ? CABG/SDA,cardiovascular
UGIB; NEW INFARCT,gastrointestinal
DOE;PLEURAL EFFUSION,respiratory
BACTEREMIA;SEPSIS,infectious
DECOMPRESSED CIRRHOSIS;HYPONATREMIA,hepatobiliary
S/P APPENDECTOMY,postoperative_surgical
CHEST PAIN\ASPIRIN DESENSITIZATION;CATH,cardiovascular
ABNORMAL PAPS SMEAR,oncology
NAUSEA-VOMITING-HYPERGLYCEMIA-INCREASED WBC,endocrine_metabolic
HYPERGLYCEMIA;URTICARIA,endocrine_metabolic
CORONARY ARTERY DISEASE ;CORONARY ARTERY BYPASS GRAFT,cardiovascular
AORTIC STENOSIS; SYNCOPE\LEFT HEART CATH,cardiovascular
ANEMIA;PERICARDIAL EFFUSION,hematologic
CONGESTIVE HEART FAILURE;DIASTOLIC DYSFUNCTION\LEFT HEART CATH,cardiovascular
INFECTION LEFT AXILLO FEMORAL GRAFT,infectious
LOWER,symptoms_unspecified
CHARCOAL ASPIRATION,toxicology_poisoning
CORONARY ARTERY DISEASE;NON-ST SEGMENT ELEVATION MYOCARDIAL INFARCTION\CATH,cardiovascular
ATRIAL TACHYCARDIA\LEFT ATRIAL TACHYCARDIA ABLATION **REMOTE WEST**/SDA,cardiovascular
NEUTROPENIA;THROMBOCYTOPENIA,hematologic
INCREASING ANGINA;CORONARY ARTERY DISEASE\CARDIAC CATH,cardiovascular
CORONARY ARTERY DISEASE;CHEST PAIN;ABNORMAL STRESS TEST\CARDIAC CATHETERIZATION/LEFT HEART CATHETRIZATION,cardiovascular
FEVER UNKNOWN ORIGEN,infectious
MITRAL REGURGITATION;SHORTNESS OF BREATH\CARDIAC CATH,cardiovascular
MCA,neurological
ATRIAL FIBRILLATION;BRADYCARDIA;AORTIC STENOSIS,cardiovascular
ASCITES;HYPONATREMIA,renal
RIGHT PLEURAL EFFUSION CIRRHOSIS PHT,renal
SEVERE AS\ BENTAL PROCEDURE W/ ? HOMOGRAFT/SDA,cardiovascular
"BACK PAIN, DELIRIUM",symptoms_unspecified
HYPONATREMIA;PNA,respiratory
TRIGEMINIAL NEURALGIA/SDA,neurological
3RD DEGREE HB; S/P MVC,cardiovascular
S/P MVA; SPINAL CORD INJURY,trauma_injury
MEDIA STINAL MASS/SDA,oncology
SHORTNESS OF BREATH;CORONARY ARTERY DISEASE;MYOCARDIAL INFARCTION\CATH,cardiovascular
EXTRNAL DRAINAGE,postoperative_surgical
VARCEAL BLEED,gastrointestinal
02-239,other
SEPATIC ENCEPHALAPATHY,renal
SUBDURAL HEMORRHAGE-S/P ASSAULT,trauma_injury
CARDIOMYOPATHY\COMPLETE HEART CATH,cardiovascular
HYPERKALEMIA;METASTATIC CANCER,oncology
ABSCESS OF GALLSTONES/SDA,hepatobiliary
ANTERIOR WALL MYOCARDIAL INFARCTION,cardiovascular
METASTATIC MELANOMA TO NECK/SDA,oncology
BILIRUBINEMIA,renal
CRUSH INJURY TO ABDOMEN,trauma_injury
ABDMOMINAL PAIN,symptoms_unspecified
PES PLANOVALGULS DEFORMITY/SDA,musculoskeletal
CAD'\CORONARY ARTERY BYPASS GRAFT/SDA,cardiovascular
MENGIOMA OF BRAIN/SDA,neurological
BRADE CARDIAC ARREST,cardiovascular
RIGHT RENAL CA/SDA,renal
ANTERIOR WEDGE COMPRESSION FRACTURE C7/SDA,trauma_injury
"ABD PAIN,NAUSEA,VOMITING,DIARRHEA,MENTAL STATUS CHANGES,R/O MI",gastrointestinal
CORONARY ARTERY DISEASE\LEFT ANTERIOR DESCENDING ARTERY ANGIOPLASTY,cardiovascular
ICD SITE INFECTION,infectious
CSPINE INJURY,trauma_injury
OPOID WITHDRAWAL,psychiatric
PNEUMONIA;INFLUENZA,respiratory
AORTIC STENOSIS\ MINAMALLY INVASIVE AVR/SDA,cardiovascular
CHOLANGITIS;CHOLECYSTITIS,hepatobiliary
FEVER;THROMBOCYTOPENIA;QUESTION OF TTP,hematologic
PNEUMONIA-GAIT,respiratory
STROKE WITH HEAD BLEED,neurological
VT ABLATION,cardiovascular
CORONARY ARTERY DISEASE;ANGINA\LEFT HEART CATH,cardiovascular
N/V/D ; PNEUMONIA,respiratory
ADRENAL HEMORRHAGE,other
ABDOMINAL ABSCESS;CHRON'S DISEASE,gastrointestinal
PERICARDIAL EFFUSION;NON SMALL CELL CARCINOMA,oncology
NON STEN ELECTRICAL MYOCARDIAL INFARCTION\LEFT HEART CATHETERIZATION,cardiovascular
(+)STRESS TEST;ANGINA,cardiovascular
"AORTIC STENOSIS\CORONARY ARTERY BYPASS GRAFT WITH AVR, ?BENTAL PROCEDURE /SDA",cardiovascular
PROGRESSIVE EXERTIONAL DYSPNEA;CORONARY ARTERY DISEASE\CARDIAC CATH/SDA,cardiovascular
LEUKOCYTOSIS;DEHYDRATION; RECTAL CANCER,oncology
SEPSIS;CARDIAC ISCHEMIA;CONGESTIVE HEART FAILURE,infectious
INTRACARDIAC THROMBUS,cardiovascular
CA OF RIGHT ORAL CAVITY/SDA,oncology
ABDOMINAL PAIN;ANEMIA,gastrointestinal
CHEST PAIN;DYSPNEA\CARDIAC CATH,cardiovascular
MR\MITRAL VALVE REPLACEMENT REDO /SDA,cardiovascular
CRANIOTOMY/SDA,postoperative_surgical
CHRONIC OBSTRUCTIVE DISEASE EXACERBATION,respiratory
SPLENIC LACERATIONS,trauma_injury
TRACHEAL ESOPHAGEAL FISTULA\STENT PLACEMENT ESOPHAGUS,gastrointestinal
ATRIAL SEPTAL DEFECT\REPAIR ATRIAL-SEPTAL DEFECT; LIMITED ACCESS/SDA,cardiovascular
CORONARY ARTERY DISEASE\CORONARY ARTERY BYPASS GRAFT ? PFO CLOSURE/SDA,cardiovascular
PERICRDIAL EFFUSION,cardiovascular
ST ELEVATION;MYOCARDIAL INFARCTION\CARDIAC CATH,cardiovascular
R SIDED WEAKNESS,neurological
GASTRIC CANCER;PANCREATITIS,oncology
MITRAL VALVE REGURITION\MITRAL VALVE REPLACEMENT MINIMALLY INVASIVE APPROACH; HEART PORT/SDA,cardiovascular
SWALLOWED PLASTIC SPOON,toxicology_poisoning
"LEFT DISTAL RADIAL FRACTURE, RIGHT TIBIAL PLATEAU FRACTURE",trauma_injury
CHRONIC RENAL FAILURE/SDA\TRANSPLANT KIDNEY RECIPIENT,renal
ESOPHAGEAL TUMOR;UPPER GI BLEED,oncology
INTRAPARIETAL HEMORRHAGE,neurological
ABDOMINAL PAIN;RULE-OUT MYOCARDIAL INFARCTION;TELEMETRY,cardiovascular
CORONARY ARTERY DISEASE\CORONARY ARTERY BYPASS GRAFT;? AVR: REPLACEMENT ACENDING AORTA/SDA,cardiovascular
PNEUMONIA;SHORTNESS OF BREATH,infectious
ABDOMINAL PAIN;DIARRHEA,gastrointestinal
ATRIAL FIBRILLATION\THORACOSCOPIC BIVENTRICULAR LEAD PLACEMENT; LV LEAD PLACEMENT /SDA,cardiovascular
HYPERKALEMIA;HYPERGLYCEMIA,endocrine_metabolic
CLOTTED FISTULA;S/P EMBOLIZATION,hematologic
MULTIPLE TRAUMAS,trauma_injury
HYOXIA,respiratory
HYPERBILIRUBIA,hepatobiliary
LEFT SHOULDER AC DISTRUPTION\LEFT SHOULDER AC RECONSTRUCTION AUTOHAMSTRING ? ALLOGRAFT,musculoskeletal
EXTREME PREMATURITY/? SEPSIS,pregnancy_obstetric
DRUG REACTION,toxicology_poisoning
GALLSTONES/SDA,hepatobiliary
TONGUE CANCER/SDA,oncology
MENINGITIS; ? TB,infectious
CHEST PAIN;\CATH,cardiovascular
EXPANDED HEMATOMA,hematologic
RIGHT FRONTAL TUMOR/SDA,oncology
S/P PEDESTRAIN STRUCK,trauma_injury
BILIARY COLIC/SDA,hepatobiliary
UNCONTROLLED DIABETES/PANCREAS TRANSPLANT,endocrine_metabolic
"RENAL FAILURE,FOR KIDNEY TX",renal
DIURETIC RESISTANCE ASCITIS,hepatobiliary
VR\ MVR REDO,cardiovascular
GI BLEED;LIVER FAILURE,gastrointestinal
ACENDING AORTA\  ROUTE REPLACEMENT VS DAVID PROCEDURE/SDA,cardiovascular
"AORTIC STENOSIS;CORONARY ARTERY DISEASE\AORTIC VALVE REPLACEMENT, ? CORONARY ARTERY BYPASS GRAFT  /SDA",cardiovascular
CORONARY ARTERY DISEASE;MULTIPLE SYSTEM FAILURE\ANGIOPLASTY,cardiovascular
AAA\AORTIC VALVE REPLACEMENT;ASCENDING AORTIC  REPLACEMENT;AORTIC ARCH REPLACEMENT;DHCA/SDA,cardiovascular
END STAGE LIVER DISEASE;END STAGE KIDNEY DISEASE,hepatobiliary
AORTIC STENOSIS CHRONIC OBSTRUCTIVE PULMONARY DISEASE,cardiovascular
B-BLOCKER;BENZO OD,toxicology_poisoning
SDH WITH SHIFT,neurological
RENAL FAILURE-CONFUSION,renal
PACEMAKER LEAD MALFUNCTION\PACEMAKER LEAD REVISION,cardiovascular
SEPSIS;MITRAL VALVE INFECTION,infectious
LEFT HIP OSTEOARTHRISTIS/SDA,musculoskeletal
LUNG CANCER WITH CENTRAL AIRWAY OBSTRUCTION,oncology
THYROID MASS IMPINGING AIRWAY,endocrine_metabolic
LUNG  CANCER-RESPIRATORY FAILURE,oncology
UNSTABLE ANGINA\LEFT HEART CATHERIZATION,cardiovascular
AORTIC STENOSIS\AORTIC VALVE REPLACEMENT; MINMALLY INVASIVE HEART PORT/SDA,cardiovascular
S/P SKIING ACCIDENT,trauma_injury
PNEUMONIA;RULE OUT MYOCARDIAL INFARCTION,infectious
STAB WOUND TO HAND,trauma_injury
ISCHEMIC REST PAIN/ULCER BILATERAL,cardiovascular
RULE-OUT MYOCARDIAL INFRACTION;TELEMETRY,cardiovascular
? SUBDURAL HEMATOMA-SPINE FRACTURE,trauma_injury
PNEUMONIA-S/P KIDNEY TRANSPLANT,infectious
ILIAC STENTING,cardiovascular
FOUNIER GANFRENE,infectious
ABDOMINAL PAIN;STENT PLACEMENT,gastrointestinal
LEFT BUNDLE BRANCH BLOCK/BRADYCARDIA,cardiovascular
"ALTERED MENTAL STATUS,SPINAL DETRUSOR HYPERREFLEXIA",neurological
RIGHT LOWER QUADRANT PAIN/SDA,gastrointestinal
PNEUMOTHORAX;ACETABULAR FRACTURE,trauma_injury
BASILLAR OCCLUSION,neurological
POLY OVERDOSE,toxicology_poisoning
AORTIC STENOSIS-CONGESTIVE HEART FAILURE,cardiovascular
"CHF,COPD,HYPERTENSION",cardiovascular
MEDIASTINAL LYMPHADENOPATHY; HYPOXIA,respiratory
SEIZURE;HEPATIC ENCEPHALOPATHY,neurological
ACUTE LEFT CEREBRAL VASSCULAR ACCIDENT ISCHEMIC STROKE,neurological
CELLULITIS RIGHT LEG,infectious
MR\MITRAL VALVE REPLACEMENT; REDO WITH MAZE PROCEDURE/SDA,cardiovascular
S/P AIRPLANE CRASH,trauma_injury
ABSCESS;NECROIZING FASCIITIS,infectious
RESPIRATORY INSUFFICIENCY; COPD,respiratory
HEART FAILURE;KIDNEY RENAL FAILURE,cardiovascular
T CELL LYMPHOMA,hematologic
CAROTIS ARTERY STENOSIS\CAROTIS ANGIOGRAM,cardiovascular
CORONARY ARTERY DISEASE; ANGINA\LEFT HEART CATHETERIZATION,cardiovascular
CORONARY ARTERY DISEASE\CORONARY ARTERY BYPASS GRAFT WITH MAZE; LEFT ATRIAL APPENDAGE LIGATION /SDA,cardiovascular
? ISCHEMIC COLITIS,gastrointestinal
INFECTED LEFT THIGH,infectious
LEFT HIP FRACTURE/SDA,trauma_injury
INTRACRANIAL FLUID,neurological
DECUBITIS ULCER,other
RENAL FAILURE/ KIDNEY TRANSPLANT,renal
HYPOTENSION-MENTAL STATUS CHANGE,symptoms_unspecified
DIARRHEA-HYPOTENSION,symptoms_unspecified
CELLULITIS;L FOOT ULCER,infectious
"MALIGNANT RETROPERITONEAL TUMOR, RIGHT RENAL MASS VASCULAR TUMOR/SDA",oncology
S/P PULSELESS ARREST,postoperative_surgical
ALTERED MENTAL STATUS;HYPOTENSIVE,symptoms_unspecified
ACUTE MONOCYTIC LEUKEMIA\BONE MARROW TRANSPLANT,hematologic
S/P ESPIRATORY ARREST,postoperative_surgical
CHEST PAIN;EKG CHANGES\CATH,cardiovascular
S/P CARDIAC ARREST;CHRONIC OBST PULM DISEASE,cardiovascular
LIVING RELATED LIVER DONOR/SDA,postoperative_surgical
CORNARY ARTERY DISEASE\ENDOSCOPIC CORNARY ARTERY BYPASS OFF PUMP LEFT CHEST/SDA,cardiovascular
CORONARY ARTERY DISEASE\CORONARY ARTERY BYPASS GRAFTWITH AVR,cardiovascular
UTI/PYELONESPHRITIS,genitourinary
CORONARY ARTERY DISEASE;CONGESTIVE HEART FAILURE;CHEST PAIN\CARDIAC CATH,cardiovascular
"NON-UNION, LEFT FEMUR FRACTURE\REPAIR NON-UNION LEFT HIP  **C-ARM**",musculoskeletal
UNRESPOSIVE - (FOUND DOWN),symptoms_unspecified
CHRONIC CHOLECYSTITIS/SDA,hepatobiliary
ACUTE CORONARY STENT THROMBOSIS,cardiovascular
ACUTE RENAL FAILURE;(AML) ACUTE MYELOGENOUS LEUKEMIA,hematologic
GANGRENE LEFT TOES,infectious
PAROXYSMAL ATRIAL FIBRILLATION\PULMONARY VEIN ISOLATION **REMOTE WEST** /SDA,cardiovascular
"NAUSEA,VOMITING,DIARRHEA",symptoms_unspecified
BENZO OD,toxicology_poisoning
LT SIDED STROKE,neurological
RIGHT LUNG CANCER;WEAKNESS,oncology
SEPSIS;UNRESPONSIVE;CHRONIC LYMPHOCYTIC LEUKEMIA,infectious
NON ST ELEVATION MYOCARDIAL INFARCTION;CONGESTIVE HEART FAILURE\INTRA AORTIC BALLON PUMP,cardiovascular
USA/SDA,cardiovascular
MYOCARDIAL INFARCTION; CONGESTIVE HEART FAILURE\BIVENTRICULAR PACEMAKER,cardiovascular
NEW DILATED CARDIOMYOPATHY\RIGHT AND LEFT HEART CATHETERIZATION,cardiovascular
PERIPHERAL VASCULAR DISEASE\BILATERAL LOWER EXTREMITY ANGIOGRAM,cardiovascular
HYPOXIA; DYSPNEA,respiratory
POST MENOPAUSAL BLEEDING,pregnancy_obstetric
"HYPOGLYCEMIA,GI BLEED",endocrine_metabolic
COLOSTOMY PROLAPSE; RECTAL STRICTURE/SDA,gastrointestinal
T8 LESION/SDA,trauma_injury
MS FLARE,neurological
SPINAL INFECTION,infectious
DECOMPENSATED HEART FAILURE,cardiovascular
FEVER;VOMITING,symptoms_unspecified
INTRACRANIAL HEMORRHAGE;SKULL FRACTURE,trauma_injury
CENTERAL AIRWAY OBSTRUCTION,respiratory
PNEUMONIA VERSUS PULMONARY EMBOLUS,respiratory
DISC PROTUSION L5-S1,musculoskeletal
MEDIASTINAL LYMPHADENOPATHY,oncology
"ASTHMA,COPD",respiratory
"MVC,PNEUMOTHORAX,RT WRIST FRACTURE",trauma_injury
HYPOTENSION; AMS,symptoms_unspecified
SUBDURAL VS. SUBARACHNOID HEMATOMA,trauma_injury
SUBARACHNOID HEMORRHAGE;CEBREBRAL CONTUSION;S/P FALL,trauma_injury
RENAL FAILURE;LUNG CA,oncology
ST CHANGES,cardiovascular
CA RIGHT SKULL BASE;OSTEOMYELITIS RIGHT MANDIBLE,oncology
SWOLLEN KNEE;TELEMETRY,musculoskeletal
NON VIABLE LEG,trauma_injury
URINARY TRACT INFECTION;PYELONEPHRITIS;ACUTE RENAL FAILURE;RIGHT HIP PAIN,renal
MYOCARDIAL INFARCTION/FAILURE TO THRIVE,cardiovascular
HYPOTENSION.GLOGGED DIALYSIS,renal
BILATERAL LOWER EXTREMITY EDEMA,cardiovascular
KIDNEY STONES/SDA,genitourinary
RESPIRATORY DISTRESS AND FEVER,respiratory
CHEST PAIN;ABNORMAL STRESS TEST\CARDIAC CATHETERIZATION,cardiovascular
KYPHOSIS,musculoskeletal
CORONARY ARTERY DISEASE\CORONARY ARTERY BYPASS GRAFT WITH AVR; ? ASCENDING AORTA REPLACEMENT; ? BENTAL PROCEDURE /SDA,cardiovascular
CIRRHOSIS;LOWER EXTREMITY DYSPNEA;EDEMA,hepatobiliary
INGUINAL HERNIA,gastrointestinal
HEART FAILURE/A-FIB,cardiovascular
SEVERE CARDIOMYOPATHY;MITRAL VALVE DISEASE,cardiovascular
ISCHEMIC LT ARM,cardiovascular
ANEURYSYM/SDA,cardiovascular
INSTEMI\CARDIAC CATH,cardiovascular
GUN SHOT,trauma_injury
CHYLOUS ASCITES; PANCYTOPENIA,other
TRACHEOBRONCHIALMALACEA/SDA,respiratory
CHEST PAIN-R/O MI,cardiovascular
?PORTAL VEIN THROMBOSIS,hepatobiliary
THORACIC AORTIC ANEURYSM\ RE-DO STERNOTOMY; ?? STENT/SDA,cardiovascular
ATRIAL FIBRILLATION\AFIB ABLATION,cardiovascular
AORTIC INSUFFICIENCY;STATUS POST ENDOCARDITIS\CATH,cardiovascular
ELEVATED GLUCOSE;TELEMETRY,endocrine_metabolic
S/P STRUCK BY CAR,trauma_injury
AORTIC VALVE INSUFFICIENCY\AORTIC VALVE REPLACEMENT ? MVR ? TRICUSPIC VALVE REPLACEMENT /SDA,cardiovascular
CHEMO  DESENTITIZATION,oncology
BASAL GANGLIN BLEED,neurological
MEDIASTINAL MASS;RESPIRATORY ARREST,oncology
INTRACRANIAL HEMORRHAGE WITH SHIFT,neurological
RIGHT VENTRICULAR ANEURYSM\RESECTION RIGHT VENTRICULAR ANEURYSM /SDA,cardiovascular
STATUS POST C SECTION;ACUTE RENAL FAILURE;HYPOTENSION;ACUTE PANCREATITIS,pregnancy_obstetric
FRONTAL MENIGIOMA/SDA,oncology
NON Q WAVE MYOCARDIAL INFACTION\CARDIAC CATH,cardiovascular
CLOSED HEAD INJURY-S/P FALL,trauma_injury
HEPATITIS-C;PRE-OP LIVER,infectious
"URINARY TRACT INFECTION,DIABETIC KETOACIDOSIS",infectious
PNEUMONIA-COPD-CONGESTIVE HEART FAILURE,respiratory
AFLUTTER;NEW MASS,cardiovascular
CHRONIC OBSTRUCTIVEPULMONARY DISEASE;PLEURAL EFFUSION,respiratory
CONGESTIVE HEART FAILURE;ASTHMA EXACERBATION,cardiovascular
RESPIRATORY FAILURE;CENTRAL AIRWAY OBSTRUCTION,respiratory
J-TUBE FAILURE,postoperative_surgical
COLITIS-URINARY TRACT INFECTION,gastrointestinal
"CIRRHOSIS, BLEEDING ULCER",hepatobiliary
HYPONATREMIA;BRAIN MASS,neurological
S/P BICYCLE/CAR CRASH,trauma_injury
ANGIOEDEMA;S/P FALL,other
GALL STONE;EXPLORATORY LAPAROSTOMY;CHOLECYSTECTOMY;WEDGE LIVER BIOPSY,hepatobiliary
UROSEPSIS;TROP LEAK,infectious
CHEST PAIN/AORTIC STENOSIS,cardiovascular
PANCREATIC TUMOR,oncology
"ACUTE CHOLEYSTITIS,LLL PNEUMONIA,URINARY TRACT INFECTION",infectious
MITRAL VALVE DISORDER\MITRAL VALVE REPLACEMENT; TRICUSPID VALVE REPLACEMENT; ? CORONARY ARTERY BYPASS GRAFT /SDA,cardiovascular
FULMINANT HEPATITIS,infectious
PANCYTOPENIA;PLEURAL EFFUSION,hematologic
URETERAL THROMBUS,renal
PERIAPPENDICEAL ABSCESS,infectious
ASPIRATION PNEUMONIA;ALTERED MENTAL STATUS;ARF AND MYOCARDIAL ISCHEMIA,respiratory
RESPIRATORY DISTRESS;PNEUMONIA,respiratory
HYPERBILIRUBINEMIA;PHOTOTHERAPY,hepatobiliary
INFECTED ABDOMINAL WALL;HERNIA,infectious
POST CATH,postoperative_surgical
"FEVER, MALAISE",symptoms_unspecified
CHEST PAIN;+MI\CATH,cardiovascular
DOG BITES,trauma_injury
LONGITUDINAL DEFICIENT RADIUS LEFT/SDA,musculoskeletal
INFECTION S/P HERNIA REPAIR,infectious
SHORTNESS OF BREATH;TRACHEAL STENT,respiratory
FAILURE TO THRIVE;LIVER FAILURE\NG TUBE PLACEMENT,hepatobiliary
BACK INJURY,musculoskeletal
DYSRYTHMIA,cardiovascular
ABDOMINAL PAIN;PERFORATION,gastrointestinal
ACUTE RENAL FAILURE:? LINE INFECTION,renal
CEREBELLAR STROKE,neurological
"MITRAL VALVE REGURGITATION\MITRAL VALVE REPLACEMENT,HEART PORT MINIMALLY INVASIVE /SDA",cardiovascular
ORBITAL FLOOR FRACTURE LEFT/SDA,trauma_injury
RESPIRATORY FAILURE;PANCREATITIS,respiratory
CRITICAL AORTIC STENOSIS\CATH,cardiovascular
MALUNION FRACTURE RIGHT WRIST/SDA,musculoskeletal
WOUND TO RLE,trauma_injury
S/P MOTOR VEHICLE ACCIDENT;MULTISYSTEM TRAUMA,trauma_injury
"S/P FALL,RT FEMUR FRACTURE",trauma_injury
NON-HEALING ULCER,dermatologic
HEAD TRAUMA;SCALP LACERATION,trauma_injury
CHRONIC BACK PAIN,musculoskeletal
"WEAKNESS,FAILURE TO THRIVE",symptoms_unspecified
NEW BRAIN MASS AND LUNG LESION,oncology
FEVER-EKG CHANGES,cardiovascular
SIEZURE,neurological
CHOLANGITIS;STATUS POST LIVER TRANSPLANT,hepatobiliary
MUCOCELE/SDA,gastrointestinal
ACUTE SHORTNESS OF BREATH;CONGESTIVE HEART FAILURE,cardiovascular
"HYPERNATREMIA, UROSEPSIS",infectious
ST-SEGMENT ELEVATION MYOCARDIAL INFARCTION\LEFT HEART CATH,cardiovascular
RECTAL BLEEDING;COAGULOPATHY,hematologic
CORONARY ARTERY DISEASE;+STRESS TEST\LEFT HEART CATH,cardiovascular
CONGESTIVE HEART FAILURE; NSTEMI,cardiovascular
OCCLUDED RIGHT CORONARY ARTERY LESION\RIGHT CORONARY ARTERY INTERVENTION,cardiovascular
ATRIAL FLUTTER;TELEMTRY,cardiovascular
ABDOMINAL PAIN;ACUTE DIVERTICULITIS,gastrointestinal
CHRON'S DISEASE/SDA,gastrointestinal
LEG GANGRENE;HYPOTENSION;CHF;CARDIOMYOPATHY,cardiovascular
MITRAL STENOSIS\MVR; ? CORONARY ARTERY BYPASS GRAFT,cardiovascular
CORNARY ARTERY DISEASE\CORONARY ARTERY BYPASS GRAFT WITH MITRAL VALVE REPAIR VS REPLACEMENT/SDA,cardiovascular
PANCREATIC MASS;CHOLECYSTITIS,gastrointestinal
MULTIPLE VESSEL CORONARY ARTERY DISEASE,cardiovascular
ANALOMOUS PULMANARY VEIN\ REPAIR ANALOMOUS ; PULMONARY VEIN/SDA,cardiovascular
LEFT RETROPERITONEAL SARCOMA/SDA,oncology
CRITICAL CAROTID STENOSIS\CAROTID ARTERY ANGIOGRAM,cardiovascular
PLEURAL EFFUSION;NONSUSTAINED VENTRICULAR TACHYCARDIA,cardiovascular
CAD FOR CABG/SDA,cardiovascular
HYPERGLYCEMIA;NAUSEA;VOMITING,endocrine_metabolic
TYLENOL HEPATOTOXICITY,toxicology_poisoning
DEHYDRATION; RENAL FAILURE,renal
"AORTIC INSUFFICIENCY\RE-DO STERNOTOMY, CORONARY ARTERY BYPASS GRAFT WITH AVR /SDA",cardiovascular
+ ETT\LEFT HEART CATHETERIZATION,cardiovascular
PULMONARY EMBOLIS;ENDOCARDITIS,cardiovascular
BILE DUCT CANCER;SPHINCTEROTOMY,oncology
MVA;CLOSED HEAD INJURY,trauma_injury
GASTROINTESTINAL BLEED/THROMBOCYTOPENIA,hematologic
HYPOGLYCEMIA;HYPOKALEMIA;PNEUMONIA,infectious
PNEUMONIA/ SEPSIS,infectious
ANEMIA;HYPERKALEMIA,hematologic
CIRRHOSIS;TYLENOL TOXICITY,hepatobiliary
EMPHYSEMA;ASPERGILLOSIS,respiratory
NON-ST ELEVATION MYOCARDIAL INFARCTION\CARDIAC CATHETERIZATION,cardiovascular
HEPATITIS C;HEPATO-RENAL FAILURE;ETOH WITHDRAWAL,hepatobiliary
CARCOMA ILIUM LEFT HIP/SDA,oncology
AORTIC INSUFFICENCY\AORTIC VALVE REPLACEMENT REDO /SDA,cardiovascular
"R/O MI, L. HIP FRACTURE",trauma_injury
AORTIC STENOSIS\AORTIC VALVE REPLACEMENT; ?MVR/SDA,cardiovascular
PANCREATITIS;ALCOHOL,gastrointestinal
ASTHMA;TROP LEAK,respiratory
DEHYDRATION;NAUSEA;VOMITING;MENTAL STATUS CHANGES,gastrointestinal
"AORTIC VALVE INSUFFICIENCY\AORTIC VALVE REPLACEMENT, ? MINI STERNOTOMY /SDA",cardiovascular
CHANGE IN MENTAL STATUS;SEIZURES,neurological
SHORTNESS OF BREATH;RULE-OUT MYOCARDIAL INFARCTION,cardiovascular
PNEUMONIA R/O MI,respiratory
"3RD, 4TH, 5TH FINGER PARTIAL AMPUATION RIGHT HAND",trauma_injury
CEREBELLAR TUMOR,neurological
"BLEEDING,S/P TOTAL HIP REPLACEMENT",postoperative_surgical
EPIGLOTTITIS;PERITONSILAR CELLULITIS,infectious
FIBROTHORAX/SDA,respiratory
"CHF,CARDIOMYOPATHY",cardiovascular
"DIABETIC KETO ACIDOSIS,SEIZURES",endocrine_metabolic
BILARY STONES W/ RECURRENT CHOLECYSTITIS/SDA\BILIARY STONE REMOVAL **REMOTE WEST-INR**,hepatobiliary
"BREAST MASS, HYPOXIA",oncology
TRICYCLIC &  BENZOS OVERDOSE,toxicology_poisoning
RIB FRACTURES;PNEMOTHORAX,trauma_injury
ACUTE RENAL FAILURE-CHF EXACERBATION,renal
URINARY TRACT INFECTION;PYELONEOHRITIS,infectious
GASTROINTESTINAL BLEED-ACUTE RENAL FAILURE,gastrointestinal
MITRAL INSUFFICIENCY\MITRAL VALVE REPLACEMENT REDO,cardiovascular
CHOLEDOCHOLITHIASIS; GASTRIC ADENOCARCINOMA/SDA,oncology
HYPERKALEMIA-GI BLEED,renal
CATATONIA,psychiatric
STEMI;CARDIAC CATH,cardiovascular
LEFT HAND 1ST DIGIT DEQUERVAIN'S SYNDROME & TENOSYNOVITIS,musculoskeletal
BRONCHIAL ASTHMA,respiratory
CAROTID STENOSIS\CAROTID ANGIOGRAPHY,cardiovascular
CHOLYDOCHOLITHIASIS,hepatobiliary
HIP FRACTURE;TROPONIN LEAK,trauma_injury
GASTROINTESTINAL BLEED;HYPOTENSION,gastrointestinal
"FEVER, NEUTROPENIA",infectious
NECK CELLULITIS,infectious
LEFT ANKLE FRACTURE;INFECTION,trauma_injury
WARFARIN TOXICITY,toxicology_poisoning
BLEEDING BRAIN MASS,neurological
SUBGLOTTIC TRACHEAL STENOSIS,respiratory
DYSPNEA;EKG CHANGE;ELEVATED TROP,cardiovascular
RIGHT FOOT CHARCOT/SDA,musculoskeletal
SUBDURAL HEMORRHAGE-DENS FRACTURE,trauma_injury
RECURRENT ATRIAL TACHYCARDIA\LEFT ATRIAL TACHYCARDIAC ABLATION/SDA,cardiovascular
DESENTITATION,neurological
RULE OUT BRAIN TUMOR/SDA,neurological
HYPOTENSION;PULMONARY EMBOLIS,cardiovascular
RIGHT TEMPORAL ICH;ASPIRATION PNEUMONIA,neurological
HONK,endocrine_metabolic
"LYME CARDITIS,CONGESTIVE HEART FAILURE",infectious
RHABDOMYOLOSIS;ETOH INTOXICATION,musculoskeletal
SPLENIC BLEED,trauma_injury
VOMITING; UNABLE TO TOLERATE PO,gastrointestinal
INFERIOR MI\CARDIAC CATH,cardiovascular
OPIATE TOXICITY,toxicology_poisoning
PACEMAKER REVISION,cardiovascular
LESION OF THE KIDNEY/SDA,renal
PARTIAL THUMB AMPUTATION,trauma_injury
LEFT INTERNAL JUGULAR VEIN THROMBOSIS;LEFT ARM EDEMA,hematologic
AORTIC STENOSIS\AORTIC VALVE REPLACEMENT ? CORONARY ARTERY BYPASS GRAFT,cardiovascular
RENAL STENOSIS\RENAL AND ILIAC ANGIOGRAM W/STENT PLACEMENT,renal
MELANA/HTN/MIGRAINE,gastrointestinal
ABDOMINAL BLEEDING,gastrointestinal
SEVERE PULMONARY HYPERTENSION; HYPOXIA,cardiovascular
PERICARDIAL EFFUSION;TELEMETRY,cardiovascular
MITRAL VALVE DISORDER\? CORONARY ARTERY BYPASS GRAFT;  MVR /SDA,cardiovascular
SAH',neurological
R/O BILIARY OBSTRUCTION,hepatobiliary
GASTROINTESTINAL BLEED;HYPERKALEMIA,gastrointestinal
TYPE B AORTIC DISSECTION\ RESECTION THORACIC ANEUYSM VIA LEFT THORACOTOMY/SDA,cardiovascular
CARCINOMA NECK/SDA,oncology
SHORTNESS OF BREATH; CONTUSION,respiratory
CEREBELLA HEMORRHAGE,neurological
EPIDERMOID/SDA,neurological
QUESTIONABLE PRE-SEPSIS;LINE INFECTION;FEVER,infectious
HYPONATREMIC;NEUTROPENIC,other
AORTIC STENOSIS\AORTIC VALVE REPLACEMENT;POSSIBLE MITRAL VALVE REPLACEMENT /SDA,cardiovascular
"THORACIC AORTIC ANEURYSM\BENTAL PROCEDURE; CORONARY ARTERY BYPASS GRAFT, REPLACEMENT OF HEMI-ARCH /SDA",cardiovascular
RASH; ? SYPHILLIS,infectious
CHEST STAB WOUND,trauma_injury
ACUTE ANT MI,cardiovascular
CCB OVERDOSE,toxicology_poisoning
ABDOMINAL PAIN;ABDOMINAL MASS,gastrointestinal
CARDIOMYOPATHY\CARDIAC CATH,cardiovascular
ETOH WITHDRAWL;SEIZURES,psychiatric
UC FLARE,gastrointestinal
BILATERAL LOWER EXTREMITY GANGRENE,cardiovascular
CARDIOPULMONARY ARREST,cardiovascular
AORTIC VALVE INSUFFICIENCY\AORTIC VALVE REPLACEMENT W/ ASCENDING AORTA REPLACEMENT & CIRCULATORY ARREST /SDA,cardiovascular
ATRIAL FIBRILLATION;CHRONIC OBST PULM DISEASE,cardiovascular
CANCER OF KIDNEY/SDA,oncology
LOW BLOOD PRESSURE,symptoms_unspecified
MITRAL VALVE INSUFFICIENCY\MVR STANDARD - KHABBAZ K  /SDA,cardiovascular
PROSTATE CANCER; ? CORD COMPRESSION,oncology
RESPIRATORY FAILURE;COMPLETE HEART BLOCK;TELEMETRY,cardiovascular
R/O AAA,cardiovascular
LT FINGER AMPUTATION,trauma_injury
CONGESTIVE HEART FAILURE\LASER LEAD EXTRACTION; BIVENTRICULAR LEAD PLACEMENT VIA LEFT THORACOTOMY; SINGLE LUNG VENTILATION (LEAVE LEFT ARM FREE) /SDA,cardiovascular
WOUND ULCER,dermatologic
LEFT LEG ULCER,dermatologic
RESPIRATORY ARREST;S/P ERCP,respiratory
OSTEOMYELITIS T12-L1,musculoskeletal
ETOH CIRRHOSIS\ TIPS/SDA,hepatobiliary
